cell_id,dist_costa_km,dist_ruta_maritima_km
0_0,351.16953716238123,441.8790969228979
0_1,346.3582654935931,433.87799770876154
0_2,341.7750335355841,425.96411459732525
0_3,337.42913151225736,418.1423980425543
0_4,332.08535718604,410.41811592738264
0_5,326.0352845403585,401.8854459804987
0_6,320.18691077846825,393.3444516467451
0_7,314.5514839896567,384.8771132988753
0_8,309.1406474446887,376.48839850707515
0_9,303.9663923547247,368.1836792261885
0_10,299.0409968174675,359.9687667504558
0_11,294.376949734762,351.84994917308217
0_12,289.94685667358624,343.8340313023846
0_13,285.7883486627762,335.92837689532297
0_14,281.1731923930851,328.1409529478946
0_15,276.45395595070863,320.4803756229403
0_16,272.02501650878065,312.9559571917332
0_17,267.90076871369234,305.5777531077657
0_18,264.09548419959185,298.3566080114219
0_19,260.62313113356845,291.3041990754346
0_20,257.49717506199994,284.4330746389067
0_21,254.73036523317182,277.75668554266633
0_22,252.33451217198996,271.2894059794948
0_23,250.3202637854482,265.04654002976304
0_24,244.23607970643977,259.044309403843
0_25,237.65866483484714,253.29981731646436
0_26,231.15013411413784,247.83098296081585
0_27,223.49399951620626,242.65644084647573
0_28,215.30118208722587,237.7953994571148
0_29,207.27415407552311,233.26745443189216
0_30,199.43292960665622,229.09235293830227
0_31,191.80029237114405,225.24366695905712
0_32,184.40213911353462,221.7465889219842
0_33,177.26782391693214,218.65711796969885
0_34,170.43047647550677,215.99274076591885
0_35,163.92725318164207,213.769347880236
0_36,157.79946175343463,212.00080950483618
0_37,152.09247955369588,210.69857465680377
0_38,146.85536620092094,204.31055497420544
0_39,142.1400593507377,195.8691597658449
0_40,138.00004926236483,187.5890900380653
0_41,133.6412845013126,179.49266659936166
0_42,129.9158634064015,171.60587793318678
0_43,126.88265337743131,163.95897116893073
0_44,124.58357397946259,156.58708628779652
0_45,120.38323731732162,149.53089644493443
0_46,115.74083761667254,142.8371869010479
0_47,111.81580023213961,136.55926193867518
0_48,107.90316879958014,130.75701384917446
0_49,102.81288920612808,125.49642781183954
0_50,98.49345099377047,120.84825052598606
0_51,95.04998841690586,116.88555472723796
0_52,91.59122498127834,113.68003593617874
0_53,86.94178352113504,107.54717556226095
0_54,83.25812097829221,100.29209652733395
0_55,80.67262687867469,93.56157317975529
0_56,75.73958041420741,87.47675292496467
0_57,70.36470737535704,82.1811710090969
0_58,65.92772675951436,77.83606439287072
0_59,58.337892109443395,74.6076650629302
0_60,48.66791698280605,72.64498866242988
0_61,39.20745788229085,70.74786826346548
0_62,30.154310948058306,69.01861371513436
0_63,22.016726681837554,68.63146796785148
0_64,16.235241173486905,69.34555540147754
0_65,15.67864168524721,71.4876024173967
0_66,19.692140071905946,74.9352337232679
0_67,26.603452553957727,79.51879664631679
0_68,33.89366893348111,85.05482754372447
0_69,41.14135967690141,91.37034710668648
0_70,41.87594747914089,98.31523789081673
0_71,39.17002738896184,105.76557919039548
0_72,38.015951764821764,113.62197223163251
0_73,37.420340556231295,121.80585990061947
0_74,39.15900587275171,130.255516314086
0_75,43.241649790812104,138.92244463098928
0_76,49.08682546567832,147.7684091496227
0_77,56.1467108347878,156.76309462468708
1_0,342.09387821614604,435.6538475442567
1_1,337.16085721819695,427.54273575222646
1_2,332.45864607044933,419.5159075403169
1_3,327.99716970597495,411.5782927249466
1_4,323.7863775528017,403.7351517675747
1_5,317.69294920774684,395.9920966908109
1_6,311.69570548205905,387.84903223179515
1_7,305.9115966130426,379.26519155339366
1_8,300.35293391986505,370.75577454758155
1_9,295.03245799904255,362.3260228985197
1_10,289.96327791997703,353.98162606256744
1_11,285.15879300481896,345.7287622425099
1_12,280.6194762079524,337.57414256207915
1_13,276.3287476411312,329.52505842104375
1_14,272.1608698138708,321.5894318990686
1_15,267.2906471296611,313.7758689230711
1_16,262.7154308074746,306.09371470779865
1_17,258.4508852161242,298.55311071084094
1_18,254.51262417972617,291.165051998585
1_19,250.9160085184043,283.9414434858087
1_20,247.6759188875925,276.8951529771726
1_21,244.80650845912598,270.0400582963743
1_22,242.3209421294883,263.39108503818164
1_23,240.23113102628238,256.96423063295185
1_24,236.6604875805911,250.77656950509473
1_25,229.8741487935776,244.8462331966205
1_26,223.33542029179355,239.1923585111491
1_27,216.8304466481466,233.83499615345565
1_28,209.38292301838396,228.7949721826686
1_29,201.1267055727065,224.09369509359522
1_30,193.0429851018653,219.7529027424349
1_31,185.15435072322197,215.7830274509808
1_32,177.4868110401292,212.13870084022574
1_33,170.07026635525608,208.91589045526857
1_34,162.93898761684272,206.13436327797262
1_35,156.1320611435022,203.8121826881651
1_36,149.69373345572458,201.96518916067413
1_37,143.67355869800323,200.6065035167826
1_38,138.12621483638603,199.05364235480172
1_39,133.1108218586657,190.38588969112575
1_40,128.68958099281315,181.86311309303653
1_41,124.44041346737657,173.50667156304465
1_42,120.43976881565195,165.34178027906037
1_43,117.17062541316804,157.39824448414367
1_44,114.69553978265141,149.71129555897642
1_45,111.30955352630018,142.32250700742665
1_46,106.7089750290255,135.2807341773475
1_47,102.44768605779659,128.6429665430159
1_48,99.03141414977657,122.47489985771098
1_49,94.04728875551703,116.85092843095832
1_50,89.31419566571412,111.85314317158401
1_51,85.51132639820592,107.56884874966794
1_52,82.76698761660684,104.08617511509031
1_53,77.93937252276446,101.10029528146264
1_54,73.81739685592483,93.3535194558221
1_55,70.89813051817723,86.09064884351763
1_56,67.46261530205794,79.44449541952287
1_57,61.821462717591565,73.58234269480556
1_58,56.890204033022975,68.70514662518558
1_59,52.871988629010694,65.03486240015059
1_60,45.643328380290455,62.783493290780356
1_61,36.53545029026129,61.138757871507266
1_62,26.593540488044372,59.13911695244341
1_63,16.82095868640203,58.7024464374555
1_64,7.875344074897131,59.54505899261159
1_65,6.539347803833745,62.03509221649801
1_66,12.652695826140741,65.98628939823286
1_67,19.811447669299064,71.15563592888009
1_68,27.02733760498719,77.29910973299104
1_69,34.15959767387133,84.20374806143252
1_70,32.18268141296696,91.69775488496653
1_71,29.464429796596328,99.64823530975336
1_72,28.168949394788186,107.9543702923519
1_73,27.593124147731476,116.54012725106851
1_74,29.918054673955357,125.3480497764159
1_75,35.100194328224944,134.3344342240393
1_76,42.09725153045035,143.46573923855533
1_77,50.15527849046223,152.71596212496482
2_0,333.09637254224583,429.5873379614333
2_1,328.035775047355,421.3658282159239
2_2,323.2085951511124,413.22547308632016
2_3,318.625440075815,405.17116278427955
2_4,314.296983445918,397.2081302812333
2_5,309.4725935484507,389.34197482220986
2_6,303.320415905764,381.57868631242786
2_7,297.38109334844773,373.8523338673079
2_8,291.6676272794278,365.2229341346279
2_9,286.19354250436146,356.66863827689025
2_10,280.97282834912926,348.1949798183405
2_11,276.01985973555486,339.8079893365441
2_12,271.34929614094585,331.5142427246123
2_13,266.93349498038833,323.320913567921
2_14,262.8123717884101,315.23582966660905
2_15,258.2134751456938,307.2675335970344
2_16,253.48259706776983,299.4253470110552
2_17,249.06820907171894,291.719438105749
2_18,244.98741711673551,284.16089134029977
2_19,241.25714676010878,276.76177801096867
2_20,237.89388438246766,269.5352256989819
2_21,234.91339068950194,262.49548386080596
2_22,232.33039411864485,255.65798192264862
2_23,230.1582746752706,249.039375170003
2_24,228.4087513136153,242.65757250861512
2_25,222.2858457436282,236.53173886799948
2_26,215.52478002658435,230.68226372244783
2_27,209.0298300585217,225.13068607950336
2_28,202.52833787873882,219.8995655691178
2_29,195.31120472352677,215.01228927330683
2_30,186.98699204920794,210.49280504471952
2_31,178.83842817494752,206.3652746719186
2_32,170.8949490801662,202.58721993489578
2_33,163.18650053755638,199.2186413634376
2_34,155.74797738627103,196.30848244990472
2_35,148.6199083872235,193.8773829106176
2_36,141.84909625917177,191.94354195084438
2_37,135.48910395055606,190.5220974214968
2_38,129.60041936532116,189.62456793264317
2_39,124.25006364342923,185.28894733873628
2_40,119.51035141340112,176.5267388746212
2_41,115.39140525900083,167.91161342368707
2_42,111.07433751505555,159.46740462086356
2_43,107.52997383493317,151.22274015187173
2_44,104.83670516638837,143.21208005249144
2_45,102.41657957725668,135.47693259228413
2_46,97.8627416598392,128.0672215046847
2_47,93.22408609046329,121.04271826310797
2_48,89.46562936932874,114.47434823479381
2_49,85.56189926298269,108.4450153901114
2_50,80.33965817526249,103.04936859234216
2_51,76.09907222727804,98.39170313600866
2_52,73.01137365989501,94.58109648626773
2_53,69.21364035613324,91.7231697258069
2_54,64.5463907315704,87.00924711102584
2_55,61.19621859278242,79.17455217327245
2_56,58.45254026508306,71.90045205764407
2_57,53.54647564225232,65.37432690897354
2_58,48.03138651476419,59.84137521177077
2_59,43.606907937277626,55.59887888106068
2_60,40.594775393489535,52.95786684973259
2_61,32.76259189976046,51.65684600066029
2_62,23.191986373786285,49.284069686280546
2_63,14.321076831864117,48.77560910124516
2_64,6.073805064351361,49.79587373900643
2_65,0.7559278398548473,52.756592258022685
2_66,5.888400843958184,57.3580379896122
2_67,12.910613949320119,63.24307104598321
2_68,21.130792248760713,70.08908659262389
2_69,24.82580735816181,77.64228275867909
2_70,22.387779031320846,85.71590013508808
2_71,19.90786460158161,94.17617479712672
2_72,18.325636675496686,102.92779311574314
2_73,17.781984579802856,111.90240856869485
2_74,21.220095016803402,121.05042192005932
2_75,28.063633359952703,130.3353167645576
2_76,36.44203043523055,139.72979949252706
2_77,45.51540359416374,149.2131636906722
3_0,324.1832656402615,423.6861918709022
3_1,318.98896042865897,415.35414148591605
3_2,314.03047367035913,407.09992279551017
3_3,309.3191447139791,398.92836594963075
3_4,304.8664306697719,390.84465455691884
3_5,300.68381925460676,382.8543518387803
3_6,295.07063371383856,374.96342807498263
3_7,288.96937732162365,367.1782891878715
3_8,283.0938636850079,359.50580623529805
3_9,277.45843223564293,351.22097685699146
3_10,272.0779994055804,342.61875529570983
3_11,266.96798105633167,334.0980486469284
3_12,262.1441890960821,325.66525342702766
3_13,257.6093167169695,317.32737641300923
3_14,253.34468543323348,309.09209709780805
3_15,249.23153022727442,300.9678355886201
3_16,244.33488912220218,292.96382589705195
3_17,239.76029795237497,285.0901943234116
3_18,235.5265200716113,277.3580422901904
3_19,231.65223995797217,269.7795325037057
3_20,228.15576917345243,262.3679766863939
3_21,225.05471446295422,255.13792229178014
3_22,222.3656165040983,248.10523455803158
3_23,220.10357184042294,241.287168951179
3_24,218.2818542941217,234.7024274917405
3_25,214.9141866574806,228.37119067989295
3_26,207.921183347493,222.315114821997
3_27,201.18870340990318,216.55728268527412
3_28,194.71013744079377,211.12209384730153
3_29,188.24572361547843,206.03508027290434
3_30,181.17833478802817,201.3226330842254
3_31,172.88827150806773,197.0116288246583
3_32,164.6649589231154,193.10012583688462
3_33,156.6574298015234,189.57172250427632
3_34,148.90049531520506,186.51983131700806
3_35,141.43538629305993,183.96816451883947
3_36,134.31076460124706,181.93776589404663
3_37,127.58367712390964,180.44622801721317
3_38,121.32026298102376,179.5069792738919
3_39,115.59590939095179,179.12870306405412
3_40,110.49442059865818,171.61590162602204
3_41,106.10566658463343,162.74738191221584
3_42,101.84939910628431,154.02688915809372
3_43,97.98104106259002,145.4810387144312
3_44,95.02673418377563,137.14247543995603
3_45,93.03725360393999,129.05137940560257
3_46,88.77445006922827,121.2572908716026
3_47,84.19167801301202,113.82123192691775
3_48,80.01943589634793,106.81799161663572
3_49,76.94716023073876,100.33822862743241
3_50,71.64584512534528,94.48968855344202
3_51,66.86559675430935,89.39633497319105
3_52,63.33901317993874,85.19371172352615
3_53,60.882543205376855,82.01884333295448
3_54,55.5289487200892,79.99418173843999
3_55,51.60652897287278,72.97028778551515
3_56,49.456960744176506,65.01376261680012
3_57,45.28516376925892,57.72291698452817
3_58,39.64244052714591,51.38188568480971
3_59,34.566625362492054,46.38185247099307
3_60,30.87122594200145,43.191053837411104
3_61,29.152782038260774,42.221660797024576
3_62,21.522983202812053,39.47011584014234
3_63,11.4436614726909,38.850934844724726
3_64,1.364393626006268,40.133771512817006
3_65,2.1222399870919997,43.76142469958007
3_66,1.2087848112570019,49.218095118370876
3_67,7.515428611180459,55.97135971592387
3_68,15.164176813160488,63.60956412357486
3_69,15.680304693486816,71.85102075490852
3_70,12.594071529072577,80.51067245164411
3_71,10.642163769538525,89.46715532917442
3_72,8.491396359459937,98.63963367288909
3_73,8.038115621440445,107.97306305414314
3_74,14.103522860500682,117.4290617042122
3_75,23.159156367664433,126.98024053833937
3_76,32.81646473736466,136.60662790900787
3_77,42.6688223498538,146.2933696504019
4_0,315.3614481435426,417.9572185838566
4_1,310.0269955811809,409.5147533137883
4_2,304.93050322918924,401.1466077794233
4_3,300.08409416295984,392.85753024763784
4_4,295.5000718229069,384.65263139108754
4_5,291.1908267211296,376.53741307504185
4_6,286.95690084597413,368.517798898663
4_7,280.6868396252797,360.60016639714394
4_8,274.64179538809594,352.7913807357521
4_9,268.8369458690958,345.09882962972085
4_10,263.2881767383184,337.26315776992215
4_11,258.0120082432923,328.6096929990695
4_12,253.02549199231626,320.0384951279637
4_13,248.34607419332139,311.5563522682866
4_14,243.945786523134,303.1707375381126
4_15,239.86796349502373,294.88988397674603
4_16,235.28190104832566,286.72286666122983
4_17,230.5358666811971,278.6796920807997
4_18,226.13765762056516,270.771394513675
4_19,222.10793528166343,263.01013869550445
4_20,218.4670886565419,255.4093274266944
4_21,215.23485022037585,247.98371188560844
4_22,212.429869587748,240.74950124032398
4_23,210.06925965235808,233.72446662910258
4_24,208.16813541577957,226.9280326672111
4_25,206.7391702445243,220.38134732533112
4_26,200.54780792100044,214.10731836262065
4_27,193.56669581302046,208.13060163570736
4_28,186.86688170891674,202.47752384213692
4_29,180.3913626537595,197.17592009110467
4_30,173.9851548705338,192.25486585700767
4_31,167.08816727837333,187.7442843163964
4_32,158.83897050139993,183.67441487387893
4_33,150.52873518811253,179.9828142523814
4_34,142.44558506660374,176.77417534073447
4_35,134.63042267166546,174.08847112053124
4_36,127.13267286358077,171.95020258841078
4_37,120.0118347193585,170.3799778369467
4_38,113.33896483223643,169.39359018800084
4_39,107.19774379538327,169.0012585477649
4_40,101.68453555178424,167.16768948812395
4_41,96.90657739347897,158.05577065637323
4_42,92.80609740697867,149.06727790999133
4_43,88.5527078208427,140.22594213331914
4_44,85.28166713561868,131.56142844701674
4_45,83.08362048236859,123.11106960079822
4_46,79.91997501746118,114.92210898355124
4_47,75.37281996561272,107.05454096625154
4_48,70.73978374398806,99.58455969622555
4_49,67.25444791111998,92.60841608955161
4_50,63.347364927227474,86.2460176548264
4_51,57.89532555766302,80.64275060519545
4_52,53.79357167322569,75.9667684647145
4_53,51.36658083450082,72.39795434404132
4_54,46.91009190873592,70.1055848854253
4_55,42.20404119450572,66.97480809871246
4_56,39.55692928270677,59.013881764969895
4_57,36.09285953957897,50.878546276492074
4_58,31.373432120877595,43.561326812801475
4_59,25.759009896048006,37.54363348544837
4_60,21.357343789821506,33.532523444362816
4_61,19.33877353516767,32.28473806246642
4_62,17.16707526495816,29.735776739650515
4_63,13.932018844307324,28.928404315785084
4_64,5.6515973751773565,30.63912798130866
4_65,2.1122156499876237,35.26522604228064
4_66,6.299356121894858,41.85081249573179
4_67,1.0776899467705998,49.6217400244411
4_68,10.636436122887034,58.104335354056815
4_69,6.769045661678179,67.02893773703745
4_70,2.8906345507692603,76.24046869661112
4_71,1.8607155805398075,85.64638553131078
4_72,0.6580277485213245,95.1890707597925
4_73,2.5481756674861122,104.83117094557802
4_74,11.866625326100044,114.54757436367109
4_75,21.868630458232136,124.320851671002
4_76,31.917887780469314,134.1385637589534
4_77,41.980450526188,143.99161414349368
5_0,306.63852976139736,412.4073984205278
5_1,301.157181837582,403.854938949128
5_2,295.9156157870971,395.37310589077816
5_3,290.92679101588857,386.96654262827553
5_4,286.2039232168186,378.64026179486547
5_5,281.76038535351734,370.399676626275
5_6,277.60958966323824,362.25063456850404
5_7,272.54496431504833,354.1994531223206
5_8,266.3227096296473,346.2529578353607
5_9,260.34006637304816,338.41852225891887
5_10,254.61392384160038,330.70410956352765
5_11,249.16196533932322,323.11831534884584
5_12,244.0025687590497,314.64564618020415
5_13,239.1546677291176,306.0201794799486
5_14,234.62360658029922,297.4847729245289
5_15,230.38897729809253,289.0474033129097
5_16,226.3346553766714,280.7169090683924
5_17,221.4049990875333,272.5030902582796
5_18,216.82983026399003,264.41681847230467
5_19,212.6320301661978,256.4701564186954
5_20,208.83435421934135,248.67648649914264
5_21,205.45898867647335,241.05064675098978
5_22,202.5270470904093,233.60907131225693
5_23,200.05802355240368,226.36993087795628
5_24,198.06922761518962,219.35326637895622
5_25,196.57523281823165,212.58110625054888
5_26,193.43060118159775,206.0775541429438
5_27,186.1903235052121,199.86882984293675
5_28,179.22265133506033,193.98324179112146
5_29,172.56060623290603,188.45106543649092
5_30,166.0878672546715,183.3042986887
5_31,159.7500983058812,178.5762652563524
5_32,153.04992705685083,174.30104042247274
5_33,144.72683416678666,170.46127676893298
5_34,136.43845481910833,167.07860081401753
5_35,128.26489006497582,164.24318674849837
5_36,120.37869293184986,161.98377170652483
5_37,112.84012389761226,160.32470593852761
5_38,105.72356453935818,159.28474587858386
5_39,99.1199467244507,158.87604555602604
5_40,93.13843073646201,158.9507797727793
5_41,87.90609141957341,153.879567185416
5_42,83.5637672449583,144.63757483626685
5_43,79.28713256877948,135.51356670997174
5_44,75.62568243810001,126.53306210728579
5_45,73.16462325615028,117.72889898800693
5_46,71.38541599522435,109.1437527823924
5_47,66.26442533906439,100.83357373713203
5_48,61.70075827408774,92.87219470518117
5_49,57.68139441712623,85.35726130030487
5_50,55.00768793094857,78.41722078584777
5_51,49.33068858230764,72.21799162299591
5_52,44.45537372273682,66.96561673957795
5_53,41.495775810403586,62.897737715477696
5_54,38.846019736945564,60.254721092882484
5_55,33.146447924813785,59.22761325036121
5_56,29.71354799202504,52.79742978724953
5_57,27.448738951590627,45.2078110021814
5_58,23.080959116809563,36.78767632275737
5_59,17.48692391452466,29.425330328211743
5_60,12.269810201226477,24.110063581315124
5_61,9.525495492716523,22.35322352114359
5_62,7.937215066691122,20.193319755430345
5_63,4.631331016463037,19.00800448316148
5_64,3.6659660024666314,21.5316249385593
5_65,5.8465444168795955,27.72818338648236
5_66,9.000260895276568,35.735503216839035
5_67,0.177448213259862,44.588463525104316
5_68,4.842911066660583,53.87174498030122
5_69,1.4940492087039043,63.39657518690994
5_70,4.254698923377828,73.0685407915631
5_71,4.0618630653216075,82.83610732987933
5_72,0.761386331817618,92.66903933648229
5_73,8.721897479481775,102.54852605620442
5_74,16.610012009600187,112.46229021398989
5_75,24.76119933739753,122.4019951593957
5_76,33.9616481592491,132.3617893357497
5_77,43.55135016494094,142.3374485604041
6_0,297.59625573404173,407.0438646011072
6_1,292.38762765551735,398.38215346166436
6_2,286.993546475988,389.7872047910907
6_3,281.85452601934776,381.2635331590108
6_4,276.9847624188909,372.8160267721875
6_5,272.39869581194233,364.44998125435797
6_6,268.11088352659795,356.1711362126119
6_7,264.13584985772115,347.9857146613245
6_8,258.14915851110277,339.90046531434245
6_9,251.98008800952638,331.92270767090844
6_10,246.06714481930214,324.06037970392475
6_11,240.42922525452784,316.3220878025001
6_12,235.08611577229902,308.71715841511326
6_13,230.05835661513035,300.73157706006026
6_14,225.3670527691844,292.0476941813886
6_15,220.98387947158224,283.4546887624309
6_16,216.95714526347464,274.96107975369694
6_17,212.37940294883438,266.5763666957216
6_18,207.6135694663497,258.311152453984
6_19,203.23371743102223,250.1772794769674
6_20,199.26529798783724,242.1879796836031
6_21,195.73333548551682,234.35803730219982
6_22,192.66183314844156,226.70396278769218
6_23,190.0731125172847,219.2441741957233
6_24,187.98711706315103,211.99917992582044
6_25,186.4207211939945,204.99175338897092
6_26,185.38709371244124,198.24708576131954
6_27,179.08953521690538,191.79289750021087
6_28,171.8417023117833,185.65948286216894
6_29,164.88942225596708,179.87965476507165
6_30,158.27164411288697,174.48855101142127
6_31,151.80141628001752,169.52325890002282
6_32,145.54537888520696,165.0222161775133
6_33,139.0765267512981,161.0186132312892
6_34,130.64581460593826,157.44190240575134
6_35,122.40679171031822,154.43842639601698
6_36,114.1235366978174,152.04215701921711
6_37,106.14902158281603,150.28213956211397
6_38,98.55821033114148,149.18089141823305
6_39,91.44669726266987,148.7530406862663
6_40,84.93495340061375,148.8430104016286
6_41,79.17110011637175,149.5826066192104
6_42,74.32931752488514,140.7873264724478
6_43,70.24777220728194,131.4018008380137
6_44,66.09679958696042,122.12511137908977
6_45,63.28910659504049,112.98406366394346
6_46,61.915019052656724,104.01441889080029
6_47,57.471341247251296,95.26459750239356
6_48,52.932567237354,86.80109360778262
6_49,48.29781850025109,78.71630628941264
6_50,45.312092161151035,71.13946298112631
6_51,41.313240266258006,64.25050485089481
6_52,35.48653906113593,58.293807337165546
6_53,31.71092132856787,53.58118641959815
6_54,30.331719716314762,50.46238795071054
6_55,24.81172108221713,49.24117861192346
6_56,20.007349470909098,46.64425889975629
6_57,19.020903435963525,38.63508919024932
6_58,13.76766977047982,31.708708405007926
6_59,9.36134761602424,22.80625394225277
6_60,3.6124895763176688,15.360162134662364
6_61,0.28706752113726525,12.43495691531328
6_62,1.866318323562908,11.332457907364871
6_63,4.979944780272018,9.089763033346687
6_64,6.14385143002571,13.607267441453569
6_65,7.972755916745092,22.149143083488493
6_66,5.384445483717166,31.605419348110647
6_67,1.2829238035470454,41.35347623913419
6_68,1.3962859448831768,51.22699691464657
6_69,5.795909220512462,61.16523887140211
6_70,3.0965098196528666,71.14107077638788
6_71,1.0256195851719527,81.1406184963741
6_72,0.8116060461140381,91.15606799543373
6_73,9.095626650239236,101.18268852082339
6_74,19.003213309596386,111.21745073317125
6_75,28.951928082692355,121.25832590056989
6_76,38.480207593357086,131.30390472609096
6_77,47.155003827555504,141.35317791374152
7_0,288.3784570186416,401.8738813525709
7_1,283.7273471623861,393.10400990208564
7_2,278.1729388912917,384.3968804628662
7_3,272.8754884608607,375.7568542587632
7_4,267.8502416285928,367.1886677313037
7_5,263.11279469331294,358.69746853136354
7_6,258.67895961979303,350.2888548452602
7_7,254.56460036561376,341.9689182312665
7_8,250.13509912403407,333.74429009709667
7_9,243.77077858454854,325.6221918785436
7_10,237.66126782362065,317.61048887634075
7_11,231.82671213791897,309.7177475624606
7_12,226.28837937981072,301.9532959668757
7_13,221.06853280261808,294.32728648712845
7_14,216.19024153509403,286.8507601104375
7_15,211.66215906656376,278.1265411836021
7_16,207.46272774944748,269.47113240550925
7_17,203.47271668510518,260.91626674353313
7_18,198.50125039340702,252.47216364956364
7_19,193.92389125818212,244.15031443627092
7_20,189.76915802370175,235.96365280023284
7_21,186.0653619768912,227.92674468527082
7_22,182.83990721779503,220.05599705783405
7_23,180.1184911540862,212.36988352150024
7_24,177.92424161865938,204.88918218636468
7_25,176.27684372848586,197.63721753651163
7_26,175.19172282239202,190.64009288330072
7_27,172.29799094394423,183.92689306760653
7_28,164.75898849295567,177.5298282535432
7_29,157.50191368263205,171.48427918721984
7_30,150.56753426249676,165.82869312147395
7_31,144.00247245990545,160.60426978353783
7_32,137.53451729267186,155.85437182917855
7_33,131.37790507396505,151.62359930452092
7_34,125.18657217221593,147.8751102995485
7_35,116.62736865018518,144.68193873220275
7_36,108.32734411499801,142.13006823180802
7_37,100.03432897666606,140.25450461919695
7_38,91.94743209872574,139.08260787727494
7_39,84.28774250006357,138.6322207690732
7_40,77.18254740568656,138.7388685951893
7_41,70.7989786188619,139.5403846889496
7_42,65.34884551971723,137.3373856596681
7_43,61.08251100111517,127.83354619676123
7_44,56.757883411716335,118.40632439063012
7_45,53.4716089529087,108.95924858747327
7_46,51.871587023537614,99.63373212711217
7_47,49.16169538370222,90.46736776537216
7_48,43.77928449274017,81.51385648402115
7_49,39.2382085391222,72.85171143040647
7_50,35.55599060856497,64.598239694306
7_51,32.65179842261706,56.931447278868006
7_52,27.25180739071325,50.121272426696734
7_53,22.123411624471004,44.562182161455944
7_54,20.952333618583932,40.769189240159385
7_55,16.475288180351615,39.25756982600151
7_56,10.808331502433472,40.28494459602574
7_57,9.537328831701887,32.86143770514949
7_58,5.366262940892345,24.497954443149048
7_59,1.9535041017403012,17.771740319147717
7_60,4.648773700660672,9.243106129864232
7_61,10.000384708707925,2.657710490816372
7_62,11.669162117650378,5.840540442580349
7_63,13.774657568700292,0.37761258265535846
7_64,13.331384402575463,10.162308082054912
7_65,3.3903150993876348,20.216562548667387
7_66,3.1473142013488444,30.2819403116834
7_67,3.1544525517831694,40.35009927242029
7_68,5.086811316211533,50.41935817450998
7_69,8.759768860750496,60.48915498100118
7_70,2.9664449677610527,70.55924839010537
7_71,2.8285818144659642,80.629517570586
7_72,3.2189151178696354,90.6998952889873
7_73,11.86196502428609,100.77034113023251
7_74,21.34069573791571,110.84082931546808
7_75,30.880418466672463,120.91134260741235
7_76,40.620822926806454,130.9818690270927
7_77,50.491128535806816,141.0523999770299
8_0,279.2438707676731,396.9048179845023
8_1,274.4616055680495,388.02825298106427
8_2,269.4634641780458,379.2102707579783
8_3,263.9988927641468,370.45505445912676
8_4,258.80901942523036,361.76716089485865
8_5,253.91068848501143,353.15155844419473
8_6,249.32108349969707,344.61366884032856
8_7,245.057550587395,336.1594131337257
8_8,241.13738552051143,327.7952621019814
8_9,235.7275563248572,319.52829132724116
8_10,229.41144995099876,311.36624108151835
8_11,223.36913254312717,303.3175810363903
8_12,217.62340962390564,295.39157963200415
8_13,212.19837435550775,287.59837768344704
8_14,207.11922636684565,279.9490654492641
8_15,202.41200441048764,272.45576191269936
8_16,198.04810029416566,264.2633620541743
8_17,194.08299809066307,255.54022277888478
8_18,189.50747578744426,246.91847716176
8_19,184.7155305327722,238.40912469419712
8_20,180.3570424432095,230.02463794541356
8_21,176.46413082105397,221.77917803236448
8_22,173.0682143031908,213.6888378868425
8_23,170.19904292962784,205.7719135253745
8_24,167.8836237990775,198.04920126122764
8_25,166.1451082808635,190.54431514695608
8_26,165.00173098129582,183.28401335788948
8_27,163.92246283261036,176.2985141025628
8_28,158.01417281501006,169.62177039293474
8_29,150.4394097798805,163.29165833060537
8_30,143.17092748430306,157.35001591733402
8_31,136.25774644515184,151.84245069625482
8_32,129.75666550369257,146.81781907393724
8_33,123.29084660926506,142.32727544304674
8_34,117.25791011807719,138.39221630325892
8_35,111.40780394387065,134.9836734601967
8_36,102.69335946600386,132.2536167165729
8_37,94.24816090396605,130.24471552836374
8_38,86.01840245390414,128.9906653350898
8_39,77.78434645735098,128.51356295265683
8_40,70.03021460540064,128.63867201686674
8_41,62.9336458947293,129.5055582057728
8_42,56.74188963290751,130.95851537771392
8_43,51.78054372171785,124.73110910684088
8_44,47.71920360278431,115.07186430042886
8_45,43.76916020281861,105.48867540679328
8_46,41.83894166116019,96.00431572647467
8_47,41.624451614178504,86.56952600227255
8_48,35.11451211537698,77.17092492560874
8_49,30.56746073679752,67.96379601269275
8_50,25.942956299517622,59.03778042116105
8_51,23.926929711611923,50.542026365580654
8_52,18.917881797746546,42.73391185727928
8_53,13.166626982193133,36.06287293011214
8_54,11.099424392895934,31.2654132906159
8_55,8.369063980356124,29.277498170345698
8_56,3.423113872889634,30.650728687122964
8_57,0.5527427008513704,29.41701287138333
8_58,2.230634073450915,19.644920923500557
8_59,7.843096827589279,10.451396661332048
8_60,10.052039921809458,3.7460068343893007
8_61,18.12410832588676,0.7845080980042418
8_62,21.47133166741975,1.7974985819050604
8_63,19.005463395330437,4.275165777218364
8_64,9.318068262769568,13.532024850573608
8_65,0.13783258571501475,22.789685335152257
8_66,3.6916086525838465,32.11206124038685
8_67,9.006622209530118,41.738124922440825
8_68,2.6290002984409857,51.53409597504728
8_69,0.2495438327873829,61.41871908785255
8_70,5.093969079448378,71.3551520902835
8_71,1.3482796822829706,81.32439794939984
8_72,7.687317158085188,91.31570285056858
8_73,16.391733955511036,101.32253447031587
8_74,25.489930145259954,111.34070015116963
8_75,34.26007106928494,121.36738741337754
8_76,43.58077242592907,131.40064009559185
8_77,51.01527155259482,141.43905593369823
9_0,270.200644995871,392.1441187363952
9_1,265.2630254474013,383.16272799453554
9_2,260.6190178484876,374.2356436192247
9_3,255.23512329566464,365.3668462194401
9_4,249.87091370738358,356.56068510258035
9_5,244.80151125340473,347.8219176966674
9_6,240.04559404307557,339.1557533861218
9_7,235.62214518188307,330.5679021839941
9_8,231.55021918393797,322.0646286643586
9_9,227.8486628701535,313.6528115596973
9_10,221.33480327237632,305.3400093803119
9_11,215.07323719833724,297.1345323237522
9_12,209.10735457352922,289.0455205956895
9_13,203.46316621390497,281.08302903867485
9_14,198.16816063243618,273.25811763515765
9_15,193.25104164416408,265.58294698353995
9_16,188.72481203678987,258.07087720220875
9_17,184.56770369396105,250.46623995240716
9_18,180.64954695211063,241.66946660691502
9_19,175.62418042504854,232.97453153758082
9_20,171.042396959363,224.39327253526375
9_21,166.94072260960448,215.93924135900008
9_22,163.35532526229488,207.62797874997116
9_23,160.32084531910493,199.47732995804006
9_24,157.86905307827766,191.50780238608206
9_25,156.02741844596824,183.74296385295418
9_26,154.8177159833151,176.20987461411855
9_27,153.78220582237944,168.93953762903865
9_28,151.651888918846,161.96733838809217
9_29,143.74933975576232,155.33342667364474
9_30,136.1314491668572,149.08296722528357
9_31,128.8487142481316,143.26615527384217
9_32,121.96118742193393,137.937860434744
9_33,115.52924084332616,133.15673808611038
9_34,109.076006043684,128.98364781537495
9_35,103.20119032900813,125.35659470233445
9_36,97.426376727746,122.42086633316514
9_37,88.87917979138413,120.25665820512513
9_38,80.24938828935028,118.9061027355769
9_39,71.9926345828872,118.3970448306969
9_40,63.67943158532303,118.54285455963301
9_41,55.78867560375346,119.46777178220428
9_42,48.7055132714286,121.04942674179442
9_43,42.83247906680639,122.37577759100112
9_44,38.724129408333226,112.5188113900039
9_45,34.277686903827004,102.70216633894171
9_46,31.825240541533823,92.93861565155953
9_47,32.3268511060881,83.24683782004716
9_48,27.403243176178094,73.65516484257301
9_49,21.31891765415621,64.20846770450291
9_50,16.81174591568699,54.756522730356465
9_51,13.92343359343067,45.47439544701683
9_52,10.636194032765355,36.60842986102039
9_53,5.96783882591477,28.548999164708846
9_54,1.8427965687113166,22.192889959161178
9_55,1.4395900818283642,19.303192345957225
9_56,5.712541649079464,21.338018096389483
9_57,7.297141059105722,26.18888472535481
9_58,7.247936495249647,19.22708694618468
9_59,14.639897547688221,9.646784602646115
9_60,18.87382097671625,1.7018259595688199
9_61,24.153458725148436,0.1567734221205753
9_62,29.36495527452069,0.17211296131559026
9_63,19.638064839372642,8.61892927697626
9_64,10.56959069352181,17.43144898029492
9_65,5.988664373520868,26.683712904113197
9_66,10.039700040647489,35.936806740013374
9_67,16.510332792813177,45.19069493152552
9_68,11.372701146419235,54.45217929549789
9_69,9.877752164709426,63.88294604612483
9_70,9.207425854708383,73.48322002535494
9_71,0.8086910894776148,83.19433356174328
9_72,10.167754476978713,92.98155804891944
9_73,18.529539420892146,102.82315606698509
9_74,24.89899250915179,112.70487914361776
9_75,32.7488376002926,122.61702162270909
9_76,39.254570896397205,132.55275484470457
9_77,41.7405212770321,142.50714022647932
10_0,261.24342778870795,387.59926826524446
10_1,256.1556200353057,378.515344791891
10_2,251.35106562763934,369.4813596810902
10_3,246.59589935466,360.50106738901883
10_4,241.04707886861266,351.5785824609825
10_5,235.79571021202486,342.7184199940244
10_6,230.8620925248444,333.9255410020607
10_7,226.26701189042439,325.20540324086176
10_8,222.03148800714118,316.5640180822379
10_9,218.17646239634678,308.0080140448462
10_10,213.45063986820065,299.54470758420337
10_11,206.95811377373448,291.18218170425257
10_12,200.75879895240817,282.929372859957
10_13,194.88067899022667,274.796166451397
10_14,189.35366854414636,266.7935009337533
10_15,184.20937398278735,258.9334801438384
10_16,179.48070624462804,251.2294928216156
10_17,175.13906838007816,243.69633742216638
10_18,171.25036300179,236.35034909814172
10_19,166.66855822897247,227.86816373128158
10_20,161.84160823995467,219.09295977451072
10_21,157.50879931606295,210.43221519012266
10_22,153.7119227329762,201.90065951815524
10_23,150.49154763058147,193.51537963448575
10_24,147.88533995001575,185.29623434785205
10_25,145.92620919037765,177.26633346193074
10_26,144.64045048057594,169.45258166098378
10_27,143.65348176089861,161.88627965631264
10_28,142.6813453831655,154.60376132910613
10_29,137.48558597076143,147.64702353926816
10_30,129.50682276982022,141.06427208828842
10_31,121.8360755788847,134.91026127328334
10_32,114.53524541482413,129.24624730209007
10_33,107.67959932196474,124.13931712083236
10_34,101.2488177386419,119.66081684797128
10_35,94.89895176786912,115.8178689746214
10_36,89.23340338725315,112.64266028707989
10_37,83.23936430735992,110.29562374366402
10_38,75.24576741057946,108.83035186664522
10_39,66.37616011523856,108.28264464181946
10_40,57.897680104492096,108.45202028681821
10_41,49.67457040097836,109.44465187325167
10_42,41.57038376623264,111.17711447112428
10_43,34.512799825168536,113.77491755398849
10_44,29.268958062922067,109.41966719660338
10_45,25.23382137835724,100.8398910360696
10_46,21.85360399434344,90.8803916076606
10_47,22.54138623656397,80.94667437209958
10_48,20.776013397645837,71.04954954448422
10_49,13.193993910758389,61.20676507624598
10_50,8.40090200779665,51.44951117547037
10_51,3.984869070946673,41.83766382133889
10_52,3.226793925718329,32.46516453620968
10_53,3.4538634973589946,23.00450462960872
10_54,2.59755682656392,14.38740690346298
10_55,6.270136296733007,9.346490379126243
10_56,12.029151302911444,12.582598761410122
10_57,17.247338632033603,17.485746940381407
10_58,16.82185495939785,22.477421029127463
10_59,21.083987148261134,15.848002682359434
10_60,28.438811357952062,10.239163248202095
10_61,32.1817868596201,0.17740863110034497
10_62,32.90836969976496,2.869506829005102
10_63,24.6214034606612,12.779746766777482
10_64,18.22455711077215,22.263252192720124
10_65,15.874384025217266,30.991087153354222
10_66,18.42927751257291,39.85037148706197
10_67,24.02218335345591,49.081250509878444
10_68,20.837706017343976,58.33057357966777
10_69,19.153003931373412,67.58068396321652
10_70,9.382041232309433,76.83158052596144
10_71,0.5605331266748823,86.16217573714415
10_72,7.279652291771119,95.64199943990906
10_73,10.846458733177096,105.23108680741376
10_74,19.176902967734158,114.90208103373305
10_75,28.64306605452118,124.6359130015886
10_76,29.57218506727903,134.41892850363266
10_77,32.66465003737829,144.24111676400145
11_0,252.36582210767529,383.2777527268696
11_1,247.14915990800688,374.0940366746684
11_2,242.17361759897898,364.9558290516518
11_3,237.5185522697901,355.8666360085307
11_4,232.35021035176433,346.8303113925829
11_5,226.90526380328774,337.8510976873461
11_6,221.7816685761601,328.93367227746825
11_7,217.0021882998718,320.08319973047577
11_8,212.5900339070832,311.305390854746
11_9,208.56851876627104,302.60656935456353
11_10,204.96063857365203,293.9937469510376
11_11,199.0455085516319,285.4747078602917
11_12,192.5991489955931,277.0581035008363
11_13,186.47161290493574,268.7535582162544
11_14,180.6953379994013,260.5717866134161
11_15,175.30504976888636,252.52472278396493
11_16,170.33739555468713,244.62566113565995
11_17,165.81144334419534,236.8894077290492
11_18,161.7067987281386,229.33243979232375
11_19,157.8713150163148,221.97306935133054
11_20,152.77478553378162,214.14795919651752
11_21,148.18535453683143,205.2845570911174
11_22,144.15146426129976,196.53569111124062
11_23,140.72089775601023,187.91735907955294
11_24,137.93867645495303,179.44836910168917
11_25,135.8446419400587,171.1508918039106
11_26,134.47094781444147,163.05111316829615
11_27,133.5383943609055,155.17999313821926
11_28,132.50050004326766,147.57412350280234
11_29,131.70847579445893,140.27665641675532
11_30,123.36335526375215,133.3382366131822
11_31,115.29160455685448,126.8178094382006
11_32,107.55478753910498,120.78308867286044
11_33,100.23049378755283,115.31035652194441
11_34,93.41580432720382,110.48315726622778
11_35,86.9852061644444,106.38939547056681
11_36,80.7749068114525,102.93389539687655
11_37,75.39898515030406,100.36899435417874
11_38,69.10349044076229,98.76543670305475
11_39,61.906506798982896,98.17034159236377
11_40,52.72045503227246,98.36703045177649
11_41,43.91939605326447,99.43997008212038
11_42,35.78849019746123,101.35167641719127
11_43,27.397690643311304,104.20241348862696
11_44,20.410895603659228,103.10287447478024
11_45,16.883029583146346,95.2263847903587
11_46,11.984786726545032,87.79637997452488
11_47,12.724320113237692,79.84545492834425
11_48,12.558461559130187,69.79560042041837
11_49,8.01185495495122,59.75005198440058
11_50,0.8773488092156991,49.71141492719853
11_51,5.587965769284135,39.68492778663461
11_52,4.596627904129523,29.68289626079472
11_53,10.940740018894518,19.74251088099548
11_54,12.574170486965308,10.04839048369705
11_55,16.084677455722346,1.0807209904545705
11_56,19.391852275035927,3.8788205424910447
11_57,26.06451515527792,8.78854196033528
11_58,26.67442753163607,15.319405026661334
11_59,29.541119636007615,17.982644665674478
11_60,35.16334473003189,8.159631096179853
11_61,41.05116695449816,0.0682360636747996
11_62,38.72715522437855,4.606326749437305
11_63,31.98077276511785,14.513060462524063
11_64,27.356424692839788,24.420137467196867
11_65,25.763447465463038,34.327557034624434
11_66,27.728640356747196,44.23531843631274
11_67,31.9453788187873,53.350728031373045
11_68,30.554120543945583,62.26593043930051
11_69,22.42354635006338,71.46782024634749
11_70,12.758687016027457,80.71336677967355
11_71,3.566947790519428,89.95969359717954
11_72,1.7442251491627752,99.20679958646092
11_73,7.630555524480916,108.4854000736317
11_74,17.560953156991843,117.88525154547634
11_75,19.14274926796186,127.38704467265359
11_76,20.00237043654259,136.96956242728544
11_77,24.13054254895767,146.6169748472113
12_0,243.6076878919642,379.18701650769157
12_1,238.2208298636649,369.90671422744714
12_2,233.0970418564703,360.66746220218675
12_3,228.26462022937682,351.4724982764837
12_4,223.77858932053007,342.32539177814823
12_5,218.14393729122764,333.23008429935254
12_6,212.8171700937831,324.1909361333655
12_7,207.83939759808194,315.2127791858517
12_8,203.23626543077953,306.30097728547776
12_9,199.03376935483772,297.46149492853635
12_10,195.25778022433826,288.7009756009701
12_11,191.3601708474403,280.0268309192413
12_12,184.65306205347457,271.44734190439107
12_13,178.26011195545675,262.9717737287814
12_14,172.21631085484165,254.61050521894904
12_15,166.55967134801946,246.37517421170088
12_16,161.330923431276,238.27883947442015
12_17,156.57294171969295,230.33615921756774
12_18,152.25791356130352,222.56358511682828
12_19,148.46718177697636,214.97956905412784
12_20,143.866775223132,207.60477727028712
12_21,138.99171961887004,200.4623030562425
12_22,134.69109812457418,191.56316585679642
12_23,131.02148855755834,182.71635061665089
12_24,128.03715804661,174.00049238926766
12_25,125.78689162630862,165.4362906653875
12_26,124.3105599276919,157.04855801720768
12_27,123.43974115443359,148.86712633103429
12_28,122.3246564490573,140.92793006658982
12_29,122.02960759265831,133.27426646823787
12_30,117.77580473249651,125.95819623210178
12_31,109.29882733085817,119.04197897092929
12_32,101.1114699542746,112.59931958246902
12_33,93.29001651435887,106.7160213797836
12_34,85.93443443585443,101.48940869333497
12_35,79.17467246931886,97.0256631472814
12_36,72.74312638537947,93.31554371959245
12_37,66.73190724187269,90.487368415709
12_38,61.20299954517295,88.71430737145624
12_39,55.05132676375534,88.06011640140007
12_40,48.23287280159651,88.28914991693262
12_41,39.49889941332899,89.45918618400655
12_42,30.2076103060708,91.58749162775794
12_43,21.61553059424619,94.74007142673966
12_44,13.387724099373678,97.41371920123726
12_45,6.9200187895840335,89.04244029468846
12_46,3.2120087843668332,81.05503823638206
12_47,2.953444259850415,73.57663821578083
12_48,5.894837458919384,66.77846525024691
12_49,1.5770061647714935,59.95003853578409
12_50,3.206374778379739,49.953609718835715
12_51,13.021999298261381,39.9898819034744
12_52,14.150093957647526,30.091350002957824
12_53,18.38740431219484,20.35334907843564
12_54,22.557658395867858,11.202619821086477
12_55,24.79568582704331,5.051966569289954
12_56,28.334884354072347,0.11346418585804219
12_57,33.30328826782504,2.6099160413119273
12_58,36.579574821620376,12.67081941887818
12_59,38.71225194714045,16.569379996901688
12_60,43.14858795336175,6.594579857430791
12_61,49.270187117672045,1.3625399888475627
12_62,45.9638968014644,6.368867991784332
12_63,40.43768989615463,16.254573493980953
12_64,36.882505480003886,26.158162921796176
12_65,35.65145646471696,36.06209576641285
12_66,37.12835294464715,45.96637131835642
12_67,40.57905277858724,55.870988868447476
12_68,34.973836945743834,65.77594770779108
12_69,25.85055591052193,75.68124712779404
12_70,17.591446856833453,84.6710430369752
12_71,9.650232402321407,93.84346233751558
12_72,0.08862920466836466,103.08522631760717
12_73,9.971930264738232,112.32776356309766
12_74,13.636897923565972,121.57107298341164
12_75,9.415644477746667,130.8238002135639
12_76,10.705915226144631,140.1668964138533
12_77,16.44335686756649,149.60376295045643
13_0,234.98206795374375,375.33441478508837
13_1,229.40019995934105,365.96121422015653
13_2,224.12826783867334,356.6246150454807
13_3,219.11086537062656,347.32756967838753
13_4,214.44114187600616,338.0733420734324
13_5,209.52758094302268,328.8655476552108
13_6,203.98352505880223,319.70819912007505
13_7,198.79238414599246,310.60575903754
13_8,193.98249432193356,301.56320032667287
13_9,189.58287698405493,292.5860758433292
13_10,185.62270830220214,283.6805984885166
13_11,182.11475331568673,274.85373343085377
13_12,176.94891349715465,266.11330421711386
13_13,170.27434880802664,257.468114706071
13_14,163.94398211482158,248.9280888734748
13_15,157.9991915417372,240.50443055370602
13_16,152.48508102170567,232.2098050362162
13_17,147.44997723661288,224.05854401710093
13_18,142.92200098739073,216.0668745659426
13_19,138.884952678656,208.25317129120947
13_20,135.1484763556069,200.63822848381088
13_21,129.9549205574706,193.24554531419335
13_22,125.35294303359312,186.10161170651918
13_23,121.40983379041332,177.94679425804253
13_24,118.19155570864338,168.99089888034973
13_25,115.75857999132838,160.1650264187896
13_26,114.16112714549067,151.49190450293958
13_27,113.36131922705694,142.99933012568613
13_28,112.15457591742631,134.72145235567294
13_29,111.84107110209774,126.70036000424768
13_30,112.42827821247614,118.9879955285141
13_31,103.95257686876339,111.64835620651826
13_32,95.31360884486813,104.75981320877011
13_33,86.97926633992502,98.41713407365953
13_34,79.04596456686465,92.73239467927826
13_35,71.64704667844529,87.83343793367227
13_36,64.96535352406487,83.81796353517673
13_37,58.531905582831,80.6664850748008
13_38,52.82754323153554,78.68142771158209
13_39,46.97056256450942,77.9519522695644
13_40,41.1595921163799,78.22030624465451
13_41,33.99573679765553,79.51049510119341
13_42,27.334812737086697,81.90568956733614
13_43,17.382422642190583,85.42376073816936
13_44,7.710994098816977,89.93302863826563
13_45,0.6915074859970805,83.60886980603809
13_46,1.4463110326470072,75.0523659341447
13_47,0.8920924252923286,66.91392217343717
13_48,1.6765034341974578,59.36572382775863
13_49,7.719632584106418,52.66218937745241
13_50,8.651516022309393,47.16486032254919
13_51,16.393093012804556,42.69850068137002
13_52,24.040377571195865,33.60664814460005
13_53,26.93619036229637,25.26027811193032
13_54,32.50758474690213,18.686527221695197
13_55,34.122239996788686,12.876307789994547
13_56,37.73760839961937,2.836586417423055
13_57,41.68225092566474,2.599313971280597
13_58,46.502463699406924,12.658262882853675
13_59,48.19025401864879,20.005849682733995
13_60,51.81379847729873,13.004339786506902
13_61,57.0051415900348,11.284412345193621
13_62,54.05097871886283,13.050646615886551
13_63,49.43086405617193,19.887275740879254
13_64,46.560245557915074,28.689676578510767
13_65,45.53785219457277,38.11955616464303
13_66,46.69522287858261,47.80703459304122
13_67,48.238401133319215,57.62233315278225
13_68,39.46463450668901,67.50831474989899
13_69,29.411454236428302,77.41014831780792
13_70,19.364123108871457,87.31232261840248
13_71,9.341421189645414,97.21483696225081
13_72,0.6480594700626174,107.06459818875123
13_73,6.115347443796633,116.20926455954272
13_74,6.638996936735269,125.44619072577936
13_75,0.03601947543152866,134.68493214074255
13_76,2.4139918426909857,143.924438742598
13_77,7.803470007434979,153.1653858684233
14_0,226.5037787609069,371.72716223221454
14_1,220.71498390408988,362.2652438803019
14_2,215.23890812750938,352.8355284669786
14_3,210.07003765231812,343.44066948525136
14_4,205.20235398058256,334.08360851848096
14_5,200.719054668325,324.7676136063517
14_6,195.2981238143594,315.4963235540608
14_7,189.8773215785744,306.27379920344123
14_8,184.8433539185989,297.104582865643
14_9,180.22863935795178,287.9937673248571
14_10,176.06614859135613,278.94707606318184
14_11,172.3886444801925,269.9709566279966
14_12,169.11419182355627,261.0726893616789
14_13,162.54717205797152,252.26051402925782
14_14,155.9108135780938,243.54377719311685
14_15,149.65488286732574,234.93310345894034
14_16,143.82903086875598,226.44059389244183
14_17,138.48754708674556,218.08005488184818
14_18,133.6885041263969,209.8672603387874
14_19,129.40672317093694,201.82024914942917
14_20,125.74727995879238,193.95965785280504
14_21,121.10951326736391,186.30908512908968
14_22,116.1658956828675,178.89547914510683
14_23,111.9079470762918,171.74953027193382
14_24,108.4164861781723,164.45924659847626
14_25,105.76744894688167,155.38180481481928
14_26,104.02521485013631,146.43147783770507
14_27,103.23570619547047,137.63306808955488
14_28,101.991332596054,129.01766075956823
14_29,101.65489377142073,120.6244755158685
14_30,102.30876684173349,112.50326068606243
14_31,99.09150533434729,104.71731381178064
14_32,90.19612389114357,97.34711519619891
14_33,81.44397728082507,90.49430388723091
14_34,72.91774839676329,84.28517484134619
14_35,64.8305393350502,78.87189680305552
14_36,57.36831902192219,74.42832480596697
14_37,50.807222020767966,70.93068218491923
14_38,44.37281132867835,68.67387209925806
14_39,39.20009819640498,67.84583671329669
14_40,32.77603595444295,68.16357719857483
14_41,27.2967407990881,69.60675327959885
14_42,19.790945279114467,72.33848642221312
14_43,15.50732761220039,76.30616475715694
14_44,8.67500074576282,81.32910189635855
14_45,2.2343247913960633,79.07972749287629
14_46,7.68877219083454,69.97783916182743
14_47,8.879049991204162,61.174789740474424
14_48,9.472919900667723,52.820206860922866
14_49,15.878996979208926,45.16366017457501
14_50,17.890232613526358,38.62254397396638
14_51,22.726680820192826,33.849793420406975
14_52,30.24101598889057,31.65563428730454
14_53,36.2042395788657,31.69803095597937
14_54,40.53815872943333,22.29177907020712
14_55,43.73555160233618,12.254659808021636
14_56,47.11761941640637,2.217417507711568
14_57,50.614407942422886,2.5972789048598157
14_58,55.39057668064366,12.654290617803111
14_59,57.82343750405262,22.711302899908745
14_60,60.86833385717603,22.17608706466572
14_61,65.33654687558682,21.204362677016302
14_62,62.65912178513871,22.28543214853228
14_63,58.7134420591709,26.860613228272218
14_64,56.28784033713829,33.89269469502579
14_65,55.42249040672863,42.169978190581155
14_66,56.36918973316259,51.09079564079133
14_67,50.26143629548312,60.37053667227457
14_68,40.39221918283429,69.86632864926709
14_69,30.64150301413145,79.5007915463883
14_70,20.97998845335224,89.2290173587512
14_71,11.888343904497805,99.02337515480308
14_72,4.788468754247403,108.86601680820266
14_73,3.590498451579487,118.74493586030935
14_74,2.9164933956365626,128.64438004801548
14_75,3.7364787004491933,138.54480397537407
14_76,0.7237479822354259,147.7962970786807
14_77,1.0246627311518783,157.03123614747633
15_0,218.189665397428,368.372278334079
15_1,212.18147208970723,358.8263210114759
15_2,206.48663723517456,349.3082627818689
15_3,201.1317817559042,339.8204490723175
15_4,196.0758078649932,330.36548684124136
15_5,191.3865640644344,320.9462806622343
15_6,186.78127025913102,311.5660746702748
15_7,181.11330783775986,302.22850144495214
15_8,175.83631976517555,292.9376391172278
15_9,170.9865107054457,283.6980782398193
15_10,166.60119285339388,274.5150002630596
15_11,162.71792739035254,265.39426981453386
15_12,159.31177569898978,256.3425433968175
15_13,155.00230293289977,247.36739759494927
15_14,148.15525436224357,238.4774804184885
15_15,141.56449708508893,229.6826899741761
15_16,135.39867836248493,220.9943852341355
15_17,129.71840959023055,212.42563415352313
15_18,124.5901218857272,203.99150466234062
15_19,120.0565676224024,195.70940387424304
15_20,116.11114739440616,187.59946983933835
15_21,112.50006149923456,179.6850177208865
15_22,107.16820615783706,171.99303749981004
15_23,102.54570152541842,164.5547319249402
15_24,98.73223299800699,157.4060697327867
15_25,95.82444220685574,150.58830816531184
15_26,93.90650184555071,141.919917079361
15_27,93.03964979479139,132.82865730545174
15_28,91.83648590884499,123.88549065899646
15_29,91.47115192119384,115.12493701038801
15_30,92.20546915494165,106.59203369812326
15_31,93.83488921658642,98.34605654144264
15_32,85.68559760903375,90.46550252002613
15_33,76.55892162685278,83.05445818929817
15_34,67.69481310217293,76.24995028376406
15_35,58.971202143925225,70.22850748720263
15_36,50.660521878713574,65.20742667898708
15_37,43.09826389792243,61.31947599923998
15_38,36.639004765025696,58.70352843892352
15_39,30.326707193907534,57.741765323812956
15_40,25.65346293171083,58.12418107074249
15_41,18.686090904456492,59.769270504820334
15_42,13.502450869781784,62.93718056572467
15_43,5.794987653351284,67.46697881334804
15_44,3.327266269294828,73.10594834360168
15_45,3.651525211501021,75.61690802879268
15_46,11.885962729568755,66.04483748564552
15_47,18.915317110433794,56.63963306754083
15_48,18.920395248672417,47.500521502631024
15_49,23.233565314127738,38.815917042855794
15_50,27.673732569701023,30.970566297189613
15_51,31.013891117024965,24.77501854069339
15_52,36.88091574224671,21.692220460346572
15_53,44.281566234867306,21.83363404016599
15_54,49.28855211032918,21.659276961115147
15_55,53.48013891777662,11.624622368805964
15_56,56.271841397057315,1.5898413203669446
15_57,59.82697183134183,2.6038041920505703
15_58,63.97020223375418,12.658895969085641
15_59,67.54460802577532,22.713993343721953
15_60,70.16082636459636,31.80209895718837
15_61,74.06263576994567,31.122407719403967
15_62,71.59986617831667,31.928255568172855
15_63,68.16648878360039,35.26698005681914
15_64,66.04924067041554,40.870981475873855
15_65,65.30532757393088,47.952532283510855
15_66,62.345919810683334,55.95341516038399
15_67,52.71567045645811,64.53259003459473
15_68,43.27977631994033,73.48780153283079
15_69,34.19956584780308,82.69697788218096
15_70,25.850233498669933,92.08395512008136
15_71,18.557209967784505,101.59946343801498
15_72,13.825134298227118,111.2105155249014
15_73,12.843061350619354,120.89432672028504
15_74,6.118450493756074,130.63471758928006
15_75,2.7697081383255333,140.41991466996208
15_76,1.638859624948514,150.2411636974039
15_77,3.5433279121713435,160.09182983669382
16_0,210.05888522978537,365.2765299409313
16_1,203.81837279946484,355.65171062573586
16_2,197.89036436158403,346.0506278201637
16_3,192.30376444248645,336.4753147823886
16_4,187.07754443223806,326.9280371825673
16_5,182.1645135600751,317.41132623002187
16_6,177.68311556107886,307.92801741886194
16_7,172.5229624704754,298.48129598387794
16_8,166.98235679171395,289.07475039284196
16_9,161.87526840924832,279.7124354885515
16_10,157.24394598195607,270.3989472456814
16_11,153.13156562598277,261.13951153701095
16_12,149.5731373373036,251.94008982575357
16_13,146.45387351889406,242.80750533067422
16_14,140.68652454717295,233.74959396205662
16_15,133.77361349093553,224.77538520669472
16_16,127.23836957601343,215.8953191425221
16_17,121.18398469775168,207.12150685345662
16_18,115.68598341841296,198.46804260559693
16_19,110.82720447870297,189.95137705712102
16_20,106.58956116850136,181.5907611679725
16_21,103.11678455284496,173.40876975305133
16_22,98.41116402589444,165.43191077434153
16_23,93.36441758864707,157.6913198671971
16_24,89.16766272524193,150.22352676450643
16_25,85.94550998108821,143.07125771097083
16_26,83.810446634007,136.28420124490154
16_27,82.84656644250526,128.64857018869813
16_28,81.69238090159907,119.39814868390414
16_29,81.28997246378181,110.28742786434361
16_30,82.12359069819102,101.35409088236574
16_31,84.15651679885241,92.64946575264919
16_32,79.56073098093971,84.24448142508076
16_33,72.3878061009915,76.2383091418329
16_34,63.214424523659375,68.77038238035286
16_35,54.038255999598384,62.03539617679302
16_36,45.23535578676337,56.297025019895685
16_37,36.5786221097232,51.88699274689003
16_38,28.83697608866722,48.791952765688976
16_39,22.4057060479397,47.63975030617845
16_40,16.659398875998264,48.11169673536127
16_41,11.695699379770515,50.0359216794241
16_42,5.495484429772158,53.787696929052544
16_43,0.30424375866062625,59.0303705107659
16_44,4.446147471538449,65.4064133862116
16_45,4.712688982366051,72.61790201219344
16_46,14.690993827200934,63.46501079125323
16_47,24.72990354892746,53.613756263130554
16_48,28.7384447948994,43.85370888042685
16_49,31.88470011049994,34.262907816397195
16_50,37.314506761039894,25.036624273156335
16_51,40.09363777964482,16.78705965521872
16_52,44.77963418984649,11.784132448415697
16_53,51.04122246410193,12.175950651484964
16_54,58.373558494827904,16.48210925227691
16_55,62.81718779738552,12.416137360597416
16_56,65.66233994204057,5.2253914335056235
16_57,69.24550714958349,5.669251483370623
16_58,72.89084942951636,13.62631753104399
16_59,77.31987089853943,23.267272804327327
16_60,79.6072976574985,33.154323723931974
16_61,83.05844361871009,41.0385642032188
16_62,80.76215241880465,41.695658232128416
16_63,77.72713424721695,44.29667593059014
16_64,75.84145323036056,48.868749361146946
16_65,74.965156525988,54.921814415275556
16_66,65.64517220223902,62.023776753271655
16_67,56.577709116641195,69.85545426955832
16_68,47.90637421572156,78.19790785699021
16_69,39.854167870488666,86.90416590824854
16_70,32.536629554328606,95.87517158263054
16_71,25.126560967836095,105.0431171793373
16_72,15.809028470210707,114.3606493556204
16_73,8.138053024623158,123.79399714794104
16_74,1.4283528058455415,133.31857908292932
16_75,5.205236045934525,142.9161563556677
16_76,1.6654392983281538,152.5729550434866
16_77,0.045620671672614126,162.27840379235457
17_0,202.13321766786717,362.4463718463378
17_1,195.6471843395915,352.74835895452946
17_2,189.47095648281032,343.07010958245434
17_3,183.63579867394515,333.413346351333
17_4,178.17522663602995,323.7799933262766
17_5,173.07015932309943,314.17220559444416
17_6,168.3546032845402,304.5924040570275
17_7,164.08415251726697,295.0433165011971
17_8,158.30672082370086,285.5280262634538
17_9,152.91786599808142,276.05003010261316
17_10,148.01437931429783,266.613307284897
17_11,143.64597822075353,257.2224023653146
17_12,139.86281291650343,247.88252475331174
17_13,136.5898905614448,238.5996689061152
17_14,132.59600482135914,229.38075993495067
17_15,126.33713278437368,220.23383057526232
17_16,119.40293474761324,211.1682368994364
17_17,112.93691598103216,202.19492186615324
17_18,107.02397155217868,193.32673780188736
17_19,101.76056299087003,184.57884112827537
17_20,97.21551578685407,175.96917488150453
17_21,93.4032978995174,167.51905636062313
17_22,89.96435620263819,159.25388767765043
17_23,84.42239802967478,151.2040043627352
17_24,79.76503894258717,143.40566851278436
17_25,76.15475460136629,135.90219331534698
17_26,73.74549297058196,128.74514755372687
17_27,72.65683381572516,121.99552161354039
17_28,71.56270236417836,115.63019636837619
17_29,71.11156906433064,106.2018710609392
17_30,72.07124757398321,96.89804260008248
17_31,74.38716005957106,87.75832043047554
17_32,73.14431681488934,78.83980346979914
17_33,65.30354854688339,70.22682417186215
17_34,58.116296688809854,62.04675834219693
17_35,50.388389460235615,54.49491277764686
17_36,40.81135980929622,47.86954634360537
17_37,31.53000568118191,42.60510300281644
17_38,22.732929356271086,38.98244282784697
17_39,14.585033501484835,37.539842796677384
17_40,8.259292709709856,38.08431890909725
17_41,4.814732502986462,40.480404889232595
17_42,2.3407239089470235,45.0424201194747
17_43,0.7904862788532158,51.19458319791437
17_44,0.3347398638767233,58.43681290606114
17_45,6.70735349587161,66.41345928359465
17_46,16.250401107656707,62.40547400437312
17_47,26.008218867555314,52.358377996533044
17_48,35.78898071463529,42.313161093776905
17_49,41.114852089785785,32.27158816312501
17_50,45.49089298101145,22.238610452686384
17_51,49.5308375721598,12.235416613339165
17_52,53.387509922411695,2.6277201645250554
17_53,58.731454223955865,2.8877180047004725
17_54,65.1979817058619,9.793122711549449
17_55,71.61984445602624,17.701122324507747
17_56,75.19991912338878,15.077634309107506
17_57,78.49515304002541,15.208519911435962
17_58,82.00938953066941,19.61207769317179
17_59,86.23907328237159,27.204477409725847
17_60,89.15820984323264,36.02290450533535
17_61,92.2445076093284,45.35782547880921
17_62,90.0778090464886,51.515774216676114
17_63,87.35944711507018,53.634792031037804
17_64,83.45775490915709,57.46093580215459
17_65,73.95345109230544,62.682374953837176
17_66,64.61419738168374,68.98300027091256
17_67,55.52334960179969,76.09521783955358
17_68,46.82581808258228,83.81267281833094
17_69,38.78711036490997,91.98315390362713
17_70,31.90910815732538,100.49622898025181
17_71,23.81128854170732,109.27185759085403
17_72,13.760291480429814,118.25160247608576
17_73,3.7118648036335813,127.3923087727503
17_74,3.1923740159829306,136.66168376696262
17_75,6.251939060655653,146.03522972116104
17_76,2.99481776328126,155.49411006026332
17_77,3.647355461849735,165.02365295977552
18_0,194.43739336366096,359.8878863328525
18_1,187.6926075116422,350.1228258964743
18_2,181.25268448710491,340.3737946499699
18_3,175.15125824807635,330.64221221301403
18_4,169.42490660385943,320.92966769017823
18_5,164.1127748224306,311.23794523187803
18_6,159.15162288583463,301.569054258447
18_7,154.6709499389501,291.92526534405476
18_8,149.8399434029797,282.30915300030097
18_9,144.1425229829567,272.7236469084525
18_10,138.93746066586556,263.1720935438245
18_11,134.28202740216983,253.6583306409815
18_12,130.23518249913985,244.18677759738696
18_13,126.79552214040648,234.76254574827286
18_14,123.92773035160855,225.39157352185228
18_15,118.29385929593973,216.0807928705074
18_16,111.96002661272735,206.8383351554546
18_17,105.04429372428838,197.67378693913105
18_18,98.66722479613554,188.5985090182319
18_19,92.93977288375285,179.6260356036195
18_20,87.9888916528792,170.77257485056955
18_21,83.81514312921216,162.0576368251653
18_22,80.6311860713936,153.50481994371108
18_23,75.80353148844748,145.14279065001642
18_24,70.58821586018091,137.006490808487
18_25,66.4901961234696,129.1385974655616
18_26,63.7253970670653,121.59123011412427
18_27,62.47109191998907,114.42783421774722
18_28,61.45357262431547,107.72504084611988
18_29,60.936314495819616,101.57408056349888
18_30,62.06179532715778,93.3352942029345
18_31,64.74440963206084,83.81302843264699
18_32,65.47193889116862,74.42870607320798
18_33,59.0495267586808,65.24188613069751
18_34,51.07042387898555,56.34925810841572
18_35,43.860754590893876,47.91491139470814
18_36,37.526245474503206,40.2281509821977
18_37,28.6034653141423,33.802898834117094
18_38,18.68048695556254,29.375393234211803
18_39,9.040086857053666,27.442204433834046
18_40,0.39046332768500197,28.083892657053173
18_41,2.2286485007827634,31.264302355035895
18_42,6.031613180747252,36.98757236039
18_43,6.6387964028689215,44.27841027062011
18_44,7.145404153801106,52.48760602292166
18_45,13.667542724030971,61.24699893351456
18_46,20.670576703325153,62.6405232911396
18_47,29.17605250031818,52.61195513739902
18_48,38.434876176992006,42.593333381716604
18_49,48.008123061530746,32.59384385353529
18_50,54.28669871012848,22.638870737609306
18_51,59.15371803537516,12.832470411150261
18_52,62.410917319814615,4.338312296301245
18_53,67.03191964779884,0.37206332036788237
18_54,72.7573358740026,3.641275564294331
18_55,79.3484607582332,9.707321174433234
18_56,84.83434643166731,12.362430921379778
18_57,87.76046844791155,19.49845557770622
18_58,91.30082797805593,27.952489069353646
18_59,95.14871954363335,33.710245892958625
18_60,96.13607404014735,41.15213344243186
18_61,92.8600958318454,49.524686802363064
18_62,90.58425582687117,58.42919607104733
18_63,89.38498694347126,63.143799684893395
18_64,80.9598587000979,66.41644461069902
18_65,71.14254306650169,70.97437878394774
18_66,61.381932191977654,76.58847853345729
18_67,51.731538022700676,83.04482241145895
18_68,42.266933216144196,90.16266138909182
18_69,33.147660208969484,97.7976716845706
18_70,24.758314754748906,105.8379911181274
18_71,18.088107896212406,114.19804479654266
18_72,13.306853393270282,122.81255795861163
18_73,4.6428906743695,131.63158367784646
18_74,4.457717498449518,140.61665017053488
18_75,14.254443931164646,149.73787236731206
18_76,11.35732102993864,158.97181744788875
18_77,10.924087669900798,168.29993416227558
19_0,186.9994300549716,357.60672276901244
19_1,179.98299004194166,347.7812171394078
19_2,173.2637830610026,337.96829376021566
19_3,166.8777204711092,328.16908329013194
19_4,160.86448709807317,318.38485390139437
19_5,155.26741021575032,308.6170325190883
19_6,150.0968219003383,298.86723005407674
19_7,145.34505491690854,289.13727151649374
19_8,141.10052518754628,279.4292321239234
19_9,135.58410930720817,269.74548081135714
19_10,130.04465348105805,260.08873292983094
19_11,125.06651433709638,250.46211441567624
19_12,120.71915866611118,240.8692403610317
19_13,117.07065149250029,231.31431177050897
19_14,113.98409970709946,221.80223541924022
19_15,110.20410635483147,212.33877322906005
19_16,104.00132186945392,202.93072958060787
19_17,97.59150342839109,193.58618765004982
19_18,90.6994638727902,184.31480942252503
19_19,84.4411678545502,175.12821877002727
19_20,78.96744224344559,166.04049321729613
19_21,74.39994811790615,157.06879808522882
19_22,70.80246098024688,148.23420679274173
19_23,67.6305616253456,139.5627629458419
19_24,61.736964485298806,131.08685197378642
19_25,57.01496216339068,122.84695826154898
19_26,53.77409552417089,114.89387795682332
19_27,52.29049819487311,107.29141662181937
19_28,51.37593230382888,100.11948373948665
19_29,50.76489989532142,93.4772337179047
19_30,52.118782397879514,87.48540379203972
19_31,55.2934423379695,80.85748721254711
19_32,55.68358499128998,71.14038126343716
19_33,53.31346715519792,61.52881900520258
19_34,45.07927204393932,52.01502927560118
19_35,36.8793846654738,42.73993512886157
19_36,29.632003781130507,33.906773764053575
19_37,23.475622242565034,25.97048450777498
19_38,17.83602734880807,20.027315475469084
19_39,9.172366169647015,17.347428759112614
19_40,0.29150618884714,18.18702580061569
19_41,5.957992229709217,22.800381753706034
19_42,0.7373981327162616,30.179181239228296
19_43,7.145325956522109,38.77558052762735
19_44,16.74001017004521,47.93898644244145
19_45,21.04187067600967,57.39848711172411
19_46,27.72864587957492,64.01612341893487
19_47,34.82592904377477,54.24310388415365
19_48,42.87686326403866,44.59280260530799
19_49,51.63329267560045,35.16640744028035
19_50,60.791124031147596,26.206674695096748
19_51,67.827473440724,18.408144255797193
19_52,71.69236763448934,13.683823748969955
19_53,75.7415409512311,5.730481533858649
19_54,80.84505497517078,0.5293373694305744
19_55,86.81717579541548,0.2764197341482398
19_56,93.49159903638463,6.330195033212357
19_57,97.1616577193737,16.355056792190318
19_58,95.68436761770475,26.397234329689336
19_59,90.85220339432755,36.44242952920844
19_60,86.87279138767097,46.48869708417444
19_61,83.38328550357677,55.183205182026676
19_62,80.85066284345017,63.29113448816157
19_63,79.51423369917283,71.89153387719408
19_64,79.25431643957168,75.60558775570638
19_65,69.28183684572429,79.63132677222205
19_66,59.33448428913689,84.66561781859822
19_67,49.42744283708181,90.54038652194511
19_68,39.586196611931065,97.10320917807172
19_69,29.767955183309738,104.2241936231766
19_70,20.020427202712522,111.79673640644201
19_71,10.82596993973726,119.7351961678519
19_72,4.3061661835118965,127.9714971688089
19_73,2.6075051593538796,136.45171925117216
19_74,5.324386345251779,145.13311390249962
19_75,15.162125580681979,153.98166134258076
19_76,20.690208601515696,162.9701391911685
19_77,20.402416523218786,172.0766230687191
20_0,179.82414651969398,355.60803845788087
20_1,172.5507850428357,345.7291173463285
20_2,165.5370640914108,335.85966615811844
20_3,158.84774273133448,326.00054713645864
20_4,152.52551325805922,316.15272911670377
20_5,146.61787573460748,306.31730433643327
20_6,141.17689140079625,296.49550849020716
20_7,136.16471451178504,286.68874477356826
20_8,131.68302056484478,276.8986128595146
20_9,127.28588219280773,267.12694400995446
20_10,121.37590076882948,257.3758438651766
20_11,116.03425673306106,247.64774490488037
20_12,111.34278391065641,237.945471174509
20_13,107.38673588799897,228.2723186760294
20_14,104.10809983938735,218.63215591111495
20_15,101.60951864458133,209.0295505471618
20_16,95.91549082909155,199.46993020959374
20_17,89.71838156273728,189.95978821016547
20_18,83.23172942777487,180.50694891767623
20_19,76.37156917102212,171.12091291290875
20_20,70.2801885105862,161.81330967017612
20_21,65.173514766498,152.5984961258524
20_22,61.10545863107717,143.49435422931222
20_23,58.43097082236536,134.52336068774684
20_24,53.37236702417398,125.71402865053712
20_25,47.840406801952206,117.10285365620616
20_26,43.93697792935682,108.73692990587409
20_27,42.11735184558242,100.6774211035361
20_28,41.351355100812896,93.00402821387526
20_29,40.598733068544355,85.82039210132453
20_30,42.28768216842328,79.25979920680236
20_31,46.15093301373331,73.48931087177023
20_32,46.0103480432009,68.70829763061425
20_33,43.595761812013556,59.13921306886174
20_34,39.40299583392674,49.23959891944652
20_35,31.108212518743283,39.41339538162197
20_36,22.743174013485028,29.73349317721034
20_37,15.448745585978704,20.2625171618418
20_38,9.5503091040232,11.724321607697236
20_39,3.972123834822743,7.259543161649959
20_40,1.3596833422493795,8.745819743399236
20_41,4.971324365559872,16.301877981960214
20_42,1.86495903798688,25.62836129868961
20_43,6.85346981674092,35.35075060030105
20_44,16.47923204622272,45.21438258139639
20_45,26.377612974390573,55.143526763361905
20_46,35.12505756713655,65.10822673715397
20_47,41.87570933394453,57.592256375539236
20_48,48.999813224563994,48.609993154670406
20_49,56.81488454062781,40.13616064084212
20_50,65.24442763505193,32.5700628462149
20_51,74.07898113594922,26.69504391935551
20_52,81.14270015347456,19.782329747692078
20_53,84.73361149555525,11.98687170142884
20_54,89.3171254913993,7.675890044033343
20_55,94.74930441537684,4.732295663207276
20_56,100.17833087213954,7.814656133170489
20_57,93.44866287767185,17.017523133401212
20_58,87.35665952719496,26.83244011303164
20_59,82.04449738950875,36.77256148616509
20_60,77.67235557823996,46.758117793985974
20_61,74.0188919143012,56.76514707415984
20_62,71.16337793872904,66.78400616495125
20_63,69.65091873414539,76.81007369621881
20_64,69.56917545140162,84.95197813423061
20_65,68.68885569982001,88.5456646902466
20_66,58.64354181418421,93.09117723233895
20_67,48.59854162752254,98.45677814783397
20_68,38.554116662461595,104.51624434216026
20_69,28.510896906315384,111.15616366718262
20_70,18.47088232354236,118.27882425683455
20_71,8.445585602267771,125.80226111640962
20_72,1.199235010825549,133.65881771354665
20_73,6.937186849559803,141.7931350385847
20_74,10.917168330473993,150.16008323737478
20_75,18.565507354313382,158.7228806190004
20_76,27.55988039659414,167.45148778441109
20_77,30.066134885326097,176.32128429923375
21_0,172.93363520027364,353.88747534107426
21_1,165.3982641145869,343.9661623101018
21_2,158.11055822800262,334.05179562007135
21_3,151.0997308376734,324.1425245035502
21_4,144.44589383557835,314.23975852849236
21_5,138.20062567710949,304.34583744174324
21_6,132.42175156352536,294.46165539508337
21_7,127.16041548183546,284.5882298167919
21_8,122.35773352215706,274.7267232062115
21_9,118.14616547334674,264.87846967082396
21_10,112.98222575211919,255.04500744021547
21_11,107.23098208589823,245.22811896739336
21_12,102.14390463885802,235.42988073598787
21_13,97.82466996713264,225.65272558421043
21_14,94.32031092260297,215.89952130893795
21_15,91.5633189817448,206.1736706363926
21_16,87.84042526822626,196.47923950241656
21_17,81.63644246410755,186.8211232172159
21_18,75.44502780350292,177.2052638595011
21_19,68.88103358173078,167.63893770139825
21_20,62.066636388702236,158.13113944123563
21_21,56.22718543476516,148.69310178445966
21_22,51.613301734222105,139.339006386184
21_23,48.42628492539778,130.08696822395234
21_24,45.76075872449059,120.96041424030874
21_25,39.17681401724712,111.9900340450128
21_26,34.31065813800309,103.21656130188532
21_27,31.95690758651425,94.69475014470382
21_28,31.428772992205115,86.49902164061699
21_29,30.441133519042776,78.73128431746626
21_30,32.66788076978757,71.53111451467068
21_31,37.541345592062626,65.0871559201151
21_32,36.34819128730806,59.64502641102411
21_33,33.57660775032817,55.500231987591945
21_34,32.11033275996089,48.38377561385383
21_35,25.866214173631295,38.340517720903726
21_36,17.000645674126755,28.29725314456635
21_37,8.910093055715077,18.253982141236914
21_38,1.2793550833049692,8.210704966668237
21_39,4.363686744893126,1.6316680162415633
21_40,10.232178718646798,5.005253558776798
21_41,8.111141765727023,14.630956698242928
21_42,0.7816221777823323,24.593502265066462
21_43,10.434170379728032,34.60318290410152
21_44,20.087059054598825,44.62830891733101
21_45,29.314431586913788,54.660394651354935
21_46,38.56858210304311,64.69621276051518
21_47,48.13907438404631,62.382454136709015
21_48,56.039455329346794,54.19708660122227
21_49,63.174045060233134,46.7435173266948
21_50,70.84517404886806,40.42856063233905
21_51,79.05083950910073,33.835011208544906
21_52,87.64103770876986,26.142216138104388
21_53,93.92648538903806,20.449525157280636
21_54,98.07345646116018,17.09357417111898
21_55,100.9513352353651,14.678824749465203
21_56,93.3007989546019,15.83533768473529
21_57,86.04515722114223,21.88791609599932
21_58,79.39552656085579,30.1533492782232
21_59,73.51923426175003,39.257993608421174
21_60,68.61526944456897,48.733756009414726
21_61,64.76705983306,58.40027862736238
21_62,61.54340838549287,68.17647761556282
21_63,59.79783601039625,78.02114439401969
21_64,59.712099471927594,87.91128760224541
21_65,61.29317754037176,97.64640867549602
21_66,59.59138952925176,101.77816895601839
21_67,49.73904699865252,106.69990062474962
21_68,39.982804471954616,112.30779841259931
21_69,30.41530356037729,118.50449422373362
21_70,21.125446186007558,125.20259819033114
21_71,12.150818630505457,132.32599520903753
21_72,3.6824865944961966,139.80969740457488
21_73,4.784923974135556,147.59891302258663
21_74,13.251413734154436,155.64778510297126
21_75,21.716983347224676,163.91807166908902
21_76,30.181633477891683,172.37790996737476
21_77,38.64536479359499,181.00072641348464
22_0,166.40256310577155,352.4432931258054
22_1,158.5634691986597,342.4830941994212
22_2,150.98410933443364,332.5274907200505
22_3,143.67886311528542,322.5769107304912
22_4,136.6711669364959,312.6318365386302
22_5,130.0602775587901,302.6928135525585
22_6,123.90972991545631,292.76046088990904
22_7,118.29135919258772,282.83548418882424
22_8,113.20584166980741,272.91869116900045
22_9,108.7193011706274,263.0093186520492
22_10,104.83101848110084,253.10653989084972
22_11,98.71733871895331,243.21477017292176
22_12,93.17444019792225,233.33541313193413
22_13,88.42624647237724,223.47011869028952
22_14,84.60667162562859,213.6208389779811
22_15,81.57579700468375,203.78990002561324
22_16,79.54258992278159,193.98009460567164
22_17,73.55121389018419,184.19480376054958
22_18,67.36695097354949,174.43815773319827
22_19,61.181250427679274,164.71525174845084
22_20,54.54012098683156,155.03243924886644
22_21,47.79791855612016,145.39773618088864
22_22,42.38138658568473,135.821387083502
22_23,38.53466412064963,126.31667093568659
22_24,36.99099942556963,116.90106849413483
22_25,31.44747050076022,107.59798414605277
22_26,25.136150901062965,98.439332147317
22_27,21.824237246503717,89.4694875570983
22_28,21.656295827582024,80.75140299969335
22_29,20.302106448306848,72.37612440921363
22_30,23.517628551016283,64.47738921396206
22_31,29.24079131006018,57.2527878222258
22_32,26.685325920779324,50.98969489236801
22_33,23.6617929816701,46.081852765870686
22_34,22.374615238406722,42.995904908916565
22_35,20.716662887688265,39.33013867164754
22_36,12.395328949682284,29.62049861158636
22_37,3.392788076665605,20.238440294890076
22_38,4.793698010965614,11.974667720897122
22_39,12.876299293057986,8.685545783110966
22_40,18.266365166863224,13.24149946006913
22_41,12.293804173564807,19.08385763230305
22_42,8.669027374665427,27.473201881498458
22_43,14.1732062266294,36.702702624211454
22_44,22.98526340198093,46.27234345812634
22_45,32.51589557779769,56.008057097547415
22_46,42.16598424443534,65.83622043664563
22_47,51.76442196516636,68.31043624813078
22_48,60.92023901677223,60.92282148643595
22_49,70.20467405486833,54.39398276549978
22_50,77.34232743342838,47.88851649630002
22_51,84.91779042931172,40.30461972684662
22_52,92.96171394091617,34.01587733413463
22_53,101.36376699519771,29.80938028778188
22_54,103.55330588655264,26.506823132197773
22_55,95.06502147812222,24.62317839960851
22_56,86.90762811259154,25.26846590171743
22_57,79.18346718635951,29.435411697452768
22_58,71.92206550081283,36.00244925699035
22_59,65.38617712539067,43.905529642126574
22_60,59.82840123806354,52.54524235500283
22_61,55.53366779136468,61.612488378850024
22_62,52.02710257855201,70.94353889226048
22_63,49.95999601960281,80.4466589650489
22_64,49.866968503843246,90.06740749230536
22_65,51.758682295998085,99.77176982542021
22_66,55.43232712804609,109.53753194439858
22_67,52.720205921035,115.19920910722368
22_68,43.45184414009453,120.40400123557663
22_69,34.42120456594759,126.19608382834129
22_70,25.89851056503937,132.4984649772366
22_71,17.425887135233225,139.24187486724543
22_72,8.954168682455679,146.36537267002862
22_73,0.48335455375973724,153.81616390177717
22_74,7.986555906606862,161.54897353861438
22_75,16.4555633572047,169.5252172665814
22_76,24.92366845939587,177.71212350191485
22_77,33.803121359591515,186.08189258585483
23_0,160.27448261962158,351.29342549295296
23_1,152.12603899652927,341.30238824246237
23_2,144.21507139985744,331.31404834380515
23_3,136.58285698254664,321.328660088993
23_4,129.2558771341465,311.34651031244755
23_5,122.25164629448507,301.3679237526207
23_6,115.693960570936,291.39326950619966
23_7,109.66296573584664,281.42296884284656
23_8,104.25011968306434,271.45750472593875
23_9,99.39249250957292,261.4974334883237
23_10,95.22600080629805,251.54339925189032
23_11,90.56836873039855,241.5961518700333
23_12,84.506749342445,231.65656943424347
23_13,79.24893897385874,221.72568675104066
23_14,74.97151144398615,211.80473171004044
23_15,71.67064195692218,201.8946708250443
23_16,69.4449409891699,191.99138622963736
23_17,65.76531020892396,182.1026771487279
23_18,59.285554607914406,172.23105929579958
23_19,53.10700647955456,162.37965523384258
23_20,46.92703968075553,152.55238684063218
23_21,40.210741827664464,142.75424490885553
23_22,33.601148927108575,132.99167388348766
23_23,28.870530123291662,123.27313227653943
23_24,26.78503092792252,113.60992763836391
23_25,25.51374716208687,104.01749196113869
23_26,17.151022393299094,94.51738374508018
23_27,11.786297662765952,85.14052505797902
23_28,11.491147598046872,75.93260120493225
23_29,10.231418010468293,66.9633507671734
23_30,15.499876914434042,58.342968965088886
23_31,21.352418824231318,50.25133560788907
23_32,17.1862344568418,42.98809385584596
23_33,13.965815108758502,37.043788083167534
23_34,12.749720849694494,33.13603107784803
23_35,10.695720934847166,30.9849195852359
23_36,8.173383022609995,28.975349679748835
23_37,1.6793392758415704,26.217666949012862
23_38,9.946503709679973,20.433563855414135
23_39,18.999596918061858,18.691369979235066
23_40,26.518779318432266,21.974485905076925
23_41,20.624595121431735,26.785893469245206
23_42,18.686299135491907,33.148755472650315
23_43,21.786666882492543,38.35399138101031
23_44,28.316405164683502,45.21864777974091
23_45,36.47820252564668,53.04869050963612
23_46,45.40024084199191,61.51356880250658
23_47,54.71186588096935,70.39309224514408
23_48,64.24391097524128,68.45162597839214
23_49,73.885919766261,61.9556326306261
23_50,83.31422950387885,54.47127661522737
23_51,91.50268791374963,47.93216733878133
23_52,99.01108437096312,42.77405891438883
23_53,106.93295795347214,39.22569069002683
23_54,98.82038276818244,35.98146657152656
23_55,89.89243903981192,34.56537415055481
23_56,81.22380529728329,34.98826208951044
23_57,72.90704915621221,38.099624489174985
23_58,65.07723349996708,43.36742138011706
23_59,57.81019747569835,50.11622174058282
23_60,51.44937877014406,57.82983972818664
23_61,46.4062978524297,66.17173810621108
23_62,42.682648039765645,74.93238956575539
23_63,40.14732850816979,83.9808564464699
23_64,40.04131704078149,93.23338615354052
23_65,42.3828691784828,102.63481269430851
23_66,46.80610513813206,112.1477032135702
23_67,46.72693340418878,121.7459387725605
23_68,39.462488312698746,128.74701698369182
23_69,32.706708065399305,134.17155239060463
23_70,27.689070613514478,140.10796498667852
23_71,22.69268624866768,146.49404407295177
23_72,14.2175711750114,153.2735990925563
23_73,5.7433433623798065,160.39674859612734
23_74,2.729997841903811,167.81975065239462
23_75,11.525672749262895,175.50456643459808
23_76,20.998288516768152,183.41829451740597
23_77,30.620381354166945,191.53256614076588
24_0,154.5969221611874,343.8670403434969
24_1,146.1380709925655,339.2846217591752
24_2,137.8900386148574,330.4147138893377
24_3,129.8929988104726,320.4038166710536
24_4,122.19624747828495,310.39446321579027
24_5,114.8418814927037,300.3868109898181
24_6,107.84160470953,290.38103913954814
24_7,101.35175706992933,280.3773523492144
24_8,95.47649209838924,270.3759855511395
24_9,90.27936821083497,260.3772097163685
24_10,85.77840920231932,250.38133902565212
24_11,82.03714447184441,240.3887398195995
24_12,76.24303594567594,230.39984186390512
24_13,70.37845002929514,220.41515265773057
24_14,65.53280086436797,210.43527578657452
24_15,61.88645226015499,200.46093471464945
24_16,59.347712782622864,190.49300398817067
24_17,57.66068820794282,180.53255067839896
24_18,51.41554011659587,170.58089019245338
24_19,45.02941308712922,160.63966258725898
24_20,38.85659951407179,150.71093869129936
24_21,32.68367227482677,140.79737046290276
24_22,25.898576661962508,130.89405375375944
24_23,19.61527988984225,121.01073136475166
24_24,16.58432372341942,111.15473913062418
24_25,16.153232146466358,101.33406130179281
24_26,12.521462008456545,91.56007233750644
24_27,2.998289588730824,81.8495114584959
24_28,1.4843859968233635,72.2279787483671
24_29,1.6299111180242705,62.73646393079797
24_30,7.107771109774667,53.44430184375031
24_31,16.208739669830656,44.476637571261534
24_32,8.585931270333651,36.07630071931838
24_33,4.309636444180606,28.745083901912217
24_34,2.6399790327455297,23.505622984623916
24_35,0.5871585317247824,21.211994696829684
24_36,3.887768047449421,18.88997618531695
24_37,3.685939690787874,20.01720663729125
24_38,12.760979773258002,17.263987943746166
24_39,22.582689218941834,16.195014264644882
24_40,32.41556050782253,18.334862505318963
24_41,30.0382509942165,20.47459014400962
24_42,28.735418869087333,24.311509581997118
24_43,30.8349348581809,31.041338443300063
24_44,35.742202512426324,39.12497416917007
24_45,42.49543014046983,47.95102907986154
24_46,50.357369090199015,57.177938343107236
24_47,58.88561745985489,66.63941669090138
24_48,67.82932503733625,76.06157703666156
24_49,77.04395227404116,68.64169890055184
24_50,86.4429145187004,61.96544632627187
24_51,95.97207815891035,56.29801428971223
24_52,105.5940563979883,51.97051309507553
24_53,104.35585193274748,48.63760282469472
24_54,94.89376023519236,45.64812964427316
24_55,85.56252703015575,44.50542952949067
24_56,76.41012231463893,44.80743652203199
24_57,67.50933321841984,47.26937673425099
24_58,58.97421410409694,51.60227406558979
24_59,50.9887480140672,57.38388535897096
24_60,43.712200800767455,64.22415902372182
24_61,37.65621794278468,71.82126003809071
24_62,33.43017614733335,79.9597677979831
24_63,30.382573631678625,88.4904379821357
24_64,30.25246887305694,97.31019797653728
24_65,33.29853690620156,106.3471546706577
24_66,38.77943906904693,115.55036752435586
24_67,38.529810017224676,124.88309255822287
24_68,32.73151836750926,134.31834280149135
24_69,25.410575079706824,142.38287136861481
24_70,18.902656911852908,147.9824040816595
24_71,15.71410808969281,154.0347050145464
24_72,15.505206151016798,160.48856324375785
24_73,10.662713124237811,167.2975171525131
24_74,0.7441475528105533,174.41998986908965
24_75,9.187967302404362,181.81914467229907
24_76,19.19459425508561,189.46257237284536
24_77,29.22379261255904,197.3218926561816
25_0,149.26642928491952,334.7233286820407
25_1,140.65654701361981,330.0213287918922
25_2,132.0723574370847,325.55925958594065
25_3,123.70577572082225,319.8050045187272
25_4,115.60406703394729,309.77858082348723
25_5,107.82696211500723,299.7526577801229
25_6,100.43733523874249,289.72729082935825
25_7,93.44176412731896,279.70254335940876
25_8,87.04165822478195,269.6784881818277
25_9,81.3776463172954,259.65520934871626
25_10,76.44927916616712,249.63280440705927
25_11,72.35146337269389,239.61138721786517
25_12,68.39450333155958,229.5910915123088
25_13,61.94577694024367,219.57207541965983
25_14,56.38823476788356,209.5545272913636
25_15,52.18478104644741,199.53867327531933
25_16,49.270261340515304,189.52478728564836
25_17,47.59432352859904,179.51320429984125
25_18,44.41413419467276,169.50433835327638
25_19,37.076052863390835,159.4987072849677
25_20,30.782780146011984,149.49696738108145
25_21,24.61572102021183,139.49996285463482
25_22,18.546661493133474,129.50879812452604
25_23,11.637377684190202,119.52494613238406
25_24,6.4052702074619345,109.55041548286312
25_25,6.729320430756353,99.5880172176869
25_26,3.516278592947308,89.64180776683686
25_27,1.843934259570243,79.71785961512205
25_28,4.354244194889994,69.81433745784486
25_29,0.6601959792861284,59.94592533741594
25_30,6.776616658928507,50.14377298312465
25_31,12.147539780356103,40.45609669425803
25_32,2.6611898653959054,30.99047223793997
25_33,5.347312562391828,22.034991082558886
25_34,7.467510588610645,14.56338496799898
25_35,0.8285804358532063,11.438663571791714
25_36,4.25506855220041,8.8656912170644
25_37,10.249202257399606,10.08361952056065
25_38,17.553519116042175,8.917474035725915
25_39,26.117324785126623,6.340759765560747
25_40,35.08461258010323,8.48977661849375
25_41,39.77185983377667,10.712674280492388
25_42,38.79029833914379,16.883664509719583
25_43,40.36308592478746,25.51156354223456
25_44,44.21851586957292,34.90074891022079
25_45,49.82955445599678,44.57272027134418
25_46,56.67717963598081,54.376808416522884
25_47,64.36795522669685,64.25258005968976
25_48,72.63456019758198,74.17142112517155
25_49,81.30154764209344,76.05292326142674
25_50,90.25365662689396,70.08085082770262
25_51,99.41390206981829,65.11745834759631
25_52,103.20688211189939,61.37170234618964
25_53,96.96217125284238,58.0451350576526
25_54,91.30004771545173,55.4165149862444
25_55,82.20792847141762,54.443362053850905
25_56,72.6390782517476,54.671564260674984
25_57,63.2150109583121,56.69905093127454
25_58,54.011586433646656,60.35115636066613
25_59,45.16391776257811,65.35610894156065
25_60,36.92863129558249,71.43011288559251
25_61,29.635801944084108,78.32486304676262
25_62,24.238274288326807,85.84283519286022
25_63,20.731150058954437,93.83436214652387
25_64,20.550673784294787,102.18841231965118
25_65,24.825743713215154,110.82304172627671
25_66,31.807936999868048,119.67754325354034
25_67,30.395920020095172,128.7065534547593
25_68,25.008544057175857,137.87579972934276
25_69,18.840037581504475,147.15907736228323
25_70,11.367544047237917,156.08139086004113
25_71,6.011727455618317,161.82324703655283
25_72,6.0179420437255065,167.9704680880835
25_73,3.3158525647448553,174.48021926428896
25_74,1.730210861529335,181.31346147468903
25_75,10.782237568517688,188.4350102219882
25_76,20.260469479760836,195.81341615273953
25_77,30.06902443302089,203.42073554559363
26_0,140.8424023707771,325.6520201431834
26_1,135.045713642023,320.82441872878985
26_2,126.83139240706831,316.2400010412747
26_3,118.09970875911831,311.90949450540376
26_4,109.59022315642187,307.8436192137681
26_5,101.35892503401794,299.46747855380687
26_6,93.47934213411752,289.43425778152647
26_7,86.04176367698423,279.40102605675844
26_8,79.05339226871553,269.36778610816174
26_9,72.77792974724099,259.3345410900653
26_10,67.39449918174383,249.301294668104
26_11,62.86013926993891,239.26805112640412
26_12,59.336787373587654,229.23481550291248
26_13,54.02662925601223,219.2015937618931
26_14,47.706053055599945,209.1683930160674
26_15,42.664131721591865,199.13522181589605
26_16,39.28779252300441,189.1020905309638
26_17,37.401908176267334,179.06901185954723
26_18,35.24264176842523,169.03600151965335
26_19,30.114929597166096,159.00307920164914
26_20,22.751173612783436,148.97026990579977
26_21,16.545647014176495,138.93760585922774
26_22,10.384362353589813,128.905129327917
26_23,4.883199650896563,118.8728968523687
26_24,0.4501953549416486,108.84098582520929
26_25,2.3298339380037807,98.8095050745351
26_26,6.466150032343517,88.7786126199695
26_27,6.560803795283893,78.74854699351614
26_28,2.7846953097083054,68.71968597481107
26_29,0.4030418034214259,58.69266550234178
26_30,3.6900353647446655,48.66864544462608
26_31,3.46660582791631,38.64998842055251
26_32,1.2154802638709996,28.64236057471908
26_33,10.135553514753676,18.663570482014286
26_34,3.886301136113656,8.753468777240723
26_35,4.0439236256917255,1.6296874067630984
26_36,11.851455861688443,0.17018054496589827
26_37,18.340198877035796,0.15321603207132375
26_38,24.476813108144214,0.1552899063690522
26_39,31.701203603446515,0.19256393051704046
26_40,39.86056999542339,0.5220397370645921
26_41,48.54181464374506,3.205733919849097
26_42,48.84633230170786,13.216743976277092
26_43,50.09703712166472,23.248505423798058
26_44,53.24502905752583,33.28229233345117
26_45,57.98211987767701,43.3167226595354
26_46,63.95619220288222,53.35145403649994
26_47,70.85506390658698,63.3863609006553
26_48,78.43510044540704,73.42138634122541
26_49,86.51746239945884,83.45650082700946
26_50,94.97400230326635,78.62473347743388
26_51,98.78414144205732,74.22833141688605
26_52,94.97296527733216,70.78232733835107
26_53,89.10982772497236,67.49816639900739
26_54,83.02034591352238,65.24019752771734
26_55,77.45842060891225,64.37918923130039
26_56,70.07848576635595,64.55929003400334
26_57,60.259618295541664,66.27706644311895
26_58,50.52552165380206,69.41929532031978
26_59,40.93674065343448,73.80427562771064
26_60,31.625766920467985,79.22593794454772
26_61,22.933553558779884,85.48728023811547
26_62,15.616645750677865,92.41780516964458
26_63,11.478246847254882,99.87831710040201
26_64,11.160870130502115,107.75880344711085
26_65,17.85457357949139,115.97369222395945
26_66,26.54786192490952,124.45679180129312
26_67,22.339797184597813,133.15685873670608
26_68,16.58861848717356,142.03403604080583
26_69,11.55960497916269,151.05710912993334
26_70,5.147368537368151,160.20143445056488
26_71,2.6666136882859113,169.44738899110504
26_72,3.4322450093969286,175.68495416072852
26_73,5.011266234878038,181.9112131153791
26_74,10.123420321332665,188.46775251874618
26_75,15.644946732038274,195.32131951908698
26_76,23.904706795740996,202.4417538642035
26_77,33.02890376449548,209.80189031293386
27_0,132.69298591266394,316.6591361625063
27_1,126.5306792449085,311.69956388040316
27_2,120.87499031815408,306.98626476435203
27_3,113.16068699505803,302.53075420079796
27_4,104.25428707005315,298.3445866915155
27_5,95.5702743853642,294.439255375895
27_6,87.17514726846031,289.5028431333916
27_7,79.1608839033671,279.47380994677195
27_8,71.65350482884372,269.4450117142939
27_9,64.6789076828749,259.416480020219
27_10,58.5886715362323,249.38825153321238
27_11,53.528330869101275,239.36036907097463
27_12,49.55542972524445,229.3328829440313
27_13,46.29419680945583,219.30585266790857
27_14,39.67164166383976,209.27934916713437
27_15,33.58698005728824,199.25325184151544
27_16,29.492453307598982,189.22778546697842
27_17,27.25871838489235,179.20312684094378
27_18,25.30753182009284,169.17942626321206
27_19,24.039298490052413,159.15687188873687
27_20,15.87255980919627,149.13570243566252
27_21,8.472151335679342,139.1162253771192
27_22,2.3180053340208873,129.0988435889002
27_23,2.849988348654636,119.0840954185903
27_24,4.4739917559003,109.07271677502395
27_25,10.232697556044895,99.06574075720977
27_26,15.938770709806732,89.06466421580326
27_27,15.4470068822463,79.07174018654334
27_28,12.272453277462056,69.09052277901193
27_29,7.802751853846081,59.126960285812416
27_30,6.464652433369541,49.191804989281565
27_31,6.575948336326987,39.30663269866666
27_32,9.231681084803482,29.52173474975892
27_33,15.449767937081342,19.98500257179151
27_34,12.374039042074003,11.340908068164032
27_35,12.766504111077735,7.38352776748306
27_36,18.27153045961436,9.41267079129424
27_37,25.902563394334724,7.340773989860038
27_38,32.41510273589473,0.9819175370866055
27_39,38.70199912955345,3.130820490282628
27_40,45.89244759741293,3.1265997100992533
27_41,53.767454450956414,3.165778250596645
27_42,58.90207616530868,13.199173335830244
27_43,59.93576702209017,23.232606766562387
27_44,62.583327398240264,33.26607836597364
27_45,66.65273354851375,43.29958795755864
27_46,71.90299331430084,53.33313536512584
27_47,78.09632359582034,63.366720412803325
27_48,85.02690775618485,73.40034292503059
27_49,92.52924141807688,83.43400272657595
27_50,93.47630896508986,87.47107502739809
27_51,89.55905647143399,83.53475491157259
27_52,85.72737661260865,80.1886096090815
27_53,81.71532224906564,77.07390871447521
27_54,75.04189473219587,75.09684108858028
27_55,69.12810928496309,74.31323504635901
27_56,63.52260388505387,74.46057268770689
27_57,58.38156130753493,75.94669323721618
27_58,48.83228155931831,78.69580119241932
27_59,38.83127143834862,82.58187366023611
27_60,28.85299344791025,87.45348848285724
27_61,18.933488266496568,93.15616853730714
27_62,9.263658658895892,99.54720168826628
27_63,2.1570560205359404,106.50275006614034
27_64,4.208295983657121,113.91946805632341
27_65,14.069498222562222,121.71308844724686
27_66,21.472689567319584,129.81575446648057
27_67,13.983316844878948,138.17311631749888
27_68,8.704226749094243,146.74167111478658
27_69,2.9407734299986745,155.48651472495055
27_70,1.9559937391304418,164.3795211718739
27_71,8.602522256918546,173.39790208994398
27_72,13.131641347929433,182.52308050551383
27_73,14.801822737866269,189.56106685982763
27_74,17.936917478231194,195.85405674082358
27_75,23.2573480908424,202.4502588391375
27_76,29.63819726422614,209.3210152012148
27_77,37.60253140585725,216.44018548733385
28_0,124.87148329764238,307.7513485625212
28_1,118.30951003780218,302.65307538417557
28_2,112.25990999781777,297.80394964869913
28_3,106.78102653562864,293.21633760675405
28_4,99.70458345167745,288.9027026897315
28_5,90.59070887002777,284.8754961736112
28_6,81.69102788291535,281.1470321545854
28_7,73.0838483650532,277.7293479056832
28_8,64.88569584042925,269.90511157200797
28_9,57.27250905506562,259.8955513049413
28_10,50.32351820448382,249.88773963117194
28_11,44.53754253958422,239.88190034778592
28_12,39.9654640210866,229.87829617594187
28_13,36.889744963000474,219.87723759194606
28_14,32.710102206224526,209.8790941724333
28_15,25.33809000372613,199.88430932849033
28_16,19.830685859840823,189.89341966892408
28_17,17.17005280694652,179.90708077877036
28_18,15.761532824297818,169.92610203035662
28_19,13.82500361837346,159.95149433605647
28_20,11.154318939041106,149.98453680524713
28_21,2.7989771174964826,140.0268716147246
28_22,1.5748977990354502,130.0806420099896
28_23,11.60564080854946,120.14869804938328
28_24,13.909182739453291,110.23491205812648
28_25,17.76120749958743,100.34467808330638
28_26,11.674163697624216,90.48573262529622
28_27,7.978071657051547,80.66956317468137
28_28,6.210050700816084,70.91395267264555
28_29,0.08125262369322514,61.2478653991553
28_30,8.288366267407982,51.72154142197864
28_31,14.225128427726544,42.42925414297386
28_32,18.47341360065765,33.56597576428406
28_33,22.923385582042567,25.58162716252422
28_34,22.269870051555397,19.582614820995435
28_35,22.635881502522953,17.4927298211989
28_36,26.213638188725966,19.289069178083835
28_37,32.4916776943693,15.210322575652762
28_38,39.95348158187375,8.003645040046585
28_39,46.47978366289521,0.79806918752732
28_40,52.92018168671155,3.1398552100015573
28_41,60.0906464645262,3.165134510936097
28_42,67.7967721211986,13.196891711378356
28_43,69.83429978034214,23.228691299551166
28_44,72.11170641443609,33.26053311153357
28_45,75.66286082646096,43.29241698366901
28_46,80.31900584371012,53.32434275256461
28_47,85.9006585099838,63.356310255091394
28_48,92.23997054017961,73.38831932838123
28_49,89.62443171309887,83.42036980984233
28_50,84.51869813553414,93.45246153713904
28_51,80.33225957451036,92.94100064681841
28_52,76.50900783165335,89.59056750482709
28_53,72.79424126350315,86.7341125978438
28_54,67.57980449100546,84.97442285559627
28_55,61.017475589471516,84.24813776490493
28_56,55.36764160522216,84.37008450144883
28_57,49.70703547179563,85.67637346682669
28_58,45.234330399425716,88.11436052728773
28_59,39.18826402404084,91.5937346212829
28_60,29.288573777967244,96.00134595536716
28_61,19.5150007045136,101.2160141747732
28_62,10.255313675828155,107.11995102782598
28_63,4.7650639836899735,113.60575672432613
28_64,7.401646920179982,120.57958397846446
28_65,16.20110974590056,127.9616764236703
28_66,15.287009988241378,135.6854230749974
28_67,8.170315157444774,143.69575035990044
28_68,0.4042415696362093,151.94734922799196
28_69,5.289302655815852,160.40299632224318
28_70,10.489574546979073,169.03207963138996
28_71,15.727133835083936,177.80935712923818
28_72,22.588121635598434,186.71393693129443
28_73,24.59143808182479,195.72845125719752
28_74,26.589620556102396,203.44689186989228
28_75,31.791266156098814,209.79688915207024
28_76,36.94873849733698,216.42707435432132
28_77,43.63088089695643,223.31249732824577
29_0,117.44293431244523,298.93605905538055
29_1,110.44732296299978,293.6919862090166
29_2,103.94827285154827,288.69965864222195
29_3,98.04459334719081,283.9723593171961
29_4,92.79852716829173,279.5235404757976
29_5,86.55932766413193,275.366705370835
29_6,77.2012227275816,271.5152705781763
29_7,68.03370349718581,267.98240975539835
29_8,59.145480064393915,264.78088081196364
29_9,50.6837285536687,260.7731939405881
29_10,42.901572791023675,250.80147140548917
29_11,36.000763502395976,240.83463069193735
29_12,30.631250443969314,230.87330944533568
29_13,26.893557306742963,220.91825994283045
29_14,23.458841735389875,210.9703759436623
29_15,18.688437955468526,201.03072741826307
29_16,11.046844853965395,191.1006059761539
29_17,7.082382122637439,181.18158502063875
29_18,6.3404268038040055,171.2756004767721
29_19,3.619178808241774,161.38506072815952
29_20,2.26675416681179,151.51299876349825
29_21,1.0463871677995065,141.66328651944264
29_22,9.118383019445886,131.8409428586836
29_23,15.367352548728102,122.05258590056557
29_24,12.377486585098238,112.307113826231
29_25,7.984767778314097,102.61675801372907
29_26,3.975118633032991,92.99876286675219
29_27,1.9807392916565563,83.47815863927384
29_28,0.515936725061686,74.09251513575451
29_29,3.0463570356619205,64.90043092964342
29_30,0.580006420402071,55.99732968974788
29_31,10.60579550033999,47.54585524001994
29_32,20.434389922975523,39.83454218778364
29_33,29.1699269108308,33.38039394884385
29_34,32.30314518114674,29.034303259582142
29_35,32.653805623891365,27.603060255912727
29_36,35.22202764151439,28.956823845711394
29_37,40.20194808095027,22.22950862323415
29_38,46.71152370212059,13.135519477903193
29_39,54.06748992829728,3.1145479546653223
29_40,60.55040473730583,3.144911361955187
29_41,67.13068461772457,3.1727063764271244
29_42,74.28718079043617,13.202844179265778
29_43,79.76977125588208,23.233028327695138
29_44,81.76315081269291,33.26325867051908
29_45,84.90391626267609,43.293535056749214
29_46,89.07078868028289,53.323857335612104
29_47,87.52839000295948,63.354225356547154
29_48,83.37208020051149,73.38463896920487
29_49,80.25931977223493,83.41509802345836
29_50,75.81648763104278,93.44560236938614
29_51,71.14309122933525,102.34608393269033
29_52,67.28890119413153,99.0369432857471
29_53,63.472915534148314,96.45292446491705
29_54,60.40345509805075,94.86591637628757
29_55,53.45388600275866,94.1837409164628
29_56,47.067918101951896,94.28474379911418
29_57,41.59283408397198,95.44726382106693
29_58,36.140180277148026,97.63340282252604
29_59,32.588827145771965,100.77657943910829
29_60,26.540481594864577,104.79072261482467
29_61,19.475669100127195,109.58016983868742
29_62,15.54365252940162,115.04814522561566
29_63,14.632038654584248,121.10278432529257
29_64,15.581654073671412,127.66065215892937
29_65,14.319193777988174,134.64825089883695
29_66,7.89372312090789,142.00216544163374
29_67,2.050510498036912,149.66841754017466
29_68,4.876381490133518,157.60144246810918
29_69,12.890280667345785,165.76295095864822
29_70,19.069362950424924,174.12082437673897
29_71,23.90861677483337,182.64811504219304
29_72,29.553140198698273,191.3221780139033
29_73,34.039888584721346,200.1239357173995
29_74,35.82851911054692,209.0372646736783
29_75,39.834433667476134,217.33894040592278
29_76,45.198249887622936,223.73813308596291
29_77,50.79976427183791,230.39770232362974
30_0,110.48611304155361,290.22148851115287
30_1,103.0257841210299,284.8241454753266
30_2,96.0326856987273,279.6807965934365
30_3,89.61627922213489,274.8057094608619
30_4,83.89536584989872,270.21340993093065
30_5,78.98253382083578,265.9185552117015
30_6,73.88647308569729,261.9357830027973
30_7,64.25218949973734,258.27953715760464
30_8,54.758478808197914,254.96387171007657
30_9,45.49346115737973,252.00223668346266
30_10,36.63111445039503,249.4072508093789
30_11,28.548980541519068,242.21395018577957
30_12,21.759827790636027,232.31242185898316
30_13,17.12138887588385,222.4223802441208
30_14,15.486982201217208,212.54543498106023
30_15,10.063599689923214,202.68350713365712
30_16,5.667483764905242,192.83890752741848
30_17,1.642315070002003,183.01443969641056
30_18,3.350617389376014,173.21353682741588
30_19,6.477646508727216,163.44044634776367
30_20,7.248603914275719,153.7004823193476
30_21,10.564113612701512,144.00037595248213
30_22,15.112056566904123,134.3487706676088
30_23,15.695867049538402,124.75693421765074
30_24,9.35378958848444,115.2398034485214
30_25,1.143264096144601,105.81754973666526
30_26,2.407886685791533,96.51797709046724
30_27,3.5069726036224873,87.38027910771876
30_28,3.531764058213008,78.46104977735737
30_29,0.9396610000762253,69.84405518889827
30_30,0.6471295423355722,61.656167558463984
30_31,6.800229877084839,54.09262312216491
30_32,16.38813432965979,47.452938471748034
30_33,26.12923286624612,42.17575336159304
30_34,36.02783749468722,38.82078025544
30_35,42.695345092361414,37.71186417717722
30_36,44.7020483897781,33.59820928411636
30_37,48.71563609562623,23.57845425582108
30_38,54.30860973936339,13.558717770931342
30_39,60.92710070657728,3.5389999128784866
30_40,68.21999082551285,3.1417734912714117
30_41,74.66326206429426,3.188488542035642
30_42,81.33332255888872,13.21702542844252
30_43,88.47898128121878,23.24561253407906
30_44,91.49820961844364,33.27424972029016
30_45,88.8287397446156,43.30293684858115
30_46,84.35915588881518,53.33167378061937
30_47,78.78157764647517,63.36046037823666
30_48,74.1454348985789,73.38929650342641
30_49,70.63636368249932,83.41818201835108
30_50,67.4305355160779,93.44711678533262
30_51,62.17899111330285,103.47610066686396
30_52,58.06704256294661,108.57315712474278
30_53,54.25915221304616,106.2138305334036
30_54,50.77030693495381,104.76694961684818
30_55,46.78465916498111,104.11941069281787
30_56,39.339062912783056,104.20264927859127
30_57,33.19549185073274,105.24746068272204
30_58,27.61685506997713,107.22575219477228
30_59,23.130101317605224,110.0872228750074
30_60,21.078464704541332,113.7652616818135
30_61,12.476395313204403,118.18366628911843
30_62,6.026430262791702,123.26285712715952
30_63,5.270069702302987,128.92477010933712
30_64,7.622925041558537,135.09616891402288
30_65,7.937387147754887,141.71051530533566
30_66,0.7617589204352044,148.7087250542777
30_67,6.107035587395056,156.03916757074023
30_68,11.798718452867435,163.6572135919643
30_69,18.836328250769977,171.52455459532683
30_70,26.693258855744677,179.60844165071455
30_71,32.517326408312364,187.8809322496406
30_72,37.56515498889797,196.3181924757743
30_73,43.491087450664985,204.89987552913217
30_74,45.295376966174544,213.60858196187826
30_75,48.51822233602125,222.42939843249727
30_76,53.45756484372687,231.2345677069625
30_77,58.72140253689996,237.67658749248008
31_0,104.09510476589304,281.6167768398251
31_1,96.14640890391037,276.0583254015302
31_2,88.61871212700801,270.75568260697855
31_3,81.62858733206997,265.72416933396306
31_4,75.3258600703631,260.97947389175835
31_5,69.85588002689737,256.53751733751915
31_6,65.43358115424687,252.41428934623468
31_7,61.9711120963088,248.625654478484
31_8,52.06684177716422,245.1871303386661
31_9,42.21939716789844,242.1136411191132
31_10,32.48054763971106,239.41925227948545
31_11,22.98878505258024,237.1168944418728
31_12,14.24693246313134,234.18722950276057
31_13,7.77711770637464,224.38005969325886
31_14,5.221752042657605,214.59338339026135
31_15,1.4298829664807675,204.83014480139818
31_16,2.4769017753100733,195.09386972083826
31_17,8.594187254361099,185.3888138233706
31_18,7.690854023435349,175.7201577361372
31_19,7.433135023732464,166.09426657853555
31_20,7.945565434069533,156.51903947322518
31_21,6.936224644600632,147.00438626811055
31_22,7.574739127034156,137.56288654092018
31_23,5.804129942773825,128.21071330588856
31_24,6.456741822394494,118.96894603252086
31_25,9.931097848966354,109.86546262760517
31_26,7.696204553542194,100.937698952037
31_27,6.662168448226955,92.23670900024315
31_28,6.590529128537505,83.83314934062275
31_29,4.165918324073799,75.82599287432146
31_30,2.4190112200673473,68.35470792022143
31_31,7.405628004557205,61.61456352135361
31_32,16.48897582797833,55.870824588045835
31_33,26.191063592427156,51.45826193641442
31_34,36.071323605376136,48.73980207621099
31_35,46.01516022845876,44.029234199933946
31_36,54.40683732338902,34.01071039487545
31_37,57.742678040030945,23.992200227487004
31_38,62.526536763330256,13.973703769854733
31_39,68.45552993336867,3.9552210937805006
31_40,75.13630397896806,2.9376493672943407
31_41,82.38702522375021,8.994817430168023
31_42,88.79750808467902,15.665647713742688
31_43,90.92291836396001,24.718975155298153
31_44,84.96988354218347,34.31844060404749
31_45,79.83513280533744,44.10893789888775
31_46,75.68541641713914,53.98666348558569
31_47,70.36925540456734,63.911209153079795
31_48,65.14595555393387,73.86372495952762
31_49,61.13160095443655,83.83426785082226
31_50,58.52117355696958,93.81710647075936
31_51,53.57137224592871,103.80870810341223
31_52,48.84784809164959,113.80677799133788
31_53,45.043942164631495,116.0058228219798
31_54,41.28765755129531,114.67466512508462
31_55,38.76934864556749,114.05474206702414
31_56,32.814002748997765,114.12256806388983
31_57,25.240229832920196,115.06909386071543
31_58,19.63948444980499,116.87298424918158
31_59,13.922209211592584,119.49542919657503
31_60,11.208832224153099,122.8840454290005
31_61,9.26682652770008,126.97751895978074
31_62,0.6917033865992823,131.7101572014377
31_63,2.4982084028590483,137.01575457298276
31_64,1.5750305676950782,142.83048558140675
31_65,1.8560394118399843,149.09480259352685
31_66,4.796919565573844,155.75447817273545
31_67,11.519874857718026,162.76099768822135
31_68,19.941284159971318,170.07150755436578
31_69,25.787448932963652,177.64849068430766
31_70,32.85859245801632,185.45929711027037
31_71,40.635587188061166,193.47561718652904
31_72,45.91628031450776,201.67295248910435
31_73,51.308926366282165,210.03011614376155
31_74,54.87156236739187,218.52877855415278
31_75,57.55264931592115,227.15306452043933
31_76,61.76602093962908,235.88920181382954
31_77,67.12921180599737,244.7252180387168
32_0,98.37968506202643,273.132094214111
32_1,89.93309316117085,267.4043421804791
32_2,81.84212077284803,261.93367883733464
32_3,74.22317600248346,256.7365457371065
32_4,67.23693615796235,251.82988503875396
32_5,61.10084198900765,247.23099870451628
32_6,56.012955857014944,242.95737168627144
32_7,52.35315439935705,239.02645792804105
32_8,50.448448092716355,235.45542998468989
32_9,41.31327507819758,232.26089557558257
32_10,31.291529600533128,229.4585873491356
32_11,21.26976778829768,227.06303531593076
32_12,11.247989724853813,225.08723449086952
32_13,1.2261954934050079,223.54232285833027
32_14,5.042084250852619,217.10061076630276
32_15,6.1047050847383995,207.45507202367742
32_16,1.4303843750375251,197.84757799037416
32_17,0.9019905304584248,188.28396023472772
32_18,1.9919759790426845,178.77126858209067
32_19,2.7855376173730417,169.3180951801295
32_20,2.1341605803155694,159.9350030931148
32_21,2.9946215806908056,150.63509860078247
32_22,0.13459795288359194,141.43480261964737
32_23,0.7968266320853626,132.35489976895602
32_24,0.4663143853933991,123.42197588665168
32_25,4.624570848110804,114.6703981546198
32_26,14.64280909267393,106.14504531861434
32_27,16.829516629462585,97.90504759457049
32_28,16.107065270244004,90.02880777259203
32_29,12.130791296983437,82.62044071395609
32_30,10.6111240663824,75.81724248947161
32_31,14.775916005009108,69.79642017025016
32_32,21.33382868912906,64.77652501651842
32_33,29.867103107518012,61.005171726780034
32_34,38.85207552062337,54.80820752055423
32_35,48.222885441924376,44.92783922799742
32_36,57.814074172486066,35.12988585207884
32_37,67.07542920455994,25.509549858881204
32_38,71.22809524187815,16.38287522106265
32_39,76.47860529356412,9.33254442367722
32_40,82.6179321783526,9.056559419801006
32_41,89.33838490226071,15.49822965366008
32_42,90.52598492691348,22.7056697392348
32_43,83.3562696362734,29.679722296007853
32_44,76.82716709628757,38.04346909222757
32_45,71.1153642015869,47.06176183871326
32_46,66.43203509631108,56.421633217074785
32_47,62.426034000459566,65.97789377452115
32_48,56.48149501051361,75.65618198209226
32_49,51.809211620730686,85.4150457698281
32_50,48.77485153219341,95.22973338393314
32_51,45.3889682684298,105.08461944820934
32_52,39.864886409384816,114.96938098509678
32_53,35.826940322621105,124.87693634634573
32_54,32.03445264859157,124.58712023365372
32_55,29.058499666336306,123.98946712049064
32_56,28.11046345001465,124.04366877278252
32_57,19.066048318524793,124.90676153445342
32_58,11.187071124421685,126.56220934430368
32_59,5.822426918903549,128.97951764369995
32_60,1.4498781069677251,132.116885487345
32_61,6.0570148220971864,135.92447225182102
32_62,1.3299734769547171,140.34775059961186
32_63,8.67866337245215,145.3305240041781
32_64,9.685530138429131,150.8173578852422
32_65,11.64897890330093,156.75534043218923
32_66,13.56620284055521,163.09521180446802
32_67,18.621883035141426,169.79196825573288
32_68,25.409383579217174,176.8050701629314
32_69,33.60490447593239,184.09837625541508
32_70,39.80342827299693,191.63990548428396
32_71,46.879886222063405,199.40150329736548
32_72,54.5237708534059,207.3584663145549
32_73,59.42779558142091,215.48916089973102
32_74,64.50776120084247,223.7746572901357
32_75,66.79496885840187,232.19839121941396
32_76,70.44975148473168,240.74585848885224
32_77,75.27319121842474,249.4043438433959
33_0,93.4633018424564,264.77876412253005
33_1,84.53220172387468,258.87319198256193
33_2,75.87318197865166,253.22533771526173
33_3,67.59091438525601,247.85282685846616
33_4,59.84205960244082,242.77394701277035
33_5,52.86174418661507,238.00750372115104
33_6,46.97320099795131,233.57263259160132
33_7,42.5511990743478,229.48856493739524
33_8,40.19314995121355,225.77434651451267
33_9,39.913003802407296,222.44851206065044
33_10,32.94133275778111,219.52872219454866
33_11,23.625286026517713,217.03137356854486
33_12,14.958966908114505,214.97119755498602
33_13,6.791640056624106,213.3608666048686
33_14,2.8875484906704005,212.21063007365282
33_15,3.717133284163706,210.54017020486563
33_16,7.6731902983704865,201.07930258827503
33_17,8.006958682013266,191.67603092966135
33_18,12.186064195891886,182.3392743274242
33_19,12.945616170465454,173.0798061731688
33_20,12.343066779811268,163.91073440931956
33_21,5.2720404659628475,154.8481275660996
33_22,0.3117629793839884,145.9118349507202
33_23,1.2726170353417503,137.126564784865
33_24,0.4416519396446822,128.5233021704427
33_25,1.6967111521995497,120.14116652836051
33_26,7.1454305536630045,112.02981692508926
33_27,9.71779729410536,104.25249249542497
33_28,13.678504504966345,96.88967885433264
33_29,19.855540998753543,90.04313386855667
33_30,20.5630215094496,83.83945078482475
33_31,24.094504496440997,78.43134308711353
33_32,28.6986207323179,73.99348100298174
33_33,35.5119757564629,66.7988277691917
33_34,43.58443767788309,57.23283675936383
33_35,52.3176238555321,47.85503064920513
33_36,61.277956884134895,38.80213483674417
33_37,70.51634250657177,30.366197481163802
33_38,79.9446916360748,23.22946461902498
33_39,84.94275646561888,18.923930035267976
33_40,90.50285230975176,18.823451713833315
33_41,92.31691419217766,22.67474397379251
33_42,84.11912678333147,29.548038532966796
33_43,76.35733865280304,36.779236614528216
33_44,69.1784873813268,43.80250838439266
33_45,62.78288613824521,51.823357218041565
33_46,57.4328272760891,60.445986876641626
33_47,53.44327038919504,69.44662641445271
33_48,48.331605878333356,78.69570116853978
33_49,42.7874836745113,88.11503264174392
33_50,39.06986441662566,97.6553837355603
33_51,37.30501004753296,107.28448927938874
33_52,31.409992090776175,116.98044818315113
33_53,26.608132543100425,126.72792946605111
33_54,22.824058429117656,134.50295102161587
33_55,19.379549270051346,133.92340417011295
33_56,18.179623326412614,133.96537297198842
33_57,16.397685966077095,134.75663872877803
33_58,6.408632251954263,136.28416206824812
33_59,2.44392165609757,138.52359970585914
33_60,0.3343626321566346,141.4411513405526
33_61,3.057839158550025,144.99589912324757
33_62,2.3038525313075393,149.1422983941698
33_63,10.020694459339591,153.83252453419902
33_64,19.417676038349526,159.0184742669447
33_65,21.443810958494982,164.65332346465013
33_66,23.04244647433914,170.69263022930681
33_67,26.87049043175106,177.09502963876227
33_68,32.48035181921911,183.8225953492212
33_69,39.40149264936274,190.8409501167041
33_70,47.413608836552164,198.11920068600156
33_71,53.81894739247133,205.6297595142028
33_72,60.895199687122265,213.34810127420116
33_73,67.90422945143013,221.25248872296186
33_74,73.11440092926681,229.32369148269757
33_75,76.16900913025476,237.54471280027738
33_76,79.38519159826095,245.90053317684158
33_77,83.68723848188594,254.37787547049186
34_0,89.47717547948592,256.5693983363784
34_1,80.10757027621189,250.4772030214191
34_2,70.91539040300081,244.6425695457873
34_3,61.979653519834834,239.08436275261712
34_4,53.42921077456067,233.82230395684724
34_5,45.481920909713835,228.87682789075984
34_6,38.51304127339922,224.26888692287014
34_7,33.064079255477175,220.01969753056255
34_8,29.977621509464345,216.15042659842882
34_9,29.621415951191178,212.68181891317406
34_10,30.14858736905945,209.63377219771098
34_11,25.025283845659718,207.024871907368
34_12,21.111962934829492,204.87190425494566
34_13,15.011636905697046,203.18937171663467
34_14,13.120368892034708,201.98903958413896
34_15,13.928566268280624,201.27954394219586
34_16,16.708892669363667,200.17508888000427
34_17,18.22595930241266,195.53892532617482
34_18,21.18911858935597,186.3942409785355
34_19,23.021993147646626,177.34491023208437
34_20,19.572306589365265,168.4063145233027
34_21,13.936355076499694,159.59707059516228
34_22,8.783001406579459,150.93983841149347
34_23,2.4454879110429837,142.46234425239
34_24,6.878573397552187,134.1986669334212
34_25,1.526411321280164,126.1908316402304
34_26,2.25853230037476,118.49073392522874
34_27,0.09861334181447391,111.16235634180525
34_28,5.798734203334048,104.28410939718088
34_29,13.061243089343167,97.95088160395821
34_30,22.26015475295873,92.2749794975774
34_31,29.00134491935797,87.3846013488014
34_32,37.19026076232486,79.5309310309999
34_33,42.83022518714193,70.26755692010293
34_34,49.7230611839871,61.24416027369111
34_35,57.544091356308954,52.58445732652829
34_36,65.96400840120008,44.50131280399845
34_37,74.75720140141763,37.370785012607215
34_38,83.70778482300572,31.83951460201591
34_39,92.87567708131526,28.842807502626503
34_40,96.17523603460027,28.78767423661059
34_41,87.19795805408518,31.472015668959084
34_42,78.47331404946615,36.728592713608464
34_43,70.09572718920963,43.686137448580595
34_44,62.20560512322964,50.90901408378024
34_45,55.013122100291675,57.94878018113088
34_46,48.827588817295776,65.76792437917099
34_47,44.07505383728003,74.12022227271895
34_48,40.24488276357435,82.8445950254495
34_49,34.30313539467906,91.83508039451284
34_50,29.546300223783284,101.02067086650496
34_51,27.36029198363982,110.35267182337677
34_52,23.81893179285221,119.79688687664196
34_53,17.590255084876286,129.32874828839257
34_54,13.611832882846887,138.93022954302995
34_55,9.834790064954339,143.85642797674782
34_56,8.250164021357014,143.88726800726275
34_57,8.175261034765688,144.6159449188798
34_58,3.7645873571525037,146.03202375335516
34_59,4.9515076450761235,148.11580067680416
34_60,8.441825677276046,150.83961707945477
34_61,5.538302554847872,154.16956310418266
34_62,9.55518770097566,158.06734624980328
34_63,16.321068351199795,162.492118555044
34_64,23.817704297056082,167.40210674312033
34_65,31.264962000150472,172.7559533898343
34_66,32.59442459444974,178.51373644144783
34_67,35.589278720875356,184.63767920813078
34_68,40.45793081546922,191.09259047005023
34_69,46.417465696881685,197.8460866326092
34_70,53.409199670470954,204.8686492059021
34_71,61.2501245018518,212.13356567465826
34_72,67.8292144756524,219.6167936056986
34_73,74.90329183468103,227.2967789864851
34_74,81.34168370768117,235.15425164913188
34_75,85.63105835600531,243.1720138126065
34_76,88.49568047753816,251.3347324100592
34_77,92.36620404723288,259.6287418478174
35_0,86.54933891349984,248.51804323136918
35_1,76.82738909974898,242.23020412449466
35_2,67.19217882369115,236.19883215854998
35_3,57.68721597311491,230.4440735311329
35_4,48.38934781608575,224.98716315167192
35_5,39.44533534779261,219.8502891745553
35_6,31.16142953395577,215.05639470002063
35_7,24.22463473526657,210.62890832168821
35_8,19.860770038100497,206.5913979379984
35_9,19.344912680451838,202.96714672097235
35_10,22.533161854310425,199.7786564465924
35_11,15.88562715195654,197.04709131237485
35_12,12.546812040082749,194.7916842390245
35_13,15.518041087237703,193.0291363355189
35_14,22.43513216863259,191.7730471731769
35_15,24.15283482104763,191.03341710562827
35_16,26.209816641501696,190.04267651431218
35_17,28.452197117378347,188.75286821652242
35_18,30.438924983854434,187.9874976302417
35_19,33.16799719563226,182.07778277372114
35_20,27.90522042014894,173.38104605000993
35_21,21.94509735344451,164.8353368428928
35_22,16.002315057435304,156.4654135664037
35_23,11.73345777942768,148.30105354356192
35_24,13.163726566840108,140.37813946434582
35_25,11.574138109721641,132.73992455143284
35_26,11.733354135770838,125.43844042291911
35_27,7.681845186531299,118.53594225382281
35_28,0.10191211809713259,112.10616689817488
35_29,8.392434523541754,106.23499785931392
35_30,14.844474395917294,101.01989524868027
35_31,23.70108192322242,92.70111565812023
35_32,33.22524511355499,83.69353336393617
35_33,42.97544447662611,74.9442455826109
35_34,52.39426759697783,66.55522171406625
35_35,61.99806762911399,58.681204353243665
35_36,71.60638336026524,51.55872396246507
35_37,79.7971925386829,45.5418028954734
35_38,88.36670008903128,41.11871338954508
35_39,97.18584557463657,38.83791737936681
35_40,92.08980015799354,38.802240537719456
35_41,82.97946557701349,40.85507313804663
35_42,73.76288806340364,45.02259946541838
35_43,64.78487812092636,50.85163150105709
35_44,56.16000107474869,57.84204695180784
35_45,48.078718840904465,65.05323644058612
35_46,40.864857534610266,72.10007183169162
35_47,35.05808822010494,79.78668413403275
35_48,31.380401347510745,87.94549959661045
35_49,26.78536685855779,96.45678656262734
35_50,20.460169957556907,105.23507404227645
35_51,17.447223647784146,114.21883307531428
35_52,15.554919757815103,123.36319656630688
35_53,9.69658681270114,132.63496394454495
35_54,4.397761892606511,142.00919531381734
35_55,0.6291318967651172,151.46687920620246
35_56,1.6779314760658093,153.80905354139873
35_57,1.7442763429348838,154.48261309341825
35_58,4.453945107879379,155.80067245568142
35_59,10.273114850638832,157.7470876315598
35_60,17.02395253139774,160.29898142405645
35_61,15.387572776831268,163.42800326869687
35_62,17.73069721425556,167.10174573706033
35_63,23.623587912979772,171.28517253469636
35_64,30.351738177510953,175.94194019520413
35_65,37.80553140063872,181.035534531684
35_66,42.225746833468286,186.5301826306599
35_67,44.7361704424338,192.3915343851437
35_68,48.92370767463942,198.58713089406083
35_69,54.255155269066904,205.08669039945087
35_70,60.390040324585115,211.86224760524175
35_71,67.4177074937957,218.88818171822118
35_72,75.12912450166648,226.14116473002258
35_73,81.83273685016185,233.60005615005414
35_74,88.90371891234577,241.2457648298771
35_75,94.92762100642513,249.06109339668672
35_76,97.7318793003548,257.03057646500173
35_77,101.24159761331467,265.1403203070415
36_0,81.06579267582352,240.6403359363035
36_1,74.8416155732175,234.14770941677324
36_2,64.91554840312726,227.90934371123154
36_3,55.022213618293485,221.9466881883803
36_4,45.18315524983426,216.28255573913785
36_5,35.44365119232549,210.94100424075475
36_6,25.916251265530153,205.9471442591988
36_7,16.96230969885498,201.32686004118833
36_8,10.137427771057578,197.1064334274581
36_9,9.129137092016464,193.31206533410707
36_10,12.604866941664831,189.96929726055046
36_11,9.48515249072969,187.10234582747037
36_12,2.3904352024579834,184.73337590419064
36_13,8.58008664574822,182.88175092066697
36_14,18.00394680159145,181.56331018748827
36_15,27.432434348100674,180.7897297791215
36_16,34.61870543061888,179.923839907074
36_17,38.67732737530091,178.56887709177124
36_18,36.21832598234104,177.76756306595763
36_19,33.11370606834798,177.5274060578247
36_20,32.52917308447207,177.8506903050363
36_21,29.832779800512647,170.51757378582195
36_22,25.149450355189796,162.43751596699795
36_23,21.715576160191006,154.5854273493116
36_24,22.514833596041804,146.99785575768863
36_25,21.684397673822875,139.7179147732373
36_26,20.679562936173596,132.7962200483722
36_27,12.985363252650906,126.29170215453152
36_28,5.38144805281896,120.27207914491666
36_29,2.3851801412267433,114.81365957098917
36_30,11.492284725903097,106.14786018660055
36_31,20.68099774414185,97.35056892018432
36_32,30.39862881917912,88.81320021516066
36_33,40.264067881222964,80.61839465355787
36_34,50.19026713644564,72.88182141596484
36_35,60.14718250490383,65.76542481191161
36_36,70.12175685741173,59.492207441737776
36_37,80.10741704532052,54.35492989103244
36_38,90.1004977766994,50.70011492327193
36_39,96.24087252852321,48.86160132345975
36_40,87.17800104461837,48.83529162000805
36_41,78.34768966349559,50.488622933950886
36_42,69.6717734845726,53.91784589615965
36_43,60.67423480222235,58.86586158997324
36_44,51.36924923432446,64.99364979547654
36_45,42.3905793042677,72.0006409413297
36_46,33.997807575975045,79.19995373850969
36_47,26.74832150905042,86.25004840801977
36_48,21.8135368485556,93.84284508574116
36_49,17.943506839781037,101.85706886997845
36_50,12.643851302312047,110.2008312513386
36_51,7.650560578894351,118.80473649090203
36_52,8.269379965871945,127.61619312511749
36_53,1.7349149857968917,136.59505436397228
36_54,4.417363100814921,145.71038902235549
36_55,8.578396865356485,154.9381237811365
36_56,11.604680173782308,163.73050751933897
36_57,11.662471883789994,164.3550768395757
36_58,13.462728249711104,165.58619101460465
36_59,17.986621794322307,167.41047958169466
36_60,24.34422489002283,169.80883608208336
36_61,25.259036284668085,172.75736321518679
36_62,26.830632367582673,176.22845785174758
36_63,31.336450060797105,180.1919330456305
36_64,37.54107574957386,184.61608860595817
36_65,44.385795277365965,189.4686653983888
36_66,51.82336433158911,194.71764487535523
36_67,54.125204180510444,200.33187927873055
36_68,57.63693325430962,206.28155654593849
36_69,62.41463448725192,212.53851625654795
36_70,68.07521146909762,219.07643950178058
36_71,74.3735083357465,225.87093761197445
36_72,81.42241802368042,232.8995636886528
36_73,89.04394239911184,240.1417681511674
36_74,95.82885054945055,247.57881600800255
36_75,102.89629122257072,255.1936799604443
36_76,107.06090274686973,262.97092012816466
36_77,110.26565339935574,270.89655833814766
37_0,73.2698650120922,232.95366737855716
37_1,66.72957549926655,226.24711740987428
37_2,61.13647999276621,219.79131867565778
37_3,53.911044617437305,213.60901635200722
37_4,43.93593167431924,207.72464053925287
37_5,33.96063124865616,202.1642176118828
37_6,23.985143467330204,196.95519673402868
37_7,14.009468457659208,192.12617229011815
37_8,4.033606347400388,187.7064848270591
37_9,0.7906725932313066,183.72568824616621
37_10,3.6445669208166356,180.21288026868166
37_11,0.6241476439839428,177.19590696723594
37_12,1.5823446296398096,174.70046979271473
37_13,6.0167813049391805,172.74918308158698
37_14,15.993515765424304,171.36064812568148
37_15,21.62200825885754,170.5486221569917
37_16,25.564518901695198,169.8207070103165
37_17,31.942816934091084,168.3924000798062
37_18,27.16174895073231,167.5503341315377
37_19,23.113253309159603,167.30337329859427
37_20,22.331912220421327,167.65415939361944
37_21,20.238553068156563,168.59897336926548
37_22,18.197496791755444,168.80850166969478
37_23,20.133045589379343,161.26310137057015
37_24,21.61956966538967,154.00077202676542
37_25,20.773870961370818,147.06346752714896
37_26,13.15702256630613,140.49935388461813
37_27,8.792592554997805,134.36315032381157
37_28,5.537628597861785,128.60640732365067
37_29,1.6945256644116147,119.77931905602344
37_30,10.55528834623198,111.15488920889628
37_31,20.17470809893828,102.78416225646289
37_32,30.055563272439407,94.734432864994
37_33,40.00464961397297,87.09477212255072
37_34,49.98127594366716,79.98279414209287
37_35,59.97173110137458,73.55175407013854
37_36,69.97011892936129,67.99516539032099
37_37,79.9734879910625,63.54287542218318
37_38,89.9801981341104,60.43945503659409
37_39,92.6100826629609,58.898542815100825
37_40,83.15716388980381,58.876650170221055
37_41,73.85276893615872,60.24762468811379
37_42,64.76097640293284,63.16013821575718
37_43,55.98549458165528,67.42623447519794
37_44,47.265512856934215,72.83055485948125
37_45,38.45227328146585,79.14028485206242
37_46,29.013619635323764,86.1567510357356
37_47,20.043295800393945,93.3444747257477
37_48,12.743068674163,100.3959614901356
37_49,9.206652633096747,107.91872274769145
37_50,4.6863491321032695,115.82098097788749
37_51,1.4895055900371803,124.03023664085634
37_52,0.5570185310816484,132.48945013924032
37_53,5.840233275003509,141.1537027921761
37_54,12.053895837365987,149.9874782628265
37_55,17.787810312011057,158.96252913650105
37_56,21.530099076697415,168.05623380438038
37_57,21.57934249290824,174.23212920921088
37_58,23.049977415575913,175.38553586723063
37_59,26.646313511932394,177.10050395296076
37_60,31.8812561992739,179.36093603446483
37_61,35.13640871865754,182.14653557300582
37_62,36.338400668174955,185.43364648877846
37_63,39.86575904264641,189.19614023325997
37_64,45.1472320348982,193.40628410575368
37_65,51.49918151799471,198.03553882187
37_66,58.422189318470664,203.05525067969972
37_67,63.644758853829394,208.4372206409201
37_68,66.65266079647049,214.15414691857455
37_69,70.95662525663028,220.17994813824882
37_70,76.07348623556777,226.4899807168977
37_71,81.9165106626066,233.06116732373738
37_72,88.35885529631658,239.8720539747713
37_73,95.42144756557663,246.90281231756757
37_74,102.97676785211738,254.13520171416542
37_75,109.8167069348143,261.55250337666195
37_76,116.46012647378762,269.13943642117744
37_77,119.40435970727336,276.882063501709
38_0,66.17775744648455,225.4773473323747
38_1,58.86148361587845,218.54792080853642
38_2,52.4432588707631,211.86422523977686
38_3,47.2529945662079,205.45025390069458
38_4,42.565576847924035,199.33205538234407
38_5,33.23046841943504,193.53769222554493
38_6,24.088276931158372,188.09710475306179
38_7,14.346470973791337,183.04185256145644
38_8,4.851761815321882,178.4047062545452
38_9,3.851284348735857,174.21906636574667
38_10,3.6013497045446146,170.51819671190822
38_11,2.7706209999728197,167.33427683644248
38_12,0.2692199665998037,164.69730263979042
38_13,5.699792005082249,162.63389353432893
38_14,9.173280377030585,161.16609364907987
38_15,11.81652165425874,160.31027666794358
38_16,17.745573586306776,159.73594641703278
38_17,21.911272351805025,158.22457358268002
38_18,19.301539543512,157.33602339452628
38_19,13.45057753385603,157.08087850944588
38_20,12.137306839147863,157.462231033706
38_21,11.302783617070636,158.47549906592073
38_22,8.011273288469862,160.10869848385445
38_23,9.941436463725285,162.34313327401682
38_24,11.536480768930838,161.33673329569964
38_25,16.561180155289055,154.72396699093053
38_26,7.498816531385971,148.49382048926464
38_27,0.6945248318640977,142.22156499149392
38_28,4.585941874823998,133.5400728987589
38_29,7.344214189151844,125.05894379558482
38_30,15.336608624487129,116.82184022112453
38_31,24.137429779206993,108.88417520555753
38_32,32.98468341276196,101.31637062539194
38_33,42.24667587093613,94.20762262940463
38_34,51.790601180489745,87.6696926099447
38_35,61.48534364488002,81.83952141486706
38_36,71.269410451757,76.87832428801886
38_37,81.11050754898886,72.96360219299886
38_38,90.99015393473088,70.27049576831675
38_39,89.92526197817799,68.94234226064056
38_40,80.19405393189189,68.92207701805195
38_41,70.50587468216494,70.08927971221011
38_42,60.92124510346898,72.61651209108794
38_43,51.50077499862932,76.34872239693694
38_44,42.354192092939606,81.1539578467283
38_45,33.70527350914104,86.85432679828898
38_46,24.87499724308233,93.28589880258163
38_47,16.277857047010038,100.30814150944194
38_48,6.967637040272617,107.48459158752563
38_49,0.1880955710994447,114.53643337329828
38_50,4.266629589269058,122.00478857230294
38_51,9.051569908398793,129.8178066194548
38_52,10.502205722551771,137.9169384550761
38_53,13.603033703088965,146.25467286304809
38_54,19.94273157444027,154.79247105399114
38_55,25.902234501965676,163.49900647262896
38_56,30.743863169569476,172.3487201338539
38_57,31.49490507248702,181.32065981271097
38_58,32.646240018019235,185.19630883975543
38_59,35.52133076169757,186.81281527193053
38_60,40.114257791052495,188.94867584540899
38_61,45.01492375303969,191.5865313685369
38_62,46.00096173222114,194.70598959134009
38_63,48.82778057369926,198.28433117993671
38_64,53.39413894633468,202.29721594555932
38_65,59.06514085520499,206.71934816038038
38_66,65.48841984438396,211.52507115901832
38_67,72.45492155965111,216.68887332804707
38_68,75.8702590091133,222.1857982993975
38_69,79.67073567785769,227.99176067614678
38_70,84.39953598753262,234.08377458313527
38_71,89.83343715029197,240.44010589050916
38_72,95.79844082745535,247.04036052603234
38_73,102.34200716130671,253.8655213956678
38_74,109.41388886978599,260.897945576922
38_75,116.91827615717689,268.121332057925
38_76,123.79612479954295,275.5206686826974
38_77,128.63300080261362,283.08216534346025
39_0,60.03859906496894,218.1572916543846
39_1,51.869813471163624,211.07192048487
39_2,44.46050907357701,204.15005952855373
39_3,38.2546091621268,197.49232094139205
39_4,33.60831139197778,191.1263187627606
39_5,29.394842289777767,185.08216966253016
39_6,20.379562024964294,179.39241983608406
39_7,10.80261934291073,174.0918323550973
39_8,2.638194883802285,169.21699382438342
39_9,5.225026270207378,164.805701061955
39_10,10.995087195714605,160.8960984743436
39_11,3.879417822258023,157.52555766141055
39_12,3.927824557811873,154.72932386319522
39_13,4.425229570691541,152.538997241304
39_14,0.7527218604634159,150.98096407106058
39_15,3.652124801275232,150.0749323453154
39_16,9.919909345422342,149.67294673805694
39_17,11.72031048527367,148.06685176672156
39_18,12.33599674935494,147.12490932147378
39_19,5.1409520982976415,146.8599136428943
39_20,1.9446440913002716,147.27553319524557
39_21,2.3038107664219196,148.36606246348094
39_22,1.566646692933954,150.11680753644072
39_23,0.029542438370736418,152.50504634843549
39_24,2.5001041052082504,155.50142286799158
39_25,7.53679885511518,159.07158836542567
39_26,6.58881974449102,155.95155049153405
39_27,2.849473107690359,147.39494444640306
39_28,12.776837267286131,139.03390888898062
39_29,15.876479580590035,130.90593745729444
39_30,21.57824065110757,123.05723636777951
39_31,29.116928602620913,115.5447470247457
39_32,37.7722945422309,108.43838692825292
39_33,46.56954376322632,101.82324334685026
39_34,55.42014217461646,95.8011473397709
39_35,64.56868098959131,90.49059893017323
39_36,73.94260666068857,86.02350133084285
39_37,83.46603938752544,82.53694085698581
39_38,93.09312839768347,80.15899134175564
39_39,87.84823376453262,78.98986374451225
39_40,78.04491873122063,78.96950081039202
39_41,68.24126070524679,79.9825719822039
39_42,58.43725993150592,82.21263172806415
39_43,48.63370066302943,85.51958361835909
39_44,38.89089334319381,89.82827347804806
39_45,29.24423267778296,95.00252312721075
39_46,19.95772175692658,100.9092920775943
39_47,11.916288397409856,107.42783716257844
39_48,2.5931303657282885,114.4536950843798
39_49,4.220251965967242,121.61913526119153
39_50,11.773877053503277,128.6707029906358
39_51,17.54904356224019,136.09546547812346
39_52,20.44647428295553,143.8356556210931
39_53,22.323471776430683,151.84305762278464
39_54,27.353514578935464,160.0775896865697
39_55,34.038128055486794,168.50596899208097
39_56,39.909186846368186,177.10053302418717
39_57,41.40917652178004,185.8382372198758
39_58,42.28833907745967,194.69982151742107
39_59,44.8077885259521,196.54392285255472
39_60,48.8184263063012,198.56670852320366
39_61,53.7859395100989,201.07001062190608
39_62,55.73717968981101,204.0361531384684
39_63,58.084341087960674,207.44529267424568
39_64,61.982039690534556,211.2759949557236
39_65,67.04554137294525,215.50578982311458
39_66,73.02436630618575,220.11167972614308
39_67,79.48814095816329,225.07058505225305
39_68,85.22381372827998,230.35971753544968
39_69,88.61600957130639,235.95687971349034
39_70,92.96994028370527,241.8406935072219
39_71,97.9660278290254,247.99076442908563
39_72,103.62763824211159,254.38778986418248
39_73,109.70255837875865,261.01362060544443
39_74,116.32086099662223,267.85128469545
39_75,123.39925667251183,274.88498193719647
39_76,130.86312341416541,282.10005643532014
39_77,137.7671091088191,289.4829534049864
40_0,55.170571386934725,210.97493248262782
40_1,46.15356705101215,203.75570668467122
40_2,37.64172393927766,196.67362779790918
40_3,30.067236729495306,189.76022654536501
40_4,24.30341026989074,183.13228130668358
40_5,20.541757045791243,176.82190655751407
40_6,15.760728476701036,170.8643036747695
40_7,6.968625920256703,165.29763310247452
40_8,1.540012433300369,160.16267519510475
40_9,1.3801150115733976,155.5022170307171
40_10,6.7837177834951135,151.360109113611
40_11,10.789416707772856,147.7799584520082
40_12,10.902714240249844,144.80346745569923
40_13,13.295931638343424,142.46849147197386
40_14,10.115105689421625,140.80696356122428
40_15,4.39077976278495,139.84290549057422
40_16,0.0363193063135009,139.59078412977703
40_17,1.5315048266357043,137.9211226804849
40_18,2.111111517358512,136.91736078828518
40_19,1.1224751349650002,136.64047573799155
40_20,7.003860050400058,137.09488743895454
40_21,7.774745152110296,138.27340184993088
40_22,10.735387185954295,140.15776978483916
40_23,4.84199458013587,142.72005051297344
40_24,0.6756344996537869,145.92455301767637
40_25,0.4239903263447405,149.73006331218585
40_26,1.9013850098121616,154.09207394064137
40_27,7.534283012222008,153.06136039905314
40_28,15.849775118336199,145.0239849678057
40_29,24.946638055862415,137.2475082147674
40_30,29.523313853400467,129.77885379415406
40_31,35.80555899412412,122.67427329186785
40_32,43.17718352289951,116.00069739562036
40_33,51.4500851173169,109.83673468285191
40_34,60.19721491996754,104.27281905474473
40_35,68.99087218605897,99.40977480378493
40_36,77.84776463622681,95.35491545095637
40_37,86.94061835103706,92.21493665018947
40_38,96.05528828407186,90.08557755499355
40_39,86.13930396458386,89.03939673292808
40_40,76.24321090947714,89.01779580480842
40_41,66.34921670566678,89.91001322240257
40_42,56.45498163914661,91.8926059288347
40_43,46.588033727680624,94.86639484448531
40_44,36.779304556772,98.7606798016417
40_45,26.977263115987775,103.48198601789117
40_46,17.174881781041705,108.92284261448786
40_47,7.3721607866515555,114.98116641061404
40_48,1.6540945815662484,121.56469270275821
40_49,9.416368123481247,128.59279693717716
40_50,18.096989296527855,135.74743388426933
40_51,25.590437059695407,142.79832015674234
40_52,30.389841371497365,150.18727815688084
40_53,31.71524924905517,157.86685780511516
40_54,35.79337692748822,165.79669240525297
40_55,41.29619463437158,173.94257080973674
40_56,47.94940832347683,182.27554181939962
40_57,51.322173737066684,190.77110108141227
40_58,52.02728106136172,199.40847954163996
40_59,54.31130285216417,206.29099312100323
40_60,57.66307362110499,208.2106643984235
40_61,62.260296071818736,210.59092947514984
40_62,65.51364959427879,213.41638703333174
40_63,67.51384486143283,216.66963053348985
40_64,70.8872106949025,220.33172082723743
40_65,75.44976843114493,224.38264969693668
40_66,80.82151092462594,228.8017737228225
40_67,87.00119047181256,233.56820363010888
40_68,93.49006743041345,238.6611400711633
40_69,97.72925302076119,244.06015200155318
40_70,101.68572797321727,249.74539802727762
40_71,106.38181772750531,255.69779418906614
40_72,111.63138799085318,261.8991336460494
40_73,117.420080491414,268.33216477745253
40_74,123.61866262847967,274.98063454131534
40_75,130.29422675089077,281.8293037242139
40_76,137.3772723945076,288.86394017393087
40_77,144.80803306222086,296.0712953807921
41_0,51.90656743183485,204.05420716783254
41_1,42.23274388257481,196.59438338340914
41_2,32.721413695474105,189.36137192898295
41_3,23.625022113459522,182.2824482068964
41_4,15.683141225855449,175.37862057095478
41_5,10.823640072666784,168.7852893408713
41_6,9.222753119897478,162.54025714656075
41_7,5.158642948064411,156.68518975222509
41_8,1.6334979217200694,151.26539142171356
41_9,7.585242242084065,146.3292497401809
41_10,12.425753866836077,141.9272526203732
41_11,4.699057312020112,138.1104994596699
41_12,3.077914563165408,134.92868010317522
41_13,12.289639092381481,132.42758519241136
41_14,18.574690033498175,130.646332567153
41_15,12.749390069493565,129.61462009537794
41_16,9.493115048558268,129.35040111197895
41_17,8.65516572601555,127.78987902362645
41_18,8.112537198318343,126.7138733999638
41_19,8.83274019933855,126.4225689686197
41_20,12.643892022440552,126.92138622463587
41_21,17.93038610120799,128.2011198709821
41_22,18.76941317606721,130.23876894381618
41_23,14.405546497927311,132.99951924325762
41_24,10.683500019642347,136.4394999077424
41_25,10.494229904901326,140.50884828460116
41_26,11.906134133429035,145.15465726620408
41_27,15.383011925751342,150.32350401617586
41_28,21.77733606264419,151.4511676464169
41_29,29.65643388027626,144.0180601810933
41_30,38.27946367205421,136.91480930663892
41_31,43.548818624435185,130.19543119351118
41_32,50.033225178486234,123.92240165400834
41_33,57.319809750307996,118.16684427688976
41_34,65.33287595336871,113.00787040011286
41_35,73.83630635289077,108.53060768431087
41_36,82.61137322319821,104.82246565814555
41_37,91.40141827938635,101.96740858500934
41_38,95.24522525680389,100.03852392403371
41_39,85.23717789235836,99.08993403110952
41_40,75.23020103426886,99.0653635043371
41_41,65.22482101468732,99.86102906717561
41_42,55.22194559989427,101.64194537554005
41_43,45.223285491751604,104.34151057605494
41_44,35.23249232825235,107.88673163157276
41_45,25.258990391621754,112.21730188983906
41_46,15.334205926398562,117.24624937493058
41_47,5.441131141387686,122.88788198123805
41_48,4.4522160645310365,129.06189490768438
41_49,14.276150916761795,135.69565496824316
41_50,22.78693702248173,142.72508530023953
41_51,31.6565947182945,149.86907793411476
41_52,39.53405475270252,156.91900523741072
41_53,41.367921275600594,164.27795239189794
41_54,44.564433857274814,171.90625091375605
41_55,49.490392025136124,179.76962720971042
41_56,55.31296197343434,187.83857224057124
41_57,61.23391361162967,196.08772134481342
41_58,61.81875174763552,204.49527841572095
41_59,63.90035843564611,213.04250005795433
41_60,66.79749264924831,217.87694113958648
41_61,70.97040692120704,220.14427230043432
41_62,75.314210061054,222.8402125480634
41_63,77.05234930139746,225.9494295250994
41_64,80.01666450317262,229.45513259479515
41_65,84.07758842680254,233.3394608179345
41_66,89.02668929445406,237.5838528699885
41_67,94.66503456653479,242.16938603066185
41_68,100.9719065308458,247.07707560006577
41_69,106.9672110664158,252.2881300739824
41_70,110.58553697536524,257.7841608148296
41_71,114.9660688422077,263.5473476165568
41_72,119.88251668095567,269.560563446921
41_73,125.36062095594501,275.8074628211414
41_74,131.24184563894696,282.2725388331603
41_75,137.54068568475773,288.9411539825907
41_76,144.2613844461102,295.7995497219042
41_77,151.34776836865797,302.83483922801935
42_0,48.524049555008176,197.38786655343245
42_1,39.00557214142779,189.70778784230265
42_2,29.809189070427546,182.22352142603978
42_3,20.292490187728095,174.97430438732687
42_4,10.555356859026858,167.898362735245
42_5,1.3717791874090732,161.0055206923566
42_6,1.0859163772526625,154.45297551708262
42_7,2.553125329740884,148.28586043251033
42_8,1.8524694658423928,142.55422237872557
42_9,8.245285336843585,137.31262050794288
42_10,14.897561417595355,132.61918819997487
42_11,7.537583915555411,128.53400597322894
42_12,6.943859433171751,125.1166855025732
42_13,14.184238178105511,122.423185683304
42_14,23.31054042365902,120.50207186852892
42_15,22.229509317456678,119.39065385190621
42_16,19.270299864236605,119.1116180481875
42_17,18.839722257636218,117.67647592642217
42_18,18.334969984577764,116.51512482873575
42_19,18.890011678520256,116.20620777142
42_20,21.545069573209467,116.75651037843123
42_21,26.911372476929706,118.15404689095064
42_22,27.51773580398611,120.36932952097285
42_23,23.365919064815554,123.35832897606494
42_24,20.85582011143269,127.06647417180795
42_25,20.564370036208334,131.43292829437564
42_26,21.96827730761664,136.39449858152696
42_27,24.432355511874185,141.8887847969984
42_28,29.36816985002244,147.85642785676856
42_29,36.026147972931554,151.15970346315402
42_30,43.718997998837146,144.40342091111233
42_31,51.98600704469342,138.043941734248
42_32,57.67188138124882,132.13858549539802
42_33,64.25730040730998,126.75085779768982
42_34,71.49148933917601,121.9494017498316
42_35,79.33239530412628,117.80594170748044
42_36,87.61730824957364,114.39201950688185
42_37,95.2538824384863,111.77452081885963
42_38,89.83712985340351,110.01032808489782
42_39,81.87897082783843,109.14084813514224
42_40,73.3512367445232,109.11243899849768
42_41,65.24556087622217,109.82886546846468
42_42,55.64487183969171,111.4427958096802
42_43,45.73974998997447,113.91258620856235
42_44,35.88450785904644,117.16086407528071
42_45,26.04038888568311,121.15282987752786
42_46,16.19642636072161,125.81773315628546
42_47,6.352641039718622,131.08376626700232
42_48,3.3952274714269985,136.88158365357765
42_49,13.142368761190186,143.1465990868839
42_50,23.038630427475432,149.82022829829074
42_51,33.00478880362132,156.850337115618
42_52,42.98951531924252,163.98380692541815
42_53,51.13321670703919,171.03257847290803
42_54,53.74465139857843,178.36594055078533
42_55,57.991339359187975,185.95023763470914
42_56,63.24692304776816,193.75601587020532
42_57,69.35419608268954,201.7575812437534
42_58,71.64070562215792,209.93255823701972
42_59,73.49138222777748,218.26147248618219
42_60,76.12141704604991,226.72736958724488
42_61,79.80125451574024,229.72584636240322
42_62,84.3935970707739,232.30217887290664
42_63,86.66345795460343,235.27798368261605
42_64,89.30124125065106,238.638325971298
42_65,92.94951372208514,242.3672205815816
42_66,97.49492677415964,246.44794752098207
42_67,102.70134130070814,250.8633463983965
42_68,108.54722082173431,255.59608188731664
42_69,114.89572840669845,260.6288753225339
42_70,119.62801378287651,265.9447002401745
42_71,123.68061043394799,271.52694190081326
42_72,128.35189956578552,277.35952252620365
42_73,133.4750834432529,283.4269951411592
42_74,139.12520677089637,289.71460960196174
42_75,145.0857411369568,296.20835469647784
42_76,151.464798190108,302.89498021160904
42_77,158.22187620865134,309.76200266874474
43_0,46.72370444528084,191.04555064921104
43_1,36.7448697633079,183.10534998103057
43_2,26.786965638695552,175.37591537806753
43_3,16.887183646288364,167.8629957456344
43_4,7.286699455839616,160.5945367577975
43_5,0.7333691006223967,153.5213553531708
43_6,10.324206776970732,146.64132548988326
43_7,10.910689074620054,140.13764504994845
43_8,10.706194008436675,134.06511344761782
43_9,15.758539632587711,128.48489422434866
43_10,21.621386337547687,123.4637769781373
43_11,17.140028643307783,119.07253112278453
43_12,16.601495809418687,115.38311342114928
43_13,21.022158900757564,112.46463584367486
43_14,28.294831370511346,110.37828837587855
43_15,32.16492141624965,109.17180992698533
43_16,29.36206160427568,108.87447577107888
43_17,29.022185836311653,107.58553183809703
43_18,28.55620742290412,106.32206188126376
43_19,28.965145010477894,105.9914217810618
43_20,31.08355674626961,106.6023132784235
43_21,35.16580108124404,108.13880229111928
43_22,37.00980607994877,110.56232722224246
43_23,32.776540043633624,113.8162586992498
43_24,31.03088133846331,117.83184133596667
43_25,30.670539658675136,122.53423652033824
43_26,32.03021300256526,127.84769951672827
43_27,33.978078527343285,133.69941274323588
43_28,37.92880297576863,140.02192649570839
43_29,43.497475036681735,146.75441993560602
43_30,50.26954250000494,152.1923911998777
43_31,57.81016005032287,146.16682342862921
43_32,65.87993603594475,140.5973637244409
43_33,71.83056921948703,135.54026519055992
43_34,78.47569675825737,131.0548701526738
43_35,85.67410840657625,127.20168835365514
43_36,93.39277714370981,124.0396687027061
43_37,87.2257978342223,121.62274874828431
43_38,81.28373437192924,119.99597777039267
43_39,76.19692798747617,119.19173118895887
43_40,68.30374986359867,119.15929426667961
43_41,59.52059680651746,119.80901463524225
43_42,51.18908685683771,121.28236486267161
43_43,43.546911670362725,123.55295920387111
43_44,35.7673265300101,126.55023419188446
43_45,25.757734509695972,130.24708781250217
43_46,15.749146831621884,134.58963246109062
43_47,5.7472212763930255,139.51760487881
43_48,4.196474793430905,144.9713318520763
43_49,13.184615760828256,150.8938322116368
43_50,22.95028697968462,157.2321569292771
43_51,32.864030775686956,163.93809584117366
43_52,42.823187257852005,170.96841048915553
43_53,52.8021113427068,178.09145010035067
43_54,62.79141709444832,185.1389217046371
43_55,66.79902912653665,192.4501553546618
43_56,71.64746790060157,199.99623750025197
43_57,77.11546540770658,207.7515896719363
43_58,81.48168168651722,215.693650399934
43_59,83.10667873133553,223.80255359216903
43_60,85.57250934004088,232.06081978705103
43_61,88.85393557203524,239.33212296453425
43_62,93.10244869618504,241.79767213109716
43_63,96.32507789024012,244.64958140841847
43_64,98.69681967580551,247.87452421159102
43_65,102.00156331866421,251.45815721576918
43_66,106.15222759978536,255.38538974700438
43_67,111.0289518980071,259.6406392309365
43_68,116.45007703201622,264.2080656605609
43_69,122.45223004936375,269.07178031444187
43_70,128.78284740633197,274.21602607906806
43_71,132.54764484429674,279.62532856130497
43_72,136.9435634397649,285.2846186436806
43_73,141.80202204168424,291.1793282175932
43_74,147.13180310375006,297.29546155004607
43_75,152.88497319136204,303.61964514658047
43_76,158.94389758586556,310.13915912733734
43_77,165.38846820204643,316.84195309747105
44_0,46.984997108183244,185.0603324157783
44_1,37.11867301348556,176.85709118163982
44_2,27.353513961091142,168.84753177773385
44_3,17.802908831063878,161.0605661067537
44_4,8.813644184911043,153.51370735829212
44_5,0.7836310057559152,146.22212500811895
44_6,10.772937406383626,139.15141436669217
44_7,4.000500577291249,132.28661753850542
44_8,1.5331118362042535,125.84265901046021
44_9,11.057818141180576,119.88743720659066
44_10,20.997826394790092,114.49725783517434
44_11,27.096543926321317,109.75542241163068
44_12,26.68849523618977,105.7492045893589
44_13,29.780601813660144,102.56486344524075
44_14,35.300743724803766,100.28074682346623
44_15,41.7555130262279,98.95923303416087
44_16,39.52715932177642,98.63904250609872
44_17,39.20257751333959,97.52357372163357
44_18,38.77627008942859,96.13604271972501
44_19,39.10461991423108,95.77826392076871
44_20,40.86678367577434,96.46172039931061
44_21,44.24156687396052,98.1646901520784
44_22,46.06696578502952,100.83555532855894
44_23,42.54217290198282,104.40007998498533
44_24,41.1447133335646,108.77046278445862
44_25,40.807513730354685,113.853961662593
44_26,42.0919603480681,119.55966919113749
44_27,43.73232824140253,125.80297325680318
44_28,47.01579161062863,132.50792475196644
44_29,51.81210145574032,139.60804210980743
44_30,57.67772474475862,147.04450917287267
44_31,64.50623745706493,154.5205741066661
44_32,71.94266529153371,149.25725026792543
44_33,79.8766593019387,144.49733642423956
44_34,86.00361994935326,140.29209766665446
44_35,92.68762278684315,136.69275214079403
44_36,86.67971431345018,133.7482416090113
44_37,79.65955804712965,131.5025781319412
44_38,73.11281822357907,129.99200250417255
44_39,67.4204852714589,129.2423095789456
44_40,62.81530841320909,129.20570037601715
44_41,54.85843571215749,129.79835797481715
44_42,45.90750433966041,131.15166328695628
44_43,37.22839776292516,133.2463233136044
44_44,29.39464862352103,136.0307175709887
44_45,22.04241237977515,139.46877151209648
44_46,14.689290659571467,143.52495601452722
44_47,5.928429928759124,148.1485234372253
44_48,3.8787340969656894,153.28815606116643
44_49,13.797225417213701,158.8937977201445
44_50,23.715960064867563,164.91794954398523
44_51,33.649957468321496,171.31648131964852
44_52,43.61742889760907,178.04904839258748
44_53,53.60082111645851,185.07921354629644
44_54,63.592674744729614,192.19189330477332
44_55,73.58957647890735,199.23795640451092
44_56,80.19677984154767,206.52981260404246
44_57,85.3262302356013,214.04235365277654
44_58,91.04210930093879,221.7531621194425
44_59,92.77962943316257,229.6422770550883
44_60,95.1125039957797,237.6919546989078
44_61,98.06724603529668,245.88643586073403
44_62,101.92462705328032,251.32276448437085
44_63,106.02307990867048,254.05933334532472
44_64,108.17416607469556,257.15789179489565
44_65,111.1894487438828,260.6055367719293
44_66,115.0009920827012,264.3886208037575
44_67,119.53266920904402,268.49297358275857
44_68,124.62852972906781,272.90410856399274
44_69,130.24691685815102,277.60741012976155
44_70,136.37067451245508,282.5882985198851
44_71,141.53828287847168,287.83237121151575
44_72,145.65497358441039,293.3255206759649
44_73,150.30589322778388,299.0540294104078
44_74,155.3363111600022,305.00464384046444
44_75,160.83427897641505,311.16462913958014
44_76,166.66137713936268,317.5218072501975
44_77,172.81097234778773,324.0645804630174
45_0,46.575023703078145,179.46769665780292
45_1,36.5891762782568,171.0015822250012
45_2,26.61743262028064,162.7094368132595
45_3,16.685230750139745,154.61926724146934
45_4,6.83609493763517,146.7644936816169
45_5,3.0064349760735825,139.17693826060346
45_6,12.860125555436227,131.8571608829291
45_7,9.774914634902016,124.78853476300976
45_8,7.967204956184516,117.94227482415248
45_9,13.861748917811836,111.57310572349164
45_10,19.41421123067509,105.76727394150632
45_11,18.688871075018188,100.62236228707026
45_12,22.495995323422775,96.24444531290429
45_13,28.58081626007534,92.74223041593203
45_14,36.37360660267023,90.21778446993471
45_15,44.95665849198885,88.75460528777467
45_16,49.719834986245935,88.40542970740862
45_17,49.38091832331554,87.50011764612157
45_18,48.99517855499893,85.95907970629969
45_19,49.27437280504537,85.56682428179207
45_20,50.817164227560575,86.33903787060008
45_21,53.70272501126353,88.24518285528039
45_22,55.366894550836065,91.21422436529912
45_23,52.464208528233655,95.14673699576376
45_24,51.23938524748367,99.9290629706688
45_25,50.95615258948901,105.44566260281995
45_26,52.1535384812961,111.58770909232261
45_27,53.63505386593413,118.25781018029626
45_28,56.46128467675268,125.37173200463405
45_29,60.52058148989526,132.8461855436351
45_30,65.76515954859535,140.41038385879293
45_31,71.87442268079656,147.93324057245516
45_32,78.73589555507344,155.52613586342142
45_33,86.10186778364529,153.59250849577018
45_34,93.91922476980346,149.63644687279603
45_35,88.13219656486517,146.26033487589672
45_36,80.06606364129296,143.50512598193754
45_37,72.48466873311541,141.40713440535595
45_38,65.46715558535473,139.99592692372778
45_39,59.050258452812535,139.29239549359417
45_40,53.74103767496203,139.25150127157653
45_41,49.89440584860152,139.794672757124
45_42,41.689772058724515,141.044201407898
45_43,32.46903179754595,142.9861216870956
45_44,23.521020064910207,145.58427506231604
45_45,15.249227648674937,148.79395614025594
45_46,7.902586399613622,152.59476983111495
45_47,0.5550750080552478,156.94378929343193
45_48,7.436971352367788,161.79682850160782
45_49,16.389992611297924,167.10999554845102
45_50,25.650752842026,172.84087592865734
45_51,35.21821479570997,178.94935529227732
45_52,44.97834602529523,185.39812683413493
45_53,54.82839571400246,192.15294466326148
45_54,64.7273647136612,199.18268656230475
45_55,74.64495970296379,206.28505948750626
45_56,84.56283928782767,213.3296304428564
45_57,93.78742119672322,220.60433418810032
45_58,99.08536280889622,228.0871623761354
45_59,102.4945583355196,235.75830871804678
45_60,104.69694035170876,243.59999283457893
45_61,107.39954137643393,251.59627892522244
45_62,110.92492347781142,259.73289762653206
45_63,115.21562905713682,263.5030337668407
45_64,117.71325084860878,266.48338238138825
45_65,120.4818234577383,269.80350333429396
45_66,123.99997202630048,273.4510292500795
45_67,128.20602236013076,277.4130542519402
45_68,133.02966586632542,281.6763157586859
45_69,138.30135034804556,286.22736174303446
45_70,144.0757719844948,291.0527006809407
45_71,150.29664704175423,296.1389326133027
45_72,154.4965723253799,301.4728607788768
45_73,158.90148380602074,307.0415841244667
45_74,163.71491871676608,312.8325716445261
45_75,168.93258821775623,318.83371995586265
45_76,174.56822635637835,325.033395795078
45_77,180.4576384469765,331.420465265144
46_0,47.03990333525865,174.30518855363155
46_1,37.09997974975161,165.58023564461826
46_2,27.206687041901983,157.00713795203373
46_3,17.439695230080158,148.61219390697545
46_4,7.535320884559338,140.42737449349286
46_5,2.444878035881754,132.49164506542272
46_6,12.109336517848709,124.85253046862131
46_7,19.1754008467545,117.49979355810792
46_8,18.081697068157187,110.43272238069956
46_9,17.27115906193165,103.60967433805509
46_10,10.04446977533391,97.33705648257741
46_11,8.678250644375112,91.72788428200474
46_12,14.25417050630247,86.91073546673213
46_13,22.482462564596702,83.02361643169499
46_14,31.591878279986258,80.20189757570584
46_15,41.11914386901745,78.56049391261676
46_16,50.829887685478134,78.17382032017511
46_17,59.55722928420993,77.52956520939446
46_18,59.212953385239736,75.79427675863346
46_19,59.458223886707486,75.3572552775885
46_20,60.84980214242596,76.24086136604672
46_21,63.28085787520904,78.4004867307572
46_22,64.93091144814032,81.7350778070103
46_23,62.4675596381719,86.10826741493136
46_24,61.35855216095276,91.37107613870637
46_25,61.11002853998485,97.37939918979399
46_26,62.21496654682336,104.00413528485822
46_27,63.61636852994356,111.13512865696089
46_28,66.02374384984115,118.64553601769727
46_29,69.61033160642421,126.21286543048727
46_30,74.2924218559713,133.73504439597772
46_31,79.804879055647,141.378562709381
46_32,86.07581460825418,149.29917527228423
46_33,92.95840038523862,157.4566332513336
46_34,91.7708819357696,159.06882230285225
46_35,82.86088858943316,155.89012607202102
46_36,74.23000753502002,153.3008720454727
46_37,65.98788717063583,151.33133440092757
46_38,58.29968759959945,150.00594080565676
46_39,51.28479199246785,149.3418580415976
46_40,45.0783404319137,149.2965892455018
46_41,40.42460035024215,149.7963346673033
46_42,37.899994221495405,150.95518394603334
46_43,29.395160204060048,152.7632496593694
46_44,19.618599573515233,155.1971930956712
46_45,10.091197819531313,158.2041257047389
46_46,1.1450295585620573,161.77624571445156
46_47,6.230395881679364,165.87705801705042
46_48,13.572282756757375,170.46842601284226
46_49,21.314859443951406,175.51186894876932
46_50,29.690639136301588,180.9696074014228
46_51,38.70053862771405,186.80534538556753
46_52,47.93224005011818,192.9848070486262
46_53,57.274373972608544,199.47606297446683
46_54,66.80914839823575,206.2496878928989
46_55,76.46521776555781,213.27879120404907
46_56,86.20186010440855,220.37089670562113
46_57,95.99458792315693,227.41390979214407
46_58,105.82785712098122,234.67328605095804
46_59,112.24027183498347,242.1295757473827
46_60,114.28301109816525,249.76515380261677
46_61,116.82202907179536,257.564085022974
46_62,120.063015209538,265.5119844401303
46_63,124.03010194011274,272.97704835507363
46_64,127.29994250082551,275.8466142536906
46_65,129.8560101105235,279.04694642693926
46_66,133.118465427777,282.5668147597825
46_67,137.0368848303946,286.3944462004397
46_68,141.55682352254126,290.51768464558984
46_69,146.57249857839244,294.9241400659821
46_70,152.02550924759416,299.60132424138845
46_71,157.9261697738555,304.5367714231877
46_72,163.44704317549437,309.71814309813874
46_73,167.60871197449418,315.13331675278533
46_74,172.24102799793206,320.77045911783773
46_75,177.20085703252155,326.61808480494875
46_76,182.57520740798336,332.6651015445945
46_77,188.30099656574305,338.90084341082814
47_0,48.29832244558719,169.61184048158407
47_1,38.46946361349623,160.63675409444886
47_2,28.760536756359638,151.78948218456418
47_3,19.300318973558667,143.09375089307764
47_4,10.327390944483634,134.5789560654112
47_5,0.9172083803961599,126.28172176464827
47_6,8.999119618196119,118.24787442406252
47_7,17.106708866835753,110.53488067440409
47_8,23.332705237863575,103.15026932915717
47_9,13.351971978474278,96.08400180865011
47_10,3.498462040764104,89.29109092941447
47_11,0.04048497537060561,83.148094922076
47_12,9.64490789835149,77.80912895804715
47_13,19.634513935136383,73.44976753439694
47_14,29.633207701213543,70.25264379768801
47_15,39.634172223363684,68.38100803439481
47_16,49.63608319932848,67.94452255315127
47_17,59.63850472747796,67.63472127163364
47_18,69.42961514062368,65.64667016653569
47_19,69.64945279899557,65.14982042820094
47_20,70.89828071770867,66.17780489923618
47_21,73.02238718086882,68.66220607519655
47_22,74.65709800851481,72.4533927616424
47_23,72.51807573864706,77.35950872259862
47_24,71.49129953535255,83.18354373769552
47_25,71.2663885751868,89.74700116529641
47_26,72.27626369666272,96.89977002504993
47_27,73.64382978046002,104.44256358974386
47_28,75.72590481252318,112.00718941214784
47_29,78.95667800088714,119.53471856542588
47_30,83.10697137165785,127.24745391543678
47_31,88.18692685696159,135.26008887267648
47_32,93.8939198323722,143.49329807034582
47_33,92.02472997142301,151.7539195223079
47_34,86.55951155018388,159.99023044162527
47_35,78.50138272404016,165.5710682207923
47_36,69.36755066555938,163.12827290047963
47_37,60.47193492610396,161.27134352142377
47_38,51.98053314097621,160.02069197906889
47_39,44.1273717562152,159.39060529755736
47_40,37.11552851095896,159.34088968736705
47_41,31.308607526075228,159.80213129011202
47_42,27.982911141507273,160.88099553787353
47_43,27.254803202782725,162.5707681982372
47_44,17.480864327903284,164.85267921325283
47_45,7.706596878247577,167.6847761422547
47_46,2.0679990063632485,171.05121082278646
47_47,11.842923185013937,174.92699989449736
47_48,20.356546372174716,179.27912521599382
47_49,27.692794366338394,184.0738166003185
47_50,35.2267849177903,189.277457342148
47_51,43.47428511754531,194.8572999838916
47_52,52.022497639867744,200.78199467334443
47_53,61.01495585028532,207.02194782945077
47_54,70.23167961384046,213.54953711901203
47_55,79.48878786359722,220.33921146851858
47_56,88.89159499307935,227.36750378693065
47_57,98.41397055129428,234.4493704684168
47_58,108.02432343549225,241.49077314425236
47_59,117.70112775193333,248.73633725518158
47_60,123.8838327274562,256.16874942781106
47_61,126.3142740975892,263.77222495893
47_62,129.30944584141085,271.5324030755511
47_63,132.99300430730455,279.43623779725243
47_64,136.9240126006504,285.243767857017
47_65,139.29526766697006,288.3313906907091
47_66,142.333284889675,291.73087340586824
47_67,145.9964640907154,295.4314588447825
47_68,150.23910058509966,299.42199126109443
47_69,155.01363998875127,303.69104908894144
47_70,160.18327344350098,308.2270674267454
47_71,165.7862990602907,313.0184485536342
47_72,171.7910112183093,318.05365949539197
47_73,176.42951436049984,323.3213162702111
47_74,180.83942892481932,328.81025495390185
47_75,185.61621234926062,334.50959010339113
47_76,190.74569345529721,340.40876136933116
47_77,196.25283852982847,346.49756932329734
48_0,51.02979591531637,165.42734138832054
48_1,41.6640847892609,156.21624879244996
48_2,31.891916322634742,147.10776956647103
48_3,22.27860897753316,138.12222305878444
48_4,13.020348517804637,129.28526247952513
48_5,5.302747421940285,120.62956709708557
48_6,4.327806799478167,112.19711861616649
48_7,11.44133658792711,104.04223587465202
48_8,16.151303882936986,96.23553180722864
48_9,15.9446449865285,88.80900967626393
48_10,8.761715521188863,81.74243258556456
48_11,7.307383575304009,74.9905510177228
48_12,13.31736245597546,69.03091620944491
48_13,21.82187083613545,64.08497617540718
48_14,31.12366754784474,60.402301508998576
48_15,40.75874434453874,58.22313909673158
48_16,50.53688357429129,57.71808077083449
48_17,60.388671594483576,57.85376543146323
48_18,70.2831794580219,55.52498318317024
48_19,77.68147474963446,54.94499747123095
48_20,80.94927125436186,56.16805297313194
48_21,82.87386181153367,59.0823246571485
48_22,84.48904245224678,63.45526412163153
48_23,82.59810795061063,69.01017044307459
48_24,81.63213259338686,75.4865909778575
48_25,81.42386508498424,82.66825889776804
48_26,82.33744909029734,90.2372707272351
48_27,83.6955891181226,97.79903841893436
48_28,85.53075915680132,105.3396843017179
48_29,88.46149683053115,113.14043232525636
48_30,92.19353095526314,121.26439348568913
48_31,93.48896374540942,129.52965280478358
48_32,87.77037680745451,137.7846782125354
48_33,82.86768384801165,146.03272514859836
48_34,78.93309526304753,154.43790890877156
48_35,72.45963977133802,163.0231921852427
48_36,64.79725445509476,171.76158641430982
48_37,56.12901533330027,171.22421800815962
48_38,46.97809846697705,170.0391519445786
48_39,38.11395699506295,169.43857273849267
48_40,29.975276773414382,169.38435126244448
48_41,22.97002628107241,169.8111411568327
48_42,18.188617899547452,170.81886208169755
48_43,17.60865266058014,172.40330389132265
48_44,14.068650722285188,174.54877612668707
48_45,5.564215156238467,177.22441545889646
48_46,4.207513320578506,180.40506870057982
48_47,13.979567515727828,184.07623355783437
48_48,23.751947300335424,188.20922204883587
48_49,33.524652544420974,192.77434559759445
48_50,41.80647108809647,197.74168993758602
48_51,49.243595874241606,203.08175482286262
48_52,57.338674499614896,208.76595259134362
48_53,65.67142249586772,214.7669724201022
48_54,74.35660865450134,221.05902524382643
48_55,83.33893232957362,227.61798836455233
48_56,92.523280085539,234.42146974646377
48_57,101.75147198991466,241.4488109010387
48_58,111.06985185216656,248.52045869322714
48_59,120.49894143528799,255.5602083135488
48_60,130.014676495478,262.79323222375984
48_61,135.86142741326051,270.20401920235724
48_62,138.64231729441164,277.7783513373738
48_63,142.0760301393122,285.50322148143164
48_64,146.11656738498536,293.36674684682924
48_65,148.78700732650586,297.65290381401724
48_66,151.62666885250493,300.9387008636807
48_67,155.0622541507647,304.5190472655747
48_68,159.0551685747813,308.3836920665712
48_69,163.56461695129573,312.5220965251161
48_70,168.5186776295418,316.92354439634636
48_71,173.84558539018775,321.5772427661053
48_72,179.57349816949795,326.472412382378
48_73,185.34751796304238,331.59836694566553
48_74,189.54184641880613,336.944581260236
48_75,194.1564569589307,342.5007485071574
48_76,199.0608298745078,348.25682717629974
48_77,204.33612087993885,354.20307839257305
49_0,53.99945170000947,161.7909316349055
49_1,44.59746190210997,152.36398431780097
49_2,35.52387852586006,143.0143658499388
49_3,27.110562002174554,133.7583110938954
49_4,18.128190064824132,124.61669003840848
49_5,9.697479379208845,115.61667129605378
49_6,2.100958214989619,106.79408426195863
49_7,5.616701170555286,98.19679026412808
49_8,6.6423155496623965,89.88948313989857
49_9,6.304185437019327,81.96041773736319
49_10,12.639969082385909,74.47677930117143
49_11,17.262880916484313,67.40814603801095
49_12,20.769263159709695,60.715886443797054
49_13,27.47410918836955,55.03536046501427
49_14,35.631994181093454,50.7077833083182
49_15,44.29370409378227,48.099782466074814
49_16,53.42574750499819,47.495529474430434
49_17,59.77854779798314,48.255206588348265
49_18,63.85365085091256,45.445697594218394
49_19,69.14496416461458,44.74372242642338
49_20,75.39689612339356,46.24540926462515
49_21,82.39108878271998,49.75166434032939
49_22,89.95459931912212,54.879654900994666
49_23,92.69765239358883,61.223265931740514
49_24,91.77799262341699,68.4453693743123
49_25,91.58170802365639,76.02965937264044
49_26,92.39854189470806,83.58841522902755
49_27,93.7488398735339,91.157103526512
49_28,95.4062905389172,99.0694527440179
49_29,98.03565844574712,107.29638782246607
49_30,92.49629746983044,115.56569099287728
49_31,85.67261932781967,123.81212789549066
49_32,79.40128497877262,132.12710382595955
49_33,73.953817878421,140.65578445123148
49_34,69.52494175579993,149.36695428813
49_35,66.31908050852752,158.2304931018631
49_36,58.41680024495109,167.22219002452061
49_37,50.62841359628053,176.32245492542182
49_38,42.91764692584506,180.060526109455
49_39,33.764663794358526,179.48571556618367
49_40,24.61120861637863,179.42693939036835
49_41,15.877949291036446,179.82265299177968
49_42,8.926797363029612,180.76662189451844
49_43,7.900124702162651,182.25663609868778
49_44,6.900678296907689,184.27946439307044
49_45,0.08007770606874866,186.81384017587408
49_46,7.714612620829302,189.82599320952767
49_47,16.727801607025686,193.31050062916387
49_48,26.022179681520385,197.24234290152853
49_49,35.6660443038776,201.5953604010164
49_50,45.433582134463094,206.3429118469444
49_51,55.20407570705518,211.45843742561865
49_52,63.29868283308656,216.91591674383477
49_53,71.21007927660051,222.69022194774607
49_54,79.47548066183109,228.75737356444046
49_55,87.93179136082173,235.09471098751138
49_56,96.68470709822158,241.68099150776212
49_57,105.66056768205402,248.49643200644044
49_58,114.80711782596894,255.52270648901828
49_59,124.0294695805638,262.5841482894585
49_60,133.29125117860238,269.62220977070484
49_61,142.65235035684677,276.84377146468813
49_62,148.04507912671394,284.2348563366702
49_63,151.2573419655163,291.78259118574624
49_64,155.0507672020006,299.47514077234956
49_65,158.32160311284488,307.00801945196343
49_66,160.98482818669308,310.1863105628609
49_67,164.21648590149078,313.6527277830962
49_68,167.98378897278897,317.3978390706739
49_69,172.25161132425308,321.41191041601235
49_70,176.98376293166376,325.6850049995012
49_71,182.0774243946594,330.2070749300975
49_72,187.54645325971816,334.96804450415794
49_73,193.37979243128243,339.95788434942887
49_74,198.34498304678863,345.1666761953939
49_75,202.75724333495143,350.5846683283088
49_76,207.5030913677056,356.2023220433875
49_77,212.56099846460805,362.01034959890626
50_0,58.03568806211884,158.74003805600526
50_1,49.40577851105039,149.1237449872934
50_2,40.630220530152016,139.56077004087496
50_3,31.99528964198015,130.06289349435258
50_4,24.029041151543588,120.64551156699974
50_5,16.355221714432304,111.32907569848243
50_6,7.858930752348449,102.14123631006989
50_7,2.882670721675625,93.12009258107928
50_8,0.013267843626959047,84.31919460342371
50_9,1.411731337302391,75.81531508249088
50_10,8.086273682930523,67.72047669453578
50_11,18.076682020073147,60.155093803585864
50_12,28.0735136137438,53.081441702069995
50_13,34.9150225219491,46.4845477105815
50_14,41.73964022341786,41.27811198669009
50_15,45.77706217013241,38.03751622659749
50_16,47.07827550269551,37.27906455487213
50_17,50.27745057230791,38.97308637892457
50_18,55.06677164090322,35.443956454490234
50_19,61.12920911775773,34.54806551868405
50_20,68.12576505842401,36.48000828772377
50_21,75.7982423979625,40.84049195004873
50_22,83.9615776411488,46.957836340755364
50_23,92.48591267739504,54.230483557814935
50_24,101.28016295632584,61.8197309456658
50_25,101.73947669742937,69.375322096873
50_26,102.46801496908871,76.99600325571869
50_27,103.8020233309598,85.05434943883542
50_28,101.41338839148341,93.32808055457376
50_29,93.39679083380625,101.59285269208793
50_30,85.67260185605346,109.84820503281611
50_31,78.27004094672863,118.29636140393819
50_32,71.47860894165659,126.96991883398493
50_33,65.38212265948847,135.82572321865248
50_34,60.33556435737476,144.8303661908118
50_35,56.62042078457138,153.9577520133788
50_36,52.538543462713406,163.18730303520883
50_37,44.478108394307256,172.5026372793391
50_38,36.46724555281617,181.8905904814232
50_39,29.004438790083505,189.53200347290945
50_40,20.55918634409822,189.4686317990983
50_41,11.408306612086976,189.83611040788844
50_42,2.2580793605762595,190.7225674322053
50_43,0.7502453229581235,192.12740712996552
50_44,1.9126136502271438,194.03938382338575
50_45,7.246351804917927,196.44370334869114
50_46,14.221303740916541,199.3043225617727
50_47,21.749378648976165,202.61802657813445
50_48,30.00331941432889,206.36481357431904
50_49,39.04915189464719,210.5215735968947
50_50,48.2470319438615,215.0645482361537
50_51,57.643053854333644,219.9698215170786
50_52,67.21482359882515,225.2137331396882
50_53,76.89677622216033,230.7732107592846
50_54,85.14214673173613,236.62602406684286
50_55,93.32641729923367,242.7509675587923
50_56,101.64391539012458,249.12798125245118
50_57,110.21194290691622,255.73821954886017
50_58,119.00475545548355,262.56407835772694
50_59,127.97605038243118,269.5891898429444
50_60,137.09081250743617,276.64043278894286
50_61,146.30215799406352,283.6767769131819
50_62,155.53316301798225,290.88779790135186
50_63,160.51989371772126,298.2608355539934
50_64,164.09122266566143,305.7841792692266
50_65,167.89158253713694,313.44701487877114
50_66,170.39692252316107,319.4701643167356
50_67,173.44499129130276,322.8285057131819
50_68,177.00776910232446,326.46000645433395
50_69,181.054888396532,330.3556662600339
50_70,185.55467478860646,334.50626386005786
50_71,190.4592947301401,338.9024402863679
50_72,195.68645215874264,343.534775350824
50_73,201.2764086946208,348.3938566275675
50_74,207.19981628989908,353.4703405778789
50_75,211.45445721213528,358.7550057317393
50_76,216.05228181435663,364.2387980694081
50_77,220.9115321131767,369.91286892721337
51_0,63.138850985540316,156.30870801836707
51_1,54.399351826767344,146.53587920822713
51_2,46.07892242211281,136.795174631147
51_3,36.21895853682578,127.09400038339031
51_4,26.257726019064858,117.44217434993622
51_5,16.341101486244543,107.85296933784468
51_6,6.6714508599587425,98.3447305782085
51_7,2.6387135103079395,88.94345680283466
51_8,7.669521809712719,79.6870473681919
51_9,6.278220761735939,70.63251501219392
51_10,11.497006817355985,61.86859958756324
51_11,20.204273045055455,53.53825716248032
51_12,29.69850057437183,45.84738958099034
51_13,39.29642963543965,38.7630972386627
51_14,36.63163665435409,32.344622605846546
51_15,35.544721309049635,28.100740852227784
51_16,37.21352227964323,27.074231390845664
51_17,41.12836439196953,29.60180666766055
51_18,46.86821810455568,25.609361380197438
51_19,53.86651198649836,24.363601395871644
51_20,61.69652662588219,27.04140574222682
51_21,70.08006878644916,32.69254255329806
51_22,78.84079134878557,40.013446511963814
51_23,87.86597617179804,47.60748634548863
51_24,97.08192197441512,55.15976075540098
51_25,106.43911490651962,62.8735344560008
51_26,112.55230866252705,71.08161026787702
51_27,104.57500455493556,79.3594601306623
51_28,95.89116322543734,87.6153782998328
51_29,87.44641341596056,95.95364257874465
51_30,79.28453774704498,104.57182020427244
51_31,71.51669900366313,113.41664791122632
51_32,64.05104899423522,122.43903935201271
51_33,57.30574049716291,131.60250037113866
51_34,51.48157530175359,140.8795258343356
51_35,47.081540510978016,150.24909981520616
51_36,44.52987761681516,159.6949506365237
51_37,38.49337877480277,169.20432078399253
51_38,30.775390572330252,178.76708962210677
51_39,22.339413983036554,188.3751399492991
51_40,14.85347387481467,197.8419353421007
51_41,7.141103072268275,199.85107317158233
51_42,1.7913414235448253,200.6853335185042
51_43,2.8836751603220003,202.01291503517834
51_44,7.475494160874478,203.8241912277738
51_45,15.175029730649046,206.10642298561555
51_46,21.385904246402017,208.83210041603488
51_47,28.355034720952926,211.98902438582306
51_48,35.78840708321691,215.56515556118168
51_49,43.75147446948053,219.54002130294768
51_50,52.34240228809873,223.8923977074567
51_51,61.362800613017626,228.60073491565385
51_52,70.54460066684972,233.64352557757766
51_53,79.82042621857025,238.99961133297248
51_54,89.25359290054851,244.64842709646797
51_55,98.79912795020368,250.57018658489363
51_56,107.17611532376114,256.74601491278656
51_57,115.44150632167108,263.1580353733053
51_58,123.8586963837905,269.78941794843166
51_59,132.49704562412617,276.6243968996766
51_60,141.31602289387732,283.6482641997167
51_61,150.28385150152894,290.68931066680176
51_62,159.37542429348093,297.7239128277461
51_63,168.56705565534773,304.92518699509986
51_64,173.22113485354265,312.28161166023153
51_65,177.09458418232606,319.78248809803733
51_66,179.85432976755257,327.4178970188368
51_67,182.73636581945476,332.0428134443845
51_68,186.11308954882023,335.5662270944782
51_69,189.9581364733042,339.34902335375534
51_70,194.24371158028495,343.38263778736297
51_71,198.94136147100275,347.65834801559737
51_72,203.9733624150356,352.1673437812437
51_73,209.3344260733148,356.9007908775416
51_74,215.02839258708198,361.84988851327995
51_75,220.24214949785272,367.00591992996584
51_76,224.65489591609636,372.3602962894675
51_77,229.3738822765881,377.904594016807
52_0,65.83496361398107,154.52595193110898
52_1,55.847775397725414,144.6351557834012
52_2,45.864521920470295,134.75967359838373
52_3,35.888557620824734,124.90315817579126
52_4,25.928395584056894,115.07050565075824
52_5,16.013708699855048,105.2684273268418
52_6,6.1658080107666065,95.50636429939325
52_7,3.0530498275009355,85.79800646765285
52_8,12.758235837823362,76.16392741649014
52_9,16.369802882142547,66.63639086479596
52_10,19.64280628674012,57.26864206500365
52_11,25.79649352240493,48.15407970803695
52_12,33.781707663266225,39.46856868484506
52_13,31.13875355165712,31.563366846402214
52_14,26.81269428884541,24.455765518443865
52_15,25.31668826145936,18.49094737680644
52_16,27.548656880487208,16.900017475635565
52_17,32.62766741451872,20.716567096264452
52_18,39.6239750473244,16.246146408345165
52_19,47.70134186331741,14.211945130466999
52_20,56.397215493043035,18.436589762262585
52_21,65.46562837109009,25.794116807802567
52_22,74.7711921806222,33.38944359314192
52_23,84.23538089600552,40.941732418234295
52_24,93.81022647460568,48.82663490894874
52_25,103.46503871080557,57.10869762185423
52_26,109.37456548238299,65.38257719705798
52_27,100.15482789759135,73.64690686306095
52_28,91.05521205462601,82.17544653427407
52_29,82.16425462290445,91.00339550179453
52_30,73.55769405869611,100.0515586355492
52_31,65.22830465962265,109.26526786856753
52_32,57.36839847224892,118.60597249447592
52_33,49.83946779553578,128.04590518903484
52_34,43.16905058193791,137.56466026727517
52_35,37.82263083653052,147.14696090113213
52_36,34.60399464697065,156.7811740292366
52_37,33.277692428473394,166.45830319611503
52_38,24.620216979493456,176.17129250398472
52_39,16.736939301953182,184.57826307285163
52_40,8.394811081151111,188.7871234836404
52_41,0.7087431819986196,193.4209963240803
52_42,6.772644395517351,198.45012623914087
52_43,12.831037318589354,203.84527537579012
52_44,15.236558939659048,209.5781926742818
52_45,21.581899255883226,215.62195211580317
52_46,28.949771639553827,218.40272558033257
52_47,35.51798607685706,221.41530746004645
52_48,42.481277524407716,224.83368384992787
52_49,49.82269432976845,228.63966623729812
52_50,57.67651564818116,232.81425757510885
52_51,65.96703652826582,237.33801943264456
52_52,74.67820322588446,242.19139790563852
52_53,83.67878207271465,247.35500242718763
52_54,92.84697808470199,252.80983553211564
52_55,102.06145036169015,258.5374747214075
52_56,111.40470211560925,264.520209789512
52_57,120.85373845436983,270.74114037324034
52_58,129.27809321290246,277.18423918424935
52_59,137.58716450219907,283.83438655435197
52_60,146.09429861033482,290.67738170992914
52_61,154.78082544510443,297.69993573621974
52_62,163.61819314600746,304.73078412892175
52_63,172.5832479812983,311.7636233890889
52_64,181.657102237562,318.955839487152
52_65,186.10074010398966,326.2969022117031
52_66,189.3501178764477,333.77699891555346
52_67,192.0813461966527,341.2924572626095
52_68,195.28823556345336,344.71293759354023
52_69,198.94779960224255,348.3880691709458
52_70,203.03557636180665,352.30989057614426
52_71,207.52627671726438,356.47026741590525
52_72,212.3894457874428,360.8609563933253
52_73,217.5357871204989,365.47366437075937
52_74,223.01276651645975,370.30010197036455
52_75,228.79704035349715,375.33203146190436
52_76,233.34665511146457,380.5613088660324
52_77,237.92860146457292,385.9799203516046
53_0,65.88637533355782,153.41414986288302
53_1,55.91138704981159,143.44864404568068
53_2,45.94501173080681,133.4874043864275
53_3,35.987745019432346,123.5314837829454
53_4,26.030654011596987,113.58230371775069
53_5,16.073386547245757,103.64183043832186
53_6,6.115942544173056,93.71286245878042
53_7,3.8416780789903795,83.79952067293937
53_8,13.799475402772899,73.90812868238012
53_9,23.01494489166098,64.04889783142525
53_10,28.83863230956166,54.2394176717566
53_11,33.66962941228019,44.51265135929463
53_12,30.54409436825057,34.9378266917486
53_13,22.921631965713747,25.68553233313075
53_14,17.249201547136295,17.281955722158315
53_15,15.09942447360388,10.17714474274779
53_16,18.463736224717483,6.8883732580912245
53_17,25.432656206970183,13.826594860850442
53_18,33.94950756854388,8.972154747887801
53_19,43.10640540045473,4.322472170425388
53_20,52.56999933400061,11.572494078329697
53_21,62.20050218811097,19.16413351827419
53_22,71.93094333394166,26.722739250396685
53_23,81.72566763944961,34.849207870512316
53_24,91.56407825986413,43.13547208595236
53_25,101.43349142906808,51.40023610555487
53_26,105.95259365442217,59.78774758025183
53_27,96.44510778567735,68.58624679380092
53_28,87.04704588213993,77.67512085971562
53_29,77.78977319683477,86.96340513999444
53_30,68.64602558866873,96.39350176997678
53_31,59.77096150173221,105.9275700751095
53_32,51.26830811654011,115.53989898320233
53_33,43.225569368100025,125.21248872469683
53_34,35.63571290626425,134.93240170142113
53_35,29.11093527312552,144.6901208170156
53_36,24.795497880485875,154.47850065328842
53_37,24.126210459390826,164.29207857641134
53_38,19.154846350973525,171.44912441237258
53_39,11.518402498348722,175.41121274120843
53_40,2.6001632022504952,179.84167529139555
53_41,4.233271546970372,184.70682742983857
53_42,13.429766233921516,189.9732911303053
53_43,20.875661567634697,195.6086703691089
53_44,24.5914743343197,201.58204254892408
53_45,28.980280697516324,207.86428567606214
53_46,35.68567615204591,214.42826804448308
53_47,42.925670335872624,221.24892902224124
53_48,49.64260388469051,228.30327796721542
53_49,56.60003856773799,235.57033485473755
53_50,63.87615290209751,241.81961006131945
53_51,71.6711491764201,246.1702387212071
53_52,79.75685075842732,250.84517112628902
53_53,88.23636288082021,255.8266399003062
53_54,97.00649939843512,261.09711104858167
53_55,105.99517280120696,266.63945804472047
53_56,115.14152074917321,272.4370988405369
53_57,124.32691399932902,278.4740987999844
53_58,133.60758745062031,284.73524338000055
53_59,142.98578302428248,291.20608475976474
53_60,151.37308458925224,297.8729666595472
53_61,159.7677940684093,304.7230313918106
53_62,168.33868200656852,311.7442128374146
53_63,177.06018223371456,318.76485822138716
53_64,185.91111514241692,325.79591659258665
53_65,194.87386066057854,332.9796759839299
53_66,198.87865789491934,340.306474479465
53_67,201.47234387625164,347.767279699199
53_68,204.52368278548343,353.8969306126277
53_69,208.01254945284842,357.469270737903
53_70,211.9173490609567,361.2841843354475
53_71,216.21556118557697,365.3340800192458
53_72,220.88423372592203,369.61124115822076
53_73,225.86476355235723,374.10788031572383
53_74,231.1366818697354,378.81618915860537
53_75,236.71486778795799,383.7283835455859
53_76,242.12054389861143,388.8367436599981
53_77,246.532423520076,394.1336491861211
54_0,64.25357523286391,152.987704929995
54_1,54.30758064839786,142.99388302090816
54_2,44.3830071197159,133.0000133649592
54_3,34.49842319350076,123.00610555619078
54_4,24.701988530046595,113.01217266496477
54_5,15.165675682886876,103.0182329238362
54_6,6.280830973910006,93.02431250012597
54_7,1.1895385950149362,83.03045027075477
54_8,11.09618078374347,73.03670651700183
54_9,19.259681081316533,63.043179888475464
54_10,24.45596577285005,53.05004353867886
54_11,31.892804145121055,43.05763157093675
54_12,26.17235017172158,33.06668217820761
54_13,16.75093847250374,23.07921201996249
54_14,8.610790518548814,13.103386304471158
54_15,4.953155190225129,3.2491580795397446
54_16,11.49823413959521,0.940191397804744
54_17,20.934215298335694,10.444795142593785
54_18,30.726080922101016,7.833866192932766
54_19,40.61732320060037,0.12151533579089745
54_20,50.5496942886247,4.936380401310711
54_21,60.50298793716065,12.581253482813386
54_22,70.46837862208146,20.8717390147745
54_23,80.44140532372663,29.154096036939126
54_24,90.4195723823427,37.432275970683826
54_25,100.40137522308564,46.166007776792014
54_26,103.40991844118979,55.32854525238359
54_27,93.64784576479143,64.73811770688506
54_28,83.94063461015182,74.30096801000155
54_29,74.30982610240622,83.96477538402172
54_30,64.78954421400377,93.69833814831753
54_31,55.43681250886111,103.48200218700853
54_32,46.250079235942096,113.30281490994292
54_33,37.410205692073475,123.15191271158895
54_34,29.10384602926067,133.02303473529093
54_35,21.44135951534479,142.91163759255548
54_36,15.32930296794043,152.8143467880364
54_37,14.231995447673544,158.489128457545
54_38,14.965734474232704,162.15983790568814
54_39,5.3623412654833915,166.35037627127892
54_40,1.526923025034436,171.022553641459
54_41,10.321322793745685,176.13806402468424
54_42,17.916532073607314,181.65947538862935
54_43,26.582560890972918,187.55095881042948
54_44,34.116814708984016,193.7787789407185
54_45,37.600415788517935,200.3115827368049
54_46,42.97543113646329,207.12052850476113
54_47,49.79949835355146,214.1792958658829
54_48,56.970174104495705,221.46401221009222
54_49,63.75976379610985,228.95312468030303
54_50,70.71132380433146,236.62724014043178
54_51,77.94576474438261,244.46894967571112
54_52,85.68827116365196,252.46264927360676
54_53,93.63564354326823,260.5943644829917
54_54,101.93747800106779,268.85158395077843
54_55,110.52128424545353,274.8641309993078
54_56,119.32625123131314,280.4845065751223
54_57,128.30687924512267,286.34467945169104
54_58,137.4282436487601,292.43024342982557
54_59,146.60141166130398,298.7274336348299
54_60,155.836106609597,305.2231612695366
54_61,165.16035231487155,311.9050315684996
54_62,173.49774248801538,318.7613480075938
54_63,181.96711299506597,325.78110555463326
54_64,190.58543871788984,332.79154016634874
54_65,199.33341507035217,339.82080205317544
54_66,208.10012803732832,346.99663286182647
54_67,210.9030922422101,354.310135517663
54_68,213.81149960548902,361.75296827526597
54_69,217.14286690805997,366.5894320898214
54_70,220.8780704938959,370.3020365692466
54_71,224.9970118816817,374.2460370180909
54_72,229.4790415645197,378.41420584072796
54_73,234.30300805660977,382.79922782965264
54_74,239.38582856128602,387.39374650973156
54_75,244.7683404101056,392.19040642735405
54_76,250.4355663603495,397.18189120715357
54_77,255.2185673155208,402.360957317525
55_0,63.108554928903004,153.25212033718722
55_1,53.43155272765707,143.2776076263523
55_2,43.896027450269145,133.30585989167284
55_3,34.12980797062416,123.33756922524425
55_4,24.21309568358585,113.37367093188057
55_5,14.402446627697383,103.4154603800896
55_6,5.177339314837919,93.4647842029582
55_7,3.3185392171948,83.52436739893
55_8,7.565611598558155,73.59840366217473
55_9,10.16831677820099,63.693692840065346
55_10,17.949689291290255,53.822019943061065
55_11,27.184965656421014,44.00568637098803
55_12,25.435751720315686,34.292328218579534
55_13,15.577151481630827,24.747792141505712
55_14,6.171838669141487,15.23185397177972
55_15,3.319581075140867,5.716124000284918
55_16,11.08308433756358,0.13041299176147159
55_17,20.84314517008616,7.285333509051859
55_18,30.72760772237776,13.471950621555328
55_19,40.62225557381998,5.940850059871293
55_20,50.55276146821618,0.5550371063046954
55_21,60.504639043951514,6.893954444320408
55_22,70.46887437797443,15.166938192918265
55_23,80.440910532184,23.746494255274083
55_24,90.41819795342371,33.081457702799575
55_25,100.3991994839872,42.71613054131248
55_26,99.9026359551242,52.48577525645603
55_27,91.37473794901744,62.32700032457579
55_28,81.91748746295819,72.21058550816304
55_29,72.06830354280396,82.12127280320217
55_30,62.220803059314015,92.05034014793371
55_31,52.41513810197671,101.99244819974236
55_32,42.69744860446336,111.94414846599092
55_33,33.14529193129369,121.90311571025919
55_34,23.879237551619557,131.8677256925818
55_35,15.126684904161795,141.8368098489313
55_36,7.27045591263632,145.744681258939
55_37,5.052504832170829,149.0674645940471
55_38,12.238251854223197,152.97160962752537
55_39,2.768321455999119,157.41388525977936
55_40,6.702006552707433,162.35014284505246
55_41,15.626749778604026,167.73679475985557
55_42,23.40260251785563,173.53192135592707
55_43,31.865981039413164,179.69602469570384
55_44,40.20012808393278,186.19247887319517
55_45,46.77411929033384,192.9877395724946
55_46,51.18825054018725,200.05137545207245
55_47,57.03192765918594,207.35597654749978
55_48,63.91428255171068,214.87698445112113
55_49,71.0383388211616,222.59247830818333
55_50,77.86947147380697,230.4829411309391
55_51,84.81513872321487,238.53102315310787
55_52,92.0208237647987,246.72131297942045
55_53,99.70053279618888,255.0401229223791
55_54,107.56615947646466,263.475291859698
55_55,115.7281673229819,272.01600688740507
55_56,124.15962536804997,280.65264371971375
55_57,132.8092477322981,289.37662498386766
55_58,141.6370922517807,298.18029511306844
55_59,150.61184380916634,306.3873306852841
55_60,159.70875727069642,312.71698394653953
55_61,168.87638724826647,319.23513352808385
55_62,178.07716310638372,325.9304796109017
55_63,187.2700995183632,332.7923362830556
55_64,195.64981347170817,339.8106251987164
55_65,204.1759239805403,346.8108388598297
55_66,212.83085194035934,353.8382906239554
55_67,220.36837731935447,361.0066591310075
55_68,223.145037869355,368.30772450690677
55_69,226.33070971794334,375.7337592139145
55_70,229.9084043123173,379.3602823130135
55_71,233.86014307420575,383.2027214225198
55_72,238.1673205270822,387.2662007467041
55_73,242.81103455406557,391.54384577880035
55_74,247.7476005781404,396.02872403677577
55_75,252.94440733782096,400.71388460435577
55_76,258.42467391863215,405.59239406789465
55_77,263.97990525826253,410.65736874904894
56_0,61.55901146786845,154.20363232717565
56_1,51.59455398436538,144.2952378228888
56_2,41.64317126274536,134.3992887398079
56_3,31.717257909602786,124.51877387567569
56_4,21.851673853933416,114.65770683830536
56_5,12.19396468858666,104.8216021664151
56_6,3.930099309547968,95.01824084854405
56_7,2.7577313246017914,85.2589503382588
56_8,1.6259937503302697,75.56084496654236
56_9,6.12909244513976,65.95096364464473
56_10,15.853751449853462,56.428449749525505
56_11,24.09910404393346,46.91058375745955
56_12,28.61528942158175,37.39291725994697
56_13,20.357328403798736,27.87544989523158
56_14,14.483111392414932,18.358181301540295
56_15,13.354294122136881,8.841111117074385
56_16,17.152071312349094,0.4507350139789014
56_17,24.609744677317735,4.133479155198007
56_18,33.419468657088984,13.640629231836863
56_19,42.7535177027998,12.065804820702743
56_20,52.33213536724944,3.7641748910965287
56_21,62.04219482635191,1.567153151203038
56_22,71.83045064188806,11.55100292525005
56_23,81.6688265787687,21.54444334196873
56_24,91.54117700386689,31.5384501620239
56_25,101.42606945328525,41.53268404740809
56_26,95.19387088494038,51.527069098245484
56_27,86.26322446344876,61.521578877649176
56_28,77.52867493182744,71.51620184947907
56_29,69.13572226973399,81.51093224266963
56_30,60.6048663352444,91.50576690239919
56_31,50.683024469345746,101.50070400159643
56_32,40.796639294801494,111.49574244543885
56_33,30.947618872990777,121.49088156979813
56_34,21.099431633320595,131.07566005856077
56_35,11.250988341308771,133.2790314717934
56_36,1.5418094711735484,136.18133129129143
56_37,3.2921122892763677,139.73903923089878
56_38,9.013897638241172,143.90357419122617
56_39,0.45256028386775676,148.62395468223914
56_40,9.91940998244951,153.84904613684765
56_41,19.386651358903986,159.5292830442386
56_42,28.854284313184422,165.61786010205662
56_43,37.26785184464262,172.07145477385154
56_44,45.7368470048595,178.85057533427525
56_45,53.96946409730596,185.91963346843207
56_46,59.94546988754453,193.24682992395918
56_47,65.00001093735501,200.8039245301127
56_48,71.10916679245388,208.56594383583132
56_49,78.02564922300456,216.5108636591514
56_50,85.11488675434519,224.61929108702748
56_51,91.97173211566519,232.8741609566986
56_52,98.91148835285878,241.26045513573814
56_53,106.09631439498666,249.76494839933565
56_54,113.7075557419973,258.37598180671847
56_55,121.52812771797174,267.08326272653653
56_56,129.57750484787545,275.8776896856691
56_57,137.88267591895666,284.7511997489187
56_58,146.4001353555921,293.6966359896476
56_59,155.09493175385185,302.7076326555861
56_60,163.93887018202423,311.77851578471723
56_61,172.90908511838916,320.9042172291207
56_62,181.98692187056676,330.08020026597734
56_63,191.1441672547605,339.3023951946115
56_64,200.3234846885457,346.8160030060704
56_65,209.37469448954732,353.8327840303739
56_66,217.81803602219347,360.82276448716755
56_67,226.38864766861977,367.84839410239914
56_68,232.51869074851027,375.00971400605044
56_69,235.56924755550824,382.29910678733535
56_70,239.00036211468668,388.4560407084815
56_71,242.79591365339235,392.20101441965346
56_72,246.93911039510957,396.16388536540984
56_73,251.41277778439192,400.3381901527154
56_74,256.1996165998442,404.71739383023487
56_75,261.2314692415247,409.2949267681436
56_76,266.53359518607334,414.06421847759214
56_77,272.1008121564741,419.0187282416338
57_0,61.07999840902136,155.82945408797437
57_1,51.08920033006644,146.03121765103225
57_2,41.09849309972692,136.2611125107218
57_3,31.10805255082998,126.52567702729222
57_4,21.11838770461983,116.83360161329176
57_5,11.131835678782227,107.19667346599196
57_6,1.2039914275250425,97.63125236802085
57_7,8.58367833269906,88.11126788902885
57_8,0.4886523479071384,78.5915104650265
57_9,2.6593071441937317,69.07194391869065
57_10,9.935259905494412,59.552567886186296
57_11,17.186935178396126,50.03338200369103
57_12,25.858286268719528,40.514385907402065
57_13,28.21085040519166,30.995579233529828
57_14,24.309161672299666,21.476961618312107
57_15,23.482375813943445,11.958532698005607
57_16,25.974799665138324,2.4402921088946066
57_17,31.39789619638977,0.7514769592381951
57_18,38.68747978942018,8.41614498243891
57_19,46.982715738939554,16.1946753633922
57_20,55.83723758535654,9.567620180389351
57_21,65.02300699050137,6.842444883001863
57_22,74.41750052270307,14.206838828440516
57_23,83.95071025512445,23.437020400288073
57_24,93.5802830429717,32.88427896267672
57_25,99.52589764775324,42.58186883211768
57_26,91.22626546908144,52.391020645046055
57_27,81.91579881823229,62.25907292813253
57_28,72.78626008626854,72.1619069183517
57_29,63.85562153111491,82.08697162572885
57_30,55.19907803712732,92.02710689351782
57_31,47.074747502943886,101.97793508813372
57_32,39.80988940319757,111.93663122694315
57_33,30.288697836899683,119.58145345123
57_34,20.311894759237337,121.17979337867425
57_35,10.368910481291131,123.56749375218544
57_36,0.964184570890915,126.69995961244611
57_37,5.325326576755821,130.52360434630575
57_38,5.782198855104172,134.97972556902852
57_39,3.680805077963108,140.0079679094057
57_40,13.144194878913686,145.54907022149285
57_41,22.60797046248499,151.54680757226183
57_42,32.07213174196041,157.9491896228977
57_43,41.536678629167135,164.709055630258
57_44,51.00161103447445,171.7842272373132
57_45,59.43426450512534,179.13736632070524
57_46,67.86711182523207,186.73565600896728
57_47,73.46439875081576,194.55039127922325
57_48,78.91441230186732,202.55653772613616
57_49,85.19334737643607,210.73229540305323
57_50,92.13191585486871,219.05868900574134
57_51,99.19321878345413,227.51919508622709
57_52,106.06655045344704,236.0994102099453
57_53,113.00079231545648,244.78675988708932
57_54,120.16958131252483,253.5702458359029
57_55,127.71960399505936,262.4402280261943
57_56,135.50960687854524,271.3882375578643
57_57,143.46641149606737,280.4068164533618
57_58,151.66546241129538,289.48938069268297
57_59,160.0695585457553,298.6301031756405
57_60,168.64806767481033,307.8238136869107
57_61,177.37570359188777,317.06591332448113
57_62,186.23151810244892,326.3523012100239
57_63,195.19808235274147,335.67931162096613
57_64,204.26082735409685,345.04365996572494
57_65,213.40414816630062,354.4423962669656
57_66,222.57071680443434,363.87286502562546
57_67,231.50134272628037,373.3326705150386
57_68,239.9953145336155,381.8511250015189
57_69,244.8526498973862,389.00576500433084
57_70,248.14707951920593,396.28416916193754
57_71,251.79650084357328,401.2380654589468
57_72,255.7857318192257,405.10419850626107
57_73,260.09914942974495,409.17900465074155
57_74,264.7209187242433,413.4563214478657
57_75,269.61920881305736,417.92993830052103
57_76,274.75164082384043,422.5936281976161
57_77,280.147819418553,427.44117671536094
58_0,58.351827719632844,158.10859411846513
58_1,48.8786689695295,148.46014650701653
58_2,39.659601430070715,138.8602100786816
58_3,30.922815334607854,129.31797038289815
58_4,21.868428141457684,119.79617446036472
58_5,12.681122919875989,110.2745612508429
58_6,3.269692183224049,100.7531303883027
58_7,6.51851063971121,91.23188150676383
58_8,5.783892294614633,81.71081424029728
58_9,2.8076838042265115,72.18992822302195
58_10,3.6773378056869745,62.66922308911953
58_11,13.665169209438421,53.148698472822545
58_12,23.65589195835378,43.62835400842817
58_13,33.64701613455413,34.10818933029078
58_14,34.37022509896182,24.588204072833424
58_15,33.671466717054614,15.35287704858916
58_16,35.55651587033656,7.396193120155546
58_17,39.685550667563895,0.26953218908621884
58_18,45.66569553520166,3.827577589928823
58_19,52.8725834516776,13.63664246163554
58_20,60.872093411260394,17.97102757569138
58_21,69.39068108721071,16.675411986868493
58_22,78.25906045129783,20.80618920915159
58_23,87.37081551166283,28.061506591114433
58_24,94.79756223699208,36.62959457107302
58_25,93.66337893788858,45.779259190405
58_26,85.43470496163854,55.05726931511799
58_27,77.6205657721693,64.51631192206132
58_28,69.0208143372977,74.11587549186969
58_29,59.59627399566509,83.80772270566636
58_30,50.39076064083694,93.56321216494378
58_31,41.45897972382739,103.36435500451532
58_32,32.98615273961803,108.71328114289447
58_33,25.632331704808106,109.57013086277651
58_34,20.18996309571853,111.32024116836747
58_35,12.093662959018554,113.92247927638182
58_36,3.6703878504158403,117.32018328381945
58_37,5.755488526661677,121.44663326801425
58_38,2.2107134474923655,126.23040662312395
58_39,6.916416058758749,131.59986393850772
58_40,16.37636434024894,137.48642463083675
58_41,25.836692434380286,143.826632477737
58_42,35.29740026757847,150.56321034338637
58_43,44.758487764802375,157.64537302552213
58_44,54.21995484955182,165.02865384914122
58_45,63.68180144385991,172.67444973142648
58_46,73.14402746829715,180.5494310887646
58_47,81.6921239020347,188.6249121179401
58_48,87.16591054467814,196.8762384677462
58_49,92.88212223399618,205.28222270015604
58_50,99.27850780457324,213.8246408252939
58_51,106.23230501178176,222.48779291039187
58_52,113.27002718850824,231.25812505196137
58_53,120.153930751498,240.12390718451815
58_54,127.08336118600283,249.0749601223971
58_55,134.23909193793315,258.102425139799
58_56,141.73952060045033,267.19856981723643
58_57,149.4997477326803,276.3566245376158
58_58,157.38250924517155,285.5706447403185
58_59,165.49125202788255,294.83539474963743
58_60,173.79726644930167,304.1462496417977
58_61,182.27360352846875,313.4991121857932
58_62,190.89759299523223,322.8903423844563
58_63,199.65011796705906,332.31669755836447
58_64,208.5150083603301,341.77528126385965
58_65,217.47853856774063,351.26349962694775
58_66,226.52901381855054,360.779023915388
58_67,235.65633826281865,370.31975837034116
58_68,244.81609740672414,379.8838124830825
58_69,253.6418011810405,389.4694770379034
58_70,257.34263327501037,399.07520335409407
58_71,260.85511232053113,408.699585252423
58_72,264.69960025578536,414.0843315628821
58_73,268.8618667811358,418.06329417723686
58_74,273.327406219051,422.24233995898277
58_75,278.08162003188863,426.61559614527687
58_76,283.0692308906705,431.17716044972053
58_77,288.30192450574737,435.9211284373093
59_0,56.16725800793857,161.0067100881424
59_1,46.28662994289099,151.48310173201367
59_2,36.45945056142789,141.95966764599854
59_3,26.70025446766071,132.43640746183422
59_4,17.205507724777195,122.91332081134135
59_5,8.827228806798889,113.3904073264267
59_6,0.9682235989883846,103.86766663908551
59_7,8.744821436659095,94.34509838140157
59_8,11.334148521201616,84.82270218555594
59_9,7.3403403470340285,75.30047768381769
59_10,10.144414619541072,65.77842450855886
59_11,16.979147057159032,56.259603730116176
59_12,25.710877234054347,46.87411071691039
59_13,35.120433486057486,37.800255882272566
59_14,44.459661307542575,29.32882689442957
59_15,43.878437079573764,21.618455889558522
59_16,45.41875683641671,13.94814240108348
59_17,48.71270771291915,7.8986631091161215
59_18,53.6908575396872,11.277531831257253
59_19,59.9350500248871,17.828602876536905
59_20,67.092770872397,26.243472845564032
59_21,72.36302995375287,26.771599671291515
59_22,76.06952194316213,29.516183197328594
59_23,80.84725901474448,35.00564594624801
59_24,86.42287427246069,42.1816909907847
59_25,88.57345039144924,50.32802879841432
59_26,79.8270099151556,59.044453952658415
59_27,71.40752333165325,68.1124971190667
59_28,63.445337375542245,77.36458739191465
59_29,56.13543409756072,86.6910458449189
59_30,47.01245297496775,96.15168159313613
59_31,37.38563805405027,98.57415978533813
59_32,28.015462658799752,98.62499814880383
59_33,19.081127530634664,99.57682129775397
59_34,11.528214234302531,101.50729325863875
59_35,8.733385247207552,104.36214973671244
59_36,4.386068756000821,108.06818588393986
59_37,3.5770566629485443,112.54137209238182
59_38,5.5678866951830095,117.69429702663827
59_39,11.649072880069578,123.44189133893381
59_40,20.063478632859407,129.70514940210637
59_41,29.08947420557757,136.4130847745146
59_42,38.53009301015024,143.5033752807452
59_43,47.987739236664815,150.9221630109489
59_44,57.44575904487673,158.62338376470692
59_45,66.9041523697554,166.5678869659127
59_46,76.36291914479922,174.72250874914485
59_47,85.8220593020368,183.05918901298682
59_48,95.28157277202041,191.55417604526332
59_49,100.97276017717891,200.18733389590668
59_50,106.87945986271923,208.94155194478157
59_51,113.36166010923202,217.8022483327347
59_52,120.3264133073333,226.75695580651674
59_53,127.34347656858816,235.7949779675441
59_54,134.233876805448,244.90710463747757
59_55,141.1590957667975,254.0853763281688
59_56,148.30390332734962,263.322889230421
59_57,155.76326628318407,272.61363351290265
59_58,163.48535893762067,281.9523589585476
59_59,171.31743125050164,291.3344630311023
59_60,179.34843785347456,300.7558973598408
59_61,187.56887399232065,310.21308937136666
59_62,195.95491746730414,319.7028764042733
59_63,204.48621024647628,329.2224501364997
59_64,213.14532709838366,338.76930955579104
59_65,221.91732021759123,348.34122102816707
59_66,230.78933321587354,357.9361842816181
59_67,239.75027616048334,367.5524033348483
59_68,248.79055311629085,377.1882615729802
59_69,257.9018341783213,386.84230031201827
59_70,266.5818914179222,396.5132003074884
59_71,269.9658300179144,406.19976575552664
59_72,273.67406885445524,415.9009104103618
59_73,277.69362781545044,425.61564550441875
59_74,282.01120656471306,431.07252641343086
59_75,286.613348304729,435.34882587841946
59_76,291.4777729209259,439.81160380676465
59_77,296.5542237293967,444.45524991566447
60_0,55.69890083476652,164.1217102720336
60_1,45.715708537552054,154.59682020072037
60_2,35.735366992449705,145.0720949302608
60_3,25.761300708282015,135.54753409047416
60_4,15.805575830548165,126.02313731130496
60_5,5.929660633226034,116.49890422282567
60_6,3.3924056112198766,106.9748344552366
60_7,1.1544654860675216,97.45092763887199
60_8,8.9354856987037,87.93706968881838
60_9,17.48638734002758,78.52322497010246
60_10,18.768323018888058,69.27096780923672
60_11,24.460776162804702,60.25482885359034
60_12,31.19195313880858,51.598788231997915
60_13,39.30723485192171,43.5183234100346
60_14,48.13320084583479,35.842943078375576
60_15,54.09265862661483,28.168062456412127
60_16,55.4112593796124,21.42213701680504
60_17,58.135428399107035,17.999328729982118
60_18,59.02425009586404,19.714815639858006
60_19,58.6207867998918,25.462247428616312
60_20,59.903605185026294,32.07010309175247
60_21,62.76945126618429,36.91492782083775
60_22,67.0155882211238,38.944862972482376
60_23,72.36677912869283,43.247862605602364
60_24,78.41193016568528,49.23153196416092
60_25,84.2019403738127,56.36316855327037
60_26,75.14123723593465,64.26175213273167
60_27,66.16452577608706,72.67769870921799
60_28,57.48621761097041,81.4508329758856
60_29,49.306897024220625,88.65459826896294
60_30,41.91974834251138,88.59952573094706
60_31,35.5345365233066,88.47174805395201
60_32,25.589389044680985,88.54007547416839
60_33,15.683385959837667,89.60723020921876
60_34,5.795095254293415,91.75559022166166
60_35,0.8266064212216195,94.9117970789976
60_36,1.39403722795705,98.97951684275519
60_37,9.648119353278197,103.8517276205366
60_38,15.124068444883621,109.4210462995557
60_39,19.159746595155863,115.58677833560796
60_40,25.7613400950965,122.25874875595579
60_41,33.85186994096301,129.35867506736466
60_42,42.391846178527445,136.8199741465943
60_43,51.38016389761799,144.58673415089274
60_44,60.68381395035791,152.61234697181217
60_45,70.13398475279689,160.85809318500455
60_46,79.58931013742236,169.29182893764377
60_47,89.04500286143325,177.886836612002
60_48,98.50106286811483,186.6208526152797
60_49,107.95749009928403,195.47526170622126
60_50,114.84438213921905,204.43443741952237
60_51,120.89368439551903,213.48520576002684
60_52,127.4411467571966,222.61641053220916
60_53,134.41401487451415,231.8185613206185
60_54,141.4124706658166,241.08354815124753
60_55,148.3063919409089,250.40440972903414
60_56,155.22793976319764,259.7751446568084
60_57,162.3634063389585,269.1905571452309
60_58,169.78814280177184,278.64613044196733
60_59,177.46566584337162,288.137922590617
60_60,185.2653265442262,297.6624802310024
60_61,193.22872882807332,307.21676702515396
60_62,201.37390101676078,316.79810398299435
60_63,209.67967676780106,326.4041195067089
60_64,218.12772567361486,336.0327074032982
60_65,226.70215735008384,345.68199145586823
60_66,235.3891750821038,355.35029541460005
60_67,244.17677632433848,365.0361174836668
60_68,253.05449572342872,374.73810855201543
60_69,262.0131857323329,384.4550535535697
60_70,271.04482988798526,394.1858554527611
60_71,279.1234800285507,403.92952144051424
60_72,282.70329576518685,413.68515099780933
60_73,286.5879799135138,423.4519255425175
60_74,290.7653244875066,433.2290994229295
60_75,295.22291741776996,443.0159920604094
60_76,299.9482752572211,448.49397790863264
60_77,304.8966791752561,453.04044040938203
61_0,56.16890810424376,167.22946782999432
61_1,46.25629123010281,157.7032764044935
61_2,36.38471512374385,148.1772403824559
61_3,26.600020127821796,138.65135939196995
61_4,17.052595477471606,129.12563306128888
61_5,7.585576670216169,119.61853660431494
61_6,1.9513038791712567,110.19304071174331
61_7,3.3267827275645296,100.87607792495534
61_8,3.9275629658364495,91.7007673728364
61_9,13.596760875524229,82.7142972446703
61_10,23.084607783368334,73.9855502359397
61_11,31.796293788229388,65.61750249017331
61_12,38.66797800081751,57.749532164478246
61_13,45.46326527898032,50.06965939025451
61_14,53.27487048390444,42.41056723824054
61_15,61.07147343610821,35.5553781705021
61_16,55.539316420991206,30.484647940662537
61_17,51.37104894578407,28.17887054049645
61_18,48.91664314686425,29.298394041490614
61_19,48.437399961674316,33.501660368896175
61_20,49.990219349091,39.66947977614863
61_21,53.39817496340963,46.32478692807084
61_22,58.33709864051114,48.67583343617186
61_23,64.21065028647858,52.176074754034936
61_24,70.95930846057236,57.22779799699853
61_25,78.40257884634875,63.461619463917735
61_26,71.17505920710644,70.56498964814432
61_27,61.84314119130639,78.30165313167
61_28,52.74288818273246,79.34531834330603
61_29,43.765377141685406,78.53686510212137
61_30,35.241414563173265,78.49455336216413
61_31,27.714391411793358,78.37052054777736
61_32,21.97680347918787,78.45945338616147
61_33,17.022384410081465,79.66991286285605
61_34,8.927423827609442,82.08662386543757
61_35,1.0126218778215914,85.60752688768396
61_36,6.834063647615079,90.1033073160163
61_37,15.10651646352861,95.43632574711327
61_38,23.677859236022915,101.47469632033024
61_39,27.91925619879466,108.1003129351195
61_40,33.221353841802376,115.21193421133863
61_41,39.90339485298203,122.725127494548
61_42,47.69426674146464,130.57061544540034
61_43,56.1037584230029,138.69204180647796
61_44,64.73195112249365,147.0437147342808
61_45,73.70258691650132,155.58858242025212
61_46,82.90756396209369,164.2965243185349
61_47,92.2768146129511,173.1429567274552
61_48,101.72809086782357,182.10771628796996
61_49,111.18107621563722,191.17417501167608
61_50,120.63442264736459,200.3285420196387
61_51,128.75755152935054,209.55931313651183
61_52,134.91734717761562,218.85683643460695
61_53,141.5159782458301,228.21296829943384
61_54,148.4949768809823,237.62080008648363
61_55,155.47631744845341,247.0744398887495
61_56,162.37147901217995,256.568837441331
61_57,169.28986179769612,266.09964291194797
61_58,176.4171922824526,275.66309242260166
61_59,183.81228173093967,285.25591475585856
61_60,191.44412087797227,294.87525493164827
61_61,199.22198508085128,304.5186112858973
61_62,207.12605202712754,314.1837834090482
61_63,215.20454252200508,323.8688288630704
61_64,223.43855317199512,333.5720270292855
61_65,231.81152652793023,343.29184877659526
61_66,240.30895143311798,353.02693090277523
61_67,248.91809624048415,362.776054507921
61_68,257.62777413781976,372.53812662164484
61_69,266.42813843973823,382.31216453427066
61_70,275.3105050425611,392.09728238443626
61_71,284.2671990227362,401.8926796372649
61_72,291.7821319667127,411.6976311526405
61_73,295.53920740546107,421.51147859593794
61_74,299.5835321560617,431.33362298618215
61_75,303.9036491160711,441.1635182113456
61_76,308.487982398375,451.00066536864455
61_77,313.3217158337357,460.8446078109892
62_0,57.32934765890982,170.3299918594571
62_1,47.342915411699856,160.8024794189291
62_2,37.35637952905475,151.30362937783343
62_3,27.369739792410662,141.87197892709352
62_4,17.382995984036487,132.52191070686
62_5,7.396147887039857,123.27201346693442
62_6,2.5908047146332955,114.1466674490566
62_7,1.549416550817665,105.17832390774846
62_8,1.1120096638334396,96.41083737058052
62_9,9.422153992436805,87.90436169866419
62_10,19.169141188399742,79.74250722914513
62_11,29.079883822932484,71.9829914502171
62_12,39.02991208658372,64.29861002468334
62_13,48.9953591849853,56.683883867492106
62_14,58.96846005515413,49.785198763365756
62_15,53.209131944892114,44.08679213218916
62_16,46.90853501142457,40.1036956686983
62_17,41.898250473287156,38.37389185325436
62_18,38.85854049684661,39.19692376564132
62_19,38.262059164334495,42.42454808186521
62_20,40.21773990724153,47.569864846189134
62_21,44.38960114649713,53.86086970512045
62_22,50.030921591875035,58.55815665374706
62_23,56.71342431247808,61.49178993319438
62_24,64.25913824446236,65.82610450699386
62_25,70.4376403186673,71.30618005510644
62_26,68.46861644940086,75.22761094851118
62_27,58.711370226861526,71.65035156300637
62_28,49.04733006867662,69.33841566433037
62_29,39.54496830480868,68.42023715162968
62_30,30.35239194373668,68.3926566291197
62_31,21.37995442031817,68.27060748279268
62_32,13.530848442160297,68.38464002127336
62_33,8.563475649029154,69.77827412435126
62_34,10.337409911541757,72.53311946321456
62_35,0.3725788214684085,76.50230791833584
62_36,9.135162760649083,81.50866911286123
62_37,18.702351634080426,87.37413814714131
62_38,28.51725613619835,93.93795980298307
62_39,37.30500816234308,101.06419014904637
62_40,41.44049128112809,108.64224462189894
62_41,47.30822452760264,116.5840780412814
62_42,54.04652072992313,124.82029867285782
62_43,61.66536715400775,133.29637309705154
62_44,69.88505498691283,141.96937089260956
62_45,78.35779340569253,150.80534211510096
62_46,87.0680328649532,159.77727182813157
62_47,96.02852333697489,168.8635103645782
62_48,105.17535453279879,178.04657694510624
62_49,114.46389237209127,187.31224901365582
62_50,123.86228751759394,196.64886754491317
62_51,133.31240778656755,206.0468048190594
62_52,142.69805641091295,215.4980543821278
62_53,148.94580980401238,224.995913133868
62_54,155.5855304600243,234.53473318101885
62_55,162.56921903367265,244.10972680892797
62_56,169.5345610709615,253.7168121425635
62_57,176.4291404009569,263.352490176596
62_58,183.34484572058622,273.0137461482335
62_59,190.46497870622096,282.697969924991
62_60,197.8343502736064,292.40289134253004
62_61,205.42615512601793,302.1265273718674
62_62,213.18390574203465,311.8671387048546
62_63,221.03586192661865,321.6231938835901
62_64,229.05487293269564,331.393339507537
62_65,237.22436951185298,341.1763753646371
62_66,245.52934450795863,350.971233573223
62_67,253.95652015875734,360.7769610078315
62_68,262.49414012522,370.59270442715643
62_69,271.1317838185857,380.41769783607793
62_70,279.8602020858874,390.2512517032091
62_71,288.67117270478076,400.09274372638805
62_72,297.55737385477073,409.9416108948958
62_73,304.542235233864,419.7973426424579
62_74,308.4602739256525,429.6594749212239
62_75,312.64955770201726,439.5275850564169
62_76,317.09934672822345,449.40128726492907
62_77,321.7988448216631,459.28022874068273
63_0,57.70651892354201,173.55690302220094
63_1,47.79429245032722,164.18688818400793
63_2,37.882548228392324,154.89405143850675
63_3,27.983109195258464,145.69318158599228
63_4,18.17466747027228,136.60288451529047
63_5,8.776956527086107,127.64680850759304
63_6,0.28803940725917937,118.85532396433229
63_7,3.743728160389225,110.26783256356033
63_8,5.780801523325742,101.93593202337202
63_9,11.587673286854871,93.92769558714619
63_10,20.319901917133443,86.21867042512119
63_11,29.849811633773655,78.52980067475457
63_12,39.40769029249568,70.97204554533222
63_13,48.305749748415636,64.04997232706226
63_14,54.08396569831754,58.028598343778505
63_15,46.055123875648974,53.21461398133287
63_16,38.94245443203932,49.958340671850536
63_17,32.86662886052506,48.57413233752098
63_18,28.900756379981246,49.22024860741436
63_19,28.102565102104126,51.82086054893282
63_20,30.72007312013469,56.10488981805627
63_21,35.903325987162944,61.72285069398685
63_22,42.465890661097944,68.05662883090308
63_23,50.17110412305729,71.04239219288664
63_24,58.56977565084229,74.81885360927177
63_25,60.494427068525845,71.4012646686077
63_26,59.15065174409807,66.1384584928199
63_27,57.2186765617228,62.047525431029534
63_28,47.25258136922007,59.37125713508115
63_29,37.29837699111222,58.30484039711102
63_30,27.369157231852604,58.29498633463049
63_31,17.50766603463353,58.17224610111777
63_32,7.969742207334051,58.31820079382346
63_33,0.44619920292570225,59.95449506198784
63_34,5.291624284237159,63.14709381687818
63_35,2.0559935684458885,67.67614815122333
63_36,7.433115862057948,73.29437057223893
63_37,16.481753393229823,79.77200781135654
63_38,25.802994517485306,86.91716200947272
63_39,35.486411669386804,94.57870186593823
63_40,45.26411946276345,102.64108952341078
63_41,55.07238158472932,111.01705702421464
63_42,61.387882981449934,119.640789882753
63_43,68.18583641964594,128.46242610057084
63_44,75.6957035553284,137.44388897833855
63_45,83.72617577186395,146.55582020361825
63_46,92.11788762086236,155.77534827659125
63_47,100.63927744484805,165.08446770746082
63_48,109.39722383020394,174.46885759925192
63_49,118.35106059831769,183.91701477549924
63_50,127.45953760561086,193.41961240864313
63_51,136.69176938749678,202.96902113730184
63_52,146.02430800474406,212.55894810991674
63_53,155.43903129363463,222.18416232700403
63_54,162.97603734529736,231.840283698588
63_55,169.64939279934802,241.52361957096178
63_56,176.6366924855379,251.23103693961974
63_57,183.58689115999996,260.9598617284736
63_58,190.479378015036,270.7077987745708
63_59,197.3928850710176,280.4728677841025
63_60,204.50656583576784,290.2533517061684
63_61,211.85337380144344,300.0477548351364
63_62,219.40990720958993,309.8547685902751
63_63,227.142942614973,319.67324339601856
63_64,234.95469159348568,329.5021654420269
63_65,242.9203167400634,339.34063737118237
63_66,251.0315191596677,349.18786214828134
63_67,259.27464954905383,359.04312951908594
63_68,267.6375309628103,368.90580459043457
63_69,276.1092948522869,378.775318156214
63_70,284.6802327792038,388.6511584674253
63_71,293.3416635156111,398.5328642024221
63_72,302.08581472144067,408.4200184391031
63_73,310.9057181065724,418.3122434671764
63_74,317.39058374949803,428.20919630767906
63_75,321.4552692814043,438.1105648303076
63_76,325.77663258367215,448.01606437791065
63_77,330.34461089156684,457.92543482287624
64_0,59.426211242264,177.2947398722676
64_1,49.80329259972609,168.13123637100705
64_2,40.356900833952814,159.06689883085352
64_3,31.247640395411135,150.11971101812117
64_4,22.75383243726665,141.31194759518772
64_5,13.001956671707301,132.67140200057875
64_6,3.156657977740465,124.2329936023991
64_7,5.783241743315727,116.0408542853681
64_8,8.85189591146216,108.150988810046
64_9,10.27915046275308,100.4565754946461
64_10,17.025071798158084,92.76323752492648
64_11,25.908171457207665,85.26963623014036
64_12,35.17110708472576,78.33283432324279
64_13,41.9312073974022,72.11575517936285
64_14,48.74105894912552,66.81964243461908
64_15,40.243003745134885,62.678437127531126
64_16,31.864584831343166,59.93207739522048
64_17,24.698494727045727,58.776466851156904
64_18,19.198689988100917,59.30472279253525
64_19,17.984378551296498,61.47350154950474
64_20,21.85312330005069,65.11914495723377
64_21,28.220642980573945,70.01136586665437
64_22,36.20823510582626,75.909568622412
64_23,45.00154146654329,77.8578027028583
64_24,53.91477619989982,70.28529529601266
64_25,50.63150274832292,63.38475511728077
64_26,49.02669571652573,57.399104624057706
64_27,49.427944340429434,52.64142168777621
64_28,46.68522557079621,49.46736146462361
64_29,36.704031714272524,48.19092677103627
64_30,26.727771187471156,48.203676828566444
64_31,16.75557268862598,48.075893008097985
64_32,6.78322446047754,48.2648578285637
64_33,1.7695313222726745,50.237903604288036
64_34,5.824176045238902,54.015462343579124
64_35,4.890492728051106,59.25346188742744
64_36,4.3248239039099525,65.60305863531269
64_37,14.306078332143125,72.77391349474831
64_38,24.290257915465713,80.5470232694467
64_39,34.27735089319795,88.76434758043699
64_40,44.26546539090138,97.31345497220266
64_41,54.25409850939777,106.11421691043734
64_42,64.24306024165713,115.10895567899652
64_43,74.23226297467404,124.25558023373524
64_44,82.31982907202377,133.52290602857843
64_45,89.7543153939304,142.8874736301177
64_46,97.64635829603573,152.33137265156324
64_47,105.89373643056646,161.84073711532494
64_48,114.34056585759878,171.40469148355402
64_49,122.93054346220386,181.01460212885135
64_50,131.71861787488217,190.66353831990156
64_51,140.66769029439976,200.34587880471435
64_52,149.7489221423716,210.0570209234776
64_53,158.93968307523434,219.7931628729091
64_54,168.22204201986392,229.55113882683054
64_55,177.00596351718215,239.3282927143305
64_56,183.7072861789328,249.12238059896825
64_57,190.69736810130172,258.9314944510023
64_58,197.6330908767653,268.7540020870914
64_59,204.52219328702438,278.5884994478902
64_60,211.4339797524174,288.4337723778365
64_61,218.54180984710104,298.28876578677836
64_62,225.86862447962338,308.15255859322866
64_63,233.39381577395704,318.02434323091194
64_64,241.09670463248275,327.90340878327197
64_65,248.8798527610765,337.7891270222675
64_66,256.79728755970285,347.6809407871993
64_67,264.8555624860079,357.578354260701
64_68,273.04222065551915,367.48092479171635
64_69,281.3460674346847,377.38825598704346
64_70,289.7570398071354,387.2999918485207
64_71,298.266086881051,397.2158117764915
64_72,306.8650615914683,407.13542629432794
64_73,315.54662322365596,417.05857337591544
64_74,324.30415012627213,426.98501527945353
64_75,330.31595098361703,436.91453580827584
64_76,334.51466056130806,446.84693793311783
64_77,338.95675908747603,456.78204172159445
65_0,62.750742573322384,181.5374378089669
65_1,53.724773514778875,172.59701303669817
65_2,44.40396687012776,163.77751636293007
65_3,34.82030166668713,155.09959741794913
65_4,25.441959111020402,146.58842250965984
65_5,16.0561137675121,138.27480724106277
65_6,6.323188567726458,130.1966252258722
65_7,2.8548169693858276,122.39487823310711
65_8,0.056824567595871005,114.69671355228576
65_9,3.519905367027236,107.00365385077245
65_10,13.086601841134511,99.57435441509789
65_11,21.813373646845704,92.6273106851835
65_12,27.668281563635652,86.27912811659654
65_13,34.496719475686106,80.67134558634584
65_14,41.442730623914855,75.96814468614666
65_15,36.42028545186855,72.34620354240724
65_16,26.88025581303953,69.97367143028268
65_17,17.83474414085059,68.97963339007171
65_18,10.463129949107824,69.42337367301985
65_19,8.061481861218716,71.27808878416664
65_20,13.99769382251337,74.43842763118037
65_21,22.611753313749876,78.74739256258302
65_22,32.03276177457142,80.65787292087934
65_23,41.71763637985827,72.00847299737458
65_24,44.80909934688666,63.7506698043182
65_25,40.90356776584122,56.05784582252477
65_26,38.911273285407745,49.19582503292124
65_27,39.42418930763854,43.55910665606201
65_28,42.35418831920472,39.67352164995609
65_29,37.66095814793488,38.07904134287683
65_30,28.027254704011547,38.12314533657475
65_31,18.76726250113385,37.98251554133955
65_32,10.439466697344807,38.23431458522892
65_33,7.137628310434879,40.70474218030274
65_34,10.988526929881166,45.29182844820537
65_35,1.8343185194199536,51.43238799902014
65_36,7.756009615097324,58.64047363560475
65_37,17.166860632979812,66.57026559894541
65_38,26.148284223336507,74.99321699500987
65_39,35.627851370449214,83.76072401138751
65_40,45.32673985594889,92.77519008458836
65_41,55.1293763313222,101.97117434931612
65_42,64.98888279998793,111.30372497451592
65_43,74.88284417796892,120.74120712142633
65_44,84.79924112358043,130.26084195223183
65_45,94.73106408260425,139.8458780064303
65_46,103.82697471920123,149.48375804532975
65_47,111.61347542068042,159.16490445863062
65_48,119.72795351443014,168.88189714555176
65_49,128.10254583058148,178.62890574247828
65_50,136.577472366646,188.4012900983493
65_51,145.223099250121,198.19531423193368
65_52,154.03184767527586,208.0079382418233
65_53,162.97729117777703,217.83666468237666
65_54,172.03812790247392,227.6794236015954
65_55,181.19706682498165,237.53448542818634
65_56,190.439972350521,247.40039419401518
65_57,197.7590160750135,257.27591579427593
65_58,204.7512295711374,267.15999749918484
65_59,211.67300570655817,277.0517359768944
65_60,218.5575871730526,286.9503518206491
65_61,225.468133953916,296.85516909401844
65_62,232.57060584480377,306.7655987822039
65_63,239.8795489613315,316.6811253093318
65_64,247.37667687740114,326.60129548118334
65_65,255.04540849093578,336.5257093608616
65_66,262.8092303737648,346.454012695519
65_67,270.68293654733196,356.38589059596217
65_68,278.6929408391257,366.32106223441355
65_69,286.8278368071832,376.2592763746527
65_70,295.07730720362554,386.2003075862865
65_71,303.4320188667372,396.14395302435423
65_72,311.8835256103541,406.0900296783654
65_73,320.42417933377334,416.03837201301354
65_74,329.04704923044085,425.9888299371189
65_75,337.745848752051,435.9412670488786
65_76,343.30874681433687,445.8955591145736
65_77,347.63031066170475,455.8515927453865
66_0,66.49961612119219,186.2503781684135
66_1,57.09581544756573,177.54475009853027
66_2,47.54999354856537,168.98080416181205
66_3,37.92860466070847,160.581228680763
66_4,28.455962751339445,152.3732285299457
66_5,19.48661935331601,144.3894992675097
66_6,11.356033077555335,136.64166844767894
66_7,4.01545944939557,128.93909197733086
66_8,1.7902198024652645,121.26408070982691
66_9,0.21688696801442311,113.88506025480355
66_10,9.705598145432607,106.93039101116409
66_11,13.484969422991883,100.48824880438015
66_12,20.321682157366446,94.66336149210694
66_13,27.227847220543115,89.57625974174628
66_14,35.62468224302175,85.35899059034335
66_15,34.64605237473727,82.14567032110433
66_16,24.676149329590423,80.0573182941376
66_17,14.726747435027404,79.1830331921853
66_18,4.924384670495121,79.56288748110396
66_19,1.1716556090461152,81.17931696547224
66_20,10.875252002412873,83.96096960434586
66_21,20.824559399040893,85.75179480415756
66_22,30.797563872034466,76.38137646594828
66_23,40.776961560572424,67.18809267302677
66_24,36.26081519443042,58.25591973137944
66_25,31.325706415699067,49.725831771740154
66_26,28.81255782335962,41.844531515220396
66_27,29.510355455916688,35.0525057271546
66_28,33.33132640472462,30.09659355450394
66_29,29.376234589408774,27.97055191403445
66_30,26.838935583032907,28.064181333766516
66_31,24.64047324812876,27.894515106475925
66_32,19.00520373812828,28.25005054196859
66_33,17.151708719612373,31.521146732996534
66_34,11.199926678908621,37.2632284628164
66_35,1.236278261382416,44.5305353716937
66_36,8.72743495723968,52.69583075827786
66_37,18.52782312764706,61.40196206192323
66_38,28.338081093348254,70.44875052839909
66_39,38.19823963998048,79.72034803294872
66_40,48.0786510166073,89.14667731745988
66_41,57.72711929532902,98.6834425971677
66_42,67.20422851859935,108.30150525980042
66_43,76.81120214243842,117.98101349486575
66_44,86.504823318753,127.70802342041202
66_45,96.2589539863326,137.47247744499722
66_46,106.05693250525252,147.26695115547085
66_47,115.88766745696158,157.08585149217814
66_48,125.60961487446775,166.9248888959156
66_49,133.61641135623066,176.78072087231948
66_50,141.87529707936247,186.6507057671807
66_51,150.30490966353338,196.53272916263177
66_52,158.82779903014395,206.4250791992263
66_53,167.5129857185482,216.32635553001563
66_54,176.3367430501154,226.2354018199661
66_55,185.27929293989865,236.1512550062043
66_56,194.3242539743825,246.0731066727218
66_57,203.45798536449374,256.0002733045287
66_58,211.80444430549852,265.9321731343309
66_59,218.7982691860439,275.86830794232236
66_60,225.70652392805923,285.80824861841137
66_61,232.58556015149253,295.75162361175444
66_62,239.49535480488686,305.69810961705764
66_63,246.5928766686059,315.6474240091357
66_64,253.88572005461015,325.5993186551562
66_65,261.357548279058,335.5535748210386
66_66,268.9934598132063,345.5099989530869
66_67,276.74113871801757,355.46841916457583
66_68,284.5749735439482,365.4286822937561
66_69,292.5407702090809,375.39065142789116
66_70,300.6280508123259,385.3542038094841
66_71,308.8272830582118,395.31922905772683
66_72,317.1297949101555,405.28562765118744
66_73,325.52769503472325,415.25330962811444
66_74,334.013799333209,425.2221934688102
66_75,342.581563581474,435.1922051310561
66_76,351.22502201294697,445.1632772146753
66_77,356.3607403566805,455.13534823554306
67_0,69.58516080449016,191.39871523506278
67_1,60.12086974755661,182.93522934038745
67_2,50.85545535794037,174.6326076624247
67_3,41.92106666279139,166.51493264252503
67_4,33.45576102622713,158.61062254052976
67_5,25.647163157703392,150.89068749066632
67_6,16.71487263087671,143.18371863263042
67_7,8.39565415553495,135.5405821670928
67_8,0.4472743515052146,128.20112826702547
67_9,1.0973431168492038,121.24048982690152
67_10,1.2820919910707733,114.7276638682379
67_11,6.112744275263455,108.74316967017653
67_12,13.19343587096208,103.37883190975428
67_13,21.874042098336236,98.73581378657542
67_14,30.478271007516287,94.92005762457616
67_15,35.65822377388334,92.03455021634032
67_16,26.077989647513117,90.16867820233298
67_17,16.970604731344213,89.38635225528688
67_18,9.763964473841721,89.71595801163669
67_19,9.548708123906694,91.14546820307288
67_20,14.85417190005176,92.76450812965152
67_21,23.43275812123453,82.98848942870168
67_22,32.80789214688697,73.26858982305743
67_23,36.88189234473552,63.63058321697421
67_24,28.77032939702355,54.11830113783339
67_25,22.239061525387744,44.81195166072397
67_26,18.756352577086986,35.872262088466364
67_27,19.82069315532624,27.65721700814703
67_28,25.165953952659187,21.03390207203021
67_29,20.55842244555477,17.869974501507333
67_30,16.83071931039543,18.061621884046676
67_31,16.884324939108847,17.819782398826966
67_32,20.47934554249068,18.38640647117958
67_33,11.598422786546957,23.106770237527762
67_34,5.271749398392778,30.48313612402856
67_35,0.39058934148617064,39.037968428364124
67_36,8.296042821638379,48.14720956831374
67_37,18.10269656308805,57.54824779492141
67_38,27.950724833164774,67.11863310765104
67_39,37.8698062485935,76.79512284951832
67_40,47.81733897574694,86.54217261229212
67_41,57.77868907490585,96.33840375327262
67_42,67.74781256248676,106.1702359033433
67_43,77.7217626031434,116.02864917294546
67_44,87.69893183167423,125.90742748205697
67_45,97.678369259766,135.80215225165466
67_46,107.65947640389813,145.7095988504595
67_47,117.64185788102057,155.62736013522132
67_48,127.62524203814071,165.5536035745742
67_49,137.41580064755323,175.48690988735663
67_50,147.18425947077796,185.42616304240246
67_51,155.6984867198665,195.3704735471763
67_52,164.05774518098136,205.31912385845592
67_53,172.50737244827982,215.2715288261941
67_54,181.08342234369874,225.22720656004128
67_55,189.79811462171338,235.1857566538557
67_56,198.63321972463436,245.14684369051002
67_57,207.57337952848,255.11018459303043
67_58,216.60560268043622,265.0755388159647
67_59,225.71885329673364,275.0427006605727
67_60,232.8384851471954,285.01149319650875
67_61,239.73318025457684,294.98176341174104
67_62,246.60611222166926,304.95337831083003
67_63,253.51565147759896,314.9262217522144
67_64,260.608565325907,324.9001918663265
67_65,267.8868035793229,334.87519893387696
67_66,275.335682860299,344.8511636314301
67_67,282.9417388625196,354.82801557223553
67_68,290.673164550299,364.8056920859392
67_69,298.4715376448721,374.7841371928175
67_70,306.3966899679045,384.76330073727127
67_71,314.44002143963013,394.74313765252305
67_72,322.5927034787178,404.7236073338689
67_73,330.8466632419154,414.7046731022919
67_74,339.19451795622206,424.68630174356986
67_75,347.6295137932833,434.66846311078746
67_76,356.1454693838216,444.6511297802915
67_77,364.7367239162518,454.63427675292456
68_0,73.3019839636662,196.94820437234245
68_1,64.38420550587053,188.73041068601944
68_2,55.79940995373005,180.69073262028255
68_3,47.62567079558525,172.85404273346248
68_4,38.94473320866988,165.14194392242035
68_5,29.04850829432688,157.4306018623588
68_6,19.241793014637874,149.82974882441317
68_7,9.797491485313868,142.52218949777793
68_8,2.2390234288181583,135.5566959873267
68_9,3.7821452911270232,128.98871978606678
68_10,1.888294002132854,122.88204406353482
68_11,0.1457033737402141,117.30875863364545
68_12,8.143255990440974,112.3482995560401
68_13,17.07081688876843,108.08510416788432
68_14,22.887876778362177,104.6044892489343
68_15,27.398015498681136,101.9866415221241
68_16,30.97495529077272,100.29917123650401
68_17,23.81616274718909,99.58941546394047
68_18,19.348153013737015,99.87825204869746
68_19,19.487816385698977,101.1571592643606
68_20,22.738541570138576,91.31096375133747
68_21,29.07313060557869,81.39084416691367
68_22,37.0521074346686,71.47054315848958
68_23,32.60693125313039,61.55494270892537
68_24,23.350370785186133,51.66449275646345
68_25,14.6132116880478,41.818621161094796
68_26,8.882471496872443,32.05853082619225
68_27,10.964493938027651,22.496298295028485
68_28,18.983324617745758,13.557502299046028
68_29,13.38074354563796,7.805343880675163
68_30,6.897897960037886,8.31885938264205
68_31,7.307389264581426,7.807120775073453
68_32,14.222815393881245,9.044573689398977
68_33,7.905827062718459,16.668961710088166
68_34,1.8905770062314025,25.94856108731174
68_35,7.949132182311363,35.612241468634494
68_36,13.705837674573171,45.41555768916339
68_37,21.57986311348403,55.28433858299958
68_38,30.447562395021613,65.18891206868774
68_39,39.848355905321114,75.11516671331465
68_40,49.4793857299943,85.05555273863769
68_41,59.2285015022772,95.00567108855394
68_42,69.0325101295234,104.96278717159007
68_43,78.84668216202456,114.92511251146634
68_44,88.69600114277355,124.89142853827292
68_45,98.57322124862623,134.86087653147825
68_46,108.47075308163313,144.8328340306674
68_47,118.38353187390227,154.80683887847212
68_48,128.30805127228226,164.78254078200672
68_49,138.24180822017848,174.75966942917492
68_50,148.18296883630626,184.73801291730825
68_51,158.1301592298665,194.71740280337968
68_52,168.0823300383347,204.6977035206281
68_53,177.8269985369786,214.67880474328288
68_54,186.2410312033251,224.6606157840636
68_55,194.72304588224472,234.64306142004827
68_56,203.3397841848748,244.62607873946098
68_57,212.0772847210291,254.60961472956168
68_58,220.9212355346238,264.593624410085
68_59,229.85936531397996,274.5780693735793
68_60,238.88111769980887,284.5629166327667
68_61,246.87187979646808,294.54813770217413
68_62,253.7524381441122,304.5337078603015
68_63,260.6192429025898,314.51960555223695
68_64,267.52903457294786,324.50581190249824
68_65,274.61762975020486,334.4923103150951
68_66,281.8825351243694,344.47908614308875
68_67,289.31048134473644,354.4661264140043
68_68,296.88924327217444,364.45341960033375
68_69,304.60040745905116,374.44095542677536
68_70,312.37110201681725,384.4287247074792
68_71,320.25875035000735,394.41671920802736
68_72,328.26138714433614,404.40493152783824
68_73,336.3708161745825,414.393354999579
68_74,344.5795082420084,424.38198360277255
68_75,352.88054658418724,434.3708118893193
68_76,361.2675756974187,444.3598349190576
68_77,369.734753707274,454.34904820381814
69_0,78.20872289286574,202.86583232263962
69_1,69.815617222727,194.89409745415176
69_2,60.47484203417568,187.11145469405542
69_3,50.84947361956466,179.39544678124835
69_4,41.39338591506323,171.6828050678609
69_5,32.255900384096805,164.12936031743382
69_6,23.806877732814417,156.8480147030057
69_7,16.420220191507635,149.87845131258103
69_8,9.95913034772714,143.26620157585552
69_9,5.386812096937316,137.06301112573254
69_10,0.4555687213790847,131.3268821294572
69_11,2.473744645716439,126.1215829163106
69_12,7.5212230469898955,121.51537546562633
69_13,11.609428344307043,117.57871711179271
69_14,13.372422048033929,114.38078853304917
69_15,19.895155206514243,111.98492344662056
69_16,27.198853275774336,110.44336115543437
69_17,32.472458766647634,109.79212204748492
69_18,29.347174505458316,109.99049129646224
69_19,29.452078264156142,100.07222367063866
69_20,31.95244412912043,90.15377645744512
69_21,36.725589424121054,80.23514945876823
69_22,40.59594149271501,70.31634247764973
69_23,30.622459703068287,60.39735531829107
69_24,20.65891161158819,50.478187786049595
69_25,10.733308730169847,40.55883968744859
69_26,0.9837903564411085,30.639310830173493
69_27,5.968794728858287,20.71960102307778
69_28,15.754123766273148,10.799710076184333
69_29,10.359469694755466,0.8796378006880308
69_30,0.4711571305608897,3.4987867389281733
69_31,2.30710324711835,1.203369810233304
69_32,11.998177516867695,5.0905887319680785
69_33,7.56366076435518,14.999356550178968
69_34,1.898064514125509,24.916394964945198
69_35,11.760773363946948,34.86738870631115
69_36,21.587301220123575,44.833780371098904
69_37,27.84703193584437,54.8072335149672
69_38,35.551471790818525,64.78454037508885
69_39,43.86837911317736,74.76420459023946
69_40,52.767697275108176,84.74543446611429
69_41,61.99919087378073,94.72777198208131
69_42,71.43424276682056,104.7109338247489
69_43,81.00179616391402,114.69473538620537
69_44,90.65994986523422,124.679051257983
69_45,100.38259140563642,134.6637932914408
69_46,110.15267803933286,144.64889774115747
69_47,119.95448928640673,154.63431738766863
69_48,129.76227198379777,164.62001652616883
69_49,139.59088766773064,174.60596767430513
69_50,149.44070774890463,184.5921493482465
69_51,159.307821585467,194.57854452343452
69_52,169.1892246763818,204.56513954605077
69_53,179.08257175337212,214.55192334842772
69_54,188.9860061047143,224.53888687378577
69_55,198.89803912013534,234.5260226479134
69_56,208.41693048593876,244.51332445579442
69_57,216.945426222773,254.50078709436386
69_58,225.59413371494617,264.48840618125377
69_59,234.34975941377252,274.47617800530526
69_60,243.20077074405344,284.4640994085432
69_61,252.13713701816152,294.45216769218933
69_62,260.898458419951,304.4403805411517
69_63,267.76429426148553,314.42873596291395
69_64,274.6249512316529,324.41723223770424
69_65,281.53551569021204,334.4058678776041
69_66,288.62003909199706,344.3946415927527
69_67,295.8727034199445,354.3835522632834
69_68,303.28145809779693,364.3725989158563
69_69,310.8351537607667,374.3617807039679
69_70,318.5224026782838,384.3510968913113
69_71,326.27240287107315,394.34054683767306
69_72,334.1253276230633,404.3301299869206
69_73,342.09016991345163,414.31984585672524
69_74,350.1593031580866,424.3096940297315
69_75,358.3256921043656,434.29967414595654
69_76,366.5828471464243,444.28978589619356
69_77,374.9247812198814,454.2800290163181
70_0,82.50590349578835,209.1202620193144
70_1,73.05447537978266,201.37153227098582
70_2,63.76475004234496,193.6512055811752
70_3,54.719204418254044,185.95020511628204
70_4,46.06198698872487,178.43791085530856
70_5,38.059107072925876,171.17845608983737
70_6,30.680979274539638,164.20539704833786
70_7,24.12077230716723,157.55678362390987
70_8,19.047806105009226,151.27542118662296
70_9,11.481261640508334,145.40893266461555
70_10,5.4679316534408295,140.00950085875172
70_11,2.3173447554275644,135.13314659624007
70_12,0.2757930720539549,130.83839273823014
70_13,2.1521808474465827,127.1841965440273
70_14,5.80637741537285,124.22712362645363
70_15,12.978178358048375,122.01789477718117
70_16,21.740449179030957,120.59764312387844
70_17,30.24606713938001,118.73940224885384
70_18,38.8537251937457,108.82278207581113
70_19,39.517954786579274,98.90598405303767
70_20,41.621627838986775,88.98900797417132
70_21,45.3830525128709,79.0718536340113
70_22,41.45196727180903,69.15452082852336
70_23,31.748399959804708,59.23700935483944
70_24,22.293380359764868,49.31931901126047
70_25,13.607587149124251,39.40144959726176
70_26,7.649199386897674,29.48340091348889
70_27,9.948180556939947,19.565172761768487
70_28,17.64675064893062,9.646764945104595
70_29,14.594063136345488,0.2718227323182126
70_30,9.342983074281529,4.645605611437295
70_31,9.565236970630743,0.08323003249280633
70_32,8.66365390892973,6.339606083893006
70_33,1.1989991092553098,16.246804688210844
70_34,6.461948360272295,26.154189855764827
70_35,14.243277272318673,36.06176177044054
70_36,23.53353727410019,45.96952061490392
70_37,33.22937867502627,55.87746657061444
70_38,42.002053527729416,65.78559981780838
70_39,49.6230785928988,75.69392053550881
70_40,57.64059551252919,85.60242890151413
70_41,66.19223837465502,95.51112509240133
70_42,75.0989692231242,105.42134654028354
70_43,84.24828524341343,115.3425872249685
70_44,93.56909024395715,125.27423341089764
70_45,103.01488004314395,135.2140185479301
70_46,112.55422361826479,145.16029530191733
70_47,122.16523648453492,155.11183796308714
70_48,131.83227187405765,165.06771587149544
70_49,141.5438770300971,175.02720980141683
70_50,151.29149295535387,184.989755224313
70_51,161.06860419874553,194.95490289292513
70_52,170.8686811416468,204.92229088152345
70_53,178.94303564114506,214.89162438040594
70_54,187.1958210123845,224.86266084840656
70_55,195.61017529340597,234.83519893712074
70_56,204.166141266128,244.80907011514265
70_57,212.84665964250354,254.7841322548574
70_58,221.63711326145136,264.76026466572995
70_59,230.52494240849032,274.7373642074677
70_60,239.49932213663317,284.7153422188183
70_61,248.55080054608234,294.6941220691883
70_62,257.64485804365336,304.67363719055805
70_63,266.7963533227947,314.6538294833487
70_64,276.005761464732,324.6346480158727
70_65,285.26748694406047,334.61604795621946
70_66,294.5766080096725,344.5979896895137
70_67,302.6157710437392,354.58043808408445
70_68,309.8571382286373,364.5633618780437
70_69,317.2482159743828,374.5467331638569
70_70,324.7787947246849,384.5305269531035
70_71,332.43940553919344,394.51472080725154
70_72,340.17438575180535,404.49929452306674
70_73,347.99505934505714,414.48422986343115
70_74,355.9247012148042,424.46951032611855
70_75,363.9561992263527,434.45512094444086
70_76,372.0829676579225,444.4410481147171
70_77,380.29890872817344,454.427279446494
71_0,86.18862508134549,215.63385727822717
71_1,77.18727562917758,207.90923030971658
71_2,68.45811075783985,200.23133913815883
71_3,60.11986077110348,192.75434505325651
71_4,52.359679835141385,185.51341601217325
71_5,44.98905476097244,178.53729410071873
71_6,38.29919375750802,171.85824802660355
71_7,32.73111280616771,165.51226516264873
71_8,25.50685569790177,159.53911505008412
71_9,18.688624486306907,153.9822123045943
71_10,15.722445008600282,148.88819202674796
71_11,11.487335632471902,144.3061041354543
71_12,7.421021174936271,140.28614340107225
71_13,7.495714732651065,136.87786962806337
71_14,1.1906350547999478,134.1279450927205
71_15,7.859264190486598,132.07752234728042
71_16,16.47058336848842,127.47769975786163
71_17,25.081713336315286,117.56270353279615
71_18,32.901226195197665,107.64753128571219
71_19,40.84375175305467,97.73218280218477
71_20,48.68899668426331,87.81665786895785
71_21,53.89207152288272,77.9009562739448
71_22,44.66056236921409,67.985077806232
71_23,35.83428144056491,58.06902225608426
71_24,27.713199084314642,48.15278941494193
71_25,21.0048169163478,38.236379075429255
71_26,17.712190963157756,28.31979103135137
71_27,19.00472788333991,18.403025077700757
71_28,24.076826611612,8.486081010658118
71_29,22.828136290061465,1.4056444569590432
71_30,18.792513673263663,5.8002022871854475
71_31,18.398741179179822,0.640823405512123
71_32,8.76211519204638,7.596423354248528
71_33,1.1821515545920986,17.502071734786497
71_34,11.126484434157318,27.40790491405389
71_35,20.632891082877784,37.3139230828807
71_36,28.096402567331488,47.22012643086808
71_37,36.59991840650754,57.12651514640364
71_38,45.70670728305529,67.0330894166426
71_39,54.27657646463403,76.93984942751543
71_40,61.94049055352576,86.84679536372259
71_41,70.17851327175242,96.75392740873079
71_42,78.82126261830173,106.66124574477335
71_43,86.9648135461877,116.56875055284532
71_44,95.30055688762609,126.47644201270398
71_45,103.92731691225883,136.38432030286256
71_46,112.77836316398626,146.29238560059116
71_47,121.77304335228358,156.20063808191472
71_48,130.81073380693374,166.10907792160643
71_49,139.9703187223774,176.01770529319452
71_50,149.00627822777116,185.92724949708727
71_51,156.93270648142385,195.84341813659174
71_52,165.0825537480954,205.7665225529576
71_53,173.42434637422537,215.69562248576312
71_54,181.93170386781833,225.62994269466049
71_55,190.5824752204311,235.56883836886476
71_56,199.35801047369682,245.51176886893276
71_57,208.24255517643576,255.4582775542385
71_58,217.22275133415124,265.40797611479354
71_59,226.28548956952426,275.3605322781285
71_60,235.39125868036737,285.3156600737573
71_61,244.562931221833,295.27311205615564
71_62,253.79608819865598,305.2326730421298
71_63,263.08427058249816,315.1941550298077
71_64,272.421864153508,325.1573930473531
71_65,281.80397076417455,335.1222417390876
71_66,291.2263015007244,345.0885725406862
71_67,300.68508772189614,355.05627132836054
71_68,309.9270225756768,365.0252364518062
71_69,318.89525431089083,374.995377079855
71_70,327.9223405870722,384.9666118023624
71_71,337.0035634799566,394.9388674432586
71_72,346.1346732695503,404.9120780484537
71_73,354.0761644204146,414.88618401934116
71_74,361.86679439028353,424.8611313680013
71_75,369.7635643702696,434.83687107467176
71_76,377.7598280164108,444.8133585314571
71_77,385.8494094489283,454.79055305908287
72_0,90.89459479949254,222.16953142563872
72_1,82.40594161101289,214.5243087539454
72_2,74.2891534838273,207.07790285865707
72_3,66.68021504823777,199.85282911336088
72_4,59.31327712531439,192.87397876015513
72_5,52.5466299629771,186.16906104597717
72_6,46.68702555276917,179.76874716334478
72_7,39.74490559675774,173.70672851930422
72_8,32.844945006724274,168.0196443742995
72_9,27.877767024420635,162.74682468573874
72_10,25.11946853973842,157.92978853221422
72_11,20.824644077862718,153.61144106180154
72_12,16.788489540798874,149.8349277520739
72_13,11.33289595567043,146.64213872185778
72_14,5.82968363915348,144.0719097075546
72_15,2.6952423806643573,136.20544895067422
72_16,11.051322012641434,126.29205293671457
72_17,18.676031787628993,116.37848281790971
72_18,26.90684995123362,106.46473837195822
72_19,34.49858109026133,96.55081937773245
72_20,42.73807214363544,86.63672561528217
72_21,48.49217172040474,76.7224568658341
72_22,41.396305471215506,66.8080129117979
72_23,32.82359647264004,56.89339353676581
72_24,25.305857520646537,46.97859852551797
72_25,20.06625961901497,37.063627664023976
72_26,18.207379285596858,27.148480739444302
72_27,21.063248171947272,17.233157540133796
72_28,27.479144912133698,7.317657855644457
72_29,31.88958335297576,0.22251735447976523
72_30,27.772882035398233,6.96257715030395
72_31,17.946379311188423,0.6680365822397772
72_32,8.310308024229071,8.861041102215143
72_33,0.21060022083518437,18.765158234779996
72_34,8.415469398401338,28.66945832388768
72_35,17.04137276260523,38.57394156712233
72_36,24.840817825569665,48.47860816083503
72_37,32.61763112206355,58.3834583001499
72_38,40.14246182220006,68.2884921789535
72_39,47.977155272016475,78.19370998989972
72_40,56.491720439822814,88.09911192440369
72_41,64.95909001681761,98.0046981726379
72_42,73.08175436931502,107.91046892353492
72_43,81.61833832457194,117.81642436477688
72_44,90.45176391307213,127.72256468280264
72_45,99.45287373105641,137.62889006279806
72_46,108.5111406692612,147.53540068869938
72_47,117.7149547028162,157.44209674318415
72_48,127.03675187188163,167.34897840767246
72_49,135.00584095962952,177.25604586233214
72_50,143.01592297756162,187.16329928605847
72_51,151.26099865927955,197.07073885648887
72_52,159.70469932025762,206.97836474999434
72_53,168.31715739901372,216.88617714167418
72_54,177.07377176247934,226.79417620535827
72_55,185.9541986077286,236.7023621136036
72_56,194.9415373299513,246.6107350376883
72_57,204.01542549692,256.5192951476178
72_58,213.1373419923152,266.4287379331347
72_59,222.3329962448245,276.34317428005807
72_60,231.5940836543697,286.2627999455382
72_61,240.91307404160924,296.18710624766544
72_62,250.28351487622285,306.1156502699548
72_63,259.69985164551235,316.048044598527
72_64,269.1572816734917,325.9839489180544
72_65,278.6516346497387,335.9230630861854
72_66,287.67831606974016,345.8651213923155
72_67,296.6502980687821,355.8098877714829
72_68,305.6851661959351,365.75715179337635
72_69,314.7775179080105,375.7067252841502
72_70,323.9225246669644,385.6584394677426
72_71,333.11586162671307,395.6121425360134
72_72,342.3536467698281,405.5676975745715
72_73,351.6323881649819,415.5249807851238
72_74,360.94893819931565,425.26961761577473
72_75,370.30045380198203,434.6274987206594
72_76,379.68436181635957,444.0128027811092
72_77,389.0983288007209,453.42383572354
73_0,96.47400679287978,228.82769199343676
73_1,88.51843073176737,221.40802442035704
73_2,81.01237389671225,214.1966516272357
73_3,73.64670488812159,207.21533676607842
73_4,66.83618197772402,200.48812999008476
73_5,60.822806083120796,194.04147840428223
73_6,54.031124840952344,187.90427718443925
73_7,47.10461970768359,182.10783286247897
73_8,41.44340087808007,176.6857039401979
73_9,37.62312921560717,171.6733799626962
73_10,34.28798538510847,167.10776011160522
73_11,30.11229144862604,163.02639900524912
73_12,25.487713920555507,159.46650354110622
73_13,19.0075709804983,154.8343631834108
73_14,11.114602219421714,144.9227152805288
73_15,3.0208065211960764,135.01089550997804
73_16,4.612599473940718,125.0989036405963
73_17,13.350767882138927,115.18673944239687
73_18,20.40504178161412,105.27440268656986
73_19,28.78641915011131,95.3618931454864
73_20,34.95390765219237,85.44921059270345
73_21,39.59576906582277,75.53635480296015
73_22,37.6881961974209,65.62332555218697
73_23,28.201806571834474,55.71012261750564
73_24,18.997180350852624,45.796745777230825
73_25,11.10787380353332,35.88319481087622
73_26,8.087039472517045,25.96946949915151
73_27,13.332236516418712,16.055569623972104
73_28,21.97287374869061,6.141494968454034
73_29,31.2722356038678,0.9683664060796474
73_30,30.644292481868074,5.907952407430566
73_31,22.009320107096443,0.23103596662585754
73_32,13.911050351097561,10.133459981426583
73_33,5.281312817535447,20.036064827559784
73_34,2.9931736352697818,29.938850710403187
73_35,10.750410216569948,39.84181783410829
73_36,18.564984330917362,49.744966401581856
73_37,26.006810634813075,59.64829661450323
73_38,34.168789833211875,69.55180867329986
73_39,43.08222530448994,79.45550277716407
73_40,50.952088345757446,89.35937912403884
73_41,59.31734530927821,99.26343791061781
73_42,68.11985610072074,109.16767933234728
73_43,77.12763029345213,119.0721035834163
73_44,86.21847301512176,128.9767108567634
73_45,95.48596869470506,138.8815013440639
73_46,104.88505829212855,148.78647523573568
73_47,113.21448084245063,158.6916327209348
73_48,121.02475146014685,168.5969739875467
73_49,129.13481210224603,178.50249922219996
73_50,137.49164987335476,188.40820861024096
73_51,146.05293619625695,198.31410233575167
73_52,154.7847741799781,208.22018058153722
73_53,163.65989033873976,218.12644352912594
73_54,172.65621285239547,228.03289135876724
73_55,181.7408680039333,237.93952424942984
73_56,190.88511144635982,247.84634237879436
73_57,200.10972922481594,257.7533459232624
73_58,209.40411782209225,267.66053505794264
73_59,218.75940177540323,277.5679099566532
73_60,228.1681074662359,287.4754707919194
73_61,237.62390536393534,297.3832177349748
73_62,247.12140524889566,307.2911509557498
73_63,256.52163188101065,317.19927062288303
73_64,265.4233741951439,327.1075769037024
73_65,274.3997023247266,337.01606996423885
73_66,283.44354391644873,346.925672122736
73_67,292.548651011553,356.74547387683793
73_68,301.7094899076275,365.9509969950663
73_69,310.92114705096725,375.19643582454125
73_70,320.1792485424861,384.47892110840945
73_71,329.47989119044206,393.7958431312044
73_72,338.8195833535339,403.1448241608456
73_73,348.1951940876257,412.5236941746065
73_74,357.6039093408189,421.9304694455842
73_75,367.0431941385063,431.36333362316657
73_76,376.5107598664874,440.8206209903073
73_77,386.00453590046624,450.3008016231295
74_0,102.78456185908493,235.7442895165172
74_1,95.35283356443693,228.54485469933047
74_2,87.98692504372917,221.5612874216669
74_3,81.14786574910492,214.81465685289726
74_4,75.00825848489181,208.32799887440564
74_5,68.3380259597453,202.12636002785933
74_6,61.39870108747053,196.23678074815012
74_7,55.39606145020583,190.6881948383716
74_8,50.6642058749166,185.5112192682107
74_9,47.58383649827447,180.73780753635899
74_10,43.55128199031229,176.40074250029653
74_11,39.410584490819225,172.5329523635106
74_12,33.04496187637676,163.53966248335783
74_13,25.19067635059191,153.62956452485452
74_14,17.21092988963107,143.71929680041973
74_15,8.584692569857955,133.8088590713913
74_16,0.20593550112536857,123.89825110028795
74_17,7.041132942474104,113.98747265080999
74_18,14.558366851782626,104.07652348784029
74_19,20.784417457010928,94.16540337745207
74_20,25.82469545516606,84.2541120869074
74_21,31.48753883538701,74.34264938465934
74_22,36.29710096683892,64.4310150403577
74_23,26.315967415825,54.519208824850956
74_24,16.33471859052208,44.607230510187215
74_25,6.353356447500079,34.695079869619796
74_26,0.30629924961610006,24.782756677605125
74_27,9.436263636955387,14.870260709811129
74_28,19.384820037436427,4.957591743115653
74_29,29.35599626839918,0.6027197895694489
74_30,36.09668016969583,4.5887308308404515
74_31,27.611541640090074,1.5127480604145795
74_32,18.99260709471109,11.413680739929532
74_33,11.104912643103653,21.31479224694805
74_34,3.3428759141733555,31.21608279323148
74_35,4.418096346040265,41.11755258930791
74_36,11.92159181544507,51.01920184445427
74_37,20.74461861772355,60.921030766712065
74_38,29.12870142569435,70.82303956286904
74_39,37.049132493661126,80.72522843846484
74_40,45.783265248229746,90.62759759778865
74_41,54.79734907158562,100.53014724386838
74_42,63.94601199502721,110.43287757848131
74_43,73.31262955720044,120.33578880214111
74_44,82.82347565926212,130.23888111410045
74_45,91.45717289932344,140.14215471234596
74_46,99.16329440722221,150.04560979359724
74_47,107.072569155911,159.94924655330482
74_48,115.30409799648068,169.85306518564514
74_49,123.79364379126476,179.75706588352566
74_50,132.49164581007145,189.66124883856784
74_51,141.35965617277122,199.56561424112076
74_52,150.36762382444405,209.47016228025052
74_53,159.4647608676091,219.37489314373695
74_54,168.63762561582527,229.27980701807502
74_55,177.89789750488038,239.18490408847168
74_56,187.23262811437237,249.0901845388394
74_57,196.631232659744,258.9956485518015
74_58,206.0849908134929,268.90129630868194
74_59,215.58666474569617,278.7492026786889
74_60,225.13020466222514,288.59802426185513
74_61,234.26202550173943,298.1263771945648
74_62,243.16221081968905,307.1445098100252
74_63,252.14363990909678,316.2207268083558
74_64,261.1979469389407,325.3501791294313
74_65,270.31782325747247,334.5285200467033
74_66,279.49686439503085,343.7518449500022
74_67,288.72944119958464,353.01663908674936
74_68,298.0105911508068,362.3197321522863
74_69,307.3359265271076,371.65825877414915
74_70,316.70155664654834,381.02962407011836
74_71,326.1040218686718,390.4314735772316
74_72,335.54023743649157,399.8616669500418
74_73,345.0074455652709,409.31825491324133
74_74,354.5031744563656,418.79945902800984
74_75,364.0252031390912,428.30365389484984
74_76,373.57153122890793,437.82935146959557
74_77,383.1403528432485,447.3751872154123
75_0,109.672236326442,242.89742006963957
75_1,102.33288428207082,235.91177349090933
75_2,95.47366113347508,229.14804660673482
75_3,89.20542699239137,222.62648141429997
75_4,82.6571268825665,216.36899075573234
75_5,75.7101678363597,210.39915277688334
75_6,69.50573846033622,204.74214676474722
75_7,64.2593316879654,199.42461270476488
75_8,60.221908122939034,194.47441595153848
75_9,57.098802953720515,189.92029935416835
75_10,52.89716650089428,182.23728023634365
75_11,47.243608626992035,172.29800954034405
75_12,39.270058229675925,162.36348924142254
75_13,30.938591453153368,152.43467003331105
75_14,22.189759081635795,142.51276702021673
75_15,13.682281595875727,132.59933875844433
75_16,6.142528528810581,122.69009445303881
75_17,0.3245787660351958,112.78068159409027
75_18,6.608505265196382,102.87109994037704
75_19,12.76275313602963,92.96134925187394
75_20,17.250205865315728,83.05142928974895
75_21,23.884103953256183,73.14133981636868
75_22,29.85060978158008,63.23108059530113
75_23,28.130800796750407,53.32065139131878
75_24,18.902915168941696,43.410051970400424
75_25,10.913451849791121,33.49928209973663
75_26,8.355067000748383,23.588341547724088
75_27,13.013428364843243,13.67723008398085
75_28,21.354212932110347,3.7659474793383536
75_29,30.69072977279586,0.5843805329049707
75_30,36.66336411759766,3.4072944344088447
75_31,28.087492434015857,2.6088964026510633
75_32,20.554572295777973,12.395951839927852
75_33,15.80361404880681,22.183034050890384
75_34,9.73257319919789,31.970143363499428
75_35,1.436604678053701,41.7572801048503
75_36,8.14316185960789,51.544444601149955
75_37,14.986449720726794,61.33163717773829
75_38,23.443971460390305,71.11885815906295
75_39,32.46372137080601,80.90610786869348
75_40,41.73537780104073,90.6933866293087
75_41,51.27472426572049,100.48069476269625
75_42,60.95627349680942,110.26803258975342
75_43,69.7830686473452,120.05540043047966
75_44,77.43480637006037,129.84279860397746
75_45,85.12870737596651,139.63022742844802
75_46,93.16456491505397,149.41768722118857
75_47,101.54647048298605,159.2051782985907
75_48,110.19552081773601,168.99270097613496
75_49,119.0535385977612,178.78025556839552
75_50,128.0772028745463,188.56893482956002
75_51,137.19006480806618,198.37266469271225
75_52,146.3997999645676,208.1935741102583
75_53,155.70498477692445,218.02935896825477
75_54,165.08950307410058,227.87810976542994
75_55,174.5405805298055,237.73823111666385
75_56,184.04798445864293,247.6083800762328
75_57,193.60343659088198,257.48741836811575
75_58,203.19919422018128,266.89773162192427
75_59,211.99655735448826,275.85613165856734
75_60,220.89484273669208,284.88273187416485
75_61,229.88234801241788,293.9712631744443
75_62,238.94902224809422,303.1161677280014
75_63,248.086201242817,312.31250606452056
75_64,257.28638862359566,321.5558774727348
75_65,266.54307461680514,330.8423517061579
75_66,275.850585739951,340.1684102976352
75_67,285.20395984458486,349.5308960400714
75_68,294.5988419500643,358.92696941182095
75_69,304.03139714834657,368.3540709141968
75_70,313.4982375511577,377.8098884488614
75_71,322.9963608148571,387.2923289984755
75_72,332.52309823597585,396.7994939880771
75_73,342.07607078102313,406.32965780074255
75_74,351.6531517137979,415.8812490017634
75_75,361.25243472574607,425.4528338933607
75_76,370.8722066709834,435.0431020789029
75_77,380.5109241665959,444.650853763552
76_0,116.68405426985997,250.26675456282624
76_1,109.80973357689078,243.4878477450876
76_2,103.442516295786,236.93554202087114
76_3,96.98495677390044,230.62916569708844
76_4,90.03281211602658,224.5894508391
76_5,83.69529713101323,218.83849206335606
76_6,78.12217964122051,213.39965111942706
76_7,73.48762107451809,208.29739414562746
76_8,69.97839601066326,201.57722542490737
76_9,66.3410468447289,191.6029071867493
76_10,61.45553847817625,181.62893113799672
76_11,53.35736656253374,171.65537632761448
76_12,44.57456601630863,161.68234138405143
76_13,35.94824552410021,151.709950947631
76_14,27.906702104971597,141.7383648162241
76_15,20.388360080977858,131.76779123971806
76_16,13.914938047050082,121.79850673735871
76_17,7.573818330345398,111.83088650162607
76_18,1.4136719551785777,101.86545262585973
76_19,3.146857210801795,91.90295365310443
76_20,9.656191694337126,81.94450202629291
76_21,15.743026276759903,71.99182530951656
76_22,22.815378408732396,62.04775836021138
76_23,30.01810337857982,52.11729640710522
76_24,25.142520557314104,42.205209309833045
76_25,19.58105518775554,32.295800666595895
76_26,18.273571111894555,22.38622328826041
76_27,21.247507376702135,12.476476938587563
76_28,27.22599892866472,2.5665613825565528
76_29,35.0275994961285,1.7792423639017345
76_30,33.38760087407206,5.395799867532759
76_31,23.66240088724382,0.62930413838638
76_32,14.294206006643666,10.417454389660799
76_33,6.4873296005881285,20.20563733632198
76_34,5.022461278287777,29.99385330619604
76_35,4.255417805995268,39.78210262621416
76_36,1.1005370707655588,49.570385622399385
76_37,10.156996708060273,59.358702619878315
76_38,19.815277500846992,69.14705394286452
76_39,29.68854849730437,78.93543991466589
76_40,39.616485843312745,88.72386085767532
76_41,48.666115723927945,98.51231709337236
76_42,55.66948565635951,108.30080894231776
76_43,63.42376867085584,118.08933672415061
76_44,71.123544827806,127.87790075758993
76_45,79.32666834403177,137.6677352791913
76_46,87.89868279826955,147.4770654891095
76_47,96.74161709031806,157.30829329328367
76_48,105.78524278823406,167.15757754053823
76_49,114.9211027991778,177.02192561663708
76_50,124.18006781819692,186.89897258074754
76_51,133.54344160638342,196.78682555400053
76_52,142.99074130902352,206.68395202228714
76_53,152.50639576560536,216.5890983012075
76_54,162.07838954842663,226.50122910384735
76_55,171.6973225264936,235.73668507591992
76_56,180.9429705062085,244.61747396787234
76_57,189.72536974940815,253.58029493666456
76_58,198.62129183041526,262.6167639018309
76_59,207.61616324177365,271.7195474367181
76_60,216.6976804149649,280.88221216975785
76_61,225.85540888001344,290.0990976664918
76_62,235.0804587931146,299.36520900336484
76_63,244.36522189681116,308.67612583233546
76_64,253.70315775751914,318.0279252508329
76_65,263.0886195049692,327.4171162342028
76_66,272.5167112653671,336.8405837623471
76_67,281.983171073002,346.29554108633187
76_68,291.4842743188571,355.7794888424486
76_69,301.0167538059448,365.2901799383891
76_70,310.5777332806443,374.82558931604234
76_71,320.16467194050904,384.383887844151
76_72,329.77531791725556,393.96341971700747
76_73,339.40766912748984,403.5626828371319
76_74,349.05994019547063,413.180311744
76_75,358.7305343998433,422.8148384580099
76_76,368.41801979326834,432.4550917081075
76_77,378.0989626140886,442.0894550385088
77_0,124.15402389117887,257.833712582773
77_1,117.71181472155561,251.25411446141658
77_2,111.31983731942748,244.90458055388333
77_3,104.36383743935177,238.80347656248065
77_4,97.93194481122897,232.9703350902993
77_5,92.13402484971773,227.42578990750687
77_6,87.09681600242156,221.4936854285283
77_7,82.95904374563911,211.51778493106949
77_8,79.86067843973002,201.541980603113
77_9,75.54215455555328,191.56630479786992
77_10,66.97076301280154,181.5907970476565
77_11,58.34257087082724,171.6155061497676
77_12,49.91724944528157,161.6404930244501
77_13,42.030957123210385,151.6658347002588
77_14,34.656869293240725,141.69162998198968
77_15,28.160177004803543,131.71800769244447
77_16,21.762543211672043,121.7451389627608
77_17,13.440639804017824,111.7732560974123
77_18,3.8986615242998806,101.80268251667223
77_19,1.665637791033931,91.83388218355414
77_20,2.333591488419262,81.86754509471129
77_21,8.97089566435254,71.90474375109567
77_22,16.34712578142032,61.947240300049636
77_23,20.666450366206302,51.99814560311748
77_24,25.670524176330193,42.06351007251695
77_25,29.210335375069732,32.156847086783394
77_26,28.344232724867787,22.31560010563407
77_27,30.52941486446423,12.686149807390512
77_28,35.09275849457989,3.2290251295602426
77_29,41.43407651375775,0.9578963358135812
77_30,32.99647413046694,7.378886339966118
77_31,23.10652594531975,0.449023550778614
77_32,13.266549444528943,8.446817849507326
77_33,3.7228175165851285,18.236119779279043
77_34,4.144937404197689,28.02546057619094
77_35,5.402922267110893,37.81484056683335
77_36,0.7509350001304506,47.60426007686993
77_37,10.29437461893192,57.39371943103946
77_38,20.17323734720962,67.18321895314568
77_39,27.91016852794934,76.97275896606214
77_40,34.54316725359424,86.7645343106113
77_41,41.564499020494864,96.58608034105715
77_42,49.32143544370635,106.43753027517943
77_43,57.17317662861691,116.31131784501329
77_44,65.60651992893278,126.20222977063628
77_45,74.42406496013231,136.10656028838272
77_46,83.48882420376385,146.02160465301114
77_47,92.66635202150583,155.94534343607586
77_48,101.99420350277502,165.87623892905455
77_49,111.43560146243651,175.8130999043504
77_50,120.96399273000603,185.75498942845033
77_51,130.56036123473828,195.70116057111352
77_52,140.21077721006822,204.67687931359552
77_53,149.9048282251877,213.45302017276606
77_54,158.68550372942477,222.3309839053537
77_55,167.44867867981765,231.29906270712874
77_56,176.341588880595,240.34718552398195
77_57,185.34558197036466,249.46665853140024
77_58,194.4452470571131,258.64994991727775
77_59,203.62777752841978,267.8905112616856
77_60,212.88246893757994,277.1826290533529
77_61,222.20032248699835,286.52130099059093
77_62,231.57373082663835,295.9021326647297
77_63,240.99622801682582,305.32125102161524
77_64,250.4622895996661,314.7752316564233
77_65,259.9671719237778,324.26103753795206
77_66,269.50678233933274,333.7759671995172
77_67,279.07757377879767,343.31761079198714
77_68,288.67645869283695,352.8838126852045
77_69,298.3007384247332,362.47263953996867
77_70,307.9480449610792,372.08235296405974
77_71,317.61629265387165,381.71138602137245
77_72,327.30363801644484,391.35306104359074
77_73,337.00844608883756,400.9922670892367
77_74,346.6314204818433,410.6271857870557
77_75,356.27153752418366,420.2621277952293
77_76,365.92232490261415,429.8975972479926
77_77,375.57723621598797,439.54435490752047
78_0,132.00429659977422,265.58136515192353
78_1,125.66086214611921,259.19343957593304
78_2,118.70180348056559,253.03797133798682
78_3,112.1994458023034,247.1323440095441
78_4,106.2377115391827,241.49490093177914
78_5,100.91249640517356,231.88715862550748
78_6,96.3294556910846,221.93007678269058
78_7,92.59888957216964,211.97481878671468
78_8,89.15393653945762,202.02167070324865
78_9,80.75511735527053,192.07097789707817
78_10,72.19301832004169,182.1231611916475
78_11,64.0319342767938,172.17873860750706
78_12,56.214822449370565,162.23835505905095
78_13,48.93896587892582,152.30282362097438
78_14,42.41113200000687,142.37318397332933
78_15,35.51620599233217,132.45078696230465
78_16,26.200428430964312,122.53741993318789
78_17,17.62588117214509,112.6354976668353
78_18,11.577372448984208,102.74836258105174
78_19,10.530986195599342,92.88077431647703
78_20,4.1603374034932985,83.03974320309139
78_21,2.681197768311853,73.2360233850793
78_22,7.398460579482449,63.48695723797416
78_23,11.601509333115201,53.82231713026384
78_24,18.266122724555217,44.294950470624826
78_25,26.78564316757987,34.835710640906605
78_26,36.01502166382544,25.376480840863582
78_27,40.22152535942324,15.917260710849986
78_28,43.80684786290645,6.458049891989303
78_29,44.80767588197103,0.3610203624529073
78_30,35.293310006161846,7.222030403520642
78_31,25.959051465865468,0.4341894637430849
78_32,16.500570460547106,6.484037152329914
78_33,7.438842367774719,16.27447632921658
78_34,2.1966712699402398,26.064960139588234
78_35,1.552294051936009,35.863180520932595
78_36,3.1107381789715642,45.72482710594181
78_37,11.891962429326977,55.629112843029795
78_38,13.905428044017382,65.55677098401567
78_39,20.414274841053448,75.49863094142962
78_40,27.48912803850624,85.4497791470938
78_41,35.222767543210004,95.4073482226479
78_42,43.335510402372755,105.36955318378602
78_43,52.10135236992252,115.3352251327776
78_44,61.18975179769863,125.30356675644707
78_45,70.44499719669592,135.27401564394816
78_46,79.87547627640616,145.24616377588333
78_47,89.42581002268108,155.2197079897537
78_48,99.06137767683161,165.19441835993283
78_49,108.75956248805512,173.77585667107118
78_50,118.50502415838068,182.40390437209103
78_51,127.8740363000069,191.1638096318525
78_52,136.42924891713886,200.0382698654219
78_53,145.16683112783159,209.01271240088826
78_54,154.055780667501,218.0748116099812
78_55,163.07137017785237,227.21409664595413
78_56,172.19373172012442,236.42163288655382
78_57,181.40677973524828,245.6897629316062
78_58,190.6973912343027,255.01189556033427
78_59,200.05477978363157,264.38233327011983
78_60,209.47001510448908,273.7961308687418
78_61,218.93565220471567,283.2489791020715
78_62,228.44544318389433,292.73710851429155
78_63,237.9941117448065,302.2572097075751
78_64,247.57717554118508,311.8063669384785
78_65,257.1908052474958,321.3820025990966
78_66,266.8317120031011,330.9818306147324
78_67,276.4970569262005,340.6038171735775
78_68,286.1843779070817,350.2444423072252
78_69,295.89153001804766,359.8882374681235
78_70,305.5333176361146,369.52500250529306
78_71,315.16688739575324,379.1617969348696
78_72,324.8179550288853,388.7986210640771
78_73,334.4718070087208,398.4414556617444
78_74,344.1406219556512,408.1005829518615
78_75,353.8270825837104,417.7751070130126
78_76,363.5297895497881,427.4639920141959
78_77,373.24748679232664,437.1662924874163
79_0,140.00750223353404,273.49432386851294
79_1,133.0458967344158,267.2903692694847
79_2,126.48886486287994,261.32033488347815
79_3,120.40255057923177,252.60259542770746
79_4,114.86183453957507,242.6750706641139
79_5,109.94926168183314,232.7516840214487
79_6,105.75243831721605,222.83300319264484
79_7,102.35947415172528,212.91970142538582
79_8,94.55049673609018,203.0125831385629
79_9,86.19286745531942,193.11261734635593
79_10,78.21599061236333,183.22098180089426
79_11,70.44602437209316,173.33912206741869
79_12,63.22856851491308,163.46883173954024
79_13,56.66779739893872,153.61236311551505
79_14,48.60757535556639,143.77258262837552
79_15,39.854861869335885,133.95319346022396
79_16,31.83168005152341,124.15906145547194
79_17,25.24363008512079,114.39670415899836
79_18,21.37172306204406,104.67504527225633
79_19,17.918573328725845,95.0066157113754
79_20,9.856854130463221,85.40953501882456
79_21,5.2579120085835624,75.9087361737661
79_22,1.0241302861722295,66.44741281842138
79_23,4.439960841798388,56.98609177836266
79_24,13.900757013159453,47.52477269445175
79_25,23.74282810578011,38.0634552083443
79_26,31.962987717268447,28.60213896249139
79_27,39.69923805102537,19.140823600143598
79_28,48.13529164562572,9.708685261084904
79_29,48.07342030981214,3.9327383307094443
79_30,38.60786831482245,6.702749032220774
79_31,28.69195185679551,3.92820740883532
79_32,18.827070436134626,6.61309782673405
79_33,9.213722185623253,15.831652392381354
79_34,0.6133491056340696,25.627452689612475
79_35,1.5513231741583953,35.526268098483015
79_36,0.7813523284734442,45.460936438042474
79_37,2.8738774408754275,55.41224366538736
79_38,6.279446821021182,65.37264819892172
79_39,13.45755965611649,75.33859108603623
79_40,21.17154881929297,85.30817490039206
79_41,29.775363010772374,95.28029587922293
79_42,38.90941752458376,105.25426841371743
79_43,48.31148531707704,115.22964425374654
79_44,57.90783477240318,125.20611802947026
79_45,67.61585194005818,134.95109390821253
79_46,77.39357512190905,143.14042452173345
79_47,87.21760716452155,151.54475512140525
79_48,97.07392855498466,160.1302607492299
79_49,105.7032356816224,168.86933293298526
79_50,114.17857516129101,177.73934309444908
79_51,122.88042476847768,186.72165260138482
79_52,131.7639442897133,195.8008266923633
79_53,140.79477761098605,204.964012409354
79_54,149.94633600642774,214.2004464733434
79_55,159.19782536407953,223.50106528643587
79_56,168.5328126159625,232.85819491587773
79_57,177.938178742702,242.2653036818733
79_58,187.40334839333212,251.71680381566028
79_59,196.91971806629536,261.20789168470066
79_60,206.4802276931271,270.7344184389116
79_61,216.07903659318808,280.2927847525549
79_62,225.71127604799503,289.8798547379533
79_63,235.37285863091594,299.49288518567516
79_64,245.06032996153908,309.1293794810804
79_65,254.7707524588005,318.77508753470016
79_66,264.4333000561099,328.41608731253325
79_67,274.05840468649006,338.054695772297
79_68,283.70724725551725,347.6933399400013
79_69,293.36168845010457,357.33389924240373
79_70,303.0278846216807,366.99005176345634
79_71,312.71415251383684,376.6633888268149
79_72,322.41869566786863,386.35263018120634
79_73,332.1399243866805,396.0566188576346
79_74,341.87642720642776,405.7743068890315
79_75,351.62694690381227,415.5047429416906
79_76,361.3903602304852,425.2470615707514
79_77,371.1656607244921,435.00047385977433
80_0,143.5831557195739,281.5586239184835
80_1,137.2360714648884,273.5868787184749
80_2,130.5553547498101,263.69417691597204
80_3,124.2338479870643,253.8079453272948
80_4,118.41608145800606,243.92898415451944
80_5,113.17979292564632,234.05822812308273
80_6,108.43540255171357,224.19677579419061
80_7,103.72173682023677,214.34592683536042
80_8,99.00771743689448,204.50722986850067
80_9,92.40313750359559,194.68254453959634
80_10,84.70304960224972,184.8741229478451
80_11,77.52408757617452,175.0847177833783
80_12,70.93016803941845,165.31772785021803
80_13,62.22510665825861,155.57739674711416
80_14,53.834940296855905,145.8690884318432
80_15,46.08203997682747,136.1996760582831
80_16,39.34503389964074,126.57810107600844
80_17,34.22922191689266,117.01619385366796
80_18,31.29971577664368,107.52745095514179
80_19,24.10166614558,98.06407506646461
80_20,18.312511304119873,88.60069384177204
80_21,11.0694986309787,79.13730692246337
80_22,1.6696594964312221,69.673913950751
80_23,2.7516650376285914,60.210514569664724
80_24,10.042371600928266,50.74710842305191
80_25,17.748062345391553,41.292330054001845
80_26,25.78272483694848,32.07200550205451
80_27,34.6827198110302,23.480534175610096
80_28,40.929493717021785,16.529657116728366
80_29,44.92965432881242,13.939260983493952
80_30,40.79155796622875,14.965135267876647
80_31,31.55749172362972,13.960916631964167
80_32,22.750955558008457,14.938247480495821
80_33,14.277294303353864,20.734329110891746
80_34,5.180602983491144,28.91164369207242
80_35,2.9386428211426203,37.96143830042424
80_36,2.9000902799191786,47.386524935437336
80_37,5.3874136424099826,57.00110856787017
80_38,0.3996099493459708,66.72337755467728
80_39,7.457066084251569,76.51234141040422
80_40,16.75315056008149,86.34536274499666
80_41,26.502159787857277,96.20897273825355
80_42,36.37719654888896,105.29157418290781
80_43,46.297769071786185,112.99180325384746
80_44,56.2398521854561,121.02562565587618
80_45,66.19381113814907,129.33091890734008
80_46,75.55291941895867,137.85865510604353
80_47,83.58059177514059,146.57003895421906
80_48,91.94208133760698,155.43422032601555
80_49,100.59058690325315,164.42651266153482
80_50,109.46621898686193,173.52702292170733
80_51,118.51799352071141,182.71960331585686
80_52,127.70849209008111,191.9910494691954
80_53,137.00982929526572,201.3304854738757
80_54,146.40090729616696,210.7288901586616
80_55,155.86553091696382,220.17873011100957
80_56,165.39109810489637,229.6736736269503
80_57,174.9676778352731,239.2083662813027
80_58,184.58735176024715,248.7782536684819
80_59,194.2437376569524,258.37944046669213
80_60,203.93163985258968,268.008577647031
80_61,213.64678951693904,277.6554543980347
80_62,223.33316353448686,287.300581504988
80_63,232.94679739096017,296.9409665363839
80_64,242.59033777169046,306.5813932100012
80_65,252.2464809835617,316.2219320873207
80_66,261.91002983796216,325.87446384294964
80_67,271.5962072396589,335.546443455396
80_68,281.30327521559093,345.23624811008585
80_69,291.02915725752814,354.9424293727245
80_70,300.77204167167196,364.6636907037448
80_71,310.5303411607351,374.39886831631
80_72,320.3026595043598,384.1469148201061
80_73,330.08776394168626,393.9068851954798
80_74,339.88456216139303,403.67792472439777
80_75,349.6920830357086,413.4592585707525
80_76,359.50946041308276,423.25018275581596
80_77,369.33591942261893,433.0500563179966
81_0,134.9179994341012,284.9280687472531
81_1,129.59341649344097,275.08082836238157
81_2,122.89371011266141,265.2431329956703
81_3,116.2358485742603,255.41609845725998
81_4,110.00213615753673,245.6010178991989
81_5,104.35105721007663,235.7993981442188
81_6,99.37374340744444,226.01300522662936
81_7,94.66658448684896,216.2439219560613
81_8,89.9590939298119,206.494621324952
81_9,85.27844716132181,196.76806101129608
81_10,81.28387097578516,187.06780627881759
81_11,77.96428893465045,177.39819155367505
81_12,73.63600553825981,167.76453533594258
81_13,67.94291199375449,158.17342963427978
81_14,60.34875247076128,148.63313498624697
81_15,53.542625228163814,139.15104279784083
81_16,47.86197497936024,129.68564474164535
81_17,43.74753400711774,120.22023376023947
81_18,38.358762185866965,110.75480949559525
81_19,32.03751649448102,101.2893715905201
81_20,23.92271708682669,91.82391968865427
81_21,15.904549389573926,82.35845343447795
81_22,10.84403074908982,72.89964537700016
81_23,3.3050202038818837,63.56270411162238
81_24,3.5850005272354353,54.453762828626324
81_25,12.358232815530291,45.70941089144505
81_26,20.93051274799182,37.58508218824905
81_27,27.29897928524332,30.57914261534484
81_28,32.077026395192384,25.626044325796034
81_29,35.262449636626144,24.030734588902913
81_30,38.407575543442086,24.63892271830634
81_31,33.07666488818547,24.042911570466135
81_32,24.15413365557988,24.617663422600412
81_33,16.007608200512973,28.504133037139837
81_34,8.975018855940956,34.90192011171514
81_35,0.9022417556717478,42.69674470589827
81_36,0.6129501308407258,51.25521378926602
81_37,4.122772048354992,60.252852581695215
81_38,2.2513981771471614,69.51940277927261
81_39,6.9123335084616,77.12887237029187
81_40,16.287137553325895,83.86340664699283
81_41,26.002473057443915,91.19471285243173
81_42,35.809713118941524,98.99032551804481
81_43,45.68934587159242,107.148986175325
81_44,53.93006401674192,115.5938810382653
81_45,61.54755147722282,124.26669891108003
81_46,69.73933072898923,133.12292913571508
81_47,78.2997300076707,142.12831672374898
81_48,87.16288684112263,151.25624816948164
81_49,96.24523516492692,160.4858391356944
81_50,105.49021168466832,169.80053595141624
81_51,114.8585868173617,179.18708856127128
81_52,124.32249853475003,188.63479115842077
81_53,133.86171427318848,198.13491614272186
81_54,143.46124028397497,207.6802884418228
81_55,153.10975863572088,217.26496246590042
81_56,162.79858275423487,226.8839747153266
81_57,172.5209447523181,236.52960617581329
81_58,182.23630760745564,246.17861872690182
81_59,191.83336417479111,255.82074379527447
81_60,201.4679614979163,265.46291636686254
81_61,211.12519061269828,275.1051367508766
81_62,220.78709382280346,284.7539075928988
81_63,230.47333783210357,294.4242864107794
81_64,240.18397104852565,304.1149462891534
81_65,249.91616654763476,313.82402126711395
81_66,259.66751537801287,323.5498660215319
81_67,269.4359529126176,333.2910246038723
81_68,279.21970007601647,343.0462042796745
81_69,289.0172160935999,352.8142535371891
81_70,298.82716023673373,362.594143519254
81_71,308.6483606452874,372.3849522793811
81_72,318.4797887584951,382.1858513785127
81_73,328.3205382206391,391.9960944302679
81_74,338.1698073804497,401.8150072750588
81_75,348.02688469459395,411.6419795215152
81_76,357.89113649170076,421.47645724004155
81_77,367.76199666597887,431.31793663097153
82_0,126.49771971422648,286.72812662204933
82_1,120.80897040372272,276.9439422680144
82_2,115.49108344847599,267.1738502819707
82_3,108.55865366725698,257.41946808490724
82_4,101.92929779709502,247.68266515019428
82_5,95.80960848854816,237.96561334490946
82_6,90.37898473769283,228.27084963175324
82_7,85.6082219302291,218.6013547525704
82_8,80.90724956850464,208.96065275058587
82_9,76.20596764374584,199.35293790633327
82_10,71.7653453212278,189.78323807178887
82_11,68.4469904391293,180.25762679817024
82_12,64.39547393660558,170.77946358658943
82_13,60.414891973657966,161.31207310992767
82_14,57.70674536433754,151.84466217993884
82_15,55.26960387270005,142.3772304392123
82_16,53.08913834179439,132.90977753119205
82_17,52.518274986316406,123.4423031001719
82_18,46.09239044279647,113.97480679130445
82_19,37.78768693152201,104.51391826591299
82_20,30.153130910625944,95.13817902445213
82_21,24.137863988712628,85.89816064629353
82_22,17.118111990221642,76.8428844804781
82_23,9.652265365121119,68.04619689893275
82_24,0.6839141474104092,59.62272389065245
82_25,6.7964735640371625,51.75508617821564
82_26,13.083807307747007,44.737583027534825
82_27,18.367095133046504,39.03157179920034
82_28,22.877359017830415,35.27935627044274
82_29,25.614485814636538,34.13160927982553
82_30,29.467068051956794,34.558230690897595
82_31,30.60675204770875,34.09854281180387
82_32,20.687858617193132,34.530396334437896
82_33,10.879421357036021,37.3944074585507
82_34,1.8392104578260697,42.46798712934397
82_35,2.81219893070765,49.070564849735824
82_36,6.063141644635533,52.920338772140035
82_37,4.914416245278499,57.341728976071
82_38,4.422856582553684,63.045669343225825
82_39,5.273551886438655,69.71812814266887
82_40,14.97128425371064,77.10813396993133
82_41,23.94038409031686,85.02884674987482
82_42,32.35123534509149,93.34530700128124
82_43,39.813709309470205,101.96076013425525
82_44,47.60312912975612,110.80551976435919
82_45,56.014111295757075,119.82885210777273
82_46,64.85462010409863,128.9933178116607
82_47,73.98580065909343,138.2708849736602
82_48,83.3121791105676,147.64025970866481
82_49,92.77494764603455,157.08503984662448
82_50,102.3363160548286,166.59242407951308
82_51,111.97106298293119,176.15229807938996
82_52,121.66178839894428,185.75657894025127
82_53,131.3961369219645,195.3976648175989
82_54,141.15007513256353,205.04853225224358
82_55,150.7208050585059,214.6941545286068
82_56,160.34174676183974,224.33803730561002
82_57,169.9979132529812,233.98197368458133
82_58,179.6591306749795,243.62851786194224
82_59,189.34569939289176,253.29693006176052
82_60,199.06157713170802,262.98887491594314
82_61,208.80269161169747,272.70185801016805
82_62,218.56568682209837,282.4337230058964
82_63,228.34777375892884,292.18259693269636
82_64,238.14661663285102,301.94684564464455
82_65,247.96024518161528,311.72503733027827
82_66,257.78698641816953,321.5159124458078
82_67,267.62541100739674,331.31835880366236
82_68,277.4742907661846,341.13139082358975
82_69,287.33256470288075,350.95413216412305
82_70,297.1993116716007,360.7858011142486
82_71,307.0737281941034,370.62569825075184
82_72,316.95511035084223,380.473195964649
82_73,326.84283890034067,390.32772953691057
82_74,336.73636697796906,400.18878950430195
82_75,346.63520986943826,410.0559151042402
82_76,356.5389364635901,419.928688625863
82_77,366.4471620726253,429.8067305252975
83_0,118.37447988852676,288.87882521687897
83_1,112.2811218837137,279.16879824428383
83_2,106.7732581467125,269.47809115915254
83_3,101.15705728169154,259.8088785822914
83_4,94.23042186966588,250.16366621258092
83_5,87.6393519561468,240.5453549817881
83_6,81.67380296935053,230.95732036114438
83_7,76.54663070020771,221.40351104213738
83_8,71.85216598381226,211.88857256480964
83_9,67.15741376828271,202.4126690637322
83_10,62.47563907518615,192.94331530282918
83_11,58.641560624255185,183.473933620486
83_12,55.18515353170501,174.00452365996506
83_13,50.88679115490915,164.53508506539237
83_14,47.799028911792,155.06561748176836
83_15,45.360121870567895,145.59612055496478
83_16,43.02457846318265,136.13396196473616
83_17,42.32163682263268,126.73901267109659
83_18,42.5316063141074,117.44009999727272
83_19,42.957140240029474,108.26200585297663
83_20,38.08391406706487,99.23829340208984
83_21,31.313238523361978,90.41523700831932
83_22,23.00723217088449,81.85778919408409
83_23,14.65818926262716,73.65862970696381
83_24,6.862574606181834,65.95157686674736
83_25,0.5508880619897212,58.93008680885153
83_26,5.623315871872825,52.86808935363316
83_27,9.58352293960919,48.129585067035386
83_28,13.071914346393301,45.13345390853212
83_29,15.914692775324552,44.23524923581993
83_30,20.920867892445788,44.559200409000326
83_31,25.919260120898375,44.16108293343802
83_32,21.768508034994355,44.16934414577542
83_33,12.77729796576141,40.5282132095918
83_34,5.423391033007392,39.15710637081542
83_35,0.029221771397613457,40.28854852267001
83_36,8.015143421995866,43.72880077654412
83_37,4.088357700627372,48.993969953753385
83_38,4.613273671337372,55.56777731203784
83_39,2.3365452112623135,63.042223161565325
83_40,10.089441799402183,71.13401946483052
83_41,18.63412344951773,79.65529440456343
83_42,25.700197793089977,88.48209484066842
83_43,33.75652474585693,97.53154306137083
83_44,42.543507044317195,106.74706519348724
83_45,51.764982506198336,116.08915058452314
83_46,61.22500207780251,125.52957600447598
83_47,70.82810219416226,135.04774839586483
83_48,80.52315599366132,144.62834543886981
83_49,90.28058688373885,154.2597447639894
83_50,100.06514806201376,163.9122505085645
83_51,109.61585607819977,173.5613182030828
83_52,119.2130694137286,183.20687639850073
83_53,128.8647631087924,192.8524939138827
83_54,138.52624424259113,202.49852679022786
83_55,148.21360490732033,212.16438408689058
83_56,157.93770044383157,221.85828334838794
83_57,167.69216398752178,231.57672018350314
83_58,177.47201051960525,241.31674651905433
83_59,187.27328459165628,251.07586567290602
83_60,197.09280968689333,260.8519500491348
83_61,206.92800685232683,270.64317602525006
83_62,216.77676141009317,280.4479720249479
83_63,226.6373236036519,290.2649767918488
83_64,236.50823356842952,300.0930056203097
83_65,246.3882639885294,309.93102284158533
83_66,256.27637578322174,319.7781192638716
83_67,266.1716835106314,329.63349356310044
83_68,276.0734281005625,339.49643684533004
83_69,285.98095517377425,349.3663197713404
83_70,295.8936976612159,359.2425817634232
83_71,305.81116176341885,369.124721913924
83_72,315.73291552671856,379.01229129208053
83_73,325.6585794861042,388.9048864057106
83_74,335.5878189524579,398.8021436213261
83_75,345.520337617531,408.7037343834023
83_76,355.4558722218486,418.60936110286764
83_77,365.3941880855146,428.5187536084945
84_0,110.49039961906185,291.3723738316386
84_1,104.0728595618572,281.7467996338892
84_2,98.11160775628211,272.1463399625244
84_3,92.84162035739293,262.57376226709465
84_4,86.83034097320132,253.0322441999922
84_5,79.9081383572679,243.52545036590195
84_6,73.37251060327355,234.05061878433432
84_7,67.62682288738394,224.57933027273666
84_8,62.79382476414675,215.10800643047642
84_9,58.105591821454304,205.63664690153948
84_10,53.41709347059405,196.16525133079918
84_11,49.01272538149394,186.6938193640156
84_12,45.97180112072723,177.22235064783945
84_13,41.63017508848251,167.75948964089022
84_14,37.90011741439538,158.35317623543023
84_15,35.45093358093217,149.02100439130115
84_16,33.045164425170896,139.7778499381226
84_17,32.12596900971549,130.64263542574278
84_18,32.34342363473251,121.6397112986051
84_19,32.87263712405972,112.80078865958245
84_20,31.902516488642544,104.16765791708066
84_21,31.681007036710582,95.79601027069934
84_22,26.112388355047667,87.76074833709396
84_23,19.34674188515013,80.16313503393124
84_24,11.659912395227698,73.13973329026345
84_25,8.278079567866763,66.87176734567316
84_26,1.8848280496856797,61.59036862104801
84_27,0.5218471332107731,57.56777370180576
84_28,3.3703988092819,55.08053871360389
84_29,7.052469033965369,54.33997009412858
84_30,12.379220598640817,48.81500649442091
84_31,17.12424998041555,41.40147297009427
84_32,24.18475291782698,35.275753429265386
84_33,19.31358464695005,30.90274575117081
84_34,13.280725016942071,29.09059730986932
84_35,5.717530503578862,30.605358859714986
84_36,1.9473473708301174,35.01803240648974
84_37,9.21256808952435,41.41248802968365
84_38,0.8201212894880492,49.01928429464153
84_39,3.6324833875736995,57.35815852162819
84_40,4.588636359083277,66.15289931786472
84_41,11.619123101862321,75.24387714573022
84_42,20.24086478881356,84.53561881732311
84_43,29.683811310562522,93.96862845754598
84_44,39.39250241030042,103.5043263345725
84_45,49.177728684509276,113.11677967768654
84_46,58.97316035233706,122.77006386159404
84_47,68.54139913231677,132.4223468513441
84_48,78.08610184397794,142.0695465733211
84_49,87.72584689471664,151.71681126271412
84_50,97.3886222945978,161.3641412306454
84_51,107.07783537037143,171.02665651883567
84_52,116.81619849065635,180.72363705083637
84_53,126.59246048383494,190.4500518267565
84_54,136.39850124300938,200.20163057365957
84_55,146.22835692952887,209.9748861872223
84_56,156.07755325511755,219.76694475461412
84_57,165.94267032244343,229.57541760547164
84_58,175.82105083094558,239.39830385395396
84_59,185.71059966992448,249.23391534620666
84_60,195.60964330249814,259.0808182693007
84_61,205.5168291923103,268.9377872891146
84_62,215.4310526172042,278.8037692083293
84_63,225.35140257346941,288.67785392913345
84_64,235.27712121916343,298.55925107222185
84_65,245.2075730715704,308.4472710133472
84_66,255.14222133375586,318.3413093978259
84_67,265.08060950090476,328.2408344140843
84_68,275.02234692462434,338.145376271544
84_69,284.9670973778664,348.05451845159905
84_70,294.9145699184124,357.9678903938369
84_71,304.86451153022824,367.88516135104214
84_72,314.81670115237824,377.8060352014252
84_73,324.77094479997623,387.7302460490291
84_74,334.727071551367,397.65755447644585
84_75,344.6849302275203,407.58774434005784
84_76,354.64438662835164,417.52062001852033
84_77,364.6053212201221,427.4560040416485
85_0,102.61071262160105,294.20003244068454
85_1,96.17118678245055,284.66832897501615
85_2,89.79389944546433,275.16798379223485
85_3,84.01025563316045,265.69327607038474
85_4,79.06616934564319,256.2200807473295
85_5,72.51204562390761,246.7468427421099
85_6,65.59179905140334,237.2735616995089
85_7,59.1415428297535,227.80023726520773
85_8,53.73401987781381,218.32686908579342
85_9,49.050483430186866,208.85345680875477
85_10,44.36851611005417,199.39040226917743
85_11,39.68899100058358,189.97664904785665
85_12,36.21063615137035,180.62320587483828
85_13,32.420491317760046,171.33997023318167
85_14,28.182480481437555,162.13902318010182
85_15,25.547253431030345,153.03523057989216
85_16,23.139671152653143,144.0470384670341
85_17,21.930730972493404,135.1975308577687
85_18,22.155654728475742,126.51584104675398
85_19,22.857775773928942,118.03903351932713
85_20,21.777103603981548,109.81459673691757
85_21,22.009457511821402,101.90368903620411
85_22,17.46695860102352,94.38521676550845
85_23,13.165433376135054,87.36060185903177
85_24,12.690279067504859,80.95854427184295
85_25,15.609203255163282,75.33797037693998
85_26,11.25237045805,70.68559745702066
85_27,8.999491725573428,67.20286376462744
85_28,6.201326830359498,61.746754461931616
85_29,1.4912204531352733,52.402603321420095
85_30,3.399379302974412,43.341730925196906
85_31,10.292897279132873,34.78631168353621
85_32,19.319835113014253,27.21737977199685
85_33,26.26590427579939,21.686228014080797
85_34,19.885344904437687,19.02516709650078
85_35,11.56930702506576,21.27816236846411
85_36,4.9230391697802185,27.25269923653558
85_37,1.0890010951198954,35.09719034800864
85_38,3.04575459728945,43.81868554334936
85_39,6.689768643210739,52.98594607343755
85_40,1.7134149048717549,62.4028861314255
85_41,8.145688510274926,71.9716191709555
85_42,18.1141738396777,81.62207286319921
85_43,27.65650899425345,91.27734515409378
85_44,36.983572210256845,100.92615339496187
85_45,46.58126391716403,110.57503218122788
85_46,56.2456040920207,120.22398182495061
85_47,65.94111075621113,129.88375668713022
85_48,75.70930044540559,139.5859412983772
85_49,85.52658752804969,149.32487907983034
85_50,95.3778531328864,159.09384520630886
85_51,105.25359403728675,168.88765218393524
85_52,115.14754694021643,178.70223783725356
85_53,125.05542067144758,188.53437806002523
85_54,134.97417880322647,198.38148268786068
85_55,144.90161340604564,208.2414479016616
85_56,154.8360811353127,218.11254780784645
85_57,164.77633396719455,227.99335364040823
85_58,174.72140728267755,237.88267274790311
85_59,184.6705438775385,247.7795019591663
85_60,194.62314114529565,257.6829915394224
85_61,204.5787135977641,267.5924170434748
85_62,214.53686577267203,277.5071571252633
85_63,224.49727232162232,287.4266758879513
85_64,234.4596631541838,297.35050872949523
85_65,244.42381220239304,307.27825090407094
85_66,254.38930892244554,317.2095482117647
85_67,264.35505466224004,327.1440893695533
85_68,274.32092228873415,337.08159972048054
85_69,284.2869120617495,347.02183601555595
85_70,294.25302423983254,356.9645820612502
85_71,304.2192590802628,366.9096450699269
85_72,314.1856168390448,376.85685258443897
85_73,324.15209777090865,386.8060498743939
85_74,334.1187021293001,396.7570977219136
85_75,344.08543016639175,406.7098705306981
85_76,354.05228577500736,416.66425470466294
85_77,364.0198158559288,426.62014725246775
86_0,94.77303927197852,297.3406079641572
86_1,88.29249407191197,287.86553318314105
86_2,81.8582664876374,278.3904084249798
86_3,75.54740787373233,268.9152333353232
86_4,70.01497975353529,259.44000756073547
86_5,65.2097094365313,249.96473074869806
86_6,58.204392848165234,240.48940254761456
86_7,51.28140031390629,231.02666126205327
86_8,44.97533923946977,221.60771050544272
86_9,39.99207017877612,212.23955495927288
86_10,35.316623647932126,202.92924649769174
86_11,30.640955931861996,193.68514510682846
86_12,26.34698862485198,184.51722050697236
86_13,23.207729003878896,175.4374353368462
86_14,18.87931142102637,166.46023420262156
86_15,15.641939474150455,157.60317009242914
86_16,13.232685377942337,148.88770835951607
86_17,11.735886492745543,140.34025813885435
86_18,11.968279178354484,131.99348984797598
86_19,12.858759283662618,123.88800073727973
86_20,11.705588627074363,116.07437820662089
86_21,11.845076689184477,108.61566260891954
86_22,11.274678455534056,101.59009090095728
86_23,3.5004626513187067,95.09375213885093
86_24,2.700896683759968,89.24233733279058
86_25,6.762434327305984,84.17049989965388
86_26,13.00427228352296,79.00088664234661
86_27,14.636499227295284,69.11287231422602
86_28,10.229561081880579,59.25471957507488
86_29,6.1409316779976715,49.44436725339233
86_30,2.9547554700494634,39.71734473894263
86_31,8.223582940311028,30.15452281879095
86_32,12.627485848756164,20.981806207009964
86_33,18.752190684368497,13.049818072753673
86_34,25.60542095952411,8.963639394134836
86_35,16.88427470808378,13.090807538993372
86_36,9.13734906724888,21.48335653774428
86_37,6.253389676877852,30.835863311753307
86_38,2.480694278403382,40.468370795065795
86_39,6.7632041006808965,50.12567168637155
86_40,3.2441310860702632,59.77679515018454
86_41,5.431106159202192,69.4272558300168
86_42,15.0969800187687,79.07779287788316
86_43,24.8241903075617,88.73570621610453
86_44,34.68724109952314,98.44787648708669
86_45,44.602304658167526,108.20882311878972
86_46,54.54109265219076,118.00647588659278
86_47,64.49269760510299,127.8324254803631
86_48,74.45203222200611,137.68064188632297
86_49,84.41562152427656,147.54669295473968
86_50,94.3796204463411,157.42725048029948
86_51,104.3437385494213,167.31976805661566
86_52,114.30797611486872,177.22226509794606
86_53,124.272333422799,187.13317847353423
86_54,134.23681075209464,197.0512583608352
86_55,144.20140838039987,206.97549371216522
86_56,154.1661265841123,216.90505798002766
86_57,164.13096563839497,226.83926896995507
86_58,174.09592581715495,236.77755871788307
86_59,184.06100739305586,246.71945059409552
86_60,194.0269478101252,256.66454169237676
86_61,203.99455188903053,266.6124891361003
86_62,213.9636095704507,276.562999322703
86_63,223.9339447488499,286.5158193974022
86_64,233.90541136567975,296.4707304357917
86_65,243.87788727444848,306.42754194915875
86_66,253.8512695492413,316.38608742279905
86_67,263.8254708556217,326.3462206679359
86_68,273.800416613497,336.30781281937686
86_69,283.77604275751037,346.2707498495558
86_70,293.7522939531358,356.23493049829415
86_71,303.729122163889,366.20026453945286
86_72,313.7064854916081,376.1666713222543
86_73,323.68434723097914,386.1340785378471
86_74,333.6626750935024,396.102421171565
86_75,343.64144056654027,406.0716406091178
86_76,353.620618380752,416.04168387093387
86_77,363.60018606517036,426.0125029537822
87_0,87.36943120929395,300.5616307894353
87_1,80.434061661326,291.0845306171502
87_2,73.98054254234944,281.6073721705911
87_3,67.55163734906864,272.13015509915033
87_4,61.352280845301,262.66825308153454
87_5,56.20101063064532,253.24550568484986
87_6,50.931590047387125,243.86661319597945
87_7,43.91251975599113,234.53685131854527
87_8,36.976938948980525,225.26233987037782
87_9,30.955445266854966,216.05021013853877
87_10,26.261397706826944,206.90881112463322
87_11,21.592262783165456,197.84796469570432
87_12,16.922928786197396,188.8792822864815
87_13,14.002442557563969,180.01655899466007
87_14,9.670174986516022,171.27626463962093
87_15,5.7349718036064115,162.67815539285857
87_16,3.324067320661149,154.24603331275296
87_17,1.5414150646409261,146.00868312511264
87_18,1.7812765707145168,138.00101304101327
87_19,2.8582068144014556,130.26541393744952
87_20,2.244765477811383,122.85331943266497
87_21,1.692245922475112,115.82688311262662
87_22,2.155126569958062,109.26056713527218
87_23,1.5649779867966325,103.24223628314257
87_24,5.624495837974041,94.02945852453719
87_25,0.3968837163089989,84.73824272855471
87_26,4.165579298037584,75.62180985756025
87_27,5.51930258118896,66.75186461647239
87_28,4.453901546533914,58.24119709922474
87_29,1.1534637577375826,48.445486015765276
87_30,0.8532576141410118,38.46787713449156
87_31,0.7249201877238599,28.490217647466114
87_32,4.933438838043284,18.512626454763552
87_33,14.718421251369435,8.535779824986742
87_34,24.32135126034365,0.6909562419866118
87_35,14.348389424103308,8.967860718429295
87_36,4.3997677037606575,18.621562935571475
87_37,0.3459893767853658,28.273574167505153
87_38,6.10841947902518,37.92566721095248
87_39,8.678704906201478,47.582606839705875
87_40,5.8238599755254254,57.31982210803293
87_41,4.139364526999642,67.12817887016693
87_42,14.104331863724017,76.98053856341531
87_43,24.078708689859514,86.86197358340664
87_44,34.0561260453202,96.76361673786977
87_45,44.034604610201,106.67987749479971
87_46,54.013627720528525,116.60705994222837
87_47,63.99300113591858,126.5426244555501
87_48,73.9726355778227,136.4847690900108
87_49,83.95248434892314,146.43218028504566
87_50,93.93252071403954,156.3838781362428
87_51,103.91272831419464,166.33911691970772
87_52,113.89309662017448,176.29731916665898
87_53,123.8736185837136,186.2580308014994
87_54,133.8542893393792,196.22088989524704
87_55,143.83510544686783,206.1856044491559
87_56,153.81606442825253,216.1519363058251
87_57,163.79716447442053,226.11968930401295
87_58,173.77840425264327,236.0887004269489
87_59,183.75978277686215,246.058833097707
87_60,193.7412993180673,256.0299720379479
87_61,203.72295334101602,266.00201928082714
87_62,213.70474445867765,275.9748910468105
87_63,223.68667239888225,285.94851527220004
87_64,233.66873697950533,295.92282963667
87_65,243.65093808976562,305.8977799761559
87_66,253.63327567591912,315.87331899603265
87_67,263.61574973022186,325.8494052203746
87_68,273.5983602822899,335.82600212824894
87_69,283.58110739229767,345.8030774393586
87_70,293.56399114555023,355.78060251973227
87_71,303.5470116481457,365.7585518846029
87_72,313.53016902343944,375.736902780386
87_73,323.5134634091856,385.715634831501
87_74,333.49689495517396,395.6947297405635
87_75,343.4804638212955,405.6741710328008
87_76,353.46417017591585,415.653943837234
87_77,363.4480141945362,425.6340346986353
88_0,80.55957231858375,303.77575737242313
88_1,73.03453909436237,294.31517664772184
88_2,66.10597268216196,284.8895658939684
88_3,59.67485691870557,275.50252653094947
88_4,53.251298417844104,266.1581523251559
88_5,47.25001798430305,256.86111284127156
88_6,42.73917413812144,247.61675354677058
88_7,36.66000387810961,238.43121630045528
88_8,29.63662464527315,229.31158484000966
88_9,22.678412205069957,220.266060965387
88_10,17.202819866504097,211.30417841952553
88_11,12.540207689140844,202.43706300576557
88_12,7.8774186195690055,193.67774922740242
88_13,4.268841341746089,185.0415655904064
88_14,0.45791367620128437,176.54660243733224
88_15,3.857242588532481,168.2142772855471
88_16,6.583723441634055,160.0700121904543
88_17,8.652703814379917,152.14403397064345
88_18,8.405373504843176,144.4722983826842
88_19,7.276615303876027,137.09751900144917
88_20,6.980346146784402,130.06348613628555
88_21,8.45602256906143,120.24905726253155
88_22,7.870129028229117,110.4635142615966
88_23,10.411428347375445,100.71531308734546
88_24,13.567320149828483,91.01649274979141
88_25,8.536824525638004,81.38475442571345
88_26,4.386591193763182,71.84713285899676
88_27,3.100978209970013,62.44682559729864
88_28,0.5226479927930988,53.25666336195189
88_29,0.4095257570446235,44.40739103704905
88_30,1.1320142024534208,36.15032494212465
88_31,0.2719294071628825,28.996007802045774
88_32,7.5717924130380485,20.54751253017646
88_33,16.578294203402255,10.912487961022379
88_34,25.811068939860686,1.2773773805040263
88_35,17.010605488721048,6.427312463556263
88_36,8.723989099814158,16.31718674982268
88_37,4.100766479218572,26.274143363586123
88_38,8.544629787688873,36.24304085082945
88_39,0.873407458315527,46.216235191176835
88_40,3.059189418144233,56.19150645981306
88_41,6.592552808860616,66.16797318686244
88_42,15.864368590117614,76.14521591872783
88_43,25.334803058206187,86.12300967782302
88_44,35.08461614780273,96.10122302715854
88_45,44.93477561498313,106.07977408451976
88_46,54.80620274087734,116.05860922226344
88_47,64.67781135220979,126.03769188346666
88_48,74.56522722977265,136.01699632026464
88_49,84.47452911662178,145.99650389978046
88_50,94.39886640126791,155.97620082788498
88_51,104.33398623028879,165.95607669414892
88_52,114.27711079591359,175.9361235119072
88_53,124.22634976146148,185.91633506746268
88_54,134.1803724984308,195.89670646819576
88_55,144.13821544385658,205.877233822084
88_56,154.0991638275714,215.85791400611242
88_57,164.06267632528863,225.83874449609897
88_58,174.02833551104965,235.81972323969882
88_59,183.99581436579274,245.80084856037416
88_60,193.96485308626862,255.78211908381425
88_61,203.93524268059235,265.76353368096136
88_62,213.9068131421802,275.74509142337797
88_63,223.8794247782508,285.7267915479949
88_64,233.8529617533099,295.70863342897405
88_65,243.82732721476546,305.69061655509955
88_66,253.80243956624525,315.67274051144597
88_67,263.7782295853584,325.655004964423
88_68,273.75463817084494,335.63740964948323
88_69,283.7316145644504,345.6199543609647
88_70,293.7091149347959,355.60263894363584
88_71,303.68710124011926,365.58546328563295
88_72,313.6655403078602,375.56842731252016
88_73,323.644403084346,385.5515309822688
88_74,333.62366401900914,395.5347742809979
88_75,343.60330055582557,405.51815721935213
88_76,353.58329271078253,415.5016798293823
88_77,363.5636227189039,425.4853421618857
89_0,73.89961245491915,307.1462110360001
89_1,66.28271031380001,297.7904895498947
89_2,58.711275428315965,288.47613016368587
89_3,51.793463669241234,279.2072844616378
89_4,45.37543652426045,269.98865250157365
89_5,38.9572491836197,260.82557159459265
89_6,33.35181978590923,251.7241217119925
89_7,28.725041987248762,242.69125091349775
89_8,22.39495187593274,233.73492487808744
89_9,15.36505841600251,224.8643054094135
89_10,8.385856784509723,216.0899636664873
89_11,3.4847722676697677,207.4241347909233
89_12,1.1714818059897933,198.88102146403074
89_13,5.827890639566338,190.47715453683412
89_14,8.339362314736563,182.23181888556735
89_15,13.065920136295418,174.16755145961102
89_16,16.486822784291515,166.3107151359062
89_17,18.846490643677626,158.51017663302792
89_18,18.591691455531922,148.56669598938882
89_19,17.410554226001363,138.62775262691457
89_20,16.9404954689367,128.69442561540615
89_21,18.596249247723943,118.76815442637316
89_22,18.02880761864352,108.85090251546566
89_23,20.14928821711552,98.94541850749967
89_24,21.640129053483022,89.05567005053275
89_25,18.050992882363087,79.18759905407018
89_26,11.680895156512728,69.35051252917741
89_27,10.18848840668043,59.559826582218
89_28,8.378549346526206,49.842966145311145
89_29,7.0751070229800375,40.25352127032936
89_30,6.353918274629046,30.910426400281533
89_31,3.8533584654528834,22.128130776785603
89_32,9.059535985325446,14.931596501377976
89_33,18.291971619478524,9.705228675566337
89_34,28.03994971913328,1.7536562525185082
89_35,22.853425850995734,6.288746946465155
89_36,16.16162784124351,16.26693232285221
89_37,14.04018649670029,26.245244364721014
89_38,10.726134084562794,36.22368336648941
89_39,4.369593658952453,46.202249621346034
89_40,1.9786093713812636,56.18094342124196
89_41,7.794825829320347,66.15976505688843
89_42,17.633641792718553,76.13871481775625
89_43,27.568989503960843,86.1177929920708
89_44,37.52768749524085,96.0969998668101
89_45,47.390938140705664,106.07633572770158
89_46,56.860916449739356,116.05580085921929
89_47,66.48027160003755,126.03539554458112
89_48,76.19249888060104,136.0151200657426
89_49,85.966172144766,145.99497470340745
89_50,95.78252423989892,155.97495973699978
89_51,105.62969436958134,165.95507544468947
89_52,115.49777017073389,175.9353221033673
89_53,125.36888862765923,185.91569998865495
89_54,135.24116642920512,195.89620937489744
89_55,145.12529232286613,205.87685053516293
89_56,155.02193133468145,215.85762374123055
89_57,164.9288551257204,225.83852926360635
89_58,174.844338356417,235.8195673715022
89_59,184.76702473932767,245.80073833284138
89_60,194.69583362513742,255.78204241425544
89_61,204.6298935318014,265.76347988108176
89_62,214.56849398508453,275.7450509973595
89_63,224.5110500547608,285.7267560258275
89_64,234.45707585292118,295.70859522791744
89_65,244.4061644630748,305.69056886376285
89_66,254.35797255287665,315.6726771921843
89_67,264.312208444863,325.65492047069307
89_68,274.2686227723927,335.6372989554848
89_69,284.2270010907359,345.6198129014423
89_70,294.18715798261434,355.60246256212565
89_71,304.148932317434,365.58524818977634
89_72,314.11218340932083,375.5681700353123
89_73,324.07678788143136,385.55122834832474
89_74,334.0426370896879,395.53442337707304
89_75,344.0096349929665,405.51775536849016
89_76,353.97769638205125,415.5012245681705
89_77,363.9467453988533,425.48483122037504
