CeldaID,Longitud,Latitud,DistanciaCostaKm,DistanciaRutaKm,ProfundidadM,FranjaProfundidad,EsMar,AguasSomeras
0_0,47.55056,23.54505,351.16953716238123,441.8790969228979,,,False,False
0_1,47.55056,23.63514,346.3582654935931,433.8779977087616,,,False,False
0_2,47.55056,23.72523,341.7750335355841,425.9641145973253,,,False,False
0_3,47.55056,23.81532,337.42913151225736,418.1423980425543,,,False,False
0_4,47.55056,23.90541,332.08535718604,410.4181159273826,,,False,False
0_5,47.55056,23.9955,326.0352845403585,401.8854459804987,,,False,False
0_6,47.55056,24.08559,320.18691077846825,393.3444516467451,,,False,False
0_7,47.55056,24.17568,314.5514839896567,384.8771132988753,,,False,False
0_8,47.55056,24.26577,309.1406474446887,376.4883985070752,,,False,False
0_9,47.55056,24.35586,303.9663923547247,368.1836792261885,,,False,False
0_10,47.55056,24.44595,299.0409968174675,359.9687667504558,,,False,False
0_11,47.55056,24.53604,294.376949734762,351.84994917308217,,,False,False
0_12,47.55056,24.62613,289.94685667358624,343.8340313023846,,,False,False
0_13,47.55056,24.71622,285.7883486627762,335.92837689532297,,,False,False
0_14,47.55056,24.80631,281.1731923930851,328.1409529478946,,,False,False
0_15,47.55056,24.8964,276.45395595070863,320.4803756229403,,,False,False
0_16,47.55056,24.98649,272.02501650878065,312.9559571917332,,,False,False
0_17,47.55056,25.07658,267.90076871369234,305.5777531077657,,,False,False
0_18,47.55056,25.16667,264.09548419959185,298.3566080114219,,,False,False
0_19,47.55056,25.25676,260.62313113356845,291.3041990754346,,,False,False
0_20,47.55056,25.34685,257.49717506199994,284.4330746389067,,,False,False
0_21,47.55056,25.43694,254.73036523317185,277.75668554266633,,,False,False
0_22,47.55056,25.52703,252.33451217199,271.2894059794948,,,False,False
0_23,47.55056,25.61712,250.3202637854482,265.04654002976304,,,False,False
0_24,47.55056,25.70721,244.23607970643977,259.044309403843,,,False,False
0_25,47.55056,25.7973,237.65866483484717,253.2998173164644,,,False,False
0_26,47.55056,25.88739,231.15013411413784,247.83098296081585,,,False,False
0_27,47.55056,25.97748,223.49399951620623,242.65644084647573,,,False,False
0_28,47.55056,26.06757,215.30118208722587,237.7953994571148,,,False,False
0_29,47.55056,26.15766,207.27415407552311,233.26745443189216,,,False,False
0_30,47.55056,26.24775,199.43292960665624,229.09235293830227,,,False,False
0_31,47.55056,26.33784,191.80029237114405,225.24366695905712,,,False,False
0_32,47.55056,26.42793,184.40213911353464,221.7465889219842,,,False,False
0_33,47.55056,26.51802,177.26782391693214,218.65711796969885,,,False,False
0_34,47.55056,26.60811,170.43047647550677,215.99274076591885,,,False,False
0_35,47.55056,26.6982,163.92725318164207,213.769347880236,,,False,False
0_36,47.55056,26.78829,157.79946175343463,212.00080950483616,,,False,False
0_37,47.55056,26.87838,152.09247955369588,210.69857465680377,,,False,False
0_38,47.55056,26.96847,146.85536620092094,204.31055497420544,,,False,False
0_39,47.55056,27.05856,142.1400593507377,195.8691597658449,,,False,False
0_40,47.55056,27.14865,138.00004926236485,187.5890900380653,,,False,False
0_41,47.55056,27.23874,133.6412845013126,179.49266659936166,,,False,False
0_42,47.55056,27.32883,129.9158634064015,171.60587793318678,,,False,False
0_43,47.55056,27.41892,126.88265337743132,163.95897116893073,,,False,False
0_44,47.55056,27.50901,124.5835739794626,156.58708628779652,,,False,False
0_45,47.55056,27.5991,120.38323731732162,149.53089644493443,,,False,False
0_46,47.55056,27.68919,115.74083761667254,142.8371869010479,,,False,False
0_47,47.55056,27.77928,111.8158002321396,136.55926193867518,,,False,False
0_48,47.55056,27.86937,107.90316879958014,130.75701384917446,,,False,False
0_49,47.55056,27.95946,102.81288920612808,125.49642781183954,,,False,False
0_50,47.55056,28.04955,98.49345099377048,120.84825052598606,,,False,False
0_51,47.55056,28.13964,95.04998841690586,116.88555472723796,,,False,False
0_52,47.55056,28.22973,91.59122498127834,113.68003593617874,,,False,False
0_53,47.55056,28.31982,86.94178352113504,107.54717556226096,,,False,False
0_54,47.55056,28.40991,83.25812097829221,100.29209652733395,,,False,False
0_55,47.55056,28.5,80.67262687867469,93.56157317975529,,,False,False
0_56,47.55056,28.59009,75.73958041420741,87.47675292496467,,,False,False
0_57,47.55056,28.68018,70.36470737535704,82.1811710090969,,,False,False
0_58,47.55056,28.77027,65.92772675951436,77.83606439287072,,,False,False
0_59,47.55056,28.86036,58.3378921094434,74.6076650629302,,,False,False
0_60,47.55056,28.95045,48.66791698280605,72.64498866242988,,,False,False
0_61,47.55056,29.04054,39.20745788229085,70.74786826346548,,,False,False
0_62,47.55056,29.13063,30.154310948058303,69.01861371513436,,,False,False
0_63,47.55056,29.22072,22.016726681837557,68.63146796785148,,,False,False
0_64,47.55056,29.31081,16.235241173486905,69.34555540147754,,,False,False
0_65,47.55056,29.4009,15.67864168524721,71.4876024173967,,,False,False
0_66,47.55056,29.49099,19.692140071905943,74.9352337232679,,,False,False
0_67,47.55056,29.58108,26.603452553957727,79.51879664631679,,,False,False
0_68,47.55056,29.67117,33.89366893348111,85.05482754372447,,,False,False
0_69,47.55056,29.76126,41.14135967690141,91.37034710668648,,,False,False
0_70,47.55056,29.85135,41.87594747914089,98.31523789081672,,,False,False
0_71,47.55056,29.94144,39.17002738896184,105.76557919039548,,,False,False
0_72,47.55056,30.03153,38.01595176482176,113.62197223163253,,,False,False
0_73,47.55056,30.12162,37.420340556231295,121.80585990061948,,,False,False
0_74,47.55056,30.21171,39.15900587275171,130.255516314086,,,False,False
0_75,47.55056,30.3018,43.2416497908121,138.92244463098928,,,False,False
0_76,47.55056,30.39189,49.08682546567832,147.7684091496227,,,False,False
0_77,47.55056,30.48198,56.1467108347878,156.76309462468708,,,False,False
1_0,47.65167,23.54505,342.09387821614604,435.6538475442567,,,False,False
1_1,47.65167,23.63514,337.1608572181969,427.54273575222646,,,False,False
1_2,47.65167,23.72523,332.45864607044933,419.5159075403169,,,False,False
1_3,47.65167,23.81532,327.9971697059749,411.5782927249466,,,False,False
1_4,47.65167,23.90541,323.7863775528017,403.7351517675747,,,False,False
1_5,47.65167,23.9955,317.69294920774684,395.9920966908109,,,False,False
1_6,47.65167,24.08559,311.69570548205905,387.8490322317952,,,False,False
1_7,47.65167,24.17568,305.9115966130426,379.26519155339366,,,False,False
1_8,47.65167,24.26577,300.35293391986505,370.7557745475816,,,False,False
1_9,47.65167,24.35586,295.0324579990425,362.3260228985197,,,False,False
1_10,47.65167,24.44595,289.96327791997703,353.98162606256744,,,False,False
1_11,47.65167,24.53604,285.15879300481896,345.7287622425099,,,False,False
1_12,47.65167,24.62613,280.6194762079524,337.57414256207915,,,False,False
1_13,47.65167,24.71622,276.3287476411312,329.5250584210437,,,False,False
1_14,47.65167,24.80631,272.1608698138708,321.5894318990686,,,False,False
1_15,47.65167,24.8964,267.2906471296611,313.7758689230711,,,False,False
1_16,47.65167,24.98649,262.7154308074746,306.09371470779865,,,False,False
1_17,47.65167,25.07658,258.4508852161242,298.55311071084094,,,False,False
1_18,47.65167,25.16667,254.51262417972617,291.165051998585,,,False,False
1_19,47.65167,25.25676,250.9160085184043,283.9414434858087,,,False,False
1_20,47.65167,25.34685,247.6759188875925,276.8951529771726,,,False,False
1_21,47.65167,25.43694,244.806508459126,270.0400582963743,,,False,False
1_22,47.65167,25.52703,242.3209421294883,263.39108503818164,,,False,False
1_23,47.65167,25.61712,240.2311310262824,256.96423063295185,,,False,False
1_24,47.65167,25.70721,236.6604875805911,250.77656950509476,,,False,False
1_25,47.65167,25.7973,229.8741487935776,244.8462331966205,,,False,False
1_26,47.65167,25.88739,223.33542029179355,239.1923585111491,,,False,False
1_27,47.65167,25.97748,216.8304466481466,233.83499615345565,,,False,False
1_28,47.65167,26.06757,209.382923018384,228.7949721826686,,,False,False
1_29,47.65167,26.15766,201.1267055727065,224.0936950935952,,,False,False
1_30,47.65167,26.24775,193.0429851018653,219.7529027424349,,,False,False
1_31,47.65167,26.33784,185.154350723222,215.7830274509808,,,False,False
1_32,47.65167,26.42793,177.4868110401292,212.1387008402257,,,False,False
1_33,47.65167,26.51802,170.07026635525608,208.91589045526857,,,False,False
1_34,47.65167,26.60811,162.93898761684272,206.13436327797265,,,False,False
1_35,47.65167,26.6982,156.1320611435022,203.8121826881651,,,False,False
1_36,47.65167,26.78829,149.69373345572458,201.96518916067413,,,False,False
1_37,47.65167,26.87838,143.67355869800323,200.6065035167826,,,False,False
1_38,47.65167,26.96847,138.12621483638603,199.05364235480167,,,False,False
1_39,47.65167,27.05856,133.1108218586657,190.38588969112573,,,False,False
1_40,47.65167,27.14865,128.68958099281315,181.86311309303653,,,False,False
1_41,47.65167,27.23874,124.44041346737656,173.50667156304465,,,False,False
1_42,47.65167,27.32883,120.43976881565196,165.34178027906037,,,False,False
1_43,47.65167,27.41892,117.17062541316804,157.39824448414367,,,False,False
1_44,47.65167,27.50901,114.6955397826514,149.71129555897642,,,False,False
1_45,47.65167,27.5991,111.30955352630018,142.32250700742665,,,False,False
1_46,47.65167,27.68919,106.7089750290255,135.2807341773475,,,False,False
1_47,47.65167,27.77928,102.4476860577966,128.6429665430159,,,False,False
1_48,47.65167,27.86937,99.03141414977657,122.47489985771098,,,False,False
1_49,47.65167,27.95946,94.04728875551704,116.85092843095832,,,False,False
1_50,47.65167,28.04955,89.31419566571412,111.853143171584,,,False,False
1_51,47.65167,28.13964,85.51132639820592,107.56884874966794,,,False,False
1_52,47.65167,28.22973,82.76698761660684,104.08617511509031,,,False,False
1_53,47.65167,28.31982,77.93937252276446,101.10029528146264,,,False,False
1_54,47.65167,28.40991,73.81739685592483,93.3535194558221,,,False,False
1_55,47.65167,28.5,70.89813051817723,86.09064884351763,,,False,False
1_56,47.65167,28.59009,67.46261530205794,79.44449541952287,,,False,False
1_57,47.65167,28.68018,61.821462717591565,73.58234269480556,,,False,False
1_58,47.65167,28.77027,56.890204033022975,68.70514662518558,,,False,False
1_59,47.65167,28.86036,52.87198862901069,65.03486240015059,,,False,False
1_60,47.65167,28.95045,45.643328380290455,62.78349329078036,,,False,False
1_61,47.65167,29.04054,36.53545029026129,61.13875787150727,,,False,False
1_62,47.65167,29.13063,26.59354048804437,59.13911695244341,,,False,False
1_63,47.65167,29.22072,16.82095868640203,58.7024464374555,,,False,False
1_64,47.65167,29.31081,7.875344074897131,59.54505899261159,,,False,False
1_65,47.65167,29.4009,6.539347803833745,62.03509221649801,,,False,False
1_66,47.65167,29.49099,12.65269582614074,65.98628939823286,,,False,False
1_67,47.65167,29.58108,19.811447669299064,71.15563592888009,,,False,False
1_68,47.65167,29.67117,27.02733760498719,77.29910973299104,,,False,False
1_69,47.65167,29.76126,34.15959767387133,84.20374806143252,,,False,False
1_70,47.65167,29.85135,32.18268141296696,91.69775488496651,,,False,False
1_71,47.65167,29.94144,29.464429796596328,99.64823530975336,,,False,False
1_72,47.65167,30.03153,28.168949394788186,107.9543702923519,,,False,False
1_73,47.65167,30.12162,27.59312414773148,116.54012725106853,,,False,False
1_74,47.65167,30.21171,29.91805467395536,125.3480497764159,,,False,False
1_75,47.65167,30.3018,35.100194328224944,134.3344342240393,,,False,False
1_76,47.65167,30.39189,42.09725153045035,143.46573923855533,,,False,False
1_77,47.65167,30.48198,50.15527849046223,152.71596212496482,,,False,False
2_0,47.75278,23.54505,333.09637254224583,429.5873379614333,,,False,False
2_1,47.75278,23.63514,328.035775047355,421.3658282159239,,,False,False
2_2,47.75278,23.72523,323.2085951511124,413.22547308632016,,,False,False
2_3,47.75278,23.81532,318.625440075815,405.1711627842796,,,False,False
2_4,47.75278,23.90541,314.296983445918,397.2081302812333,,,False,False
2_5,47.75278,23.9955,309.4725935484507,389.34197482220986,,,False,False
2_6,47.75278,24.08559,303.320415905764,381.5786863124279,,,False,False
2_7,47.75278,24.17568,297.38109334844773,373.8523338673079,,,False,False
2_8,47.75278,24.26577,291.6676272794278,365.2229341346279,,,False,False
2_9,47.75278,24.35586,286.19354250436146,356.66863827689025,,,False,False
2_10,47.75278,24.44595,280.97282834912926,348.1949798183405,,,False,False
2_11,47.75278,24.53604,276.01985973555486,339.8079893365441,,,False,False
2_12,47.75278,24.62613,271.34929614094585,331.5142427246123,,,False,False
2_13,47.75278,24.71622,266.93349498038833,323.320913567921,,,False,False
2_14,47.75278,24.80631,262.8123717884101,315.23582966660905,,,False,False
2_15,47.75278,24.8964,258.2134751456938,307.2675335970344,,,False,False
2_16,47.75278,24.98649,253.48259706776983,299.4253470110552,,,False,False
2_17,47.75278,25.07658,249.0682090717189,291.719438105749,,,False,False
2_18,47.75278,25.16667,244.98741711673551,284.16089134029977,,,False,False
2_19,47.75278,25.25676,241.2571467601088,276.76177801096867,,,False,False
2_20,47.75278,25.34685,237.8938843824677,269.5352256989819,,,False,False
2_21,47.75278,25.43694,234.91339068950197,262.495483860806,,,False,False
2_22,47.75278,25.52703,232.33039411864485,255.65798192264864,,,False,False
2_23,47.75278,25.61712,230.1582746752706,249.039375170003,,,False,False
2_24,47.75278,25.70721,228.4087513136153,242.65757250861512,,,False,False
2_25,47.75278,25.7973,222.2858457436282,236.53173886799948,,,False,False
2_26,47.75278,25.88739,215.52478002658435,230.68226372244783,,,False,False
2_27,47.75278,25.97748,209.0298300585217,225.13068607950336,,,False,False
2_28,47.75278,26.06757,202.5283378787388,219.8995655691178,,,False,False
2_29,47.75278,26.15766,195.3112047235268,215.01228927330683,,,False,False
2_30,47.75278,26.24775,186.98699204920797,210.49280504471952,,,False,False
2_31,47.75278,26.33784,178.83842817494752,206.3652746719186,,,False,False
2_32,47.75278,26.42793,170.8949490801662,202.58721993489576,,,False,False
2_33,47.75278,26.51802,163.18650053755638,199.2186413634376,,,False,False
2_34,47.75278,26.60811,155.74797738627103,196.30848244990472,,,False,False
2_35,47.75278,26.6982,148.6199083872235,193.8773829106176,,,False,False
2_36,47.75278,26.78829,141.84909625917177,191.9435419508444,,,False,False
2_37,47.75278,26.87838,135.48910395055606,190.5220974214968,,,False,False
2_38,47.75278,26.96847,129.60041936532116,189.6245679326432,,,False,False
2_39,47.75278,27.05856,124.25006364342924,185.28894733873628,,,False,False
2_40,47.75278,27.14865,119.51035141340112,176.5267388746212,,,False,False
2_41,47.75278,27.23874,115.39140525900083,167.91161342368707,,,False,False
2_42,47.75278,27.32883,111.07433751505556,159.46740462086356,,,False,False
2_43,47.75278,27.41892,107.52997383493316,151.22274015187173,,,False,False
2_44,47.75278,27.50901,104.83670516638836,143.21208005249144,,,False,False
2_45,47.75278,27.5991,102.41657957725668,135.47693259228413,,,False,False
2_46,47.75278,27.68919,97.8627416598392,128.0672215046847,,,False,False
2_47,47.75278,27.77928,93.22408609046327,121.04271826310796,,,False,False
2_48,47.75278,27.86937,89.46562936932874,114.4743482347938,,,False,False
2_49,47.75278,27.95946,85.56189926298269,108.4450153901114,,,False,False
2_50,47.75278,28.04955,80.33965817526249,103.04936859234216,,,False,False
2_51,47.75278,28.13964,76.09907222727804,98.39170313600866,,,False,False
2_52,47.75278,28.22973,73.01137365989501,94.58109648626773,,,False,False
2_53,47.75278,28.31982,69.21364035613324,91.7231697258069,,,False,False
2_54,47.75278,28.40991,64.5463907315704,87.00924711102584,,,False,False
2_55,47.75278,28.5,61.19621859278242,79.17455217327245,,,False,False
2_56,47.75278,28.59009,58.45254026508306,71.90045205764407,,,False,False
2_57,47.75278,28.68018,53.54647564225232,65.37432690897354,,,False,False
2_58,47.75278,28.77027,48.03138651476419,59.84137521177077,,,False,False
2_59,47.75278,28.86036,43.606907937277626,55.59887888106068,,,False,False
2_60,47.75278,28.95045,40.594775393489535,52.95786684973259,,,False,False
2_61,47.75278,29.04054,32.76259189976046,51.65684600066029,,,False,False
2_62,47.75278,29.13063,23.191986373786285,49.28406968628055,,,False,False
2_63,47.75278,29.22072,14.321076831864117,48.77560910124516,,,False,False
2_64,47.75278,29.31081,6.073805064351361,49.79587373900643,,,False,False
2_65,47.75278,29.4009,0.7559278398548473,52.756592258022685,1.0,0-5 m,True,True
2_66,47.75278,29.49099,5.888400843958184,57.3580379896122,,,False,False
2_67,47.75278,29.58108,12.91061394932012,63.24307104598321,,,False,False
2_68,47.75278,29.67117,21.130792248760716,70.08908659262389,,,False,False
2_69,47.75278,29.76126,24.82580735816181,77.64228275867909,,,False,False
2_70,47.75278,29.85135,22.387779031320846,85.71590013508808,,,False,False
2_71,47.75278,29.94144,19.90786460158161,94.17617479712672,,,False,False
2_72,47.75278,30.03153,18.32563667549669,102.92779311574314,,,False,False
2_73,47.75278,30.12162,17.781984579802856,111.90240856869484,,,False,False
2_74,47.75278,30.21171,21.2200950168034,121.05042192005932,,,False,False
2_75,47.75278,30.3018,28.063633359952703,130.3353167645576,,,False,False
2_76,47.75278,30.39189,36.44203043523055,139.72979949252706,,,False,False
2_77,47.75278,30.48198,45.51540359416374,149.2131636906722,,,False,False
3_0,47.85389,23.54505,324.1832656402615,423.6861918709022,,,False,False
3_1,47.85389,23.63514,318.98896042865897,415.3541414859161,,,False,False
3_2,47.85389,23.72523,314.0304736703592,407.09992279551017,,,False,False
3_3,47.85389,23.81532,309.3191447139791,398.9283659496308,,,False,False
3_4,47.85389,23.90541,304.8664306697719,390.8446545569189,,,False,False
3_5,47.85389,23.9955,300.6838192546068,382.8543518387803,,,False,False
3_6,47.85389,24.08559,295.07063371383856,374.9634280749826,,,False,False
3_7,47.85389,24.17568,288.96937732162365,367.1782891878715,,,False,False
3_8,47.85389,24.26577,283.0938636850079,359.50580623529805,,,False,False
3_9,47.85389,24.35586,277.45843223564293,351.22097685699146,,,False,False
3_10,47.85389,24.44595,272.0779994055804,342.61875529570983,,,False,False
3_11,47.85389,24.53604,266.96798105633167,334.0980486469284,,,False,False
3_12,47.85389,24.62613,262.1441890960821,325.66525342702766,,,False,False
3_13,47.85389,24.71622,257.6093167169695,317.32737641300923,,,False,False
3_14,47.85389,24.80631,253.34468543323348,309.09209709780805,,,False,False
3_15,47.85389,24.8964,249.2315302272744,300.9678355886201,,,False,False
3_16,47.85389,24.98649,244.33488912220216,292.96382589705195,,,False,False
3_17,47.85389,25.07658,239.76029795237497,285.0901943234116,,,False,False
3_18,47.85389,25.16667,235.5265200716113,277.3580422901904,,,False,False
3_19,47.85389,25.25676,231.65223995797217,269.7795325037057,,,False,False
3_20,47.85389,25.34685,228.15576917345243,262.3679766863939,,,False,False
3_21,47.85389,25.43694,225.05471446295425,255.13792229178011,,,False,False
3_22,47.85389,25.52703,222.3656165040983,248.1052345580316,,,False,False
3_23,47.85389,25.61712,220.10357184042292,241.287168951179,,,False,False
3_24,47.85389,25.70721,218.2818542941217,234.7024274917405,,,False,False
3_25,47.85389,25.7973,214.9141866574806,228.37119067989292,,,False,False
3_26,47.85389,25.88739,207.921183347493,222.315114821997,,,False,False
3_27,47.85389,25.97748,201.1887034099032,216.5572826852741,,,False,False
3_28,47.85389,26.06757,194.71013744079377,211.12209384730156,,,False,False
3_29,47.85389,26.15766,188.24572361547845,206.03508027290437,,,False,False
3_30,47.85389,26.24775,181.17833478802817,201.3226330842254,,,False,False
3_31,47.85389,26.33784,172.88827150806773,197.0116288246583,,,False,False
3_32,47.85389,26.42793,164.6649589231154,193.10012583688464,,,False,False
3_33,47.85389,26.51802,156.6574298015234,189.57172250427632,,,False,False
3_34,47.85389,26.60811,148.90049531520506,186.51983131700808,,,False,False
3_35,47.85389,26.6982,141.4353862930599,183.96816451883947,,,False,False
3_36,47.85389,26.78829,134.31076460124706,181.93776589404663,,,False,False
3_37,47.85389,26.87838,127.58367712390964,180.4462280172132,,,False,False
3_38,47.85389,26.96847,121.32026298102376,179.5069792738919,,,False,False
3_39,47.85389,27.05856,115.5959093909518,179.12870306405412,,,False,False
3_40,47.85389,27.14865,110.49442059865818,171.61590162602204,,,False,False
3_41,47.85389,27.23874,106.10566658463344,162.74738191221584,,,False,False
3_42,47.85389,27.32883,101.84939910628432,154.02688915809372,,,False,False
3_43,47.85389,27.41892,97.98104106259002,145.4810387144312,,,False,False
3_44,47.85389,27.50901,95.02673418377564,137.14247543995603,,,False,False
3_45,47.85389,27.5991,93.03725360394,129.05137940560255,,,False,False
3_46,47.85389,27.68919,88.77445006922827,121.2572908716026,,,False,False
3_47,47.85389,27.77928,84.19167801301202,113.82123192691776,,,False,False
3_48,47.85389,27.86937,80.01943589634793,106.81799161663572,,,False,False
3_49,47.85389,27.95946,76.94716023073876,100.3382286274324,,,False,False
3_50,47.85389,28.04955,71.64584512534528,94.48968855344202,,,False,False
3_51,47.85389,28.13964,66.86559675430935,89.39633497319105,,,False,False
3_52,47.85389,28.22973,63.33901317993874,85.19371172352615,,,False,False
3_53,47.85389,28.31982,60.882543205376855,82.01884333295448,,,False,False
3_54,47.85389,28.40991,55.5289487200892,79.99418173843999,,,False,False
3_55,47.85389,28.5,51.60652897287278,72.97028778551515,,,False,False
3_56,47.85389,28.59009,49.456960744176506,65.01376261680012,,,False,False
3_57,47.85389,28.68018,45.28516376925892,57.72291698452817,,,False,False
3_58,47.85389,28.77027,39.64244052714591,51.38188568480971,,,False,False
3_59,47.85389,28.86036,34.566625362492054,46.38185247099307,,,False,False
3_60,47.85389,28.95045,30.87122594200145,43.191053837411104,,,False,False
3_61,47.85389,29.04054,29.15278203826077,42.221660797024576,,,False,False
3_62,47.85389,29.13063,21.522983202812053,39.47011584014234,,,False,False
3_63,47.85389,29.22072,11.4436614726909,38.850934844724726,,,False,False
3_64,47.85389,29.31081,1.364393626006268,40.133771512817006,,,False,False
3_65,47.85389,29.4009,2.122239987092,43.76142469958007,1.0,0-5 m,True,True
3_66,47.85389,29.49099,1.208784811257002,49.21809511837088,,,False,False
3_67,47.85389,29.58108,7.515428611180459,55.97135971592387,,,False,False
3_68,47.85389,29.67117,15.164176813160488,63.60956412357486,,,False,False
3_69,47.85389,29.76126,15.680304693486816,71.85102075490852,,,False,False
3_70,47.85389,29.85135,12.594071529072576,80.51067245164411,,,False,False
3_71,47.85389,29.94144,10.642163769538524,89.46715532917442,,,False,False
3_72,47.85389,30.03153,8.491396359459937,98.63963367288908,,,False,False
3_73,47.85389,30.12162,8.038115621440445,107.97306305414314,,,False,False
3_74,47.85389,30.21171,14.103522860500682,117.4290617042122,,,False,False
3_75,47.85389,30.3018,23.159156367664437,126.98024053833936,,,False,False
3_76,47.85389,30.39189,32.81646473736466,136.60662790900787,,,False,False
3_77,47.85389,30.48198,42.6688223498538,146.2933696504019,2.0,0-5 m,True,True
4_0,47.955,23.54505,315.3614481435426,417.9572185838566,,,False,False
4_1,47.955,23.63514,310.0269955811809,409.5147533137883,,,False,False
4_2,47.955,23.72523,304.93050322918924,401.1466077794233,,,False,False
4_3,47.955,23.81532,300.08409416295984,392.8575302476378,,,False,False
4_4,47.955,23.90541,295.5000718229069,384.65263139108754,,,False,False
4_5,47.955,23.9955,291.1908267211296,376.53741307504185,,,False,False
4_6,47.955,24.08559,286.95690084597413,368.517798898663,,,False,False
4_7,47.955,24.17568,280.6868396252797,360.600166397144,,,False,False
4_8,47.955,24.26577,274.64179538809594,352.7913807357521,,,False,False
4_9,47.955,24.35586,268.8369458690958,345.09882962972085,,,False,False
4_10,47.955,24.44595,263.2881767383184,337.26315776992215,,,False,False
4_11,47.955,24.53604,258.0120082432923,328.6096929990695,,,False,False
4_12,47.955,24.62613,253.02549199231623,320.0384951279637,,,False,False
4_13,47.955,24.71622,248.34607419332136,311.5563522682866,,,False,False
4_14,47.955,24.80631,243.945786523134,303.1707375381126,,,False,False
4_15,47.955,24.8964,239.86796349502373,294.88988397674603,,,False,False
4_16,47.955,24.98649,235.2819010483257,286.72286666122983,,,False,False
4_17,47.955,25.07658,230.5358666811971,278.6796920807997,,,False,False
4_18,47.955,25.16667,226.1376576205652,270.771394513675,,,False,False
4_19,47.955,25.25676,222.10793528166343,263.01013869550445,,,False,False
4_20,47.955,25.34685,218.4670886565419,255.4093274266944,,,False,False
4_21,47.955,25.43694,215.23485022037585,247.98371188560844,,,False,False
4_22,47.955,25.52703,212.429869587748,240.749501240324,,,False,False
4_23,47.955,25.61712,210.06925965235808,233.72446662910255,,,False,False
4_24,47.955,25.70721,208.1681354157796,226.9280326672111,,,False,False
4_25,47.955,25.7973,206.7391702445243,220.38134732533112,,,False,False
4_26,47.955,25.88739,200.54780792100044,214.10731836262065,,,False,False
4_27,47.955,25.97748,193.5666958130205,208.13060163570736,,,False,False
4_28,47.955,26.06757,186.86688170891676,202.4775238421369,,,False,False
4_29,47.955,26.15766,180.3913626537595,197.17592009110467,,,False,False
4_30,47.955,26.24775,173.9851548705338,192.25486585700767,,,False,False
4_31,47.955,26.33784,167.08816727837333,187.7442843163964,,,False,False
4_32,47.955,26.42793,158.83897050139993,183.67441487387893,,,False,False
4_33,47.955,26.51802,150.5287351881125,179.9828142523814,,,False,False
4_34,47.955,26.60811,142.44558506660374,176.77417534073447,,,False,False
4_35,47.955,26.6982,134.63042267166546,174.08847112053124,,,False,False
4_36,47.955,26.78829,127.13267286358077,171.95020258841078,,,False,False
4_37,47.955,26.87838,120.0118347193585,170.3799778369467,,,False,False
4_38,47.955,26.96847,113.33896483223644,169.39359018800084,,,False,False
4_39,47.955,27.05856,107.19774379538327,169.0012585477649,,,False,False
4_40,47.955,27.14865,101.68453555178424,167.16768948812395,,,False,False
4_41,47.955,27.23874,96.90657739347895,158.05577065637323,,,False,False
4_42,47.955,27.32883,92.80609740697868,149.06727790999133,,,False,False
4_43,47.955,27.41892,88.5527078208427,140.22594213331914,,,False,False
4_44,47.955,27.50901,85.28166713561868,131.56142844701674,,,False,False
4_45,47.955,27.5991,83.08362048236859,123.11106960079822,,,False,False
4_46,47.955,27.68919,79.91997501746118,114.92210898355124,,,False,False
4_47,47.955,27.77928,75.37281996561272,107.05454096625154,,,False,False
4_48,47.955,27.86937,70.73978374398806,99.58455969622555,,,False,False
4_49,47.955,27.95946,67.25444791111998,92.6084160895516,,,False,False
4_50,47.955,28.04955,63.347364927227474,86.2460176548264,,,False,False
4_51,47.955,28.13964,57.89532555766302,80.64275060519545,,,False,False
4_52,47.955,28.22973,53.79357167322569,75.9667684647145,,,False,False
4_53,47.955,28.31982,51.36658083450082,72.39795434404132,,,False,False
4_54,47.955,28.40991,46.91009190873592,70.1055848854253,,,False,False
4_55,47.955,28.5,42.20404119450572,66.97480809871246,,,False,False
4_56,47.955,28.59009,39.55692928270677,59.013881764969895,,,False,False
4_57,47.955,28.68018,36.09285953957897,50.87854627649208,,,False,False
4_58,47.955,28.77027,31.373432120877595,43.56132681280148,,,False,False
4_59,47.955,28.86036,25.759009896048006,37.54363348544837,,,False,False
4_60,47.955,28.95045,21.357343789821503,33.532523444362816,,,False,False
4_61,47.955,29.04054,19.33877353516767,32.28473806246642,,,False,False
4_62,47.955,29.13063,17.16707526495816,29.735776739650515,,,False,False
4_63,47.955,29.22072,13.932018844307324,28.928404315785084,,,False,False
4_64,47.955,29.31081,5.6515973751773565,30.63912798130866,,,False,False
4_65,47.955,29.4009,2.112215649987624,35.26522604228064,3.0,0-5 m,True,True
4_66,47.955,29.49099,6.299356121894858,41.85081249573179,3.0,0-5 m,True,True
4_67,47.955,29.58108,1.0776899467705998,49.6217400244411,9.0,5-10 m,True,True
4_68,47.955,29.67117,10.636436122887034,58.104335354056815,,,False,False
4_69,47.955,29.76126,6.769045661678179,67.02893773703745,,,False,False
4_70,47.955,29.85135,2.8906345507692603,76.24046869661112,,,False,False
4_71,47.955,29.94144,1.8607155805398077,85.64638553131078,,,False,False
4_72,47.955,30.03153,0.6580277485213245,95.1890707597925,,,False,False
4_73,47.955,30.12162,2.548175667486112,104.83117094557802,,,False,False
4_74,47.955,30.21171,11.866625326100044,114.54757436367107,,,False,False
4_75,47.955,30.3018,21.868630458232136,124.320851671002,,,False,False
4_76,47.955,30.39189,31.917887780469314,134.1385637589534,,,False,False
4_77,47.955,30.48198,41.980450526188,143.99161414349368,,,False,False
5_0,48.05611,23.54505,306.63852976139736,412.4073984205278,,,False,False
5_1,48.05611,23.63514,301.157181837582,403.854938949128,,,False,False
5_2,48.05611,23.72523,295.9156157870971,395.37310589077816,,,False,False
5_3,48.05611,23.81532,290.92679101588857,386.96654262827553,,,False,False
5_4,48.05611,23.90541,286.2039232168186,378.6402617948655,,,False,False
5_5,48.05611,23.9955,281.76038535351734,370.399676626275,,,False,False
5_6,48.05611,24.08559,277.60958966323824,362.250634568504,,,False,False
5_7,48.05611,24.17568,272.54496431504833,354.1994531223206,,,False,False
5_8,48.05611,24.26577,266.3227096296473,346.2529578353607,,,False,False
5_9,48.05611,24.35586,260.34006637304816,338.41852225891887,,,False,False
5_10,48.05611,24.44595,254.6139238416004,330.70410956352765,,,False,False
5_11,48.05611,24.53604,249.1619653393232,323.11831534884584,,,False,False
5_12,48.05611,24.62613,244.0025687590497,314.6456461802041,,,False,False
5_13,48.05611,24.71622,239.1546677291176,306.0201794799486,,,False,False
5_14,48.05611,24.80631,234.6236065802992,297.4847729245289,,,False,False
5_15,48.05611,24.8964,230.38897729809253,289.0474033129097,,,False,False
5_16,48.05611,24.98649,226.3346553766714,280.7169090683924,,,False,False
5_17,48.05611,25.07658,221.4049990875333,272.5030902582796,,,False,False
5_18,48.05611,25.16667,216.82983026399003,264.41681847230467,,,False,False
5_19,48.05611,25.25676,212.6320301661978,256.4701564186954,,,False,False
5_20,48.05611,25.34685,208.83435421934132,248.67648649914264,,,False,False
5_21,48.05611,25.43694,205.45898867647333,241.05064675098976,,,False,False
5_22,48.05611,25.52703,202.5270470904093,233.60907131225693,,,False,False
5_23,48.05611,25.61712,200.05802355240368,226.36993087795628,,,False,False
5_24,48.05611,25.70721,198.0692276151896,219.35326637895625,,,False,False
5_25,48.05611,25.7973,196.57523281823163,212.58110625054888,,,False,False
5_26,48.05611,25.88739,193.43060118159772,206.0775541429438,,,False,False
5_27,48.05611,25.97748,186.1903235052121,199.86882984293675,,,False,False
5_28,48.05611,26.06757,179.22265133506033,193.98324179112143,,,False,False
5_29,48.05611,26.15766,172.56060623290605,188.4510654364909,,,False,False
5_30,48.05611,26.24775,166.0878672546715,183.3042986887,,,False,False
5_31,48.05611,26.33784,159.7500983058812,178.5762652563524,,,False,False
5_32,48.05611,26.42793,153.04992705685083,174.30104042247274,,,False,False
5_33,48.05611,26.51802,144.72683416678666,170.46127676893298,,,False,False
5_34,48.05611,26.60811,136.43845481910833,167.07860081401753,,,False,False
5_35,48.05611,26.6982,128.26489006497582,164.24318674849837,,,False,False
5_36,48.05611,26.78829,120.37869293184986,161.98377170652483,,,False,False
5_37,48.05611,26.87838,112.84012389761226,160.3247059385276,,,False,False
5_38,48.05611,26.96847,105.72356453935818,159.28474587858386,,,False,False
5_39,48.05611,27.05856,99.1199467244507,158.87604555602604,,,False,False
5_40,48.05611,27.14865,93.138430736462,158.9507797727793,,,False,False
5_41,48.05611,27.23874,87.90609141957341,153.879567185416,,,False,False
5_42,48.05611,27.32883,83.5637672449583,144.63757483626685,,,False,False
5_43,48.05611,27.41892,79.28713256877948,135.51356670997174,,,False,False
5_44,48.05611,27.50901,75.62568243810001,126.5330621072858,,,False,False
5_45,48.05611,27.5991,73.16462325615028,117.72889898800692,,,False,False
5_46,48.05611,27.68919,71.38541599522435,109.1437527823924,,,False,False
5_47,48.05611,27.77928,66.26442533906439,100.83357373713204,,,False,False
5_48,48.05611,27.86937,61.70075827408774,92.87219470518116,,,False,False
5_49,48.05611,27.95946,57.68139441712623,85.35726130030487,,,False,False
5_50,48.05611,28.04955,55.00768793094857,78.41722078584777,,,False,False
5_51,48.05611,28.13964,49.33068858230764,72.21799162299591,,,False,False
5_52,48.05611,28.22973,44.45537372273682,66.96561673957795,,,False,False
5_53,48.05611,28.31982,41.49577581040359,62.897737715477696,,,False,False
5_54,48.05611,28.40991,38.84601973694557,60.25472109288248,,,False,False
5_55,48.05611,28.5,33.146447924813785,59.22761325036121,,,False,False
5_56,48.05611,28.59009,29.71354799202504,52.79742978724953,,,False,False
5_57,48.05611,28.68018,27.448738951590627,45.2078110021814,,,False,False
5_58,48.05611,28.77027,23.080959116809563,36.78767632275737,,,False,False
5_59,48.05611,28.86036,17.48692391452466,29.425330328211743,,,False,False
5_60,48.05611,28.95045,12.269810201226475,24.110063581315124,,,False,False
5_61,48.05611,29.04054,9.525495492716525,22.35322352114359,,,False,False
5_62,48.05611,29.13063,7.937215066691122,20.193319755430345,,,False,False
5_63,48.05611,29.22072,4.631331016463037,19.00800448316148,,,False,False
5_64,48.05611,29.31081,3.665966002466632,21.5316249385593,,,False,False
5_65,48.05611,29.4009,5.846544416879596,27.72818338648236,15.0,10-20 m,True,False
5_66,48.05611,29.49099,9.000260895276568,35.735503216839035,3.0,0-5 m,True,True
5_67,48.05611,29.58108,0.177448213259862,44.58846352510432,,,False,False
5_68,48.05611,29.67117,4.842911066660583,53.87174498030122,,,False,False
5_69,48.05611,29.76126,1.4940492087039043,63.39657518690994,1.0,0-5 m,True,True
5_70,48.05611,29.85135,4.254698923377828,73.0685407915631,,,False,False
5_71,48.05611,29.94144,4.061863065321608,82.83610732987933,,,False,False
5_72,48.05611,30.03153,0.761386331817618,92.66903933648229,,,False,False
5_73,48.05611,30.12162,8.721897479481775,102.54852605620442,,,False,False
5_74,48.05611,30.21171,16.610012009600187,112.46229021398987,,,False,False
5_75,48.05611,30.3018,24.76119933739753,122.4019951593957,,,False,False
5_76,48.05611,30.39189,33.9616481592491,132.3617893357497,,,False,False
5_77,48.05611,30.48198,43.55135016494094,142.3374485604041,,,False,False
6_0,48.15722,23.54505,297.59625573404173,407.0438646011072,,,False,False
6_1,48.15722,23.63514,292.3876276555173,398.3821534616644,,,False,False
6_2,48.15722,23.72523,286.993546475988,389.7872047910907,,,False,False
6_3,48.15722,23.81532,281.85452601934776,381.2635331590108,,,False,False
6_4,48.15722,23.90541,276.9847624188909,372.8160267721875,,,False,False
6_5,48.15722,23.9955,272.39869581194233,364.449981254358,,,False,False
6_6,48.15722,24.08559,268.11088352659795,356.1711362126119,,,False,False
6_7,48.15722,24.17568,264.13584985772115,347.9857146613245,,,False,False
6_8,48.15722,24.26577,258.1491585111028,339.90046531434245,,,False,False
6_9,48.15722,24.35586,251.9800880095264,331.92270767090844,,,False,False
6_10,48.15722,24.44595,246.06714481930211,324.06037970392475,,,False,False
6_11,48.15722,24.53604,240.42922525452784,316.3220878025001,,,False,False
6_12,48.15722,24.62613,235.08611577229905,308.71715841511326,,,False,False
6_13,48.15722,24.71622,230.05835661513035,300.73157706006026,,,False,False
6_14,48.15722,24.80631,225.3670527691844,292.0476941813886,,,False,False
6_15,48.15722,24.8964,220.98387947158224,283.4546887624309,,,False,False
6_16,48.15722,24.98649,216.95714526347464,274.96107975369694,,,False,False
6_17,48.15722,25.07658,212.3794029488344,266.5763666957216,,,False,False
6_18,48.15722,25.16667,207.6135694663497,258.311152453984,,,False,False
6_19,48.15722,25.25676,203.23371743102223,250.1772794769674,,,False,False
6_20,48.15722,25.34685,199.26529798783724,242.1879796836031,,,False,False
6_21,48.15722,25.43694,195.7333354855168,234.35803730219985,,,False,False
6_22,48.15722,25.52703,192.6618331484416,226.70396278769215,,,False,False
6_23,48.15722,25.61712,190.0731125172847,219.2441741957233,,,False,False
6_24,48.15722,25.70721,187.98711706315103,211.99917992582044,,,False,False
6_25,48.15722,25.7973,186.4207211939945,204.9917533889709,,,False,False
6_26,48.15722,25.88739,185.38709371244124,198.24708576131957,,,False,False
6_27,48.15722,25.97748,179.08953521690538,191.79289750021087,,,False,False
6_28,48.15722,26.06757,171.8417023117833,185.65948286216891,,,False,False
6_29,48.15722,26.15766,164.88942225596708,179.87965476507165,,,False,False
6_30,48.15722,26.24775,158.27164411288695,174.4885510114213,,,False,False
6_31,48.15722,26.33784,151.80141628001752,169.52325890002282,,,False,False
6_32,48.15722,26.42793,145.54537888520696,165.0222161775133,,,False,False
6_33,48.15722,26.51802,139.0765267512981,161.0186132312892,,,False,False
6_34,48.15722,26.60811,130.64581460593826,157.44190240575134,,,False,False
6_35,48.15722,26.6982,122.40679171031822,154.43842639601698,,,False,False
6_36,48.15722,26.78829,114.1235366978174,152.04215701921711,,,False,False
6_37,48.15722,26.87838,106.14902158281603,150.28213956211397,,,False,False
6_38,48.15722,26.96847,98.55821033114148,149.18089141823305,,,False,False
6_39,48.15722,27.05856,91.44669726266989,148.7530406862663,,,False,False
6_40,48.15722,27.14865,84.93495340061375,148.8430104016286,,,False,False
6_41,48.15722,27.23874,79.17110011637175,149.5826066192104,,,False,False
6_42,48.15722,27.32883,74.32931752488514,140.7873264724478,,,False,False
6_43,48.15722,27.41892,70.24777220728194,131.4018008380137,,,False,False
6_44,48.15722,27.50901,66.09679958696042,122.12511137908976,,,False,False
6_45,48.15722,27.5991,63.28910659504049,112.98406366394346,,,False,False
6_46,48.15722,27.68919,61.91501905265672,104.01441889080029,,,False,False
6_47,48.15722,27.77928,57.471341247251296,95.26459750239356,,,False,False
6_48,48.15722,27.86937,52.932567237354,86.80109360778262,,,False,False
6_49,48.15722,27.95946,48.29781850025109,78.71630628941264,,,False,False
6_50,48.15722,28.04955,45.31209216115104,71.13946298112631,,,False,False
6_51,48.15722,28.13964,41.313240266258006,64.25050485089481,,,False,False
6_52,48.15722,28.22973,35.48653906113593,58.293807337165546,,,False,False
6_53,48.15722,28.31982,31.71092132856787,53.58118641959815,,,False,False
6_54,48.15722,28.40991,30.33171971631476,50.46238795071054,,,False,False
6_55,48.15722,28.5,24.81172108221713,49.24117861192346,,,False,False
6_56,48.15722,28.59009,20.007349470909094,46.64425889975629,,,False,False
6_57,48.15722,28.68018,19.020903435963525,38.63508919024932,,,False,False
6_58,48.15722,28.77027,13.76766977047982,31.70870840500793,,,False,False
6_59,48.15722,28.86036,9.36134761602424,22.80625394225277,,,False,False
6_60,48.15722,28.95045,3.6124895763176688,15.360162134662364,,,False,False
6_61,48.15722,29.04054,0.2870675211372652,12.43495691531328,9.0,5-10 m,True,True
6_62,48.15722,29.13063,1.866318323562908,11.332457907364873,19.0,10-20 m,True,False
6_63,48.15722,29.22072,4.979944780272018,9.089763033346689,23.0,20-40 m,True,False
6_64,48.15722,29.31081,6.14385143002571,13.607267441453567,20.0,20-40 m,True,False
6_65,48.15722,29.4009,7.972755916745092,22.149143083488493,2.0,0-5 m,True,True
6_66,48.15722,29.49099,5.384445483717166,31.605419348110647,2.0,0-5 m,True,True
6_67,48.15722,29.58108,1.2829238035470454,41.35347623913419,,,False,False
6_68,48.15722,29.67117,1.3962859448831768,51.22699691464657,7.0,5-10 m,True,True
6_69,48.15722,29.76126,5.795909220512462,61.16523887140211,,,False,False
6_70,48.15722,29.85135,3.096509819652866,71.14107077638788,,,False,False
6_71,48.15722,29.94144,1.0256195851719527,81.1406184963741,,,False,False
6_72,48.15722,30.03153,0.8116060461140381,91.15606799543372,,,False,False
6_73,48.15722,30.12162,9.095626650239236,101.1826885208234,,,False,False
6_74,48.15722,30.21171,19.003213309596383,111.21745073317123,,,False,False
6_75,48.15722,30.3018,28.951928082692355,121.25832590056989,,,False,False
6_76,48.15722,30.39189,38.480207593357086,131.30390472609096,,,False,False
6_77,48.15722,30.48198,47.155003827555504,141.35317791374152,,,False,False
7_0,48.25833,23.54505,288.3784570186416,401.8738813525709,,,False,False
7_1,48.25833,23.63514,283.7273471623861,393.1040099020856,,,False,False
7_2,48.25833,23.72523,278.1729388912917,384.3968804628662,,,False,False
7_3,48.25833,23.81532,272.8754884608607,375.7568542587632,,,False,False
7_4,48.25833,23.90541,267.8502416285928,367.1886677313037,,,False,False
7_5,48.25833,23.9955,263.11279469331294,358.69746853136354,,,False,False
7_6,48.25833,24.08559,258.67895961979303,350.2888548452602,,,False,False
7_7,48.25833,24.17568,254.56460036561376,341.9689182312665,,,False,False
7_8,48.25833,24.26577,250.13509912403407,333.74429009709667,,,False,False
7_9,48.25833,24.35586,243.7707785845485,325.6221918785436,,,False,False
7_10,48.25833,24.44595,237.66126782362065,317.61048887634075,,,False,False
7_11,48.25833,24.53604,231.82671213791895,309.7177475624606,,,False,False
7_12,48.25833,24.62613,226.28837937981072,301.9532959668757,,,False,False
7_13,48.25833,24.71622,221.06853280261808,294.32728648712845,,,False,False
7_14,48.25833,24.80631,216.19024153509403,286.8507601104375,,,False,False
7_15,48.25833,24.8964,211.66215906656376,278.1265411836021,,,False,False
7_16,48.25833,24.98649,207.46272774944748,269.47113240550925,,,False,False
7_17,48.25833,25.07658,203.4727166851052,260.9162667435332,,,False,False
7_18,48.25833,25.16667,198.50125039340705,252.47216364956364,,,False,False
7_19,48.25833,25.25676,193.92389125818207,244.1503144362709,,,False,False
7_20,48.25833,25.34685,189.76915802370172,235.96365280023284,,,False,False
7_21,48.25833,25.43694,186.0653619768912,227.9267446852708,,,False,False
7_22,48.25833,25.52703,182.83990721779503,220.05599705783405,,,False,False
7_23,48.25833,25.61712,180.1184911540862,212.36988352150024,,,False,False
7_24,48.25833,25.70721,177.92424161865938,204.88918218636468,,,False,False
7_25,48.25833,25.7973,176.27684372848586,197.63721753651163,,,False,False
7_26,48.25833,25.88739,175.19172282239202,190.64009288330072,,,False,False
7_27,48.25833,25.97748,172.29799094394423,183.92689306760653,,,False,False
7_28,48.25833,26.06757,164.75898849295567,177.5298282535432,,,False,False
7_29,48.25833,26.15766,157.50191368263205,171.48427918721984,,,False,False
7_30,48.25833,26.24775,150.56753426249676,165.82869312147395,,,False,False
7_31,48.25833,26.33784,144.00247245990545,160.60426978353783,,,False,False
7_32,48.25833,26.42793,137.53451729267186,155.85437182917855,,,False,False
7_33,48.25833,26.51802,131.37790507396505,151.62359930452092,,,False,False
7_34,48.25833,26.60811,125.18657217221592,147.8751102995485,,,False,False
7_35,48.25833,26.6982,116.62736865018518,144.68193873220275,,,False,False
7_36,48.25833,26.78829,108.327344114998,142.13006823180802,,,False,False
7_37,48.25833,26.87838,100.03432897666606,140.25450461919695,,,False,False
7_38,48.25833,26.96847,91.94743209872574,139.08260787727494,,,False,False
7_39,48.25833,27.05856,84.28774250006357,138.6322207690732,,,False,False
7_40,48.25833,27.14865,77.18254740568656,138.7388685951893,,,False,False
7_41,48.25833,27.23874,70.7989786188619,139.5403846889496,,,False,False
7_42,48.25833,27.32883,65.34884551971723,137.3373856596681,,,False,False
7_43,48.25833,27.41892,61.08251100111517,127.83354619676123,,,False,False
7_44,48.25833,27.50901,56.757883411716335,118.40632439063012,,,False,False
7_45,48.25833,27.5991,53.4716089529087,108.95924858747328,,,False,False
7_46,48.25833,27.68919,51.871587023537614,99.63373212711215,,,False,False
7_47,48.25833,27.77928,49.16169538370222,90.46736776537216,,,False,False
7_48,48.25833,27.86937,43.77928449274017,81.51385648402115,,,False,False
7_49,48.25833,27.95946,39.2382085391222,72.85171143040647,,,False,False
7_50,48.25833,28.04955,35.55599060856497,64.598239694306,,,False,False
7_51,48.25833,28.13964,32.65179842261706,56.931447278868006,,,False,False
7_52,48.25833,28.22973,27.25180739071325,50.121272426696734,,,False,False
7_53,48.25833,28.31982,22.123411624471004,44.56218216145594,,,False,False
7_54,48.25833,28.40991,20.95233361858393,40.769189240159385,,,False,False
7_55,48.25833,28.5,16.475288180351615,39.25756982600151,,,False,False
7_56,48.25833,28.59009,10.808331502433472,40.28494459602574,,,False,False
7_57,48.25833,28.68018,9.537328831701888,32.86143770514949,,,False,False
7_58,48.25833,28.77027,5.366262940892345,24.497954443149048,,,False,False
7_59,48.25833,28.86036,1.9535041017403008,17.771740319147717,,,False,False
7_60,48.25833,28.95045,4.648773700660672,9.243106129864232,11.0,10-20 m,True,False
7_61,48.25833,29.04054,10.000384708707925,2.657710490816372,19.0,10-20 m,True,False
7_62,48.25833,29.13063,11.669162117650378,5.840540442580349,23.0,20-40 m,True,False
7_63,48.25833,29.22072,13.774657568700292,0.3776125826553584,17.0,10-20 m,True,False
7_64,48.25833,29.31081,13.331384402575464,10.162308082054912,4.0,0-5 m,True,True
7_65,48.25833,29.4009,3.3903150993876348,20.216562548667387,3.0,0-5 m,True,True
7_66,48.25833,29.49099,3.1473142013488444,30.2819403116834,3.0,0-5 m,True,True
7_67,48.25833,29.58108,3.1544525517831694,40.35009927242029,1.0,0-5 m,True,True
7_68,48.25833,29.67117,5.086811316211533,50.41935817450998,,,False,False
7_69,48.25833,29.76126,8.759768860750496,60.48915498100118,,,False,False
7_70,48.25833,29.85135,2.9664449677610527,70.55924839010537,,,False,False
7_71,48.25833,29.94144,2.828581814465964,80.629517570586,5.0,5-10 m,True,True
7_72,48.25833,30.03153,3.218915117869636,90.6998952889873,,,False,False
7_73,48.25833,30.12162,11.86196502428609,100.77034113023252,,,False,False
7_74,48.25833,30.21171,21.34069573791571,110.84082931546808,,,False,False
7_75,48.25833,30.3018,30.880418466672463,120.91134260741237,,,False,False
7_76,48.25833,30.39189,40.62082292680645,130.9818690270927,,,False,False
7_77,48.25833,30.48198,50.491128535806816,141.0523999770299,,,False,False
8_0,48.35944,23.54505,279.2438707676731,396.9048179845023,,,False,False
8_1,48.35944,23.63514,274.4616055680495,388.0282529810642,,,False,False
8_2,48.35944,23.72523,269.4634641780458,379.2102707579783,,,False,False
8_3,48.35944,23.81532,263.9988927641468,370.4550544591268,,,False,False
8_4,48.35944,23.90541,258.8090194252304,361.76716089485865,,,False,False
8_5,48.35944,23.9955,253.91068848501143,353.15155844419473,,,False,False
8_6,48.35944,24.08559,249.32108349969707,344.61366884032856,,,False,False
8_7,48.35944,24.17568,245.057550587395,336.1594131337257,,,False,False
8_8,48.35944,24.26577,241.13738552051143,327.7952621019814,,,False,False
8_9,48.35944,24.35586,235.7275563248572,319.5282913272412,,,False,False
8_10,48.35944,24.44595,229.4114499509988,311.36624108151835,,,False,False
8_11,48.35944,24.53604,223.3691325431272,303.3175810363903,,,False,False
8_12,48.35944,24.62613,217.62340962390564,295.3915796320041,,,False,False
8_13,48.35944,24.71622,212.19837435550772,287.59837768344704,,,False,False
8_14,48.35944,24.80631,207.11922636684565,279.9490654492641,,,False,False
8_15,48.35944,24.8964,202.41200441048764,272.45576191269936,,,False,False
8_16,48.35944,24.98649,198.0481002941657,264.2633620541743,,,False,False
8_17,48.35944,25.07658,194.08299809066307,255.5402227788848,,,False,False
8_18,48.35944,25.16667,189.50747578744424,246.91847716176,,,False,False
8_19,48.35944,25.25676,184.7155305327722,238.40912469419712,,,False,False
8_20,48.35944,25.34685,180.3570424432095,230.0246379454136,,,False,False
8_21,48.35944,25.43694,176.46413082105397,221.77917803236448,,,False,False
8_22,48.35944,25.52703,173.0682143031908,213.6888378868425,,,False,False
8_23,48.35944,25.61712,170.19904292962784,205.7719135253745,,,False,False
8_24,48.35944,25.70721,167.8836237990775,198.04920126122764,,,False,False
8_25,48.35944,25.7973,166.1451082808635,190.54431514695608,,,False,False
8_26,48.35944,25.88739,165.00173098129582,183.28401335788948,,,False,False
8_27,48.35944,25.97748,163.92246283261036,176.2985141025628,,,False,False
8_28,48.35944,26.06757,158.01417281501006,169.62177039293474,,,False,False
8_29,48.35944,26.15766,150.4394097798805,163.29165833060537,,,False,False
8_30,48.35944,26.24775,143.17092748430306,157.35001591733402,,,False,False
8_31,48.35944,26.33784,136.25774644515184,151.84245069625482,,,False,False
8_32,48.35944,26.42793,129.75666550369257,146.81781907393724,,,False,False
8_33,48.35944,26.51802,123.29084660926506,142.32727544304674,,,False,False
8_34,48.35944,26.60811,117.2579101180772,138.39221630325892,,,False,False
8_35,48.35944,26.6982,111.40780394387065,134.9836734601967,,,False,False
8_36,48.35944,26.78829,102.69335946600386,132.2536167165729,,,False,False
8_37,48.35944,26.87838,94.24816090396604,130.24471552836374,,,False,False
8_38,48.35944,26.96847,86.01840245390414,128.9906653350898,,,False,False
8_39,48.35944,27.05856,77.78434645735098,128.51356295265683,,,False,False
8_40,48.35944,27.14865,70.03021460540064,128.63867201686674,,,False,False
8_41,48.35944,27.23874,62.9336458947293,129.5055582057728,,,False,False
8_42,48.35944,27.32883,56.74188963290751,130.95851537771392,,,False,False
8_43,48.35944,27.41892,51.78054372171785,124.73110910684088,,,False,False
8_44,48.35944,27.50901,47.71920360278431,115.07186430042886,,,False,False
8_45,48.35944,27.5991,43.76916020281861,105.48867540679328,,,False,False
8_46,48.35944,27.68919,41.83894166116019,96.00431572647469,,,False,False
8_47,48.35944,27.77928,41.6244516141785,86.56952600227255,,,False,False
8_48,48.35944,27.86937,35.11451211537698,77.17092492560874,,,False,False
8_49,48.35944,27.95946,30.56746073679752,67.96379601269275,,,False,False
8_50,48.35944,28.04955,25.942956299517625,59.03778042116105,,,False,False
8_51,48.35944,28.13964,23.926929711611923,50.542026365580654,,,False,False
8_52,48.35944,28.22973,18.917881797746546,42.73391185727928,,,False,False
8_53,48.35944,28.31982,13.166626982193131,36.06287293011214,,,False,False
8_54,48.35944,28.40991,11.099424392895934,31.2654132906159,,,False,False
8_55,48.35944,28.5,8.369063980356124,29.277498170345694,,,False,False
8_56,48.35944,28.59009,3.423113872889634,30.650728687122964,,,False,False
8_57,48.35944,28.68018,0.5527427008513704,29.41701287138333,1.0,0-5 m,True,True
8_58,48.35944,28.77027,2.230634073450915,19.64492092350056,4.0,0-5 m,True,True
8_59,48.35944,28.86036,7.843096827589279,10.451396661332048,15.0,10-20 m,True,False
8_60,48.35944,28.95045,10.052039921809458,3.7460068343893007,12.0,10-20 m,True,False
8_61,48.35944,29.04054,18.12410832588676,0.7845080980042418,23.0,20-40 m,True,False
8_62,48.35944,29.13063,21.47133166741975,1.7974985819050604,25.0,20-40 m,True,False
8_63,48.35944,29.22072,19.00546339533044,4.275165777218364,10.0,10-20 m,True,False
8_64,48.35944,29.31081,9.318068262769568,13.532024850573608,4.0,0-5 m,True,True
8_65,48.35944,29.4009,0.1378325857150147,22.789685335152257,3.0,0-5 m,True,True
8_66,48.35944,29.49099,3.6916086525838474,32.11206124038685,4.0,0-5 m,True,True
8_67,48.35944,29.58108,9.006622209530118,41.738124922440825,2.0,0-5 m,True,True
8_68,48.35944,29.67117,2.6290002984409857,51.53409597504728,1.0,0-5 m,True,True
8_69,48.35944,29.76126,0.2495438327873829,61.41871908785255,,,False,False
8_70,48.35944,29.85135,5.093969079448378,71.3551520902835,7.0,5-10 m,True,True
8_71,48.35944,29.94144,1.3482796822829706,81.32439794939984,2.0,0-5 m,True,True
8_72,48.35944,30.03153,7.687317158085188,91.31570285056858,,,False,False
8_73,48.35944,30.12162,16.391733955511036,101.32253447031589,,,False,False
8_74,48.35944,30.21171,25.489930145259954,111.34070015116964,2.0,0-5 m,True,True
8_75,48.35944,30.3018,34.26007106928494,121.36738741337754,,,False,False
8_76,48.35944,30.39189,43.58077242592907,131.40064009559185,,,False,False
8_77,48.35944,30.48198,51.01527155259482,141.43905593369823,,,False,False
9_0,48.46055,23.54505,270.200644995871,392.1441187363952,,,False,False
9_1,48.46055,23.63514,265.2630254474013,383.16272799453554,,,False,False
9_2,48.46055,23.72523,260.6190178484876,374.2356436192247,,,False,False
9_3,48.46055,23.81532,255.23512329566464,365.3668462194401,,,False,False
9_4,48.46055,23.90541,249.8709137073836,356.56068510258035,,,False,False
9_5,48.46055,23.9955,244.80151125340475,347.8219176966674,,,False,False
9_6,48.46055,24.08559,240.0455940430756,339.1557533861218,,,False,False
9_7,48.46055,24.17568,235.62214518188307,330.5679021839941,,,False,False
9_8,48.46055,24.26577,231.550219183938,322.0646286643586,,,False,False
9_9,48.46055,24.35586,227.8486628701535,313.6528115596973,,,False,False
9_10,48.46055,24.44595,221.33480327237632,305.3400093803119,,,False,False
9_11,48.46055,24.53604,215.07323719833724,297.1345323237522,,,False,False
9_12,48.46055,24.62613,209.1073545735292,289.0455205956895,,,False,False
9_13,48.46055,24.71622,203.46316621390497,281.08302903867485,,,False,False
9_14,48.46055,24.80631,198.16816063243616,273.25811763515765,,,False,False
9_15,48.46055,24.8964,193.25104164416408,265.58294698353995,,,False,False
9_16,48.46055,24.98649,188.72481203678987,258.07087720220875,,,False,False
9_17,48.46055,25.07658,184.56770369396105,250.4662399524072,,,False,False
9_18,48.46055,25.16667,180.64954695211063,241.66946660691505,,,False,False
9_19,48.46055,25.25676,175.62418042504854,232.9745315375808,,,False,False
9_20,48.46055,25.34685,171.042396959363,224.39327253526372,,,False,False
9_21,48.46055,25.43694,166.94072260960448,215.93924135900008,,,False,False
9_22,48.46055,25.52703,163.35532526229488,207.6279787499712,,,False,False
9_23,48.46055,25.61712,160.32084531910493,199.4773299580401,,,False,False
9_24,48.46055,25.70721,157.86905307827766,191.5078023860821,,,False,False
9_25,48.46055,25.7973,156.02741844596824,183.74296385295415,,,False,False
9_26,48.46055,25.88739,154.8177159833151,176.20987461411855,,,False,False
9_27,48.46055,25.97748,153.78220582237944,168.93953762903865,,,False,False
9_28,48.46055,26.06757,151.651888918846,161.96733838809217,,,False,False
9_29,48.46055,26.15766,143.74933975576232,155.33342667364474,,,False,False
9_30,48.46055,26.24775,136.1314491668572,149.08296722528357,,,False,False
9_31,48.46055,26.33784,128.8487142481316,143.26615527384217,,,False,False
9_32,48.46055,26.42793,121.96118742193391,137.937860434744,,,False,False
9_33,48.46055,26.51802,115.52924084332616,133.15673808611038,,,False,False
9_34,48.46055,26.60811,109.076006043684,128.98364781537495,,,False,False
9_35,48.46055,26.6982,103.20119032900811,125.35659470233443,,,False,False
9_36,48.46055,26.78829,97.426376727746,122.42086633316514,,,False,False
9_37,48.46055,26.87838,88.87917979138413,120.25665820512512,,,False,False
9_38,48.46055,26.96847,80.24938828935028,118.9061027355769,,,False,False
9_39,48.46055,27.05856,71.9926345828872,118.3970448306969,,,False,False
9_40,48.46055,27.14865,63.67943158532303,118.542854559633,,,False,False
9_41,48.46055,27.23874,55.78867560375346,119.46777178220428,,,False,False
9_42,48.46055,27.32883,48.7055132714286,121.04942674179442,,,False,False
9_43,48.46055,27.41892,42.83247906680639,122.37577759100112,,,False,False
9_44,48.46055,27.50901,38.724129408333226,112.5188113900039,,,False,False
9_45,48.46055,27.5991,34.277686903827004,102.70216633894172,,,False,False
9_46,48.46055,27.68919,31.825240541533823,92.93861565155952,,,False,False
9_47,48.46055,27.77928,32.3268511060881,83.24683782004716,,,False,False
9_48,48.46055,27.86937,27.40324317617809,73.65516484257301,,,False,False
9_49,48.46055,27.95946,21.31891765415621,64.20846770450291,,,False,False
9_50,48.46055,28.04955,16.81174591568699,54.75652273035647,,,False,False
9_51,48.46055,28.13964,13.92343359343067,45.47439544701683,,,False,False
9_52,48.46055,28.22973,10.636194032765356,36.60842986102039,,,False,False
9_53,48.46055,28.31982,5.96783882591477,28.54899916470885,,,False,False
9_54,48.46055,28.40991,1.8427965687113168,22.192889959161175,,,False,False
9_55,48.46055,28.5,1.4395900818283642,19.303192345957225,,,False,False
9_56,48.46055,28.59009,5.712541649079464,21.338018096389483,9.0,5-10 m,True,True
9_57,48.46055,28.68018,7.297141059105722,26.18888472535481,12.0,10-20 m,True,False
9_58,48.46055,28.77027,7.247936495249647,19.22708694618468,18.0,10-20 m,True,False
9_59,48.46055,28.86036,14.63989754768822,9.646784602646116,25.0,20-40 m,True,False
9_60,48.46055,28.95045,18.87382097671625,1.70182595956882,23.0,20-40 m,True,False
9_61,48.46055,29.04054,24.15345872514844,0.1567734221205753,25.0,20-40 m,True,False
9_62,48.46055,29.13063,29.36495527452069,0.1721129613155902,18.0,10-20 m,True,False
9_63,48.46055,29.22072,19.63806483937264,8.61892927697626,9.0,5-10 m,True,True
9_64,48.46055,29.31081,10.56959069352181,17.43144898029492,6.0,5-10 m,True,True
9_65,48.46055,29.4009,5.988664373520868,26.6837129041132,6.0,5-10 m,True,True
9_66,48.46055,29.49099,10.039700040647489,35.936806740013374,8.0,5-10 m,True,True
9_67,48.46055,29.58108,16.510332792813177,45.19069493152552,5.0,5-10 m,True,True
9_68,48.46055,29.67117,11.372701146419235,54.45217929549789,4.0,0-5 m,True,True
9_69,48.46055,29.76126,9.877752164709426,63.88294604612483,3.0,0-5 m,True,True
9_70,48.46055,29.85135,9.207425854708385,73.48322002535494,5.0,5-10 m,True,True
9_71,48.46055,29.94144,0.8086910894776148,83.19433356174328,,,False,False
9_72,48.46055,30.03153,10.167754476978711,92.98155804891944,,,False,False
9_73,48.46055,30.12162,18.529539420892142,102.82315606698508,27.0,20-40 m,True,False
9_74,48.46055,30.21171,24.89899250915179,112.70487914361776,,,False,False
9_75,48.46055,30.3018,32.7488376002926,122.61702162270907,,,False,False
9_76,48.46055,30.39189,39.254570896397205,132.55275484470457,,,False,False
9_77,48.46055,30.48198,41.7405212770321,142.50714022647932,,,False,False
10_0,48.56166,23.54505,261.24342778870795,387.59926826524446,,,False,False
10_1,48.56166,23.63514,256.1556200353057,378.515344791891,,,False,False
10_2,48.56166,23.72523,251.35106562763931,369.4813596810902,,,False,False
10_3,48.56166,23.81532,246.59589935466,360.5010673890188,,,False,False
10_4,48.56166,23.90541,241.04707886861263,351.5785824609825,,,False,False
10_5,48.56166,23.9955,235.7957102120249,342.7184199940244,,,False,False
10_6,48.56166,24.08559,230.8620925248444,333.9255410020607,,,False,False
10_7,48.56166,24.17568,226.2670118904244,325.20540324086176,,,False,False
10_8,48.56166,24.26577,222.0314880071412,316.5640180822379,,,False,False
10_9,48.56166,24.35586,218.1764623963468,308.0080140448462,,,False,False
10_10,48.56166,24.44595,213.45063986820065,299.54470758420337,,,False,False
10_11,48.56166,24.53604,206.95811377373448,291.18218170425257,,,False,False
10_12,48.56166,24.62613,200.75879895240817,282.929372859957,,,False,False
10_13,48.56166,24.71622,194.88067899022667,274.796166451397,,,False,False
10_14,48.56166,24.80631,189.3536685441464,266.7935009337533,,,False,False
10_15,48.56166,24.8964,184.20937398278733,258.9334801438384,,,False,False
10_16,48.56166,24.98649,179.48070624462804,251.2294928216156,,,False,False
10_17,48.56166,25.07658,175.13906838007816,243.6963374221664,,,False,False
10_18,48.56166,25.16667,171.25036300179,236.3503490981417,,,False,False
10_19,48.56166,25.25676,166.66855822897247,227.8681637312816,,,False,False
10_20,48.56166,25.34685,161.84160823995467,219.09295977451072,,,False,False
10_21,48.56166,25.43694,157.50879931606295,210.43221519012263,,,False,False
10_22,48.56166,25.52703,153.7119227329762,201.90065951815524,,,False,False
10_23,48.56166,25.61712,150.4915476305815,193.51537963448573,,,False,False
10_24,48.56166,25.70721,147.88533995001575,185.29623434785205,,,False,False
10_25,48.56166,25.7973,145.92620919037765,177.26633346193074,,,False,False
10_26,48.56166,25.88739,144.64045048057594,169.45258166098378,,,False,False
10_27,48.56166,25.97748,143.6534817608986,161.88627965631264,,,False,False
10_28,48.56166,26.06757,142.6813453831655,154.6037613291061,,,False,False
10_29,48.56166,26.15766,137.48558597076143,147.64702353926816,,,False,False
10_30,48.56166,26.24775,129.50682276982022,141.06427208828842,,,False,False
10_31,48.56166,26.33784,121.8360755788847,134.91026127328334,,,False,False
10_32,48.56166,26.42793,114.53524541482412,129.24624730209007,,,False,False
10_33,48.56166,26.51802,107.67959932196474,124.13931712083236,,,False,False
10_34,48.56166,26.60811,101.2488177386419,119.66081684797128,,,False,False
10_35,48.56166,26.6982,94.89895176786912,115.8178689746214,,,False,False
10_36,48.56166,26.78829,89.23340338725315,112.64266028707988,,,False,False
10_37,48.56166,26.87838,83.23936430735992,110.29562374366402,,,False,False
10_38,48.56166,26.96847,75.24576741057946,108.83035186664522,,,False,False
10_39,48.56166,27.05856,66.37616011523856,108.28264464181946,,,False,False
10_40,48.56166,27.14865,57.897680104492096,108.4520202868182,,,False,False
10_41,48.56166,27.23874,49.67457040097836,109.44465187325169,,,False,False
10_42,48.56166,27.32883,41.57038376623264,111.17711447112428,,,False,False
10_43,48.56166,27.41892,34.512799825168536,113.77491755398847,,,False,False
10_44,48.56166,27.50901,29.268958062922067,109.41966719660338,,,False,False
10_45,48.56166,27.5991,25.23382137835724,100.8398910360696,,,False,False
10_46,48.56166,27.68919,21.85360399434344,90.8803916076606,,,False,False
10_47,48.56166,27.77928,22.54138623656397,80.94667437209958,,,False,False
10_48,48.56166,27.86937,20.77601339764584,71.04954954448422,,,False,False
10_49,48.56166,27.95946,13.193993910758389,61.20676507624598,,,False,False
10_50,48.56166,28.04955,8.40090200779665,51.44951117547037,,,False,False
10_51,48.56166,28.13964,3.984869070946673,41.83766382133889,,,False,False
10_52,48.56166,28.22973,3.226793925718329,32.46516453620968,,,False,False
10_53,48.56166,28.31982,3.4538634973589946,23.00450462960872,4.0,0-5 m,True,True
10_54,48.56166,28.40991,2.59755682656392,14.38740690346298,6.0,5-10 m,True,True
10_55,48.56166,28.5,6.270136296733007,9.346490379126244,16.0,10-20 m,True,False
10_56,48.56166,28.59009,12.029151302911444,12.582598761410122,20.0,20-40 m,True,False
10_57,48.56166,28.68018,17.247338632033603,17.485746940381407,21.0,20-40 m,True,False
10_58,48.56166,28.77027,16.82185495939785,22.477421029127463,22.0,20-40 m,True,False
10_59,48.56166,28.86036,21.083987148261134,15.848002682359434,21.0,20-40 m,True,False
10_60,48.56166,28.95045,28.438811357952066,10.239163248202097,23.0,20-40 m,True,False
10_61,48.56166,29.04054,32.1817868596201,0.1774086311003449,20.0,20-40 m,True,False
10_62,48.56166,29.13063,32.90836969976496,2.869506829005102,15.0,10-20 m,True,False
10_63,48.56166,29.22072,24.6214034606612,12.779746766777482,10.0,10-20 m,True,False
10_64,48.56166,29.31081,18.22455711077215,22.263252192720124,11.0,10-20 m,True,False
10_65,48.56166,29.4009,15.874384025217266,30.991087153354226,11.0,10-20 m,True,False
10_66,48.56166,29.49099,18.42927751257291,39.85037148706197,8.0,5-10 m,True,True
10_67,48.56166,29.58108,24.02218335345591,49.08125050987845,8.0,5-10 m,True,True
10_68,48.56166,29.67117,20.837706017343976,58.33057357966777,2.0,0-5 m,True,True
10_69,48.56166,29.76126,19.15300393137341,67.58068396321652,6.0,5-10 m,True,True
10_70,48.56166,29.85135,9.382041232309431,76.83158052596144,2.0,0-5 m,True,True
10_71,48.56166,29.94144,0.5605331266748823,86.16217573714415,,,False,False
10_72,48.56166,30.03153,7.279652291771119,95.64199943990906,,,False,False
10_73,48.56166,30.12162,10.846458733177096,105.23108680741376,22.0,20-40 m,True,False
10_74,48.56166,30.21171,19.17690296773416,114.90208103373304,,,False,False
10_75,48.56166,30.3018,28.64306605452118,124.6359130015886,,,False,False
10_76,48.56166,30.39189,29.57218506727903,134.41892850363266,,,False,False
10_77,48.56166,30.48198,32.66465003737829,144.24111676400145,,,False,False
11_0,48.66277,23.54505,252.36582210767529,383.2777527268696,,,False,False
11_1,48.66277,23.63514,247.14915990800688,374.0940366746684,,,False,False
11_2,48.66277,23.72523,242.17361759897895,364.9558290516518,,,False,False
11_3,48.66277,23.81532,237.5185522697901,355.8666360085307,,,False,False
11_4,48.66277,23.90541,232.35021035176436,346.8303113925829,,,False,False
11_5,48.66277,23.9955,226.9052638032877,337.8510976873461,,,False,False
11_6,48.66277,24.08559,221.7816685761601,328.93367227746825,,,False,False
11_7,48.66277,24.17568,217.0021882998718,320.08319973047577,,,False,False
11_8,48.66277,24.26577,212.5900339070832,311.305390854746,,,False,False
11_9,48.66277,24.35586,208.56851876627104,302.60656935456353,,,False,False
11_10,48.66277,24.44595,204.96063857365203,293.9937469510376,,,False,False
11_11,48.66277,24.53604,199.0455085516319,285.4747078602917,,,False,False
11_12,48.66277,24.62613,192.5991489955931,277.0581035008363,,,False,False
11_13,48.66277,24.71622,186.4716129049357,268.7535582162544,,,False,False
11_14,48.66277,24.80631,180.6953379994013,260.5717866134161,,,False,False
11_15,48.66277,24.8964,175.30504976888636,252.52472278396493,,,False,False
11_16,48.66277,24.98649,170.3373955546871,244.62566113565995,,,False,False
11_17,48.66277,25.07658,165.81144334419534,236.8894077290492,,,False,False
11_18,48.66277,25.16667,161.7067987281386,229.33243979232373,,,False,False
11_19,48.66277,25.25676,157.8713150163148,221.9730693513305,,,False,False
11_20,48.66277,25.34685,152.77478553378162,214.14795919651752,,,False,False
11_21,48.66277,25.43694,148.18535453683145,205.2845570911174,,,False,False
11_22,48.66277,25.52703,144.15146426129976,196.53569111124065,,,False,False
11_23,48.66277,25.61712,140.72089775601023,187.9173590795529,,,False,False
11_24,48.66277,25.70721,137.93867645495305,179.44836910168917,,,False,False
11_25,48.66277,25.7973,135.8446419400587,171.1508918039106,,,False,False
11_26,48.66277,25.88739,134.47094781444147,163.05111316829615,,,False,False
11_27,48.66277,25.97748,133.5383943609055,155.17999313821926,,,False,False
11_28,48.66277,26.06757,132.50050004326766,147.57412350280234,,,False,False
11_29,48.66277,26.15766,131.70847579445893,140.27665641675532,,,False,False
11_30,48.66277,26.24775,123.36335526375215,133.3382366131822,,,False,False
11_31,48.66277,26.33784,115.29160455685448,126.8178094382006,,,False,False
11_32,48.66277,26.42793,107.55478753910498,120.78308867286044,,,False,False
11_33,48.66277,26.51802,100.23049378755285,115.3103565219444,,,False,False
11_34,48.66277,26.60811,93.41580432720382,110.48315726622778,,,False,False
11_35,48.66277,26.6982,86.9852061644444,106.3893954705668,,,False,False
11_36,48.66277,26.78829,80.7749068114525,102.93389539687657,,,False,False
11_37,48.66277,26.87838,75.39898515030406,100.36899435417874,,,False,False
11_38,48.66277,26.96847,69.10349044076229,98.76543670305476,,,False,False
11_39,48.66277,27.05856,61.906506798982896,98.17034159236376,,,False,False
11_40,48.66277,27.14865,52.72045503227246,98.36703045177649,,,False,False
11_41,48.66277,27.23874,43.91939605326447,99.43997008212038,,,False,False
11_42,48.66277,27.32883,35.78849019746123,101.35167641719129,,,False,False
11_43,48.66277,27.41892,27.397690643311304,104.20241348862696,,,False,False
11_44,48.66277,27.50901,20.410895603659228,103.10287447478024,,,False,False
11_45,48.66277,27.5991,16.883029583146346,95.2263847903587,,,False,False
11_46,48.66277,27.68919,11.984786726545032,87.79637997452488,,,False,False
11_47,48.66277,27.77928,12.724320113237692,79.84545492834425,,,False,False
11_48,48.66277,27.86937,12.558461559130189,69.79560042041837,,,False,False
11_49,48.66277,27.95946,8.01185495495122,59.75005198440058,,,False,False
11_50,48.66277,28.04955,0.8773488092156991,49.71141492719853,1.0,0-5 m,True,True
11_51,48.66277,28.13964,5.587965769284135,39.68492778663461,4.0,0-5 m,True,True
11_52,48.66277,28.22973,4.596627904129523,29.68289626079472,1.0,0-5 m,True,True
11_53,48.66277,28.31982,10.940740018894518,19.74251088099548,14.0,10-20 m,True,False
11_54,48.66277,28.40991,12.574170486965308,10.04839048369705,18.0,10-20 m,True,False
11_55,48.66277,28.5,16.084677455722346,1.0807209904545705,22.0,20-40 m,True,False
11_56,48.66277,28.59009,19.391852275035927,3.8788205424910447,23.0,20-40 m,True,False
11_57,48.66277,28.68018,26.06451515527792,8.78854196033528,10.0,10-20 m,True,False
11_58,48.66277,28.77027,26.67442753163607,15.319405026661334,21.0,20-40 m,True,False
11_59,48.66277,28.86036,29.54111963600761,17.982644665674478,25.0,20-40 m,True,False
11_60,48.66277,28.95045,35.16334473003189,8.159631096179853,27.0,20-40 m,True,False
11_61,48.66277,29.04054,41.05116695449816,0.0682360636747996,23.0,20-40 m,True,False
11_62,48.66277,29.13063,38.72715522437855,4.606326749437305,16.0,10-20 m,True,False
11_63,48.66277,29.22072,31.98077276511785,14.513060462524065,11.0,10-20 m,True,False
11_64,48.66277,29.31081,27.356424692839788,24.420137467196867,9.0,5-10 m,True,True
11_65,48.66277,29.4009,25.76344746546304,34.327557034624434,10.0,10-20 m,True,False
11_66,48.66277,29.49099,27.7286403567472,44.23531843631274,7.0,5-10 m,True,True
11_67,48.66277,29.58108,31.9453788187873,53.350728031373045,11.0,10-20 m,True,False
11_68,48.66277,29.67117,30.554120543945583,62.26593043930051,11.0,10-20 m,True,False
11_69,48.66277,29.76126,22.42354635006338,71.46782024634749,8.0,5-10 m,True,True
11_70,48.66277,29.85135,12.758687016027457,80.71336677967355,3.0,0-5 m,True,True
11_71,48.66277,29.94144,3.566947790519428,89.95969359717954,1.0,0-5 m,True,True
11_72,48.66277,30.03153,1.7442251491627752,99.20679958646092,,,False,False
11_73,48.66277,30.12162,7.630555524480916,108.4854000736317,,,False,False
11_74,48.66277,30.21171,17.560953156991843,117.88525154547634,,,False,False
11_75,48.66277,30.3018,19.14274926796186,127.3870446726536,,,False,False
11_76,48.66277,30.39189,20.00237043654259,136.96956242728544,,,False,False
11_77,48.66277,30.48198,24.13054254895767,146.6169748472113,,,False,False
12_0,48.76388,23.54505,243.6076878919642,379.1870165076916,,,False,False
12_1,48.76388,23.63514,238.2208298636649,369.9067142274472,,,False,False
12_2,48.76388,23.72523,233.0970418564703,360.6674622021868,,,False,False
12_3,48.76388,23.81532,228.2646202293768,351.4724982764837,,,False,False
12_4,48.76388,23.90541,223.77858932053007,342.32539177814823,,,False,False
12_5,48.76388,23.9955,218.14393729122764,333.23008429935254,,,False,False
12_6,48.76388,24.08559,212.8171700937831,324.1909361333655,,,False,False
12_7,48.76388,24.17568,207.83939759808197,315.2127791858517,,,False,False
12_8,48.76388,24.26577,203.23626543077955,306.30097728547776,,,False,False
12_9,48.76388,24.35586,199.0337693548377,297.46149492853635,,,False,False
12_10,48.76388,24.44595,195.25778022433823,288.7009756009701,,,False,False
12_11,48.76388,24.53604,191.3601708474403,280.0268309192413,,,False,False
12_12,48.76388,24.62613,184.65306205347457,271.44734190439107,,,False,False
12_13,48.76388,24.71622,178.26011195545675,262.9717737287814,,,False,False
12_14,48.76388,24.80631,172.21631085484165,254.61050521894904,,,False,False
12_15,48.76388,24.8964,166.55967134801946,246.37517421170088,,,False,False
12_16,48.76388,24.98649,161.330923431276,238.27883947442012,,,False,False
12_17,48.76388,25.07658,156.57294171969295,230.3361592175677,,,False,False
12_18,48.76388,25.16667,152.25791356130352,222.56358511682828,,,False,False
12_19,48.76388,25.25676,148.46718177697636,214.97956905412784,,,False,False
12_20,48.76388,25.34685,143.866775223132,207.60477727028712,,,False,False
12_21,48.76388,25.43694,138.99171961887004,200.4623030562425,,,False,False
12_22,48.76388,25.52703,134.69109812457418,191.5631658567964,,,False,False
12_23,48.76388,25.61712,131.02148855755834,182.71635061665089,,,False,False
12_24,48.76388,25.70721,128.03715804661,174.00049238926766,,,False,False
12_25,48.76388,25.7973,125.78689162630862,165.4362906653875,,,False,False
12_26,48.76388,25.88739,124.3105599276919,157.04855801720768,,,False,False
12_27,48.76388,25.97748,123.4397411544336,148.86712633103429,,,False,False
12_28,48.76388,26.06757,122.3246564490573,140.92793006658982,,,False,False
12_29,48.76388,26.15766,122.02960759265832,133.27426646823787,,,False,False
12_30,48.76388,26.24775,117.77580473249652,125.95819623210178,,,False,False
12_31,48.76388,26.33784,109.29882733085816,119.04197897092928,,,False,False
12_32,48.76388,26.42793,101.1114699542746,112.59931958246902,,,False,False
12_33,48.76388,26.51802,93.29001651435888,106.7160213797836,,,False,False
12_34,48.76388,26.60811,85.93443443585443,101.48940869333497,,,False,False
12_35,48.76388,26.6982,79.17467246931886,97.0256631472814,,,False,False
12_36,48.76388,26.78829,72.74312638537947,93.31554371959244,,,False,False
12_37,48.76388,26.87838,66.73190724187269,90.487368415709,,,False,False
12_38,48.76388,26.96847,61.20299954517295,88.71430737145624,,,False,False
12_39,48.76388,27.05856,55.05132676375534,88.06011640140007,,,False,False
12_40,48.76388,27.14865,48.23287280159651,88.28914991693262,,,False,False
12_41,48.76388,27.23874,39.49889941332899,89.45918618400655,,,False,False
12_42,48.76388,27.32883,30.2076103060708,91.58749162775794,,,False,False
12_43,48.76388,27.41892,21.61553059424619,94.74007142673966,,,False,False
12_44,48.76388,27.50901,13.387724099373678,97.41371920123726,,,False,False
12_45,48.76388,27.5991,6.9200187895840335,89.04244029468846,,,False,False
12_46,48.76388,27.68919,3.212008784366833,81.05503823638206,,,False,False
12_47,48.76388,27.77928,2.953444259850415,73.57663821578083,,,False,False
12_48,48.76388,27.86937,5.894837458919384,66.77846525024691,,,False,False
12_49,48.76388,27.95946,1.5770061647714937,59.95003853578409,2.0,0-5 m,True,True
12_50,48.76388,28.04955,3.206374778379739,49.95360971883572,3.0,0-5 m,True,True
12_51,48.76388,28.13964,13.02199929826138,39.9898819034744,6.0,5-10 m,True,True
12_52,48.76388,28.22973,14.150093957647526,30.091350002957824,12.0,10-20 m,True,False
12_53,48.76388,28.31982,18.38740431219484,20.35334907843564,18.0,10-20 m,True,False
12_54,48.76388,28.40991,22.557658395867858,11.202619821086476,18.0,10-20 m,True,False
12_55,48.76388,28.5,24.79568582704331,5.051966569289954,18.0,10-20 m,True,False
12_56,48.76388,28.59009,28.334884354072347,0.1134641858580421,17.0,10-20 m,True,False
12_57,48.76388,28.68018,33.30328826782504,2.609916041311928,22.0,20-40 m,True,False
12_58,48.76388,28.77027,36.579574821620376,12.67081941887818,29.0,20-40 m,True,False
12_59,48.76388,28.86036,38.71225194714045,16.569379996901688,29.0,20-40 m,True,False
12_60,48.76388,28.95045,43.14858795336175,6.594579857430791,26.0,20-40 m,True,False
12_61,48.76388,29.04054,49.270187117672045,1.3625399888475629,27.0,20-40 m,True,False
12_62,48.76388,29.13063,45.9638968014644,6.368867991784332,17.0,10-20 m,True,False
12_63,48.76388,29.22072,40.43768989615463,16.254573493980953,10.0,10-20 m,True,False
12_64,48.76388,29.31081,36.882505480003886,26.158162921796176,11.0,10-20 m,True,False
12_65,48.76388,29.4009,35.65145646471696,36.06209576641285,9.0,5-10 m,True,True
12_66,48.76388,29.49099,37.12835294464715,45.96637131835642,12.0,10-20 m,True,False
12_67,48.76388,29.58108,40.57905277858724,55.87098886844748,14.0,10-20 m,True,False
12_68,48.76388,29.67117,34.973836945743834,65.77594770779108,11.0,10-20 m,True,False
12_69,48.76388,29.76126,25.85055591052193,75.68124712779404,11.0,10-20 m,True,False
12_70,48.76388,29.85135,17.591446856833453,84.6710430369752,3.0,0-5 m,True,True
12_71,48.76388,29.94144,9.650232402321407,93.84346233751558,2.0,0-5 m,True,True
12_72,48.76388,30.03153,0.0886292046683646,103.08522631760717,,,False,False
12_73,48.76388,30.12162,9.971930264738232,112.32776356309766,,,False,False
12_74,48.76388,30.21171,13.636897923565972,121.57107298341164,,,False,False
12_75,48.76388,30.3018,9.415644477746667,130.8238002135639,,,False,False
12_76,48.76388,30.39189,10.705915226144633,140.1668964138533,5.0,5-10 m,True,True
12_77,48.76388,30.48198,16.44335686756649,149.60376295045643,,,False,False
13_0,48.86499,23.54505,234.98206795374372,375.3344147850884,,,False,False
13_1,48.86499,23.63514,229.40019995934105,365.9612142201565,,,False,False
13_2,48.86499,23.72523,224.1282678386733,356.6246150454807,,,False,False
13_3,48.86499,23.81532,219.11086537062656,347.32756967838753,,,False,False
13_4,48.86499,23.90541,214.44114187600616,338.0733420734324,,,False,False
13_5,48.86499,23.9955,209.52758094302268,328.8655476552108,,,False,False
13_6,48.86499,24.08559,203.98352505880223,319.70819912007505,,,False,False
13_7,48.86499,24.17568,198.7923841459925,310.60575903754,,,False,False
13_8,48.86499,24.26577,193.9824943219336,301.56320032667287,,,False,False
13_9,48.86499,24.35586,189.58287698405493,292.5860758433292,,,False,False
13_10,48.86499,24.44595,185.6227083022021,283.6805984885166,,,False,False
13_11,48.86499,24.53604,182.11475331568676,274.85373343085377,,,False,False
13_12,48.86499,24.62613,176.94891349715465,266.11330421711386,,,False,False
13_13,48.86499,24.71622,170.27434880802664,257.468114706071,,,False,False
13_14,48.86499,24.80631,163.94398211482158,248.9280888734748,,,False,False
13_15,48.86499,24.8964,157.9991915417372,240.504430553706,,,False,False
13_16,48.86499,24.98649,152.48508102170567,232.2098050362162,,,False,False
13_17,48.86499,25.07658,147.44997723661288,224.05854401710093,,,False,False
13_18,48.86499,25.16667,142.92200098739073,216.0668745659426,,,False,False
13_19,48.86499,25.25676,138.884952678656,208.25317129120947,,,False,False
13_20,48.86499,25.34685,135.1484763556069,200.63822848381088,,,False,False
13_21,48.86499,25.43694,129.9549205574706,193.24554531419332,,,False,False
13_22,48.86499,25.52703,125.35294303359312,186.1016117065192,,,False,False
13_23,48.86499,25.61712,121.40983379041332,177.94679425804253,,,False,False
13_24,48.86499,25.70721,118.19155570864338,168.99089888034973,,,False,False
13_25,48.86499,25.7973,115.75857999132838,160.1650264187896,,,False,False
13_26,48.86499,25.88739,114.16112714549068,151.49190450293958,,,False,False
13_27,48.86499,25.97748,113.36131922705694,142.99933012568613,,,False,False
13_28,48.86499,26.06757,112.15457591742631,134.72145235567294,,,False,False
13_29,48.86499,26.15766,111.84107110209774,126.70036000424768,,,False,False
13_30,48.86499,26.24775,112.42827821247614,118.9879955285141,,,False,False
13_31,48.86499,26.33784,103.9525768687634,111.64835620651826,,,False,False
13_32,48.86499,26.42793,95.31360884486811,104.75981320877013,,,False,False
13_33,48.86499,26.51802,86.97926633992502,98.41713407365953,,,False,False
13_34,48.86499,26.60811,79.04596456686465,92.73239467927826,,,False,False
13_35,48.86499,26.6982,71.64704667844529,87.83343793367227,,,False,False
13_36,48.86499,26.78829,64.96535352406487,83.81796353517673,,,False,False
13_37,48.86499,26.87838,58.531905582831,80.6664850748008,,,False,False
13_38,48.86499,26.96847,52.82754323153554,78.68142771158209,,,False,False
13_39,48.86499,27.05856,46.97056256450942,77.9519522695644,,,False,False
13_40,48.86499,27.14865,41.1595921163799,78.22030624465451,,,False,False
13_41,48.86499,27.23874,33.99573679765553,79.51049510119341,,,False,False
13_42,48.86499,27.32883,27.334812737086697,81.90568956733614,,,False,False
13_43,48.86499,27.41892,17.382422642190583,85.42376073816936,,,False,False
13_44,48.86499,27.50901,7.710994098816977,89.93302863826563,,,False,False
13_45,48.86499,27.5991,0.6915074859970805,83.60886980603809,,,False,False
13_46,48.86499,27.68919,1.4463110326470072,75.0523659341447,1.0,0-5 m,True,True
13_47,48.86499,27.77928,0.8920924252923286,66.91392217343717,,,False,False
13_48,48.86499,27.86937,1.6765034341974578,59.36572382775863,4.0,0-5 m,True,True
13_49,48.86499,27.95946,7.719632584106418,52.66218937745241,3.0,0-5 m,True,True
13_50,48.86499,28.04955,8.651516022309393,47.16486032254919,3.0,0-5 m,True,True
13_51,48.86499,28.13964,16.393093012804556,42.69850068137002,8.0,5-10 m,True,True
13_52,48.86499,28.22973,24.040377571195865,33.60664814460005,14.0,10-20 m,True,False
13_53,48.86499,28.31982,26.93619036229637,25.26027811193032,9.0,5-10 m,True,True
13_54,48.86499,28.40991,32.50758474690213,18.6865272216952,16.0,10-20 m,True,False
13_55,48.86499,28.5,34.122239996788686,12.876307789994549,20.0,20-40 m,True,False
13_56,48.86499,28.59009,37.73760839961937,2.836586417423055,19.0,10-20 m,True,False
13_57,48.86499,28.68018,41.68225092566474,2.599313971280597,32.0,20-40 m,True,False
13_58,48.86499,28.77027,46.50246369940693,12.658262882853675,28.0,20-40 m,True,False
13_59,48.86499,28.86036,48.19025401864879,20.005849682733995,31.0,20-40 m,True,False
13_60,48.86499,28.95045,51.81379847729873,13.004339786506902,31.0,20-40 m,True,False
13_61,48.86499,29.04054,57.0051415900348,11.28441234519362,26.0,20-40 m,True,False
13_62,48.86499,29.13063,54.05097871886283,13.050646615886553,21.0,20-40 m,True,False
13_63,48.86499,29.22072,49.43086405617193,19.887275740879254,12.0,10-20 m,True,False
13_64,48.86499,29.31081,46.560245557915074,28.689676578510767,19.0,10-20 m,True,False
13_65,48.86499,29.4009,45.53785219457277,38.11955616464303,14.0,10-20 m,True,False
13_66,48.86499,29.49099,46.69522287858261,47.80703459304122,17.0,10-20 m,True,False
13_67,48.86499,29.58108,48.238401133319215,57.62233315278225,19.0,10-20 m,True,False
13_68,48.86499,29.67117,39.46463450668901,67.50831474989899,20.0,20-40 m,True,False
13_69,48.86499,29.76126,29.411454236428305,77.41014831780792,19.0,10-20 m,True,False
13_70,48.86499,29.85135,19.364123108871457,87.31232261840248,7.0,5-10 m,True,True
13_71,48.86499,29.94144,9.341421189645414,97.2148369622508,3.0,0-5 m,True,True
13_72,48.86499,30.03153,0.6480594700626174,107.06459818875123,,,False,False
13_73,48.86499,30.12162,6.115347443796633,116.20926455954272,,,False,False
13_74,48.86499,30.21171,6.638996936735269,125.44619072577936,,,False,False
13_75,48.86499,30.3018,0.0360194754315286,134.68493214074255,,,False,False
13_76,48.86499,30.39189,2.4139918426909857,143.924438742598,,,False,False
13_77,48.86499,30.48198,7.803470007434979,153.1653858684233,,,False,False
14_0,48.9661,23.54505,226.5037787609069,371.72716223221454,,,False,False
14_1,48.9661,23.63514,220.71498390408988,362.2652438803019,,,False,False
14_2,48.9661,23.72523,215.23890812750935,352.8355284669786,,,False,False
14_3,48.9661,23.81532,210.0700376523181,343.44066948525136,,,False,False
14_4,48.9661,23.90541,205.20235398058256,334.08360851848096,,,False,False
14_5,48.9661,23.9955,200.719054668325,324.7676136063517,,,False,False
14_6,48.9661,24.08559,195.2981238143594,315.4963235540608,,,False,False
14_7,48.9661,24.17568,189.8773215785744,306.27379920344123,,,False,False
14_8,48.9661,24.26577,184.8433539185989,297.104582865643,,,False,False
14_9,48.9661,24.35586,180.22863935795175,287.9937673248571,,,False,False
14_10,48.9661,24.44595,176.06614859135613,278.94707606318184,,,False,False
14_11,48.9661,24.53604,172.3886444801925,269.9709566279966,,,False,False
14_12,48.9661,24.62613,169.11419182355627,261.0726893616789,,,False,False
14_13,48.9661,24.71622,162.54717205797152,252.26051402925785,,,False,False
14_14,48.9661,24.80631,155.9108135780938,243.54377719311685,,,False,False
14_15,48.9661,24.8964,149.65488286732574,234.93310345894037,,,False,False
14_16,48.9661,24.98649,143.82903086875598,226.44059389244185,,,False,False
14_17,48.9661,25.07658,138.48754708674556,218.08005488184816,,,False,False
14_18,48.9661,25.16667,133.6885041263969,209.8672603387874,,,False,False
14_19,48.9661,25.25676,129.40672317093694,201.8202491494292,,,False,False
14_20,48.9661,25.34685,125.74727995879238,193.95965785280504,,,False,False
14_21,48.9661,25.43694,121.10951326736392,186.30908512908968,,,False,False
14_22,48.9661,25.52703,116.1658956828675,178.89547914510683,,,False,False
14_23,48.9661,25.61712,111.9079470762918,171.74953027193382,,,False,False
14_24,48.9661,25.70721,108.4164861781723,164.45924659847626,,,False,False
14_25,48.9661,25.7973,105.76744894688169,155.38180481481928,,,False,False
14_26,48.9661,25.88739,104.02521485013632,146.43147783770507,,,False,False
14_27,48.9661,25.97748,103.23570619547048,137.63306808955488,,,False,False
14_28,48.9661,26.06757,101.991332596054,129.01766075956823,,,False,False
14_29,48.9661,26.15766,101.65489377142072,120.6244755158685,,,False,False
14_30,48.9661,26.24775,102.30876684173349,112.50326068606245,,,False,False
14_31,48.9661,26.33784,99.09150533434727,104.71731381178064,,,False,False
14_32,48.9661,26.42793,90.19612389114356,97.34711519619891,,,False,False
14_33,48.9661,26.51802,81.44397728082507,90.49430388723091,,,False,False
14_34,48.9661,26.60811,72.91774839676329,84.28517484134619,,,False,False
14_35,48.9661,26.6982,64.8305393350502,78.87189680305552,,,False,False
14_36,48.9661,26.78829,57.36831902192219,74.42832480596697,,,False,False
14_37,48.9661,26.87838,50.807222020767966,70.93068218491923,,,False,False
14_38,48.9661,26.96847,44.37281132867835,68.67387209925806,,,False,False
14_39,48.9661,27.05856,39.20009819640498,67.84583671329669,,,False,False
14_40,48.9661,27.14865,32.77603595444295,68.16357719857483,,,False,False
14_41,48.9661,27.23874,27.2967407990881,69.60675327959885,,,False,False
14_42,48.9661,27.32883,19.790945279114467,72.33848642221312,,,False,False
14_43,48.9661,27.41892,15.50732761220039,76.30616475715694,,,False,False
14_44,48.9661,27.50901,8.67500074576282,81.32910189635855,,,False,False
14_45,48.9661,27.5991,2.2343247913960638,79.07972749287629,,,False,False
14_46,48.9661,27.68919,7.68877219083454,69.97783916182743,4.0,0-5 m,True,True
14_47,48.9661,27.77928,8.879049991204162,61.17478974047442,3.0,0-5 m,True,True
14_48,48.9661,27.86937,9.472919900667724,52.82020686092287,2.0,0-5 m,True,True
14_49,48.9661,27.95946,15.878996979208926,45.16366017457501,4.0,0-5 m,True,True
14_50,48.9661,28.04955,17.890232613526358,38.62254397396638,3.0,0-5 m,True,True
14_51,48.9661,28.13964,22.726680820192826,33.849793420406975,6.0,5-10 m,True,True
14_52,48.9661,28.22973,30.24101598889057,31.65563428730454,10.0,10-20 m,True,False
14_53,48.9661,28.31982,36.2042395788657,31.69803095597937,17.0,10-20 m,True,False
14_54,48.9661,28.40991,40.53815872943333,22.29177907020712,19.0,10-20 m,True,False
14_55,48.9661,28.5,43.73555160233618,12.254659808021636,24.0,20-40 m,True,False
14_56,48.9661,28.59009,47.11761941640637,2.217417507711568,33.0,20-40 m,True,False
14_57,48.9661,28.68018,50.614407942422886,2.597278904859816,28.0,20-40 m,True,False
14_58,48.9661,28.77027,55.39057668064366,12.654290617803111,33.0,20-40 m,True,False
14_59,48.9661,28.86036,57.82343750405262,22.711302899908745,29.0,20-40 m,True,False
14_60,48.9661,28.95045,60.86833385717603,22.17608706466572,29.0,20-40 m,True,False
14_61,48.9661,29.04054,65.33654687558682,21.204362677016302,30.0,20-40 m,True,False
14_62,48.9661,29.13063,62.65912178513871,22.28543214853228,25.0,20-40 m,True,False
14_63,48.9661,29.22072,58.7134420591709,26.860613228272214,19.0,10-20 m,True,False
14_64,48.9661,29.31081,56.28784033713829,33.89269469502579,12.0,10-20 m,True,False
14_65,48.9661,29.4009,55.42249040672863,42.16997819058116,25.0,20-40 m,True,False
14_66,48.9661,29.49099,56.36918973316259,51.09079564079133,13.0,10-20 m,True,False
14_67,48.9661,29.58108,50.26143629548312,60.37053667227457,18.0,10-20 m,True,False
14_68,48.9661,29.67117,40.39221918283429,69.86632864926709,17.0,10-20 m,True,False
14_69,48.9661,29.76126,30.64150301413145,79.5007915463883,8.0,5-10 m,True,True
14_70,48.9661,29.85135,20.97998845335224,89.2290173587512,7.0,5-10 m,True,True
14_71,48.9661,29.94144,11.888343904497804,99.02337515480308,2.0,0-5 m,True,True
14_72,48.9661,30.03153,4.788468754247403,108.86601680820266,4.0,0-5 m,True,True
14_73,48.9661,30.12162,3.590498451579487,118.74493586030935,2.0,0-5 m,True,True
14_74,48.9661,30.21171,2.916493395636562,128.64438004801548,10.0,10-20 m,True,False
14_75,48.9661,30.3018,3.736478700449193,138.54480397537407,1.0,0-5 m,True,True
14_76,48.9661,30.39189,0.7237479822354259,147.7962970786807,,,False,False
14_77,48.9661,30.48198,1.0246627311518783,157.0312361474763,,,False,False
15_0,49.06721,23.54505,218.189665397428,368.372278334079,,,False,False
15_1,49.06721,23.63514,212.18147208970723,358.8263210114759,,,False,False
15_2,49.06721,23.72523,206.48663723517456,349.3082627818689,,,False,False
15_3,49.06721,23.81532,201.1317817559042,339.8204490723175,,,False,False
15_4,49.06721,23.90541,196.0758078649932,330.36548684124136,,,False,False
15_5,49.06721,23.9955,191.3865640644344,320.9462806622343,,,False,False
15_6,49.06721,24.08559,186.78127025913105,311.5660746702748,,,False,False
15_7,49.06721,24.17568,181.11330783775983,302.22850144495214,,,False,False
15_8,49.06721,24.26577,175.83631976517557,292.9376391172278,,,False,False
15_9,49.06721,24.35586,170.9865107054457,283.6980782398193,,,False,False
15_10,49.06721,24.44595,166.60119285339388,274.5150002630596,,,False,False
15_11,49.06721,24.53604,162.71792739035254,265.39426981453386,,,False,False
15_12,49.06721,24.62613,159.31177569898978,256.3425433968175,,,False,False
15_13,49.06721,24.71622,155.00230293289977,247.36739759494927,,,False,False
15_14,49.06721,24.80631,148.15525436224357,238.4774804184885,,,False,False
15_15,49.06721,24.8964,141.56449708508893,229.6826899741761,,,False,False
15_16,49.06721,24.98649,135.39867836248493,220.9943852341355,,,False,False
15_17,49.06721,25.07658,129.71840959023055,212.42563415352316,,,False,False
15_18,49.06721,25.16667,124.5901218857272,203.99150466234065,,,False,False
15_19,49.06721,25.25676,120.0565676224024,195.70940387424304,,,False,False
15_20,49.06721,25.34685,116.11114739440616,187.59946983933835,,,False,False
15_21,49.06721,25.43694,112.50006149923456,179.6850177208865,,,False,False
15_22,49.06721,25.52703,107.16820615783706,171.99303749981004,,,False,False
15_23,49.06721,25.61712,102.54570152541842,164.5547319249402,,,False,False
15_24,49.06721,25.70721,98.732232998007,157.4060697327867,,,False,False
15_25,49.06721,25.7973,95.82444220685574,150.58830816531184,,,False,False
15_26,49.06721,25.88739,93.90650184555072,141.919917079361,,,False,False
15_27,49.06721,25.97748,93.0396497947914,132.82865730545174,,,False,False
15_28,49.06721,26.06757,91.836485908845,123.88549065899646,,,False,False
15_29,49.06721,26.15766,91.47115192119384,115.124937010388,,,False,False
15_30,49.06721,26.24775,92.20546915494164,106.59203369812326,,,False,False
15_31,49.06721,26.33784,93.83488921658642,98.34605654144264,,,False,False
15_32,49.06721,26.42793,85.68559760903375,90.46550252002612,,,False,False
15_33,49.06721,26.51802,76.55892162685278,83.05445818929817,,,False,False
15_34,49.06721,26.60811,67.69481310217293,76.24995028376406,,,False,False
15_35,49.06721,26.6982,58.971202143925225,70.22850748720263,,,False,False
15_36,49.06721,26.78829,50.66052187871357,65.20742667898708,,,False,False
15_37,49.06721,26.87838,43.09826389792243,61.31947599923998,,,False,False
15_38,49.06721,26.96847,36.639004765025696,58.70352843892352,,,False,False
15_39,49.06721,27.05856,30.32670719390753,57.74176532381296,,,False,False
15_40,49.06721,27.14865,25.65346293171083,58.12418107074249,,,False,False
15_41,49.06721,27.23874,18.68609090445649,59.769270504820334,,,False,False
15_42,49.06721,27.32883,13.502450869781784,62.93718056572467,,,False,False
15_43,49.06721,27.41892,5.794987653351284,67.46697881334804,,,False,False
15_44,49.06721,27.50901,3.327266269294828,73.10594834360168,,,False,False
15_45,49.06721,27.5991,3.651525211501021,75.61690802879268,5.0,5-10 m,True,True
15_46,49.06721,27.68919,11.885962729568757,66.04483748564552,4.0,0-5 m,True,True
15_47,49.06721,27.77928,18.915317110433797,56.63963306754083,5.0,5-10 m,True,True
15_48,49.06721,27.86937,18.920395248672417,47.500521502631024,3.0,0-5 m,True,True
15_49,49.06721,27.95946,23.233565314127738,38.815917042855794,4.0,0-5 m,True,True
15_50,49.06721,28.04955,27.673732569701023,30.970566297189613,9.0,5-10 m,True,True
15_51,49.06721,28.13964,31.013891117024965,24.77501854069339,17.0,10-20 m,True,False
15_52,49.06721,28.22973,36.88091574224671,21.69222046034657,18.0,10-20 m,True,False
15_53,49.06721,28.31982,44.281566234867306,21.83363404016599,20.0,20-40 m,True,False
15_54,49.06721,28.40991,49.28855211032918,21.659276961115147,24.0,20-40 m,True,False
15_55,49.06721,28.5,53.48013891777662,11.624622368805964,28.0,20-40 m,True,False
15_56,49.06721,28.59009,56.27184139705732,1.5898413203669446,35.0,20-40 m,True,False
15_57,49.06721,28.68018,59.82697183134183,2.6038041920505703,32.0,20-40 m,True,False
15_58,49.06721,28.77027,63.97020223375418,12.65889596908564,34.0,20-40 m,True,False
15_59,49.06721,28.86036,67.54460802577532,22.713993343721956,33.0,20-40 m,True,False
15_60,49.06721,28.95045,70.16082636459636,31.80209895718837,31.0,20-40 m,True,False
15_61,49.06721,29.04054,74.06263576994567,31.122407719403967,31.0,20-40 m,True,False
15_62,49.06721,29.13063,71.59986617831667,31.92825556817285,28.0,20-40 m,True,False
15_63,49.06721,29.22072,68.16648878360039,35.26698005681914,27.0,20-40 m,True,False
15_64,49.06721,29.31081,66.04924067041554,40.870981475873855,25.0,20-40 m,True,False
15_65,49.06721,29.4009,65.30532757393088,47.952532283510855,19.0,10-20 m,True,False
15_66,49.06721,29.49099,62.34591981068333,55.95341516038399,18.0,10-20 m,True,False
15_67,49.06721,29.58108,52.71567045645811,64.53259003459473,17.0,10-20 m,True,False
15_68,49.06721,29.67117,43.27977631994033,73.48780153283079,11.0,10-20 m,True,False
15_69,49.06721,29.76126,34.19956584780308,82.69697788218096,10.0,10-20 m,True,False
15_70,49.06721,29.85135,25.850233498669933,92.08395512008136,6.0,5-10 m,True,True
15_71,49.06721,29.94144,18.557209967784505,101.59946343801498,3.0,0-5 m,True,True
15_72,49.06721,30.03153,13.825134298227118,111.2105155249014,1.0,0-5 m,True,True
15_73,49.06721,30.12162,12.843061350619354,120.89432672028504,23.0,20-40 m,True,False
15_74,49.06721,30.21171,6.118450493756074,130.63471758928006,1.0,0-5 m,True,True
15_75,49.06721,30.3018,2.7697081383255333,140.41991466996208,,,False,False
15_76,49.06721,30.39189,1.638859624948514,150.2411636974039,,,False,False
15_77,49.06721,30.48198,3.5433279121713435,160.09182983669382,,,False,False
16_0,49.16832,23.54505,210.05888522978535,365.2765299409313,,,False,False
16_1,49.16832,23.63514,203.81837279946484,355.65171062573586,,,False,False
16_2,49.16832,23.72523,197.89036436158403,346.0506278201637,,,False,False
16_3,49.16832,23.81532,192.30376444248645,336.4753147823886,,,False,False
16_4,49.16832,23.90541,187.07754443223808,326.9280371825673,,,False,False
16_5,49.16832,23.9955,182.1645135600751,317.41132623002187,,,False,False
16_6,49.16832,24.08559,177.68311556107886,307.92801741886194,,,False,False
16_7,49.16832,24.17568,172.5229624704754,298.48129598387794,,,False,False
16_8,49.16832,24.26577,166.98235679171395,289.074750392842,,,False,False
16_9,49.16832,24.35586,161.87526840924832,279.7124354885515,,,False,False
16_10,49.16832,24.44595,157.24394598195607,270.3989472456814,,,False,False
16_11,49.16832,24.53604,153.13156562598277,261.13951153701095,,,False,False
16_12,49.16832,24.62613,149.5731373373036,251.9400898257536,,,False,False
16_13,49.16832,24.71622,146.45387351889406,242.80750533067425,,,False,False
16_14,49.16832,24.80631,140.68652454717295,233.74959396205665,,,False,False
16_15,49.16832,24.8964,133.77361349093553,224.77538520669472,,,False,False
16_16,49.16832,24.98649,127.23836957601344,215.8953191425221,,,False,False
16_17,49.16832,25.07658,121.18398469775168,207.12150685345665,,,False,False
16_18,49.16832,25.16667,115.68598341841296,198.4680426055969,,,False,False
16_19,49.16832,25.25676,110.82720447870297,189.95137705712105,,,False,False
16_20,49.16832,25.34685,106.58956116850136,181.5907611679725,,,False,False
16_21,49.16832,25.43694,103.11678455284496,173.40876975305133,,,False,False
16_22,49.16832,25.52703,98.41116402589444,165.43191077434153,,,False,False
16_23,49.16832,25.61712,93.36441758864709,157.6913198671971,,,False,False
16_24,49.16832,25.70721,89.16766272524193,150.22352676450643,,,False,False
16_25,49.16832,25.7973,85.94550998108821,143.07125771097083,,,False,False
16_26,49.16832,25.88739,83.810446634007,136.28420124490154,,,False,False
16_27,49.16832,25.97748,82.84656644250526,128.64857018869813,,,False,False
16_28,49.16832,26.06757,81.69238090159907,119.39814868390414,,,False,False
16_29,49.16832,26.15766,81.28997246378181,110.2874278643436,,,False,False
16_30,49.16832,26.24775,82.12359069819102,101.35409088236574,,,False,False
16_31,49.16832,26.33784,84.15651679885241,92.6494657526492,,,False,False
16_32,49.16832,26.42793,79.56073098093971,84.24448142508076,,,False,False
16_33,49.16832,26.51802,72.3878061009915,76.2383091418329,,,False,False
16_34,49.16832,26.60811,63.214424523659375,68.77038238035286,,,False,False
16_35,49.16832,26.6982,54.038255999598384,62.03539617679302,,,False,False
16_36,49.16832,26.78829,45.23535578676337,56.297025019895685,,,False,False
16_37,49.16832,26.87838,36.5786221097232,51.88699274689003,,,False,False
16_38,49.16832,26.96847,28.83697608866722,48.791952765688976,,,False,False
16_39,49.16832,27.05856,22.4057060479397,47.63975030617845,,,False,False
16_40,49.16832,27.14865,16.659398875998264,48.11169673536127,,,False,False
16_41,49.16832,27.23874,11.695699379770517,50.0359216794241,,,False,False
16_42,49.16832,27.32883,5.495484429772158,53.787696929052544,,,False,False
16_43,49.16832,27.41892,0.3042437586606262,59.0303705107659,1.0,0-5 m,True,True
16_44,49.16832,27.50901,4.446147471538449,65.4064133862116,,,False,False
16_45,49.16832,27.5991,4.712688982366051,72.61790201219344,3.0,0-5 m,True,True
16_46,49.16832,27.68919,14.690993827200934,63.46501079125323,8.0,5-10 m,True,True
16_47,49.16832,27.77928,24.72990354892746,53.61375626313056,8.0,5-10 m,True,True
16_48,49.16832,27.86937,28.7384447948994,43.85370888042685,14.0,10-20 m,True,False
16_49,49.16832,27.95946,31.88470011049994,34.262907816397195,16.0,10-20 m,True,False
16_50,49.16832,28.04955,37.31450676103989,25.03662427315633,16.0,10-20 m,True,False
16_51,49.16832,28.13964,40.09363777964482,16.78705965521872,18.0,10-20 m,True,False
16_52,49.16832,28.22973,44.77963418984649,11.784132448415695,28.0,20-40 m,True,False
16_53,49.16832,28.31982,51.04122246410193,12.175950651484964,32.0,20-40 m,True,False
16_54,49.16832,28.40991,58.373558494827904,16.48210925227691,33.0,20-40 m,True,False
16_55,49.16832,28.5,62.81718779738552,12.416137360597416,27.0,20-40 m,True,False
16_56,49.16832,28.59009,65.66233994204057,5.225391433505624,33.0,20-40 m,True,False
16_57,49.16832,28.68018,69.24550714958349,5.669251483370623,38.0,20-40 m,True,False
16_58,49.16832,28.77027,72.89084942951636,13.62631753104399,33.0,20-40 m,True,False
16_59,49.16832,28.86036,77.31987089853943,23.267272804327327,31.0,20-40 m,True,False
16_60,49.16832,28.95045,79.6072976574985,33.154323723931974,33.0,20-40 m,True,False
16_61,49.16832,29.04054,83.05844361871009,41.0385642032188,31.0,20-40 m,True,False
16_62,49.16832,29.13063,80.76215241880465,41.695658232128416,33.0,20-40 m,True,False
16_63,49.16832,29.22072,77.72713424721695,44.29667593059014,33.0,20-40 m,True,False
16_64,49.16832,29.31081,75.84145323036056,48.86874936114695,29.0,20-40 m,True,False
16_65,49.16832,29.4009,74.965156525988,54.92181441527556,22.0,20-40 m,True,False
16_66,49.16832,29.49099,65.64517220223902,62.023776753271655,21.0,20-40 m,True,False
16_67,49.16832,29.58108,56.5777091166412,69.85545426955832,18.0,10-20 m,True,False
16_68,49.16832,29.67117,47.90637421572156,78.19790785699021,12.0,10-20 m,True,False
16_69,49.16832,29.76126,39.854167870488666,86.90416590824854,14.0,10-20 m,True,False
16_70,49.16832,29.85135,32.536629554328606,95.87517158263054,12.0,10-20 m,True,False
16_71,49.16832,29.94144,25.12656096783609,105.0431171793373,3.0,0-5 m,True,True
16_72,49.16832,30.03153,15.809028470210707,114.3606493556204,1.0,0-5 m,True,True
16_73,49.16832,30.12162,8.138053024623158,123.79399714794104,1.0,0-5 m,True,True
16_74,49.16832,30.21171,1.4283528058455417,133.31857908292932,,,False,False
16_75,49.16832,30.3018,5.205236045934525,142.9161563556677,,,False,False
16_76,49.16832,30.39189,1.6654392983281538,152.5729550434866,1.0,0-5 m,True,True
16_77,49.16832,30.48198,0.0456206716726141,162.27840379235457,1.0,0-5 m,True,True
17_0,49.26943,23.54505,202.1332176678672,362.4463718463378,,,False,False
17_1,49.26943,23.63514,195.6471843395915,352.74835895452946,,,False,False
17_2,49.26943,23.72523,189.47095648281032,343.07010958245434,,,False,False
17_3,49.26943,23.81532,183.63579867394515,333.413346351333,,,False,False
17_4,49.26943,23.90541,178.17522663602995,323.7799933262766,,,False,False
17_5,49.26943,23.9955,173.07015932309943,314.17220559444416,,,False,False
17_6,49.26943,24.08559,168.3546032845402,304.5924040570275,,,False,False
17_7,49.26943,24.17568,164.08415251726697,295.0433165011971,,,False,False
17_8,49.26943,24.26577,158.30672082370086,285.5280262634538,,,False,False
17_9,49.26943,24.35586,152.91786599808142,276.0500301026132,,,False,False
17_10,49.26943,24.44595,148.01437931429783,266.613307284897,,,False,False
17_11,49.26943,24.53604,143.64597822075353,257.2224023653146,,,False,False
17_12,49.26943,24.62613,139.86281291650343,247.8825247533117,,,False,False
17_13,49.26943,24.71622,136.5898905614448,238.5996689061152,,,False,False
17_14,49.26943,24.80631,132.59600482135914,229.38075993495067,,,False,False
17_15,49.26943,24.8964,126.33713278437368,220.23383057526232,,,False,False
17_16,49.26943,24.98649,119.40293474761324,211.1682368994364,,,False,False
17_17,49.26943,25.07658,112.93691598103216,202.19492186615324,,,False,False
17_18,49.26943,25.16667,107.02397155217868,193.32673780188736,,,False,False
17_19,49.26943,25.25676,101.76056299087004,184.57884112827537,,,False,False
17_20,49.26943,25.34685,97.21551578685408,175.96917488150453,,,False,False
17_21,49.26943,25.43694,93.4032978995174,167.51905636062313,,,False,False
17_22,49.26943,25.52703,89.96435620263819,159.25388767765045,,,False,False
17_23,49.26943,25.61712,84.42239802967478,151.2040043627352,,,False,False
17_24,49.26943,25.70721,79.76503894258717,143.40566851278436,,,False,False
17_25,49.26943,25.7973,76.15475460136629,135.90219331534698,,,False,False
17_26,49.26943,25.88739,73.74549297058196,128.74514755372687,,,False,False
17_27,49.26943,25.97748,72.65683381572516,121.9955216135404,,,False,False
17_28,49.26943,26.06757,71.56270236417836,115.6301963683762,,,False,False
17_29,49.26943,26.15766,71.11156906433064,106.2018710609392,,,False,False
17_30,49.26943,26.24775,72.07124757398321,96.89804260008248,,,False,False
17_31,49.26943,26.33784,74.38716005957106,87.75832043047554,,,False,False
17_32,49.26943,26.42793,73.14431681488934,78.83980346979914,,,False,False
17_33,49.26943,26.51802,65.30354854688339,70.22682417186215,,,False,False
17_34,49.26943,26.60811,58.116296688809854,62.04675834219693,,,False,False
17_35,49.26943,26.6982,50.388389460235615,54.49491277764686,,,False,False
17_36,49.26943,26.78829,40.81135980929622,47.86954634360537,,,False,False
17_37,49.26943,26.87838,31.53000568118191,42.60510300281644,,,False,False
17_38,49.26943,26.96847,22.73292935627109,38.98244282784697,,,False,False
17_39,49.26943,27.05856,14.585033501484835,37.53984279667738,,,False,False
17_40,49.26943,27.14865,8.259292709709856,38.08431890909725,,,False,False
17_41,49.26943,27.23874,4.814732502986462,40.4804048892326,1.0,0-5 m,True,True
17_42,49.26943,27.32883,2.3407239089470235,45.0424201194747,,,False,False
17_43,49.26943,27.41892,0.7904862788532158,51.19458319791437,1.0,0-5 m,True,True
17_44,49.26943,27.50901,0.3347398638767233,58.43681290606114,,,False,False
17_45,49.26943,27.5991,6.70735349587161,66.41345928359465,8.0,5-10 m,True,True
17_46,49.26943,27.68919,16.250401107656707,62.40547400437312,12.0,10-20 m,True,False
17_47,49.26943,27.77928,26.008218867555318,52.35837799653304,16.0,10-20 m,True,False
17_48,49.26943,27.86937,35.78898071463529,42.313161093776905,18.0,10-20 m,True,False
17_49,49.26943,27.95946,41.114852089785785,32.27158816312501,18.0,10-20 m,True,False
17_50,49.26943,28.04955,45.49089298101145,22.238610452686384,21.0,20-40 m,True,False
17_51,49.26943,28.13964,49.5308375721598,12.235416613339163,25.0,20-40 m,True,False
17_52,49.26943,28.22973,53.387509922411695,2.6277201645250554,31.0,20-40 m,True,False
17_53,49.26943,28.31982,58.731454223955865,2.8877180047004725,30.0,20-40 m,True,False
17_54,49.26943,28.40991,65.1979817058619,9.793122711549447,30.0,20-40 m,True,False
17_55,49.26943,28.5,71.61984445602624,17.701122324507747,39.0,20-40 m,True,False
17_56,49.26943,28.59009,75.19991912338878,15.077634309107506,39.0,20-40 m,True,False
17_57,49.26943,28.68018,78.49515304002541,15.208519911435962,36.0,20-40 m,True,False
17_58,49.26943,28.77027,82.00938953066941,19.61207769317179,29.0,20-40 m,True,False
17_59,49.26943,28.86036,86.23907328237159,27.204477409725847,33.0,20-40 m,True,False
17_60,49.26943,28.95045,89.15820984323264,36.02290450533535,31.0,20-40 m,True,False
17_61,49.26943,29.04054,92.2445076093284,45.35782547880921,33.0,20-40 m,True,False
17_62,49.26943,29.13063,90.0778090464886,51.515774216676114,32.0,20-40 m,True,False
17_63,49.26943,29.22072,87.35944711507018,53.63479203103781,34.0,20-40 m,True,False
17_64,49.26943,29.31081,83.45775490915709,57.46093580215459,30.0,20-40 m,True,False
17_65,49.26943,29.4009,73.95345109230544,62.682374953837176,35.0,20-40 m,True,False
17_66,49.26943,29.49099,64.61419738168374,68.98300027091256,22.0,20-40 m,True,False
17_67,49.26943,29.58108,55.52334960179969,76.09521783955358,19.0,10-20 m,True,False
17_68,49.26943,29.67117,46.82581808258228,83.81267281833094,14.0,10-20 m,True,False
17_69,49.26943,29.76126,38.78711036490997,91.98315390362713,23.0,20-40 m,True,False
17_70,49.26943,29.85135,31.90910815732538,100.4962289802518,18.0,10-20 m,True,False
17_71,49.26943,29.94144,23.81128854170732,109.27185759085404,9.0,5-10 m,True,True
17_72,49.26943,30.03153,13.760291480429814,118.25160247608576,9.0,5-10 m,True,True
17_73,49.26943,30.12162,3.711864803633581,127.3923087727503,3.0,0-5 m,True,True
17_74,49.26943,30.21171,3.1923740159829306,136.66168376696262,,,False,False
17_75,49.26943,30.3018,6.251939060655653,146.03522972116104,,,False,False
17_76,49.26943,30.39189,2.99481776328126,155.49411006026332,,,False,False
17_77,49.26943,30.48198,3.647355461849735,165.02365295977552,,,False,False
18_0,49.37054,23.54505,194.43739336366096,359.8878863328525,,,False,False
18_1,49.37054,23.63514,187.6926075116422,350.1228258964743,,,False,False
18_2,49.37054,23.72523,181.2526844871049,340.3737946499699,,,False,False
18_3,49.37054,23.81532,175.15125824807637,330.64221221301403,,,False,False
18_4,49.37054,23.90541,169.42490660385943,320.92966769017823,,,False,False
18_5,49.37054,23.9955,164.1127748224306,311.23794523187803,,,False,False
18_6,49.37054,24.08559,159.15162288583463,301.569054258447,,,False,False
18_7,49.37054,24.17568,154.6709499389501,291.9252653440548,,,False,False
18_8,49.37054,24.26577,149.8399434029797,282.30915300030097,,,False,False
18_9,49.37054,24.35586,144.1425229829567,272.7236469084525,,,False,False
18_10,49.37054,24.44595,138.93746066586556,263.1720935438245,,,False,False
18_11,49.37054,24.53604,134.28202740216983,253.6583306409815,,,False,False
18_12,49.37054,24.62613,130.23518249913985,244.18677759738696,,,False,False
18_13,49.37054,24.71622,126.79552214040648,234.76254574827288,,,False,False
18_14,49.37054,24.80631,123.92773035160856,225.39157352185228,,,False,False
18_15,49.37054,24.8964,118.29385929593973,216.0807928705074,,,False,False
18_16,49.37054,24.98649,111.96002661272736,206.8383351554546,,,False,False
18_17,49.37054,25.07658,105.04429372428838,197.67378693913105,,,False,False
18_18,49.37054,25.16667,98.66722479613554,188.5985090182319,,,False,False
18_19,49.37054,25.25676,92.93977288375284,179.6260356036195,,,False,False
18_20,49.37054,25.34685,87.9888916528792,170.77257485056955,,,False,False
18_21,49.37054,25.43694,83.81514312921216,162.0576368251653,,,False,False
18_22,49.37054,25.52703,80.6311860713936,153.50481994371108,,,False,False
18_23,49.37054,25.61712,75.80353148844748,145.14279065001642,,,False,False
18_24,49.37054,25.70721,70.58821586018091,137.006490808487,,,False,False
18_25,49.37054,25.7973,66.4901961234696,129.1385974655616,,,False,False
18_26,49.37054,25.88739,63.7253970670653,121.59123011412429,,,False,False
18_27,49.37054,25.97748,62.47109191998907,114.42783421774722,,,False,False
18_28,49.37054,26.06757,61.45357262431547,107.72504084611988,,,False,False
18_29,49.37054,26.15766,60.936314495819616,101.57408056349888,,,False,False
18_30,49.37054,26.24775,62.06179532715778,93.3352942029345,,,False,False
18_31,49.37054,26.33784,64.74440963206084,83.81302843264699,,,False,False
18_32,49.37054,26.42793,65.47193889116862,74.42870607320798,,,False,False
18_33,49.37054,26.51802,59.0495267586808,65.24188613069751,,,False,False
18_34,49.37054,26.60811,51.07042387898555,56.34925810841572,,,False,False
18_35,49.37054,26.6982,43.86075459089388,47.91491139470814,,,False,False
18_36,49.37054,26.78829,37.526245474503206,40.2281509821977,,,False,False
18_37,49.37054,26.87838,28.6034653141423,33.802898834117094,,,False,False
18_38,49.37054,26.96847,18.68048695556254,29.375393234211803,,,False,False
18_39,49.37054,27.05856,9.040086857053666,27.442204433834046,,,False,False
18_40,49.37054,27.14865,0.3904633276850019,28.083892657053173,8.0,5-10 m,True,True
18_41,49.37054,27.23874,2.2286485007827634,31.26430235503589,1.0,0-5 m,True,True
18_42,49.37054,27.32883,6.031613180747252,36.98757236039,1.0,0-5 m,True,True
18_43,49.37054,27.41892,6.6387964028689215,44.27841027062011,13.0,10-20 m,True,False
18_44,49.37054,27.50901,7.145404153801106,52.48760602292166,10.0,10-20 m,True,False
18_45,49.37054,27.5991,13.667542724030971,61.24699893351456,6.0,5-10 m,True,True
18_46,49.37054,27.68919,20.670576703325157,62.6405232911396,8.0,5-10 m,True,True
18_47,49.37054,27.77928,29.17605250031818,52.61195513739902,18.0,10-20 m,True,False
18_48,49.37054,27.86937,38.434876176992006,42.59333338171661,20.0,20-40 m,True,False
18_49,49.37054,27.95946,48.008123061530746,32.59384385353529,24.0,20-40 m,True,False
18_50,49.37054,28.04955,54.28669871012848,22.638870737609302,34.0,20-40 m,True,False
18_51,49.37054,28.13964,59.15371803537516,12.83247041115026,31.0,20-40 m,True,False
18_52,49.37054,28.22973,62.410917319814615,4.338312296301245,37.0,20-40 m,True,False
18_53,49.37054,28.31982,67.03191964779884,0.3720633203678823,37.0,20-40 m,True,False
18_54,49.37054,28.40991,72.7573358740026,3.641275564294331,44.0,>40 m,True,False
18_55,49.37054,28.5,79.3484607582332,9.707321174433234,33.0,20-40 m,True,False
18_56,49.37054,28.59009,84.83434643166731,12.362430921379778,35.0,20-40 m,True,False
18_57,49.37054,28.68018,87.76046844791155,19.49845557770622,37.0,20-40 m,True,False
18_58,49.37054,28.77027,91.30082797805592,27.952489069353646,34.0,20-40 m,True,False
18_59,49.37054,28.86036,95.14871954363336,33.710245892958625,35.0,20-40 m,True,False
18_60,49.37054,28.95045,96.13607404014736,41.15213344243186,38.0,20-40 m,True,False
18_61,49.37054,29.04054,92.8600958318454,49.52468680236306,36.0,20-40 m,True,False
18_62,49.37054,29.13063,90.58425582687116,58.42919607104733,33.0,20-40 m,True,False
18_63,49.37054,29.22072,89.38498694347126,63.1437996848934,34.0,20-40 m,True,False
18_64,49.37054,29.31081,80.9598587000979,66.41644461069902,25.0,20-40 m,True,False
18_65,49.37054,29.4009,71.14254306650169,70.97437878394774,23.0,20-40 m,True,False
18_66,49.37054,29.49099,61.38193219197765,76.58847853345729,24.0,20-40 m,True,False
18_67,49.37054,29.58108,51.73153802270068,83.04482241145895,18.0,10-20 m,True,False
18_68,49.37054,29.67117,42.2669332161442,90.16266138909182,16.0,10-20 m,True,False
18_69,49.37054,29.76126,33.147660208969484,97.7976716845706,17.0,10-20 m,True,False
18_70,49.37054,29.85135,24.758314754748906,105.8379911181274,14.0,10-20 m,True,False
18_71,49.37054,29.94144,18.088107896212406,114.19804479654266,12.0,10-20 m,True,False
18_72,49.37054,30.03153,13.306853393270282,122.81255795861163,1.0,0-5 m,True,True
18_73,49.37054,30.12162,4.6428906743695,131.63158367784646,1.0,0-5 m,True,True
18_74,49.37054,30.21171,4.457717498449518,140.61665017053488,,,False,False
18_75,49.37054,30.3018,14.254443931164646,149.73787236731206,,,False,False
18_76,49.37054,30.39189,11.35732102993864,158.97181744788875,,,False,False
18_77,49.37054,30.48198,10.924087669900798,168.29993416227558,,,False,False
19_0,49.47165,23.54505,186.9994300549716,357.60672276901244,,,False,False
19_1,49.47165,23.63514,179.98299004194166,347.7812171394078,,,False,False
19_2,49.47165,23.72523,173.2637830610026,337.96829376021566,,,False,False
19_3,49.47165,23.81532,166.8777204711092,328.16908329013194,,,False,False
19_4,49.47165,23.90541,160.86448709807317,318.3848539013944,,,False,False
19_5,49.47165,23.9955,155.26741021575032,308.6170325190883,,,False,False
19_6,49.47165,24.08559,150.0968219003383,298.86723005407674,,,False,False
19_7,49.47165,24.17568,145.34505491690854,289.13727151649374,,,False,False
19_8,49.47165,24.26577,141.10052518754628,279.4292321239234,,,False,False
19_9,49.47165,24.35586,135.58410930720817,269.74548081135714,,,False,False
19_10,49.47165,24.44595,130.04465348105805,260.08873292983094,,,False,False
19_11,49.47165,24.53604,125.06651433709638,250.46211441567624,,,False,False
19_12,49.47165,24.62613,120.71915866611118,240.8692403610317,,,False,False
19_13,49.47165,24.71622,117.07065149250028,231.31431177050897,,,False,False
19_14,49.47165,24.80631,113.98409970709946,221.80223541924025,,,False,False
19_15,49.47165,24.8964,110.20410635483148,212.33877322906005,,,False,False
19_16,49.47165,24.98649,104.00132186945392,202.93072958060787,,,False,False
19_17,49.47165,25.07658,97.59150342839108,193.58618765004985,,,False,False
19_18,49.47165,25.16667,90.6994638727902,184.31480942252503,,,False,False
19_19,49.47165,25.25676,84.4411678545502,175.12821877002727,,,False,False
19_20,49.47165,25.34685,78.96744224344559,166.04049321729613,,,False,False
19_21,49.47165,25.43694,74.39994811790615,157.06879808522882,,,False,False
19_22,49.47165,25.52703,70.80246098024688,148.23420679274173,,,False,False
19_23,49.47165,25.61712,67.6305616253456,139.5627629458419,,,False,False
19_24,49.47165,25.70721,61.736964485298806,131.08685197378642,,,False,False
19_25,49.47165,25.7973,57.01496216339068,122.84695826154898,,,False,False
19_26,49.47165,25.88739,53.77409552417089,114.89387795682332,,,False,False
19_27,49.47165,25.97748,52.29049819487311,107.29141662181937,,,False,False
19_28,49.47165,26.06757,51.37593230382888,100.11948373948664,,,False,False
19_29,49.47165,26.15766,50.76489989532142,93.4772337179047,,,False,False
19_30,49.47165,26.24775,52.11878239787952,87.48540379203972,,,False,False
19_31,49.47165,26.33784,55.2934423379695,80.85748721254711,,,False,False
19_32,49.47165,26.42793,55.68358499128998,71.14038126343716,,,False,False
19_33,49.47165,26.51802,53.31346715519792,61.52881900520258,,,False,False
19_34,49.47165,26.60811,45.07927204393932,52.01502927560118,,,False,False
19_35,49.47165,26.6982,36.8793846654738,42.73993512886157,,,False,False
19_36,49.47165,26.78829,29.632003781130507,33.906773764053575,,,False,False
19_37,49.47165,26.87838,23.475622242565034,25.97048450777498,,,False,False
19_38,49.47165,26.96847,17.83602734880807,20.027315475469084,,,False,False
19_39,49.47165,27.05856,9.172366169647017,17.347428759112614,,,False,False
19_40,49.47165,27.14865,0.29150618884714,18.18702580061569,1.0,0-5 m,True,True
19_41,49.47165,27.23874,5.957992229709217,22.800381753706034,1.0,0-5 m,True,True
19_42,49.47165,27.32883,0.7373981327162616,30.179181239228296,2.0,0-5 m,True,True
19_43,49.47165,27.41892,7.145325956522109,38.77558052762735,13.0,10-20 m,True,False
19_44,49.47165,27.50901,16.74001017004521,47.93898644244145,14.0,10-20 m,True,False
19_45,49.47165,27.5991,21.04187067600967,57.39848711172411,7.0,5-10 m,True,True
19_46,49.47165,27.68919,27.72864587957492,64.01612341893487,15.0,10-20 m,True,False
19_47,49.47165,27.77928,34.82592904377477,54.24310388415365,16.0,10-20 m,True,False
19_48,49.47165,27.86937,42.87686326403866,44.59280260530799,33.0,20-40 m,True,False
19_49,49.47165,27.95946,51.63329267560045,35.16640744028035,25.0,20-40 m,True,False
19_50,49.47165,28.04955,60.7911240311476,26.206674695096748,26.0,20-40 m,True,False
19_51,49.47165,28.13964,67.827473440724,18.408144255797197,30.0,20-40 m,True,False
19_52,49.47165,28.22973,71.69236763448934,13.683823748969957,37.0,20-40 m,True,False
19_53,49.47165,28.31982,75.7415409512311,5.730481533858649,37.0,20-40 m,True,False
19_54,49.47165,28.40991,80.84505497517078,0.5293373694305744,36.0,20-40 m,True,False
19_55,49.47165,28.5,86.81717579541548,0.2764197341482398,31.0,20-40 m,True,False
19_56,49.47165,28.59009,93.49159903638464,6.330195033212357,36.0,20-40 m,True,False
19_57,49.47165,28.68018,97.1616577193737,16.355056792190318,38.0,20-40 m,True,False
19_58,49.47165,28.77027,95.68436761770477,26.397234329689336,30.0,20-40 m,True,False
19_59,49.47165,28.86036,90.85220339432756,36.44242952920844,47.0,>40 m,True,False
19_60,49.47165,28.95045,86.87279138767097,46.48869708417444,44.0,>40 m,True,False
19_61,49.47165,29.04054,83.38328550357677,55.18320518202668,39.0,20-40 m,True,False
19_62,49.47165,29.13063,80.85066284345017,63.29113448816157,38.0,20-40 m,True,False
19_63,49.47165,29.22072,79.51423369917283,71.89153387719408,36.0,20-40 m,True,False
19_64,49.47165,29.31081,79.25431643957168,75.60558775570638,24.0,20-40 m,True,False
19_65,49.47165,29.4009,69.28183684572429,79.63132677222205,20.0,20-40 m,True,False
19_66,49.47165,29.49099,59.33448428913689,84.66561781859822,20.0,20-40 m,True,False
19_67,49.47165,29.58108,49.42744283708181,90.54038652194512,19.0,10-20 m,True,False
19_68,49.47165,29.67117,39.586196611931065,97.10320917807172,14.0,10-20 m,True,False
19_69,49.47165,29.76126,29.767955183309734,104.2241936231766,18.0,10-20 m,True,False
19_70,49.47165,29.85135,20.02042720271252,111.796736406442,13.0,10-20 m,True,False
19_71,49.47165,29.94144,10.82596993973726,119.7351961678519,4.0,0-5 m,True,True
19_72,49.47165,30.03153,4.3061661835118965,127.9714971688089,34.0,20-40 m,True,False
19_73,49.47165,30.12162,2.60750515935388,136.45171925117216,1.0,0-5 m,True,True
19_74,49.47165,30.21171,5.324386345251779,145.13311390249962,,,False,False
19_75,49.47165,30.3018,15.16212558068198,153.98166134258076,,,False,False
19_76,49.47165,30.39189,20.690208601515696,162.9701391911685,,,False,False
19_77,49.47165,30.48198,20.402416523218783,172.0766230687191,,,False,False
20_0,49.57276,23.54505,179.82414651969398,355.60803845788087,,,False,False
20_1,49.57276,23.63514,172.5507850428357,345.7291173463285,,,False,False
20_2,49.57276,23.72523,165.5370640914108,335.85966615811844,,,False,False
20_3,49.57276,23.81532,158.84774273133448,326.00054713645864,,,False,False
20_4,49.57276,23.90541,152.52551325805922,316.15272911670377,,,False,False
20_5,49.57276,23.9955,146.61787573460748,306.31730433643327,,,False,False
20_6,49.57276,24.08559,141.17689140079625,296.4955084902072,,,False,False
20_7,49.57276,24.17568,136.16471451178504,286.68874477356826,,,False,False
20_8,49.57276,24.26577,131.68302056484478,276.8986128595146,,,False,False
20_9,49.57276,24.35586,127.28588219280772,267.12694400995446,,,False,False
20_10,49.57276,24.44595,121.37590076882948,257.3758438651766,,,False,False
20_11,49.57276,24.53604,116.03425673306106,247.6477449048804,,,False,False
20_12,49.57276,24.62613,111.3427839106564,237.945471174509,,,False,False
20_13,49.57276,24.71622,107.38673588799897,228.2723186760294,,,False,False
20_14,49.57276,24.80631,104.10809983938736,218.63215591111492,,,False,False
20_15,49.57276,24.8964,101.60951864458131,209.0295505471618,,,False,False
20_16,49.57276,24.98649,95.91549082909157,199.4699302095937,,,False,False
20_17,49.57276,25.07658,89.71838156273728,189.95978821016547,,,False,False
20_18,49.57276,25.16667,83.23172942777487,180.50694891767623,,,False,False
20_19,49.57276,25.25676,76.37156917102212,171.12091291290875,,,False,False
20_20,49.57276,25.34685,70.2801885105862,161.81330967017612,,,False,False
20_21,49.57276,25.43694,65.173514766498,152.5984961258524,,,False,False
20_22,49.57276,25.52703,61.10545863107717,143.49435422931222,,,False,False
20_23,49.57276,25.61712,58.43097082236536,134.52336068774684,,,False,False
20_24,49.57276,25.70721,53.37236702417398,125.71402865053712,,,False,False
20_25,49.57276,25.7973,47.840406801952206,117.10285365620616,,,False,False
20_26,49.57276,25.88739,43.93697792935682,108.73692990587408,,,False,False
20_27,49.57276,25.97748,42.11735184558242,100.6774211035361,,,False,False
20_28,49.57276,26.06757,41.351355100812896,93.00402821387526,,,False,False
20_29,49.57276,26.15766,40.59873306854436,85.82039210132453,,,False,False
20_30,49.57276,26.24775,42.28768216842328,79.25979920680236,,,False,False
20_31,49.57276,26.33784,46.15093301373331,73.48931087177023,,,False,False
20_32,49.57276,26.42793,46.0103480432009,68.70829763061425,,,False,False
20_33,49.57276,26.51802,43.59576181201356,59.13921306886174,,,False,False
20_34,49.57276,26.60811,39.40299583392674,49.23959891944652,,,False,False
20_35,49.57276,26.6982,31.108212518743283,39.41339538162197,,,False,False
20_36,49.57276,26.78829,22.743174013485028,29.73349317721034,,,False,False
20_37,49.57276,26.87838,15.448745585978704,20.2625171618418,,,False,False
20_38,49.57276,26.96847,9.5503091040232,11.724321607697236,,,False,False
20_39,49.57276,27.05856,3.972123834822743,7.259543161649959,,,False,False
20_40,49.57276,27.14865,1.3596833422493797,8.745819743399236,,,False,False
20_41,49.57276,27.23874,4.971324365559872,16.301877981960214,9.0,5-10 m,True,True
20_42,49.57276,27.32883,1.86495903798688,25.62836129868961,,,False,False
20_43,49.57276,27.41892,6.85346981674092,35.35075060030105,7.0,5-10 m,True,True
20_44,49.57276,27.50901,16.47923204622272,45.21438258139639,6.0,5-10 m,True,True
20_45,49.57276,27.5991,26.377612974390573,55.14352676336191,19.0,10-20 m,True,False
20_46,49.57276,27.68919,35.12505756713655,65.10822673715397,27.0,20-40 m,True,False
20_47,49.57276,27.77928,41.87570933394453,57.59225637553924,34.0,20-40 m,True,False
20_48,49.57276,27.86937,48.999813224564,48.609993154670406,20.0,20-40 m,True,False
20_49,49.57276,27.95946,56.81488454062781,40.13616064084212,29.0,20-40 m,True,False
20_50,49.57276,28.04955,65.24442763505193,32.5700628462149,44.0,>40 m,True,False
20_51,49.57276,28.13964,74.07898113594922,26.69504391935551,30.0,20-40 m,True,False
20_52,49.57276,28.22973,81.14270015347456,19.78232974769208,42.0,>40 m,True,False
20_53,49.57276,28.31982,84.73361149555525,11.98687170142884,34.0,20-40 m,True,False
20_54,49.57276,28.40991,89.3171254913993,7.675890044033343,38.0,20-40 m,True,False
20_55,49.57276,28.5,94.74930441537684,4.732295663207276,41.0,>40 m,True,False
20_56,49.57276,28.59009,100.17833087213954,7.814656133170489,41.0,>40 m,True,False
20_57,49.57276,28.68018,93.44866287767184,17.017523133401212,44.0,>40 m,True,False
20_58,49.57276,28.77027,87.35665952719496,26.83244011303164,41.0,>40 m,True,False
20_59,49.57276,28.86036,82.04449738950875,36.77256148616509,40.0,>40 m,True,False
20_60,49.57276,28.95045,77.67235557823996,46.75811779398597,39.0,20-40 m,True,False
20_61,49.57276,29.04054,74.0188919143012,56.76514707415984,37.0,20-40 m,True,False
20_62,49.57276,29.13063,71.16337793872904,66.78400616495125,38.0,20-40 m,True,False
20_63,49.57276,29.22072,69.65091873414539,76.81007369621881,36.0,20-40 m,True,False
20_64,49.57276,29.31081,69.56917545140162,84.95197813423061,29.0,20-40 m,True,False
20_65,49.57276,29.4009,68.68885569982001,88.5456646902466,29.0,20-40 m,True,False
20_66,49.57276,29.49099,58.64354181418421,93.09117723233896,22.0,20-40 m,True,False
20_67,49.57276,29.58108,48.59854162752254,98.45677814783396,21.0,20-40 m,True,False
20_68,49.57276,29.67117,38.5541166624616,104.51624434216026,15.0,10-20 m,True,False
20_69,49.57276,29.76126,28.510896906315384,111.15616366718262,15.0,10-20 m,True,False
20_70,49.57276,29.85135,18.47088232354236,118.27882425683455,16.0,10-20 m,True,False
20_71,49.57276,29.94144,8.445585602267771,125.80226111640962,1.0,0-5 m,True,True
20_72,49.57276,30.03153,1.199235010825549,133.65881771354665,,,False,False
20_73,49.57276,30.12162,6.937186849559803,141.7931350385847,,,False,False
20_74,49.57276,30.21171,10.917168330473991,150.16008323737478,,,False,False
20_75,49.57276,30.3018,18.565507354313382,158.7228806190004,,,False,False
20_76,49.57276,30.39189,27.55988039659414,167.45148778441109,,,False,False
20_77,49.57276,30.48198,30.066134885326097,176.32128429923375,,,False,False
21_0,49.67388,23.54505,172.93363520027364,353.88747534107426,,,False,False
21_1,49.67388,23.63514,165.3982641145869,343.9661623101018,,,False,False
21_2,49.67388,23.72523,158.11055822800262,334.05179562007135,,,False,False
21_3,49.67388,23.81532,151.0997308376734,324.1425245035502,,,False,False
21_4,49.67388,23.90541,144.44589383557835,314.2397585284924,,,False,False
21_5,49.67388,23.9955,138.20062567710949,304.34583744174324,,,False,False
21_6,49.67388,24.08559,132.42175156352536,294.46165539508337,,,False,False
21_7,49.67388,24.17568,127.16041548183546,284.5882298167919,,,False,False
21_8,49.67388,24.26577,122.35773352215706,274.7267232062115,,,False,False
21_9,49.67388,24.35586,118.14616547334674,264.878469670824,,,False,False
21_10,49.67388,24.44595,112.9822257521192,255.04500744021547,,,False,False
21_11,49.67388,24.53604,107.23098208589823,245.22811896739336,,,False,False
21_12,49.67388,24.62613,102.14390463885802,235.4298807359879,,,False,False
21_13,49.67388,24.71622,97.82466996713264,225.65272558421043,,,False,False
21_14,49.67388,24.80631,94.32031092260296,215.89952130893795,,,False,False
21_15,49.67388,24.8964,91.5633189817448,206.1736706363926,,,False,False
21_16,49.67388,24.98649,87.84042526822626,196.47923950241656,,,False,False
21_17,49.67388,25.07658,81.63644246410755,186.8211232172159,,,False,False
21_18,49.67388,25.16667,75.44502780350292,177.2052638595011,,,False,False
21_19,49.67388,25.25676,68.88103358173078,167.63893770139825,,,False,False
21_20,49.67388,25.34685,62.06663638870224,158.13113944123563,,,False,False
21_21,49.67388,25.43694,56.22718543476516,148.69310178445966,,,False,False
21_22,49.67388,25.52703,51.613301734222105,139.339006386184,,,False,False
21_23,49.67388,25.61712,48.42628492539778,130.08696822395234,,,False,False
21_24,49.67388,25.70721,45.76075872449059,120.96041424030874,,,False,False
21_25,49.67388,25.7973,39.17681401724712,111.9900340450128,,,False,False
21_26,49.67388,25.88739,34.31065813800309,103.21656130188532,,,False,False
21_27,49.67388,25.97748,31.95690758651425,94.69475014470382,,,False,False
21_28,49.67388,26.06757,31.428772992205115,86.49902164061699,,,False,False
21_29,49.67388,26.15766,30.441133519042776,78.73128431746626,,,False,False
21_30,49.67388,26.24775,32.66788076978757,71.53111451467068,,,False,False
21_31,49.67388,26.33784,37.54134559206263,65.0871559201151,,,False,False
21_32,49.67388,26.42793,36.34819128730806,59.64502641102411,,,False,False
21_33,49.67388,26.51802,33.57660775032817,55.500231987591945,,,False,False
21_34,49.67388,26.60811,32.11033275996089,48.38377561385383,,,False,False
21_35,49.67388,26.6982,25.866214173631292,38.340517720903726,,,False,False
21_36,49.67388,26.78829,17.000645674126755,28.29725314456635,,,False,False
21_37,49.67388,26.87838,8.910093055715077,18.253982141236914,,,False,False
21_38,49.67388,26.96847,1.2793550833049692,8.210704966668237,,,False,False
21_39,49.67388,27.05856,4.363686744893126,1.631668016241563,11.0,10-20 m,True,False
21_40,49.67388,27.14865,10.232178718646798,5.005253558776798,11.0,10-20 m,True,False
21_41,49.67388,27.23874,8.111141765727023,14.630956698242928,22.0,20-40 m,True,False
21_42,49.67388,27.32883,0.7816221777823323,24.593502265066466,5.0,5-10 m,True,True
21_43,49.67388,27.41892,10.434170379728032,34.60318290410152,14.0,10-20 m,True,False
21_44,49.67388,27.50901,20.087059054598825,44.62830891733101,28.0,20-40 m,True,False
21_45,49.67388,27.5991,29.314431586913788,54.660394651354935,13.0,10-20 m,True,False
21_46,49.67388,27.68919,38.56858210304311,64.69621276051518,35.0,20-40 m,True,False
21_47,49.67388,27.77928,48.13907438404631,62.382454136709015,37.0,20-40 m,True,False
21_48,49.67388,27.86937,56.0394553293468,54.19708660122227,39.0,20-40 m,True,False
21_49,49.67388,27.95946,63.174045060233134,46.7435173266948,13.0,10-20 m,True,False
21_50,49.67388,28.04955,70.84517404886806,40.42856063233905,25.0,20-40 m,True,False
21_51,49.67388,28.13964,79.05083950910073,33.835011208544906,34.0,20-40 m,True,False
21_52,49.67388,28.22973,87.64103770876986,26.142216138104388,35.0,20-40 m,True,False
21_53,49.67388,28.31982,93.92648538903806,20.44952515728064,47.0,>40 m,True,False
21_54,49.67388,28.40991,98.07345646116018,17.09357417111898,41.0,>40 m,True,False
21_55,49.67388,28.5,100.9513352353651,14.678824749465203,42.0,>40 m,True,False
21_56,49.67388,28.59009,93.3007989546019,15.83533768473529,47.0,>40 m,True,False
21_57,49.67388,28.68018,86.04515722114223,21.88791609599932,44.0,>40 m,True,False
21_58,49.67388,28.77027,79.39552656085579,30.1533492782232,46.0,>40 m,True,False
21_59,49.67388,28.86036,73.51923426175003,39.25799360842117,42.0,>40 m,True,False
21_60,49.67388,28.95045,68.61526944456897,48.733756009414726,39.0,20-40 m,True,False
21_61,49.67388,29.04054,64.76705983306,58.40027862736238,47.0,>40 m,True,False
21_62,49.67388,29.13063,61.54340838549287,68.17647761556282,46.0,>40 m,True,False
21_63,49.67388,29.22072,59.79783601039625,78.02114439401969,39.0,20-40 m,True,False
21_64,49.67388,29.31081,59.7120994719276,87.91128760224541,30.0,20-40 m,True,False
21_65,49.67388,29.4009,61.29317754037176,97.64640867549602,30.0,20-40 m,True,False
21_66,49.67388,29.49099,59.59138952925176,101.7781689560184,25.0,20-40 m,True,False
21_67,49.67388,29.58108,49.73904699865252,106.69990062474962,23.0,20-40 m,True,False
21_68,49.67388,29.67117,39.982804471954616,112.30779841259933,22.0,20-40 m,True,False
21_69,49.67388,29.76126,30.41530356037729,118.50449422373362,18.0,10-20 m,True,False
21_70,49.67388,29.85135,21.12544618600756,125.20259819033114,11.0,10-20 m,True,False
21_71,49.67388,29.94144,12.150818630505457,132.32599520903753,4.0,0-5 m,True,True
21_72,49.67388,30.03153,3.6824865944961966,139.80969740457488,1.0,0-5 m,True,True
21_73,49.67388,30.12162,4.784923974135556,147.59891302258663,,,False,False
21_74,49.67388,30.21171,13.251413734154436,155.64778510297126,,,False,False
21_75,49.67388,30.3018,21.71698334722468,163.91807166908902,,,False,False
21_76,49.67388,30.39189,30.181633477891683,172.37790996737476,,,False,False
21_77,49.67388,30.48198,38.64536479359499,181.00072641348464,,,False,False
22_0,49.77499,23.54505,166.40256310577155,352.4432931258054,,,False,False
22_1,49.77499,23.63514,158.5634691986597,342.4830941994212,,,False,False
22_2,49.77499,23.72523,150.98410933443364,332.5274907200505,,,False,False
22_3,49.77499,23.81532,143.67886311528542,322.5769107304912,,,False,False
22_4,49.77499,23.90541,136.6711669364959,312.6318365386302,,,False,False
22_5,49.77499,23.9955,130.0602775587901,302.6928135525585,,,False,False
22_6,49.77499,24.08559,123.90972991545632,292.76046088990904,,,False,False
22_7,49.77499,24.17568,118.29135919258772,282.83548418882424,,,False,False
22_8,49.77499,24.26577,113.2058416698074,272.91869116900045,,,False,False
22_9,49.77499,24.35586,108.7193011706274,263.0093186520492,,,False,False
22_10,49.77499,24.44595,104.83101848110084,253.1065398908497,,,False,False
22_11,49.77499,24.53604,98.71733871895331,243.21477017292176,,,False,False
22_12,49.77499,24.62613,93.17444019792224,233.33541313193413,,,False,False
22_13,49.77499,24.71622,88.42624647237724,223.47011869028952,,,False,False
22_14,49.77499,24.80631,84.60667162562859,213.6208389779811,,,False,False
22_15,49.77499,24.8964,81.57579700468375,203.78990002561324,,,False,False
22_16,49.77499,24.98649,79.54258992278159,193.98009460567164,,,False,False
22_17,49.77499,25.07658,73.55121389018419,184.1948037605496,,,False,False
22_18,49.77499,25.16667,67.36695097354949,174.43815773319827,,,False,False
22_19,49.77499,25.25676,61.18125042767928,164.71525174845084,,,False,False
22_20,49.77499,25.34685,54.54012098683156,155.03243924886644,,,False,False
22_21,49.77499,25.43694,47.79791855612016,145.39773618088864,,,False,False
22_22,49.77499,25.52703,42.38138658568473,135.821387083502,,,False,False
22_23,49.77499,25.61712,38.53466412064963,126.3166709356866,,,False,False
22_24,49.77499,25.70721,36.99099942556963,116.90106849413483,,,False,False
22_25,49.77499,25.7973,31.44747050076022,107.59798414605277,,,False,False
22_26,49.77499,25.88739,25.136150901062965,98.439332147317,,,False,False
22_27,49.77499,25.97748,21.82423724650372,89.4694875570983,,,False,False
22_28,49.77499,26.06757,21.656295827582024,80.75140299969335,,,False,False
22_29,49.77499,26.15766,20.302106448306848,72.37612440921363,,,False,False
22_30,49.77499,26.24775,23.517628551016283,64.47738921396206,,,False,False
22_31,49.77499,26.33784,29.24079131006018,57.2527878222258,,,False,False
22_32,49.77499,26.42793,26.685325920779324,50.98969489236801,,,False,False
22_33,49.77499,26.51802,23.6617929816701,46.081852765870686,,,False,False
22_34,49.77499,26.60811,22.37461523840672,42.995904908916565,,,False,False
22_35,49.77499,26.6982,20.716662887688265,39.33013867164754,,,False,False
22_36,49.77499,26.78829,12.395328949682284,29.62049861158636,,,False,False
22_37,49.77499,26.87838,3.392788076665605,20.23844029489008,,,False,False
22_38,49.77499,26.96847,4.793698010965614,11.974667720897122,8.0,5-10 m,True,True
22_39,49.77499,27.05856,12.876299293057986,8.685545783110966,24.0,20-40 m,True,False
22_40,49.77499,27.14865,18.266365166863224,13.24149946006913,30.0,20-40 m,True,False
22_41,49.77499,27.23874,12.293804173564808,19.08385763230305,26.0,20-40 m,True,False
22_42,49.77499,27.32883,8.669027374665427,27.473201881498458,37.0,20-40 m,True,False
22_43,49.77499,27.41892,14.1732062266294,36.702702624211454,30.0,20-40 m,True,False
22_44,49.77499,27.50901,22.98526340198093,46.27234345812634,36.0,20-40 m,True,False
22_45,49.77499,27.5991,32.51589557779769,56.008057097547415,28.0,20-40 m,True,False
22_46,49.77499,27.68919,42.16598424443534,65.83622043664563,19.0,10-20 m,True,False
22_47,49.77499,27.77928,51.76442196516636,68.31043624813078,35.0,20-40 m,True,False
22_48,49.77499,27.86937,60.92023901677223,60.92282148643595,50.0,>40 m,True,False
22_49,49.77499,27.95946,70.20467405486833,54.39398276549978,43.0,>40 m,True,False
22_50,49.77499,28.04955,77.34232743342838,47.88851649630002,34.0,20-40 m,True,False
22_51,49.77499,28.13964,84.91779042931172,40.30461972684662,44.0,>40 m,True,False
22_52,49.77499,28.22973,92.96171394091616,34.01587733413463,37.0,20-40 m,True,False
22_53,49.77499,28.31982,101.36376699519772,29.80938028778188,45.0,>40 m,True,False
22_54,49.77499,28.40991,103.55330588655264,26.506823132197773,40.0,>40 m,True,False
22_55,49.77499,28.5,95.06502147812222,24.62317839960851,44.0,>40 m,True,False
22_56,49.77499,28.59009,86.90762811259154,25.26846590171743,47.0,>40 m,True,False
22_57,49.77499,28.68018,79.18346718635951,29.435411697452768,45.0,>40 m,True,False
22_58,49.77499,28.77027,71.92206550081283,36.00244925699035,44.0,>40 m,True,False
22_59,49.77499,28.86036,65.38617712539067,43.905529642126574,44.0,>40 m,True,False
22_60,49.77499,28.95045,59.82840123806354,52.54524235500283,42.0,>40 m,True,False
22_61,49.77499,29.04054,55.53366779136468,61.61248837885002,43.0,>40 m,True,False
22_62,49.77499,29.13063,52.02710257855201,70.94353889226048,40.0,>40 m,True,False
22_63,49.77499,29.22072,49.95999601960281,80.4466589650489,38.0,20-40 m,True,False
22_64,49.77499,29.31081,49.866968503843246,90.06740749230536,27.0,20-40 m,True,False
22_65,49.77499,29.4009,51.758682295998085,99.7717698254202,25.0,20-40 m,True,False
22_66,49.77499,29.49099,55.43232712804609,109.53753194439858,26.0,20-40 m,True,False
22_67,49.77499,29.58108,52.720205921035,115.19920910722368,28.0,20-40 m,True,False
22_68,49.77499,29.67117,43.45184414009453,120.40400123557664,16.0,10-20 m,True,False
22_69,49.77499,29.76126,34.42120456594759,126.19608382834129,18.0,10-20 m,True,False
22_70,49.77499,29.85135,25.89851056503937,132.4984649772366,9.0,5-10 m,True,True
22_71,49.77499,29.94144,17.425887135233225,139.24187486724543,5.0,5-10 m,True,True
22_72,49.77499,30.03153,8.954168682455679,146.36537267002862,3.0,0-5 m,True,True
22_73,49.77499,30.12162,0.4833545537597372,153.81616390177717,5.0,5-10 m,True,True
22_74,49.77499,30.21171,7.986555906606862,161.54897353861438,,,False,False
22_75,49.77499,30.3018,16.4555633572047,169.5252172665814,,,False,False
22_76,49.77499,30.39189,24.92366845939587,177.71212350191485,,,False,False
22_77,49.77499,30.48198,33.803121359591515,186.08189258585483,,,False,False
23_0,49.8761,23.54505,160.27448261962158,351.29342549295296,,,False,False
23_1,49.8761,23.63514,152.12603899652927,341.3023882424624,,,False,False
23_2,49.8761,23.72523,144.21507139985744,331.31404834380515,,,False,False
23_3,49.8761,23.81532,136.58285698254664,321.328660088993,,,False,False
23_4,49.8761,23.90541,129.2558771341465,311.34651031244755,,,False,False
23_5,49.8761,23.9955,122.25164629448508,301.3679237526207,,,False,False
23_6,49.8761,24.08559,115.693960570936,291.39326950619966,,,False,False
23_7,49.8761,24.17568,109.66296573584664,281.42296884284656,,,False,False
23_8,49.8761,24.26577,104.25011968306434,271.45750472593875,,,False,False
23_9,49.8761,24.35586,99.39249250957292,261.4974334883237,,,False,False
23_10,49.8761,24.44595,95.22600080629805,251.54339925189032,,,False,False
23_11,49.8761,24.53604,90.56836873039856,241.5961518700333,,,False,False
23_12,49.8761,24.62613,84.506749342445,231.6565694342435,,,False,False
23_13,49.8761,24.71622,79.24893897385874,221.72568675104063,,,False,False
23_14,49.8761,24.80631,74.97151144398615,211.80473171004044,,,False,False
23_15,49.8761,24.8964,71.67064195692218,201.8946708250443,,,False,False
23_16,49.8761,24.98649,69.4449409891699,191.99138622963736,,,False,False
23_17,49.8761,25.07658,65.76531020892396,182.1026771487279,,,False,False
23_18,49.8761,25.16667,59.285554607914406,172.23105929579958,,,False,False
23_19,49.8761,25.25676,53.10700647955456,162.37965523384258,,,False,False
23_20,49.8761,25.34685,46.92703968075553,152.55238684063218,,,False,False
23_21,49.8761,25.43694,40.210741827664464,142.75424490885553,,,False,False
23_22,49.8761,25.52703,33.601148927108575,132.99167388348766,,,False,False
23_23,49.8761,25.61712,28.870530123291665,123.27313227653944,,,False,False
23_24,49.8761,25.70721,26.78503092792252,113.60992763836391,,,False,False
23_25,49.8761,25.7973,25.51374716208687,104.01749196113867,,,False,False
23_26,49.8761,25.88739,17.151022393299094,94.51738374508018,,,False,False
23_27,49.8761,25.97748,11.786297662765952,85.14052505797902,,,False,False
23_28,49.8761,26.06757,11.491147598046872,75.93260120493225,,,False,False
23_29,49.8761,26.15766,10.231418010468293,66.9633507671734,,,False,False
23_30,49.8761,26.24775,15.499876914434042,58.342968965088886,,,False,False
23_31,49.8761,26.33784,21.35241882423132,50.25133560788907,,,False,False
23_32,49.8761,26.42793,17.1862344568418,42.98809385584596,,,False,False
23_33,49.8761,26.51802,13.965815108758502,37.043788083167534,,,False,False
23_34,49.8761,26.60811,12.749720849694494,33.13603107784803,,,False,False
23_35,49.8761,26.6982,10.695720934847166,30.9849195852359,,,False,False
23_36,49.8761,26.78829,8.173383022609995,28.975349679748835,,,False,False
23_37,49.8761,26.87838,1.6793392758415704,26.217666949012862,6.0,5-10 m,True,True
23_38,49.8761,26.96847,9.946503709679972,20.433563855414132,13.0,10-20 m,True,False
23_39,49.8761,27.05856,18.999596918061854,18.691369979235063,37.0,20-40 m,True,False
23_40,49.8761,27.14865,26.518779318432266,21.974485905076925,41.0,>40 m,True,False
23_41,49.8761,27.23874,20.62459512143173,26.78589346924521,37.0,20-40 m,True,False
23_42,49.8761,27.32883,18.686299135491907,33.148755472650315,20.0,20-40 m,True,False
23_43,49.8761,27.41892,21.786666882492543,38.35399138101031,15.0,10-20 m,True,False
23_44,49.8761,27.50901,28.316405164683506,45.21864777974091,43.0,>40 m,True,False
23_45,49.8761,27.5991,36.47820252564668,53.04869050963612,46.0,>40 m,True,False
23_46,49.8761,27.68919,45.40024084199191,61.51356880250658,15.0,10-20 m,True,False
23_47,49.8761,27.77928,54.71186588096935,70.39309224514408,49.0,>40 m,True,False
23_48,49.8761,27.86937,64.24391097524128,68.45162597839214,41.0,>40 m,True,False
23_49,49.8761,27.95946,73.885919766261,61.9556326306261,41.0,>40 m,True,False
23_50,49.8761,28.04955,83.31422950387885,54.47127661522737,42.0,>40 m,True,False
23_51,49.8761,28.13964,91.50268791374964,47.93216733878133,43.0,>40 m,True,False
23_52,49.8761,28.22973,99.01108437096312,42.77405891438883,45.0,>40 m,True,False
23_53,49.8761,28.31982,106.93295795347214,39.22569069002683,46.0,>40 m,True,False
23_54,49.8761,28.40991,98.82038276818244,35.98146657152656,46.0,>40 m,True,False
23_55,49.8761,28.5,89.89243903981192,34.56537415055481,56.0,>40 m,True,False
23_56,49.8761,28.59009,81.22380529728329,34.98826208951044,49.0,>40 m,True,False
23_57,49.8761,28.68018,72.90704915621221,38.099624489174985,49.0,>40 m,True,False
23_58,49.8761,28.77027,65.07723349996708,43.36742138011706,45.0,>40 m,True,False
23_59,49.8761,28.86036,57.81019747569835,50.11622174058282,44.0,>40 m,True,False
23_60,49.8761,28.95045,51.44937877014406,57.82983972818664,41.0,>40 m,True,False
23_61,49.8761,29.04054,46.4062978524297,66.17173810621108,42.0,>40 m,True,False
23_62,49.8761,29.13063,42.682648039765645,74.93238956575539,42.0,>40 m,True,False
23_63,49.8761,29.22072,40.14732850816979,83.9808564464699,38.0,20-40 m,True,False
23_64,49.8761,29.31081,40.04131704078149,93.23338615354052,39.0,20-40 m,True,False
23_65,49.8761,29.4009,42.3828691784828,102.63481269430852,31.0,20-40 m,True,False
23_66,49.8761,29.49099,46.80610513813206,112.1477032135702,26.0,20-40 m,True,False
23_67,49.8761,29.58108,46.72693340418878,121.7459387725605,22.0,20-40 m,True,False
23_68,49.8761,29.67117,39.462488312698746,128.74701698369182,21.0,20-40 m,True,False
23_69,49.8761,29.76126,32.706708065399305,134.17155239060463,17.0,10-20 m,True,False
23_70,49.8761,29.85135,27.68907061351448,140.10796498667852,12.0,10-20 m,True,False
23_71,49.8761,29.94144,22.69268624866768,146.49404407295177,13.0,10-20 m,True,False
23_72,49.8761,30.03153,14.2175711750114,153.2735990925563,9.0,5-10 m,True,True
23_73,49.8761,30.12162,5.743343362379807,160.39674859612734,5.0,5-10 m,True,True
23_74,49.8761,30.21171,2.729997841903811,167.81975065239462,18.0,10-20 m,True,False
23_75,49.8761,30.3018,11.525672749262895,175.50456643459808,,,False,False
23_76,49.8761,30.39189,20.998288516768152,183.418294517406,,,False,False
23_77,49.8761,30.48198,30.620381354166945,191.53256614076588,,,False,False
24_0,49.97721,23.54505,154.5969221611874,343.8670403434969,,,False,False
24_1,49.97721,23.63514,146.1380709925655,339.2846217591752,,,False,False
24_2,49.97721,23.72523,137.8900386148574,330.4147138893377,,,False,False
24_3,49.97721,23.81532,129.8929988104726,320.4038166710536,,,False,False
24_4,49.97721,23.90541,122.19624747828496,310.39446321579027,,,False,False
24_5,49.97721,23.9955,114.8418814927037,300.3868109898181,,,False,False
24_6,49.97721,24.08559,107.84160470953,290.38103913954814,,,False,False
24_7,49.97721,24.17568,101.35175706992932,280.3773523492144,,,False,False
24_8,49.97721,24.26577,95.47649209838924,270.3759855511395,,,False,False
24_9,49.97721,24.35586,90.27936821083496,260.3772097163685,,,False,False
24_10,49.97721,24.44595,85.77840920231932,250.38133902565207,,,False,False
24_11,49.97721,24.53604,82.03714447184441,240.3887398195995,,,False,False
24_12,49.97721,24.62613,76.24303594567594,230.39984186390512,,,False,False
24_13,49.97721,24.71622,70.37845002929514,220.41515265773057,,,False,False
24_14,49.97721,24.80631,65.53280086436797,210.4352757865745,,,False,False
24_15,49.97721,24.8964,61.88645226015499,200.46093471464943,,,False,False
24_16,49.97721,24.98649,59.347712782622864,190.49300398817067,,,False,False
24_17,49.97721,25.07658,57.66068820794282,180.53255067839896,,,False,False
24_18,49.97721,25.16667,51.41554011659587,170.58089019245338,,,False,False
24_19,49.97721,25.25676,45.02941308712922,160.63966258725898,,,False,False
24_20,49.97721,25.34685,38.85659951407179,150.71093869129936,,,False,False
24_21,49.97721,25.43694,32.68367227482677,140.79737046290276,,,False,False
24_22,49.97721,25.52703,25.898576661962508,130.89405375375944,,,False,False
24_23,49.97721,25.61712,19.61527988984225,121.01073136475166,,,False,False
24_24,49.97721,25.70721,16.58432372341942,111.15473913062418,,,False,False
24_25,49.97721,25.7973,16.153232146466358,101.3340613017928,,,False,False
24_26,49.97721,25.88739,12.521462008456544,91.56007233750644,,,False,False
24_27,49.97721,25.97748,2.998289588730824,81.8495114584959,,,False,False
24_28,49.97721,26.06757,1.4843859968233637,72.2279787483671,,,False,False
24_29,49.97721,26.15766,1.6299111180242705,62.73646393079797,,,False,False
24_30,49.97721,26.24775,7.107771109774667,53.44430184375031,,,False,False
24_31,49.97721,26.33784,16.208739669830656,44.476637571261534,,,False,False
24_32,49.97721,26.42793,8.585931270333651,36.07630071931838,,,False,False
24_33,49.97721,26.51802,4.309636444180606,28.745083901912217,,,False,False
24_34,49.97721,26.60811,2.6399790327455297,23.50562298462392,,,False,False
24_35,49.97721,26.6982,0.5871585317247824,21.211994696829684,,,False,False
24_36,49.97721,26.78829,3.887768047449421,18.88997618531695,,,False,False
24_37,49.97721,26.87838,3.685939690787874,20.01720663729125,9.0,5-10 m,True,True
24_38,49.97721,26.96847,12.760979773258002,17.263987943746166,22.0,20-40 m,True,False
24_39,49.97721,27.05856,22.582689218941837,16.195014264644882,12.0,10-20 m,True,False
24_40,49.97721,27.14865,32.41556050782253,18.334862505318963,46.0,>40 m,True,False
24_41,49.97721,27.23874,30.0382509942165,20.47459014400962,45.0,>40 m,True,False
24_42,49.97721,27.32883,28.735418869087333,24.31150958199712,53.0,>40 m,True,False
24_43,49.97721,27.41892,30.8349348581809,31.041338443300063,44.0,>40 m,True,False
24_44,49.97721,27.50901,35.742202512426324,39.12497416917007,50.0,>40 m,True,False
24_45,49.97721,27.5991,42.49543014046983,47.95102907986154,49.0,>40 m,True,False
24_46,49.97721,27.68919,50.357369090199015,57.17793834310724,52.0,>40 m,True,False
24_47,49.97721,27.77928,58.88561745985489,66.63941669090138,22.0,20-40 m,True,False
24_48,49.97721,27.86937,67.82932503733625,76.06157703666156,31.0,20-40 m,True,False
24_49,49.97721,27.95946,77.04395227404116,68.64169890055184,39.0,20-40 m,True,False
24_50,49.97721,28.04955,86.4429145187004,61.96544632627187,45.0,>40 m,True,False
24_51,49.97721,28.13964,95.97207815891036,56.29801428971223,42.0,>40 m,True,False
24_52,49.97721,28.22973,105.5940563979883,51.97051309507553,46.0,>40 m,True,False
24_53,49.97721,28.31982,104.35585193274748,48.63760282469472,53.0,>40 m,True,False
24_54,49.97721,28.40991,94.89376023519236,45.64812964427316,42.0,>40 m,True,False
24_55,49.97721,28.5,85.56252703015575,44.50542952949067,52.0,>40 m,True,False
24_56,49.97721,28.59009,76.41012231463893,44.80743652203199,56.0,>40 m,True,False
24_57,49.97721,28.68018,67.50933321841984,47.26937673425099,49.0,>40 m,True,False
24_58,49.97721,28.77027,58.97421410409694,51.60227406558979,44.0,>40 m,True,False
24_59,49.97721,28.86036,50.9887480140672,57.38388535897096,43.0,>40 m,True,False
24_60,49.97721,28.95045,43.712200800767455,64.22415902372182,41.0,>40 m,True,False
24_61,49.97721,29.04054,37.65621794278468,71.82126003809071,43.0,>40 m,True,False
24_62,49.97721,29.13063,33.43017614733335,79.9597677979831,39.0,20-40 m,True,False
24_63,49.97721,29.22072,30.382573631678625,88.4904379821357,36.0,20-40 m,True,False
24_64,49.97721,29.31081,30.25246887305694,97.31019797653728,36.0,20-40 m,True,False
24_65,49.97721,29.4009,33.29853690620156,106.3471546706577,33.0,20-40 m,True,False
24_66,49.97721,29.49099,38.77943906904693,115.55036752435586,29.0,20-40 m,True,False
24_67,49.97721,29.58108,38.52981001722468,124.88309255822288,18.0,10-20 m,True,False
24_68,49.97721,29.67117,32.73151836750926,134.31834280149135,23.0,20-40 m,True,False
24_69,49.97721,29.76126,25.410575079706824,142.3828713686148,20.0,20-40 m,True,False
24_70,49.97721,29.85135,18.902656911852908,147.9824040816595,17.0,10-20 m,True,False
24_71,49.97721,29.94144,15.71410808969281,154.0347050145464,15.0,10-20 m,True,False
24_72,49.97721,30.03153,15.505206151016798,160.48856324375785,17.0,10-20 m,True,False
24_73,49.97721,30.12162,10.662713124237811,167.2975171525131,19.0,10-20 m,True,False
24_74,49.97721,30.21171,0.7441475528105533,174.41998986908965,,,False,False
24_75,49.97721,30.3018,9.187967302404362,181.81914467229907,,,False,False
24_76,49.97721,30.39189,19.19459425508561,189.46257237284536,,,False,False
24_77,49.97721,30.48198,29.22379261255904,197.3218926561816,,,False,False
25_0,50.07832,23.54505,149.26642928491952,334.7233286820407,,,False,False
25_1,50.07832,23.63514,140.6565470136198,330.0213287918922,,,False,False
25_2,50.07832,23.72523,132.0723574370847,325.55925958594065,,,False,False
25_3,50.07832,23.81532,123.70577572082225,319.8050045187272,,,False,False
25_4,50.07832,23.90541,115.60406703394727,309.77858082348723,,,False,False
25_5,50.07832,23.9955,107.82696211500723,299.7526577801229,,,False,False
25_6,50.07832,24.08559,100.43733523874248,289.72729082935825,,,False,False
25_7,50.07832,24.17568,93.44176412731896,279.7025433594088,,,False,False
25_8,50.07832,24.26577,87.04165822478195,269.6784881818277,,,False,False
25_9,50.07832,24.35586,81.3776463172954,259.65520934871626,,,False,False
25_10,50.07832,24.44595,76.44927916616712,249.63280440705927,,,False,False
25_11,50.07832,24.53604,72.35146337269389,239.6113872178652,,,False,False
25_12,50.07832,24.62613,68.39450333155958,229.5910915123088,,,False,False
25_13,50.07832,24.71622,61.94577694024367,219.57207541965985,,,False,False
25_14,50.07832,24.80631,56.38823476788356,209.5545272913636,,,False,False
25_15,50.07832,24.8964,52.18478104644741,199.53867327531933,,,False,False
25_16,50.07832,24.98649,49.2702613405153,189.5247872856484,,,False,False
25_17,50.07832,25.07658,47.59432352859904,179.51320429984125,,,False,False
25_18,50.07832,25.16667,44.41413419467276,169.50433835327638,,,False,False
25_19,50.07832,25.25676,37.07605286339084,159.4987072849677,,,False,False
25_20,50.07832,25.34685,30.782780146011984,149.49696738108145,,,False,False
25_21,50.07832,25.43694,24.61572102021183,139.49996285463482,,,False,False
25_22,50.07832,25.52703,18.546661493133477,129.50879812452604,,,False,False
25_23,50.07832,25.61712,11.637377684190202,119.52494613238406,,,False,False
25_24,50.07832,25.70721,6.405270207461935,109.55041548286312,,,False,False
25_25,50.07832,25.7973,6.729320430756353,99.5880172176869,,,False,False
25_26,50.07832,25.88739,3.516278592947308,89.64180776683686,1.0,0-5 m,True,True
25_27,50.07832,25.97748,1.843934259570243,79.71785961512205,,,False,False
25_28,50.07832,26.06757,4.354244194889994,69.81433745784486,1.0,0-5 m,True,True
25_29,50.07832,26.15766,0.6601959792861284,59.94592533741594,,,False,False
25_30,50.07832,26.24775,6.776616658928507,50.14377298312465,,,False,False
25_31,50.07832,26.33784,12.147539780356103,40.45609669425803,,,False,False
25_32,50.07832,26.42793,2.6611898653959054,30.99047223793997,,,False,False
25_33,50.07832,26.51802,5.347312562391828,22.03499108255889,7.0,5-10 m,True,True
25_34,50.07832,26.60811,7.467510588610645,14.56338496799898,1.0,0-5 m,True,True
25_35,50.07832,26.6982,0.8285804358532063,11.438663571791714,,,False,False
25_36,50.07832,26.78829,4.25506855220041,8.8656912170644,6.0,5-10 m,True,True
25_37,50.07832,26.87838,10.249202257399606,10.08361952056065,21.0,20-40 m,True,False
25_38,50.07832,26.96847,17.553519116042175,8.917474035725915,38.0,20-40 m,True,False
25_39,50.07832,27.05856,26.117324785126623,6.340759765560747,14.0,10-20 m,True,False
25_40,50.07832,27.14865,35.08461258010323,8.48977661849375,45.0,>40 m,True,False
25_41,50.07832,27.23874,39.77185983377667,10.712674280492388,53.0,>40 m,True,False
25_42,50.07832,27.32883,38.79029833914379,16.883664509719583,60.0,>40 m,True,False
25_43,50.07832,27.41892,40.36308592478746,25.51156354223456,53.0,>40 m,True,False
25_44,50.07832,27.50901,44.21851586957292,34.90074891022079,54.0,>40 m,True,False
25_45,50.07832,27.5991,49.82955445599678,44.57272027134418,38.0,20-40 m,True,False
25_46,50.07832,27.68919,56.67717963598081,54.37680841652288,43.0,>40 m,True,False
25_47,50.07832,27.77928,64.36795522669685,64.25258005968976,29.0,20-40 m,True,False
25_48,50.07832,27.86937,72.63456019758198,74.17142112517155,47.0,>40 m,True,False
25_49,50.07832,27.95946,81.30154764209344,76.05292326142674,49.0,>40 m,True,False
25_50,50.07832,28.04955,90.25365662689396,70.08085082770262,49.0,>40 m,True,False
25_51,50.07832,28.13964,99.41390206981828,65.11745834759631,46.0,>40 m,True,False
25_52,50.07832,28.22973,103.2068821118994,61.37170234618964,48.0,>40 m,True,False
25_53,50.07832,28.31982,96.96217125284238,58.0451350576526,54.0,>40 m,True,False
25_54,50.07832,28.40991,91.30004771545173,55.4165149862444,55.0,>40 m,True,False
25_55,50.07832,28.5,82.20792847141762,54.443362053850905,48.0,>40 m,True,False
25_56,50.07832,28.59009,72.6390782517476,54.67156426067498,53.0,>40 m,True,False
25_57,50.07832,28.68018,63.2150109583121,56.69905093127454,38.0,20-40 m,True,False
25_58,50.07832,28.77027,54.011586433646656,60.35115636066613,47.0,>40 m,True,False
25_59,50.07832,28.86036,45.16391776257811,65.35610894156065,47.0,>40 m,True,False
25_60,50.07832,28.95045,36.92863129558249,71.43011288559251,43.0,>40 m,True,False
25_61,50.07832,29.04054,29.635801944084108,78.32486304676262,41.0,>40 m,True,False
25_62,50.07832,29.13063,24.238274288326807,85.84283519286022,41.0,>40 m,True,False
25_63,50.07832,29.22072,20.73115005895444,93.83436214652389,45.0,>40 m,True,False
25_64,50.07832,29.31081,20.550673784294787,102.18841231965118,38.0,20-40 m,True,False
25_65,50.07832,29.4009,24.825743713215157,110.82304172627671,35.0,20-40 m,True,False
25_66,50.07832,29.49099,31.807936999868048,119.67754325354034,32.0,20-40 m,True,False
25_67,50.07832,29.58108,30.39592002009517,128.7065534547593,28.0,20-40 m,True,False
25_68,50.07832,29.67117,25.008544057175857,137.87579972934276,23.0,20-40 m,True,False
25_69,50.07832,29.76126,18.840037581504475,147.15907736228323,23.0,20-40 m,True,False
25_70,50.07832,29.85135,11.367544047237915,156.08139086004113,19.0,10-20 m,True,False
25_71,50.07832,29.94144,6.011727455618317,161.82324703655283,4.0,0-5 m,True,True
25_72,50.07832,30.03153,6.0179420437255065,167.9704680880835,17.0,10-20 m,True,False
25_73,50.07832,30.12162,3.315852564744856,174.48021926428896,9.0,5-10 m,True,True
25_74,50.07832,30.21171,1.730210861529335,181.31346147468903,,,False,False
25_75,50.07832,30.3018,10.782237568517688,188.4350102219882,,,False,False
25_76,50.07832,30.39189,20.26046947976084,195.81341615273956,,,False,False
25_77,50.07832,30.48198,30.06902443302089,203.42073554559363,,,False,False
26_0,50.17943,23.54505,140.8424023707771,325.6520201431834,,,False,False
26_1,50.17943,23.63514,135.045713642023,320.82441872878985,,,False,False
26_2,50.17943,23.72523,126.83139240706832,316.2400010412747,,,False,False
26_3,50.17943,23.81532,118.09970875911831,311.90949450540376,,,False,False
26_4,50.17943,23.90541,109.59022315642189,307.8436192137681,,,False,False
26_5,50.17943,23.9955,101.35892503401794,299.46747855380687,,,False,False
26_6,50.17943,24.08559,93.47934213411752,289.43425778152647,,,False,False
26_7,50.17943,24.17568,86.04176367698423,279.40102605675844,,,False,False
26_8,50.17943,24.26577,79.05339226871553,269.36778610816174,,,False,False
26_9,50.17943,24.35586,72.77792974724099,259.3345410900653,,,False,False
26_10,50.17943,24.44595,67.39449918174383,249.301294668104,,,False,False
26_11,50.17943,24.53604,62.86013926993891,239.2680511264041,,,False,False
26_12,50.17943,24.62613,59.33678737358765,229.23481550291248,,,False,False
26_13,50.17943,24.71622,54.02662925601223,219.2015937618931,,,False,False
26_14,50.17943,24.80631,47.706053055599945,209.1683930160674,,,False,False
26_15,50.17943,24.8964,42.664131721591865,199.13522181589605,,,False,False
26_16,50.17943,24.98649,39.28779252300441,189.1020905309638,,,False,False
26_17,50.17943,25.07658,37.40190817626733,179.06901185954723,,,False,False
26_18,50.17943,25.16667,35.24264176842523,169.03600151965335,,,False,False
26_19,50.17943,25.25676,30.114929597166096,159.00307920164914,,,False,False
26_20,50.17943,25.34685,22.75117361278344,148.97026990579977,,,False,False
26_21,50.17943,25.43694,16.545647014176495,138.93760585922774,,,False,False
26_22,50.17943,25.52703,10.384362353589813,128.905129327917,,,False,False
26_23,50.17943,25.61712,4.883199650896563,118.8728968523687,,,False,False
26_24,50.17943,25.70721,0.4501953549416486,108.84098582520927,5.0,5-10 m,True,True
26_25,50.17943,25.7973,2.3298339380037807,98.8095050745351,3.0,0-5 m,True,True
26_26,50.17943,25.88739,6.466150032343517,88.7786126199695,12.0,10-20 m,True,False
26_27,50.17943,25.97748,6.560803795283893,78.74854699351614,10.0,10-20 m,True,False
26_28,50.17943,26.06757,2.7846953097083054,68.71968597481107,9.0,5-10 m,True,True
26_29,50.17943,26.15766,0.4030418034214259,58.69266550234178,1.0,0-5 m,True,True
26_30,50.17943,26.24775,3.6900353647446655,48.66864544462608,,,False,False
26_31,50.17943,26.33784,3.46660582791631,38.64998842055251,,,False,False
26_32,50.17943,26.42793,1.2154802638709996,28.64236057471908,,,False,False
26_33,50.17943,26.51802,10.135553514753676,18.663570482014286,5.0,5-10 m,True,True
26_34,50.17943,26.60811,3.886301136113656,8.753468777240723,4.0,0-5 m,True,True
26_35,50.17943,26.6982,4.0439236256917255,1.6296874067630984,21.0,20-40 m,True,False
26_36,50.17943,26.78829,11.851455861688445,0.1701805449658982,21.0,20-40 m,True,False
26_37,50.17943,26.87838,18.3401988770358,0.1532160320713237,27.0,20-40 m,True,False
26_38,50.17943,26.96847,24.476813108144214,0.1552899063690522,33.0,20-40 m,True,False
26_39,50.17943,27.05856,31.701203603446515,0.1925639305170404,42.0,>40 m,True,False
26_40,50.17943,27.14865,39.86056999542339,0.5220397370645921,48.0,>40 m,True,False
26_41,50.17943,27.23874,48.54181464374506,3.205733919849097,47.0,>40 m,True,False
26_42,50.17943,27.32883,48.84633230170786,13.216743976277092,57.0,>40 m,True,False
26_43,50.17943,27.41892,50.09703712166472,23.248505423798058,53.0,>40 m,True,False
26_44,50.17943,27.50901,53.24502905752583,33.28229233345117,53.0,>40 m,True,False
26_45,50.17943,27.5991,57.98211987767701,43.3167226595354,49.0,>40 m,True,False
26_46,50.17943,27.68919,63.95619220288222,53.35145403649994,49.0,>40 m,True,False
26_47,50.17943,27.77928,70.85506390658698,63.3863609006553,8.0,5-10 m,True,True
26_48,50.17943,27.86937,78.43510044540704,73.42138634122541,47.0,>40 m,True,False
26_49,50.17943,27.95946,86.51746239945884,83.45650082700946,54.0,>40 m,True,False
26_50,50.17943,28.04955,94.97400230326636,78.62473347743388,54.0,>40 m,True,False
26_51,50.17943,28.13964,98.78414144205732,74.22833141688605,52.0,>40 m,True,False
26_52,50.17943,28.22973,94.97296527733216,70.78232733835107,57.0,>40 m,True,False
26_53,50.17943,28.31982,89.10982772497236,67.49816639900739,56.0,>40 m,True,False
26_54,50.17943,28.40991,83.02034591352238,65.24019752771734,54.0,>40 m,True,False
26_55,50.17943,28.5,77.45842060891225,64.37918923130039,54.0,>40 m,True,False
26_56,50.17943,28.59009,70.07848576635595,64.55929003400334,49.0,>40 m,True,False
26_57,50.17943,28.68018,60.259618295541664,66.27706644311895,48.0,>40 m,True,False
26_58,50.17943,28.77027,50.52552165380206,69.41929532031978,46.0,>40 m,True,False
26_59,50.17943,28.86036,40.93674065343448,73.80427562771064,47.0,>40 m,True,False
26_60,50.17943,28.95045,31.625766920467985,79.22593794454772,42.0,>40 m,True,False
26_61,50.17943,29.04054,22.933553558779884,85.48728023811547,41.0,>40 m,True,False
26_62,50.17943,29.13063,15.616645750677865,92.41780516964458,46.0,>40 m,True,False
26_63,50.17943,29.22072,11.478246847254882,99.878317100402,43.0,>40 m,True,False
26_64,50.17943,29.31081,11.160870130502117,107.75880344711084,37.0,20-40 m,True,False
26_65,50.17943,29.4009,17.85457357949139,115.97369222395945,32.0,20-40 m,True,False
26_66,50.17943,29.49099,26.54786192490952,124.45679180129312,28.0,20-40 m,True,False
26_67,50.17943,29.58108,22.339797184597813,133.15685873670608,27.0,20-40 m,True,False
26_68,50.17943,29.67117,16.58861848717356,142.03403604080583,25.0,20-40 m,True,False
26_69,50.17943,29.76126,11.55960497916269,151.05710912993334,16.0,10-20 m,True,False
26_70,50.17943,29.85135,5.147368537368151,160.20143445056488,3.0,0-5 m,True,True
26_71,50.17943,29.94144,2.6666136882859117,169.44738899110504,,,False,False
26_72,50.17943,30.03153,3.432245009396929,175.68495416072852,,,False,False
26_73,50.17943,30.12162,5.011266234878038,181.9112131153791,,,False,False
26_74,50.17943,30.21171,10.123420321332665,188.46775251874615,,,False,False
26_75,50.17943,30.3018,15.644946732038274,195.32131951908696,,,False,False
26_76,50.17943,30.39189,23.904706795741,202.4417538642035,,,False,False
26_77,50.17943,30.48198,33.02890376449548,209.80189031293384,,,False,False
27_0,50.28054,23.54505,132.69298591266394,316.6591361625063,,,False,False
27_1,50.28054,23.63514,126.5306792449085,311.6995638804032,,,False,False
27_2,50.28054,23.72523,120.87499031815408,306.98626476435203,,,False,False
27_3,50.28054,23.81532,113.16068699505804,302.530754200798,,,False,False
27_4,50.28054,23.90541,104.25428707005317,298.3445866915155,,,False,False
27_5,50.28054,23.9955,95.5702743853642,294.439255375895,,,False,False
27_6,50.28054,24.08559,87.17514726846031,289.5028431333916,,,False,False
27_7,50.28054,24.17568,79.1608839033671,279.47380994677195,,,False,False
27_8,50.28054,24.26577,71.65350482884372,269.4450117142939,,,False,False
27_9,50.28054,24.35586,64.6789076828749,259.416480020219,,,False,False
27_10,50.28054,24.44595,58.5886715362323,249.3882515332124,,,False,False
27_11,50.28054,24.53604,53.52833086910128,239.36036907097463,,,False,False
27_12,50.28054,24.62613,49.55542972524445,229.3328829440313,,,False,False
27_13,50.28054,24.71622,46.29419680945583,219.30585266790857,,,False,False
27_14,50.28054,24.80631,39.67164166383976,209.2793491671344,,,False,False
27_15,50.28054,24.8964,33.58698005728824,199.25325184151544,,,False,False
27_16,50.28054,24.98649,29.492453307598986,189.2277854669784,,,False,False
27_17,50.28054,25.07658,27.25871838489235,179.20312684094378,,,False,False
27_18,50.28054,25.16667,25.30753182009284,169.17942626321206,,,False,False
27_19,50.28054,25.25676,24.039298490052413,159.15687188873687,,,False,False
27_20,50.28054,25.34685,15.87255980919627,149.13570243566252,,,False,False
27_21,50.28054,25.43694,8.472151335679342,139.1162253771192,,,False,False
27_22,50.28054,25.52703,2.3180053340208877,129.0988435889002,,,False,False
27_23,50.28054,25.61712,2.849988348654636,119.0840954185903,8.0,5-10 m,True,True
27_24,50.28054,25.70721,4.4739917559003,109.07271677502396,19.0,10-20 m,True,False
27_25,50.28054,25.7973,10.232697556044895,99.06574075720977,16.0,10-20 m,True,False
27_26,50.28054,25.88739,15.938770709806732,89.06466421580326,8.0,5-10 m,True,True
27_27,50.28054,25.97748,15.4470068822463,79.07174018654334,14.0,10-20 m,True,False
27_28,50.28054,26.06757,12.272453277462056,69.09052277901193,18.0,10-20 m,True,False
27_29,50.28054,26.15766,7.802751853846081,59.126960285812416,5.0,5-10 m,True,True
27_30,50.28054,26.24775,6.464652433369541,49.191804989281565,4.0,0-5 m,True,True
27_31,50.28054,26.33784,6.575948336326987,39.30663269866666,4.0,0-5 m,True,True
27_32,50.28054,26.42793,9.231681084803482,29.52173474975892,3.0,0-5 m,True,True
27_33,50.28054,26.51802,15.449767937081342,19.98500257179151,6.0,5-10 m,True,True
27_34,50.28054,26.60811,12.374039042074005,11.340908068164032,17.0,10-20 m,True,False
27_35,50.28054,26.6982,12.766504111077737,7.38352776748306,8.0,5-10 m,True,True
27_36,50.28054,26.78829,18.27153045961436,9.41267079129424,15.0,10-20 m,True,False
27_37,50.28054,26.87838,25.902563394334724,7.340773989860038,17.0,10-20 m,True,False
27_38,50.28054,26.96847,32.41510273589473,0.9819175370866056,17.0,10-20 m,True,False
27_39,50.28054,27.05856,38.70199912955345,3.130820490282628,37.0,20-40 m,True,False
27_40,50.28054,27.14865,45.89244759741293,3.1265997100992533,45.0,>40 m,True,False
27_41,50.28054,27.23874,53.767454450956414,3.165778250596645,41.0,>40 m,True,False
27_42,50.28054,27.32883,58.90207616530868,13.199173335830244,55.0,>40 m,True,False
27_43,50.28054,27.41892,59.93576702209017,23.232606766562387,53.0,>40 m,True,False
27_44,50.28054,27.50901,62.58332739824026,33.26607836597364,55.0,>40 m,True,False
27_45,50.28054,27.5991,66.65273354851375,43.29958795755864,51.0,>40 m,True,False
27_46,50.28054,27.68919,71.90299331430084,53.33313536512584,56.0,>40 m,True,False
27_47,50.28054,27.77928,78.09632359582034,63.366720412803325,48.0,>40 m,True,False
27_48,50.28054,27.86937,85.02690775618485,73.40034292503059,53.0,>40 m,True,False
27_49,50.28054,27.95946,92.52924141807688,83.43400272657595,55.0,>40 m,True,False
27_50,50.28054,28.04955,93.47630896508986,87.47107502739809,55.0,>40 m,True,False
27_51,50.28054,28.13964,89.55905647143399,83.53475491157259,57.0,>40 m,True,False
27_52,50.28054,28.22973,85.72737661260865,80.1886096090815,56.0,>40 m,True,False
27_53,50.28054,28.31982,81.71532224906564,77.07390871447521,57.0,>40 m,True,False
27_54,50.28054,28.40991,75.04189473219587,75.09684108858028,63.0,>40 m,True,False
27_55,50.28054,28.5,69.12810928496309,74.31323504635901,47.0,>40 m,True,False
27_56,50.28054,28.59009,63.52260388505387,74.46057268770689,49.0,>40 m,True,False
27_57,50.28054,28.68018,58.38156130753493,75.94669323721618,47.0,>40 m,True,False
27_58,50.28054,28.77027,48.83228155931831,78.69580119241932,43.0,>40 m,True,False
27_59,50.28054,28.86036,38.83127143834862,82.58187366023611,44.0,>40 m,True,False
27_60,50.28054,28.95045,28.85299344791025,87.45348848285724,36.0,20-40 m,True,False
27_61,50.28054,29.04054,18.933488266496568,93.15616853730714,43.0,>40 m,True,False
27_62,50.28054,29.13063,9.263658658895892,99.54720168826628,40.0,>40 m,True,False
27_63,50.28054,29.22072,2.1570560205359404,106.50275006614034,40.0,>40 m,True,False
27_64,50.28054,29.31081,4.208295983657121,113.9194680563234,24.0,20-40 m,True,False
27_65,50.28054,29.4009,14.069498222562222,121.71308844724686,26.0,20-40 m,True,False
27_66,50.28054,29.49099,21.472689567319584,129.81575446648057,28.0,20-40 m,True,False
27_67,50.28054,29.58108,13.983316844878948,138.17311631749888,25.0,20-40 m,True,False
27_68,50.28054,29.67117,8.704226749094243,146.74167111478658,25.0,20-40 m,True,False
27_69,50.28054,29.76126,2.9407734299986745,155.48651472495055,1.0,0-5 m,True,True
27_70,50.28054,29.85135,1.9559937391304416,164.3795211718739,,,False,False
27_71,50.28054,29.94144,8.602522256918546,173.39790208994398,,,False,False
27_72,50.28054,30.03153,13.131641347929431,182.52308050551383,,,False,False
27_73,50.28054,30.12162,14.801822737866267,189.56106685982763,,,False,False
27_74,50.28054,30.21171,17.936917478231194,195.8540567408236,,,False,False
27_75,50.28054,30.3018,23.2573480908424,202.4502588391375,,,False,False
27_76,50.28054,30.39189,29.63819726422614,209.3210152012148,,,False,False
27_77,50.28054,30.48198,37.60253140585725,216.44018548733385,,,False,False
28_0,50.38165,23.54505,124.87148329764238,307.7513485625212,,,False,False
28_1,50.38165,23.63514,118.30951003780218,302.6530753841756,,,False,False
28_2,50.38165,23.72523,112.25990999781776,297.8039496486992,,,False,False
28_3,50.38165,23.81532,106.78102653562864,293.21633760675405,,,False,False
28_4,50.38165,23.90541,99.70458345167744,288.9027026897315,,,False,False
28_5,50.38165,23.9955,90.59070887002775,284.8754961736112,,,False,False
28_6,50.38165,24.08559,81.69102788291535,281.1470321545854,,,False,False
28_7,50.38165,24.17568,73.0838483650532,277.7293479056832,,,False,False
28_8,50.38165,24.26577,64.88569584042925,269.905111572008,,,False,False
28_9,50.38165,24.35586,57.27250905506562,259.8955513049413,,,False,False
28_10,50.38165,24.44595,50.32351820448382,249.88773963117197,,,False,False
28_11,50.38165,24.53604,44.53754253958422,239.88190034778592,,,False,False
28_12,50.38165,24.62613,39.9654640210866,229.87829617594187,,,False,False
28_13,50.38165,24.71622,36.88974496300048,219.87723759194608,,,False,False
28_14,50.38165,24.80631,32.710102206224526,209.8790941724333,,,False,False
28_15,50.38165,24.8964,25.33809000372613,199.88430932849036,,,False,False
28_16,50.38165,24.98649,19.830685859840823,189.89341966892408,,,False,False
28_17,50.38165,25.07658,17.17005280694652,179.90708077877036,,,False,False
28_18,50.38165,25.16667,15.761532824297818,169.92610203035662,,,False,False
28_19,50.38165,25.25676,13.82500361837346,159.95149433605647,,,False,False
28_20,50.38165,25.34685,11.154318939041106,149.98453680524713,,,False,False
28_21,50.38165,25.43694,2.7989771174964826,140.0268716147246,,,False,False
28_22,50.38165,25.52703,1.5748977990354502,130.0806420099896,4.0,0-5 m,True,True
28_23,50.38165,25.61712,11.60564080854946,120.14869804938328,15.0,10-20 m,True,False
28_24,50.38165,25.70721,13.909182739453293,110.23491205812648,17.0,10-20 m,True,False
28_25,50.38165,25.7973,17.76120749958743,100.34467808330638,14.0,10-20 m,True,False
28_26,50.38165,25.88739,11.674163697624216,90.48573262529622,24.0,20-40 m,True,False
28_27,50.38165,25.97748,7.978071657051547,80.66956317468137,12.0,10-20 m,True,False
28_28,50.38165,26.06757,6.210050700816084,70.91395267264555,13.0,10-20 m,True,False
28_29,50.38165,26.15766,0.0812526236932251,61.2478653991553,1.0,0-5 m,True,True
28_30,50.38165,26.24775,8.288366267407982,51.72154142197864,8.0,5-10 m,True,True
28_31,50.38165,26.33784,14.225128427726544,42.42925414297386,3.0,0-5 m,True,True
28_32,50.38165,26.42793,18.47341360065765,33.56597576428406,7.0,5-10 m,True,True
28_33,50.38165,26.51802,22.923385582042567,25.58162716252422,4.0,0-5 m,True,True
28_34,50.38165,26.60811,22.2698700515554,19.582614820995435,17.0,10-20 m,True,False
28_35,50.38165,26.6982,22.635881502522956,17.4927298211989,17.0,10-20 m,True,False
28_36,50.38165,26.78829,26.21363818872597,19.289069178083835,21.0,20-40 m,True,False
28_37,50.38165,26.87838,32.4916776943693,15.210322575652762,24.0,20-40 m,True,False
28_38,50.38165,26.96847,39.95348158187375,8.003645040046585,3.0,0-5 m,True,True
28_39,50.38165,27.05856,46.47978366289521,0.79806918752732,39.0,20-40 m,True,False
28_40,50.38165,27.14865,52.92018168671155,3.1398552100015573,52.0,>40 m,True,False
28_41,50.38165,27.23874,60.0906464645262,3.165134510936097,57.0,>40 m,True,False
28_42,50.38165,27.32883,67.7967721211986,13.196891711378356,49.0,>40 m,True,False
28_43,50.38165,27.41892,69.83429978034214,23.22869129955117,49.0,>40 m,True,False
28_44,50.38165,27.50901,72.11170641443609,33.26053311153357,58.0,>40 m,True,False
28_45,50.38165,27.5991,75.66286082646096,43.29241698366901,54.0,>40 m,True,False
28_46,50.38165,27.68919,80.31900584371012,53.32434275256461,54.0,>40 m,True,False
28_47,50.38165,27.77928,85.9006585099838,63.356310255091394,52.0,>40 m,True,False
28_48,50.38165,27.86937,92.2399705401796,73.38831932838123,45.0,>40 m,True,False
28_49,50.38165,27.95946,89.62443171309887,83.42036980984233,43.0,>40 m,True,False
28_50,50.38165,28.04955,84.51869813553414,93.45246153713904,52.0,>40 m,True,False
28_51,50.38165,28.13964,80.33225957451036,92.9410006468184,57.0,>40 m,True,False
28_52,50.38165,28.22973,76.50900783165335,89.59056750482709,57.0,>40 m,True,False
28_53,50.38165,28.31982,72.79424126350315,86.7341125978438,58.0,>40 m,True,False
28_54,50.38165,28.40991,67.57980449100546,84.97442285559627,54.0,>40 m,True,False
28_55,50.38165,28.5,61.01747558947152,84.24813776490493,48.0,>40 m,True,False
28_56,50.38165,28.59009,55.36764160522216,84.37008450144883,48.0,>40 m,True,False
28_57,50.38165,28.68018,49.70703547179563,85.67637346682669,48.0,>40 m,True,False
28_58,50.38165,28.77027,45.23433039942572,88.11436052728773,43.0,>40 m,True,False
28_59,50.38165,28.86036,39.18826402404084,91.5937346212829,43.0,>40 m,True,False
28_60,50.38165,28.95045,29.288573777967244,96.00134595536716,43.0,>40 m,True,False
28_61,50.38165,29.04054,19.5150007045136,101.2160141747732,35.0,20-40 m,True,False
28_62,50.38165,29.13063,10.255313675828155,107.11995102782598,32.0,20-40 m,True,False
28_63,50.38165,29.22072,4.7650639836899735,113.60575672432611,29.0,20-40 m,True,False
28_64,50.38165,29.31081,7.401646920179982,120.57958397846446,34.0,20-40 m,True,False
28_65,50.38165,29.4009,16.20110974590056,127.9616764236703,34.0,20-40 m,True,False
28_66,50.38165,29.49099,15.287009988241378,135.6854230749974,23.0,20-40 m,True,False
28_67,50.38165,29.58108,8.170315157444774,143.69575035990044,14.0,10-20 m,True,False
28_68,50.38165,29.67117,0.4042415696362093,151.94734922799196,3.0,0-5 m,True,True
28_69,50.38165,29.76126,5.289302655815852,160.40299632224318,,,False,False
28_70,50.38165,29.85135,10.489574546979073,169.03207963138996,,,False,False
28_71,50.38165,29.94144,15.727133835083936,177.80935712923818,,,False,False
28_72,50.38165,30.03153,22.588121635598437,186.71393693129443,,,False,False
28_73,50.38165,30.12162,24.59143808182479,195.72845125719752,,,False,False
28_74,50.38165,30.21171,26.5896205561024,203.44689186989228,,,False,False
28_75,50.38165,30.3018,31.79126615609881,209.79688915207024,,,False,False
28_76,50.38165,30.39189,36.94873849733698,216.4270743543213,,,False,False
28_77,50.38165,30.48198,43.63088089695643,223.31249732824577,,,False,False
29_0,50.48276,23.54505,117.44293431244525,298.9360590553805,,,False,False
29_1,50.48276,23.63514,110.44732296299978,293.6919862090166,,,False,False
29_2,50.48276,23.72523,103.94827285154828,288.69965864222195,,,False,False
29_3,50.48276,23.81532,98.0445933471908,283.9723593171961,,,False,False
29_4,50.48276,23.90541,92.79852716829171,279.5235404757976,,,False,False
29_5,50.48276,23.9955,86.55932766413193,275.366705370835,,,False,False
29_6,50.48276,24.08559,77.2012227275816,271.5152705781763,,,False,False
29_7,50.48276,24.17568,68.03370349718581,267.98240975539835,,,False,False
29_8,50.48276,24.26577,59.14548006439392,264.78088081196364,,,False,False
29_9,50.48276,24.35586,50.6837285536687,260.7731939405881,,,False,False
29_10,50.48276,24.44595,42.90157279102368,250.8014714054892,,,False,False
29_11,50.48276,24.53604,36.000763502395976,240.83463069193732,,,False,False
29_12,50.48276,24.62613,30.631250443969314,230.87330944533568,,,False,False
29_13,50.48276,24.71622,26.893557306742963,220.91825994283045,,,False,False
29_14,50.48276,24.80631,23.458841735389875,210.9703759436623,,,False,False
29_15,50.48276,24.8964,18.68843795546853,201.03072741826307,,,False,False
29_16,50.48276,24.98649,11.046844853965396,191.1006059761539,,,False,False
29_17,50.48276,25.07658,7.082382122637439,181.18158502063875,,,False,False
29_18,50.48276,25.16667,6.3404268038040055,171.2756004767721,,,False,False
29_19,50.48276,25.25676,3.619178808241774,161.38506072815952,,,False,False
29_20,50.48276,25.34685,2.26675416681179,151.51299876349825,,,False,False
29_21,50.48276,25.43694,1.0463871677995065,141.66328651944264,2.0,0-5 m,True,True
29_22,50.48276,25.52703,9.118383019445886,131.8409428586836,15.0,10-20 m,True,False
29_23,50.48276,25.61712,15.367352548728102,122.05258590056556,13.0,10-20 m,True,False
29_24,50.48276,25.70721,12.377486585098238,112.307113826231,11.0,10-20 m,True,False
29_25,50.48276,25.7973,7.984767778314097,102.61675801372908,3.0,0-5 m,True,True
29_26,50.48276,25.88739,3.975118633032991,92.9987628667522,4.0,0-5 m,True,True
29_27,50.48276,25.97748,1.9807392916565565,83.47815863927384,,,False,False
29_28,50.48276,26.06757,0.515936725061686,74.09251513575451,,,False,False
29_29,50.48276,26.15766,3.0463570356619205,64.90043092964342,,,False,False
29_30,50.48276,26.24775,0.580006420402071,55.99732968974788,3.0,0-5 m,True,True
29_31,50.48276,26.33784,10.60579550033999,47.54585524001994,5.0,5-10 m,True,True
29_32,50.48276,26.42793,20.434389922975523,39.83454218778364,2.0,0-5 m,True,True
29_33,50.48276,26.51802,29.1699269108308,33.38039394884385,3.0,0-5 m,True,True
29_34,50.48276,26.60811,32.30314518114674,29.034303259582146,8.0,5-10 m,True,True
29_35,50.48276,26.6982,32.653805623891365,27.603060255912727,9.0,5-10 m,True,True
29_36,50.48276,26.78829,35.22202764151439,28.956823845711394,17.0,10-20 m,True,False
29_37,50.48276,26.87838,40.20194808095027,22.22950862323415,29.0,20-40 m,True,False
29_38,50.48276,26.96847,46.71152370212059,13.135519477903191,25.0,20-40 m,True,False
29_39,50.48276,27.05856,54.06748992829728,3.1145479546653223,43.0,>40 m,True,False
29_40,50.48276,27.14865,60.55040473730583,3.144911361955187,54.0,>40 m,True,False
29_41,50.48276,27.23874,67.13068461772457,3.1727063764271244,62.0,>40 m,True,False
29_42,50.48276,27.32883,74.28718079043617,13.202844179265778,55.0,>40 m,True,False
29_43,50.48276,27.41892,79.76977125588208,23.233028327695138,52.0,>40 m,True,False
29_44,50.48276,27.50901,81.76315081269291,33.26325867051908,53.0,>40 m,True,False
29_45,50.48276,27.5991,84.90391626267609,43.293535056749214,59.0,>40 m,True,False
29_46,50.48276,27.68919,89.07078868028289,53.3238573356121,59.0,>40 m,True,False
29_47,50.48276,27.77928,87.52839000295948,63.354225356547154,56.0,>40 m,True,False
29_48,50.48276,27.86937,83.37208020051149,73.38463896920487,54.0,>40 m,True,False
29_49,50.48276,27.95946,80.25931977223493,83.41509802345836,56.0,>40 m,True,False
29_50,50.48276,28.04955,75.81648763104278,93.44560236938614,59.0,>40 m,True,False
29_51,50.48276,28.13964,71.14309122933525,102.34608393269032,55.0,>40 m,True,False
29_52,50.48276,28.22973,67.28890119413153,99.0369432857471,58.0,>40 m,True,False
29_53,50.48276,28.31982,63.47291553414832,96.45292446491705,54.0,>40 m,True,False
29_54,50.48276,28.40991,60.40345509805075,94.86591637628756,56.0,>40 m,True,False
29_55,50.48276,28.5,53.45388600275866,94.1837409164628,53.0,>40 m,True,False
29_56,50.48276,28.59009,47.067918101951896,94.28474379911418,57.0,>40 m,True,False
29_57,50.48276,28.68018,41.59283408397198,95.44726382106693,48.0,>40 m,True,False
29_58,50.48276,28.77027,36.140180277148026,97.63340282252604,48.0,>40 m,True,False
29_59,50.48276,28.86036,32.588827145771965,100.77657943910827,42.0,>40 m,True,False
29_60,50.48276,28.95045,26.540481594864577,104.79072261482467,40.0,>40 m,True,False
29_61,50.48276,29.04054,19.475669100127195,109.58016983868742,36.0,20-40 m,True,False
29_62,50.48276,29.13063,15.54365252940162,115.04814522561566,29.0,20-40 m,True,False
29_63,50.48276,29.22072,14.632038654584248,121.10278432529256,31.0,20-40 m,True,False
29_64,50.48276,29.31081,15.581654073671412,127.66065215892937,28.0,20-40 m,True,False
29_65,50.48276,29.4009,14.319193777988174,134.64825089883695,17.0,10-20 m,True,False
29_66,50.48276,29.49099,7.89372312090789,142.00216544163374,11.0,10-20 m,True,False
29_67,50.48276,29.58108,2.050510498036912,149.66841754017466,6.0,5-10 m,True,True
29_68,50.48276,29.67117,4.876381490133518,157.60144246810918,,,False,False
29_69,50.48276,29.76126,12.890280667345785,165.76295095864822,,,False,False
29_70,50.48276,29.85135,19.069362950424924,174.12082437673897,,,False,False
29_71,50.48276,29.94144,23.90861677483337,182.64811504219304,,,False,False
29_72,50.48276,30.03153,29.553140198698276,191.3221780139033,,,False,False
29_73,50.48276,30.12162,34.039888584721346,200.1239357173995,,,False,False
29_74,50.48276,30.21171,35.82851911054692,209.0372646736783,,,False,False
29_75,50.48276,30.3018,39.83443366747613,217.3389404059228,,,False,False
29_76,50.48276,30.39189,45.198249887622936,223.7381330859629,,,False,False
29_77,50.48276,30.48198,50.79976427183791,230.39770232362972,,,False,False
30_0,50.58387,23.54505,110.4861130415536,290.22148851115287,,,False,False
30_1,50.58387,23.63514,103.0257841210299,284.8241454753266,,,False,False
30_2,50.58387,23.72523,96.0326856987273,279.6807965934365,,,False,False
30_3,50.58387,23.81532,89.61627922213489,274.8057094608619,,,False,False
30_4,50.58387,23.90541,83.89536584989872,270.21340993093065,,,False,False
30_5,50.58387,23.9955,78.98253382083578,265.9185552117015,,,False,False
30_6,50.58387,24.08559,73.88647308569729,261.9357830027973,,,False,False
30_7,50.58387,24.17568,64.25218949973734,258.27953715760464,,,False,False
30_8,50.58387,24.26577,54.75847880819792,254.96387171007655,,,False,False
30_9,50.58387,24.35586,45.49346115737973,252.00223668346263,,,False,False
30_10,50.58387,24.44595,36.63111445039503,249.4072508093789,,,False,False
30_11,50.58387,24.53604,28.548980541519068,242.2139501857796,,,False,False
30_12,50.58387,24.62613,21.759827790636027,232.3124218589832,,,False,False
30_13,50.58387,24.71622,17.12138887588385,222.4223802441208,,,False,False
30_14,50.58387,24.80631,15.486982201217208,212.54543498106025,,,False,False
30_15,50.58387,24.8964,10.063599689923214,202.68350713365712,,,False,False
30_16,50.58387,24.98649,5.667483764905242,192.83890752741848,,,False,False
30_17,50.58387,25.07658,1.642315070002003,183.01443969641056,,,False,False
30_18,50.58387,25.16667,3.350617389376014,173.21353682741588,2.0,0-5 m,True,True
30_19,50.58387,25.25676,6.477646508727216,163.44044634776367,8.0,5-10 m,True,True
30_20,50.58387,25.34685,7.248603914275719,153.7004823193476,14.0,10-20 m,True,False
30_21,50.58387,25.43694,10.564113612701512,144.00037595248213,20.0,20-40 m,True,False
30_22,50.58387,25.52703,15.112056566904124,134.3487706676088,12.0,10-20 m,True,False
30_23,50.58387,25.61712,15.695867049538402,124.75693421765074,11.0,10-20 m,True,False
30_24,50.58387,25.70721,9.35378958848444,115.2398034485214,7.0,5-10 m,True,True
30_25,50.58387,25.7973,1.143264096144601,105.81754973666526,1.0,0-5 m,True,True
30_26,50.58387,25.88739,2.407886685791533,96.51797709046724,,,False,False
30_27,50.58387,25.97748,3.5069726036224877,87.38027910771876,,,False,False
30_28,50.58387,26.06757,3.531764058213008,78.46104977735737,,,False,False
30_29,50.58387,26.15766,0.9396610000762252,69.84405518889827,,,False,False
30_30,50.58387,26.24775,0.6471295423355722,61.656167558463984,1.0,0-5 m,True,True
30_31,50.58387,26.33784,6.800229877084839,54.09262312216491,5.0,5-10 m,True,True
30_32,50.58387,26.42793,16.38813432965979,47.452938471748034,3.0,0-5 m,True,True
30_33,50.58387,26.51802,26.12923286624612,42.17575336159304,2.0,0-5 m,True,True
30_34,50.58387,26.60811,36.02783749468722,38.82078025544,10.0,10-20 m,True,False
30_35,50.58387,26.6982,42.69534509236141,37.71186417717722,16.0,10-20 m,True,False
30_36,50.58387,26.78829,44.7020483897781,33.59820928411636,21.0,20-40 m,True,False
30_37,50.58387,26.87838,48.71563609562623,23.57845425582108,24.0,20-40 m,True,False
30_38,50.58387,26.96847,54.30860973936339,13.558717770931342,36.0,20-40 m,True,False
30_39,50.58387,27.05856,60.92710070657728,3.5389999128784866,43.0,>40 m,True,False
30_40,50.58387,27.14865,68.21999082551285,3.141773491271412,46.0,>40 m,True,False
30_41,50.58387,27.23874,74.66326206429426,3.188488542035642,57.0,>40 m,True,False
30_42,50.58387,27.32883,81.33332255888872,13.21702542844252,52.0,>40 m,True,False
30_43,50.58387,27.41892,88.47898128121878,23.24561253407906,51.0,>40 m,True,False
30_44,50.58387,27.50901,91.49820961844364,33.27424972029016,54.0,>40 m,True,False
30_45,50.58387,27.5991,88.8287397446156,43.30293684858115,56.0,>40 m,True,False
30_46,50.58387,27.68919,84.35915588881518,53.33167378061937,58.0,>40 m,True,False
30_47,50.58387,27.77928,78.78157764647517,63.36046037823666,63.0,>40 m,True,False
30_48,50.58387,27.86937,74.1454348985789,73.38929650342641,57.0,>40 m,True,False
30_49,50.58387,27.95946,70.63636368249932,83.41818201835108,63.0,>40 m,True,False
30_50,50.58387,28.04955,67.4305355160779,93.44711678533262,61.0,>40 m,True,False
30_51,50.58387,28.13964,62.17899111330285,103.47610066686396,58.0,>40 m,True,False
30_52,50.58387,28.22973,58.06704256294661,108.57315712474278,58.0,>40 m,True,False
30_53,50.58387,28.31982,54.25915221304616,106.2138305334036,56.0,>40 m,True,False
30_54,50.58387,28.40991,50.77030693495381,104.76694961684818,54.0,>40 m,True,False
30_55,50.58387,28.5,46.78465916498111,104.11941069281788,56.0,>40 m,True,False
30_56,50.58387,28.59009,39.339062912783056,104.20264927859128,55.0,>40 m,True,False
30_57,50.58387,28.68018,33.19549185073274,105.24746068272204,44.0,>40 m,True,False
30_58,50.58387,28.77027,27.61685506997713,107.22575219477228,38.0,20-40 m,True,False
30_59,50.58387,28.86036,23.130101317605224,110.0872228750074,34.0,20-40 m,True,False
30_60,50.58387,28.95045,21.07846470454133,113.7652616818135,31.0,20-40 m,True,False
30_61,50.58387,29.04054,12.476395313204405,118.18366628911843,24.0,20-40 m,True,False
30_62,50.58387,29.13063,6.026430262791702,123.26285712715952,20.0,20-40 m,True,False
30_63,50.58387,29.22072,5.270069702302987,128.92477010933712,15.0,10-20 m,True,False
30_64,50.58387,29.31081,7.622925041558537,135.09616891402288,26.0,20-40 m,True,False
30_65,50.58387,29.4009,7.937387147754887,141.71051530533566,31.0,20-40 m,True,False
30_66,50.58387,29.49099,0.7617589204352044,148.7087250542777,,,False,False
30_67,50.58387,29.58108,6.107035587395056,156.03916757074023,,,False,False
30_68,50.58387,29.67117,11.798718452867435,163.6572135919643,,,False,False
30_69,50.58387,29.76126,18.836328250769977,171.52455459532683,,,False,False
30_70,50.58387,29.85135,26.69325885574468,179.60844165071455,,,False,False
30_71,50.58387,29.94144,32.517326408312364,187.8809322496406,,,False,False
30_72,50.58387,30.03153,37.56515498889797,196.3181924757743,,,False,False
30_73,50.58387,30.12162,43.491087450664985,204.89987552913215,,,False,False
30_74,50.58387,30.21171,45.295376966174544,213.60858196187823,,,False,False
30_75,50.58387,30.3018,48.51822233602125,222.4293984324973,,,False,False
30_76,50.58387,30.39189,53.45756484372687,231.2345677069625,,,False,False
30_77,50.58387,30.48198,58.72140253689996,237.67658749248008,,,False,False
31_0,50.68498,23.54505,104.09510476589304,281.6167768398251,,,False,False
31_1,50.68498,23.63514,96.14640890391036,276.0583254015302,,,False,False
31_2,50.68498,23.72523,88.61871212700801,270.7556826069785,,,False,False
31_3,50.68498,23.81532,81.62858733206997,265.72416933396306,,,False,False
31_4,50.68498,23.90541,75.3258600703631,260.97947389175835,,,False,False
31_5,50.68498,23.9955,69.85588002689737,256.53751733751915,,,False,False
31_6,50.68498,24.08559,65.43358115424687,252.41428934623468,,,False,False
31_7,50.68498,24.17568,61.9711120963088,248.625654478484,,,False,False
31_8,50.68498,24.26577,52.06684177716422,245.1871303386661,,,False,False
31_9,50.68498,24.35586,42.21939716789844,242.1136411191132,,,False,False
31_10,50.68498,24.44595,32.48054763971106,239.41925227948545,,,False,False
31_11,50.68498,24.53604,22.98878505258024,237.1168944418728,,,False,False
31_12,50.68498,24.62613,14.24693246313134,234.18722950276057,,,False,False
31_13,50.68498,24.71622,7.77711770637464,224.3800596932589,,,False,False
31_14,50.68498,24.80631,5.221752042657605,214.59338339026132,,,False,False
31_15,50.68498,24.8964,1.4298829664807675,204.83014480139815,,,False,False
31_16,50.68498,24.98649,2.4769017753100733,195.09386972083823,9.0,5-10 m,True,True
31_17,50.68498,25.07658,8.594187254361099,185.3888138233706,1.0,0-5 m,True,True
31_18,50.68498,25.16667,7.690854023435349,175.7201577361372,22.0,20-40 m,True,False
31_19,50.68498,25.25676,7.433135023732464,166.09426657853555,15.0,10-20 m,True,False
31_20,50.68498,25.34685,7.945565434069533,156.51903947322518,9.0,5-10 m,True,True
31_21,50.68498,25.43694,6.936224644600632,147.00438626811055,29.0,20-40 m,True,False
31_22,50.68498,25.52703,7.574739127034156,137.56288654092018,12.0,10-20 m,True,False
31_23,50.68498,25.61712,5.804129942773825,128.21071330588856,19.0,10-20 m,True,False
31_24,50.68498,25.70721,6.456741822394494,118.96894603252086,3.0,0-5 m,True,True
31_25,50.68498,25.7973,9.931097848966354,109.86546262760515,3.0,0-5 m,True,True
31_26,50.68498,25.88739,7.696204553542194,100.937698952037,2.0,0-5 m,True,True
31_27,50.68498,25.97748,6.662168448226955,92.23670900024317,5.0,5-10 m,True,True
31_28,50.68498,26.06757,6.590529128537505,83.83314934062275,5.0,5-10 m,True,True
31_29,50.68498,26.15766,4.165918324073799,75.82599287432146,11.0,10-20 m,True,False
31_30,50.68498,26.24775,2.4190112200673477,68.35470792022143,1.0,0-5 m,True,True
31_31,50.68498,26.33784,7.405628004557205,61.61456352135361,9.0,5-10 m,True,True
31_32,50.68498,26.42793,16.48897582797833,55.87082458804584,9.0,5-10 m,True,True
31_33,50.68498,26.51802,26.19106359242716,51.45826193641442,10.0,10-20 m,True,False
31_34,50.68498,26.60811,36.071323605376136,48.73980207621099,15.0,10-20 m,True,False
31_35,50.68498,26.6982,46.01516022845876,44.029234199933946,19.0,10-20 m,True,False
31_36,50.68498,26.78829,54.40683732338902,34.01071039487545,15.0,10-20 m,True,False
31_37,50.68498,26.87838,57.74267804003095,23.992200227487004,24.0,20-40 m,True,False
31_38,50.68498,26.96847,62.526536763330256,13.973703769854732,29.0,20-40 m,True,False
31_39,50.68498,27.05856,68.45552993336867,3.955221093780501,29.0,20-40 m,True,False
31_40,50.68498,27.14865,75.13630397896806,2.9376493672943407,51.0,>40 m,True,False
31_41,50.68498,27.23874,82.38702522375021,8.994817430168023,61.0,>40 m,True,False
31_42,50.68498,27.32883,88.79750808467902,15.665647713742688,52.0,>40 m,True,False
31_43,50.68498,27.41892,90.92291836396,24.718975155298157,60.0,>40 m,True,False
31_44,50.68498,27.50901,84.96988354218347,34.31844060404749,68.0,>40 m,True,False
31_45,50.68498,27.5991,79.83513280533744,44.10893789888775,59.0,>40 m,True,False
31_46,50.68498,27.68919,75.68541641713914,53.98666348558569,62.0,>40 m,True,False
31_47,50.68498,27.77928,70.36925540456734,63.9112091530798,59.0,>40 m,True,False
31_48,50.68498,27.86937,65.14595555393387,73.86372495952762,62.0,>40 m,True,False
31_49,50.68498,27.95946,61.13160095443655,83.83426785082226,61.0,>40 m,True,False
31_50,50.68498,28.04955,58.52117355696958,93.81710647075936,59.0,>40 m,True,False
31_51,50.68498,28.13964,53.57137224592871,103.80870810341224,62.0,>40 m,True,False
31_52,50.68498,28.22973,48.84784809164959,113.80677799133788,60.0,>40 m,True,False
31_53,50.68498,28.31982,45.043942164631495,116.0058228219798,58.0,>40 m,True,False
31_54,50.68498,28.40991,41.28765755129531,114.67466512508462,52.0,>40 m,True,False
31_55,50.68498,28.5,38.76934864556749,114.05474206702414,49.0,>40 m,True,False
31_56,50.68498,28.59009,32.814002748997765,114.12256806388984,41.0,>40 m,True,False
31_57,50.68498,28.68018,25.2402298329202,115.06909386071544,36.0,20-40 m,True,False
31_58,50.68498,28.77027,19.63948444980499,116.87298424918158,27.0,20-40 m,True,False
31_59,50.68498,28.86036,13.922209211592584,119.49542919657505,26.0,20-40 m,True,False
31_60,50.68498,28.95045,11.2088322241531,122.8840454290005,22.0,20-40 m,True,False
31_61,50.68498,29.04054,9.26682652770008,126.97751895978074,9.0,5-10 m,True,True
31_62,50.68498,29.13063,0.6917033865992823,131.7101572014377,,,False,False
31_63,50.68498,29.22072,2.4982084028590483,137.01575457298276,,,False,False
31_64,50.68498,29.31081,1.5750305676950782,142.83048558140675,28.0,20-40 m,True,False
31_65,50.68498,29.4009,1.8560394118399843,149.09480259352685,,,False,False
31_66,50.68498,29.49099,4.796919565573844,155.75447817273545,,,False,False
31_67,50.68498,29.58108,11.519874857718026,162.76099768822135,,,False,False
31_68,50.68498,29.67117,19.94128415997132,170.07150755436578,,,False,False
31_69,50.68498,29.76126,25.78744893296365,177.64849068430766,,,False,False
31_70,50.68498,29.85135,32.85859245801632,185.4592971102704,,,False,False
31_71,50.68498,29.94144,40.635587188061166,193.47561718652904,,,False,False
31_72,50.68498,30.03153,45.91628031450776,201.67295248910435,,,False,False
31_73,50.68498,30.12162,51.308926366282165,210.03011614376155,,,False,False
31_74,50.68498,30.21171,54.87156236739187,218.5287785541528,,,False,False
31_75,50.68498,30.3018,57.55264931592115,227.15306452043933,,,False,False
31_76,50.68498,30.39189,61.76602093962908,235.88920181382957,,,False,False
31_77,50.68498,30.48198,67.12921180599737,244.7252180387168,,,False,False
32_0,50.78609,23.54505,98.37968506202644,273.132094214111,,,False,False
32_1,50.78609,23.63514,89.93309316117085,267.4043421804791,,,False,False
32_2,50.78609,23.72523,81.84212077284803,261.93367883733464,,,False,False
32_3,50.78609,23.81532,74.22317600248346,256.7365457371065,,,False,False
32_4,50.78609,23.90541,67.23693615796235,251.829885038754,,,False,False
32_5,50.78609,23.9955,61.10084198900765,247.23099870451628,,,False,False
32_6,50.78609,24.08559,56.012955857014944,242.95737168627144,,,False,False
32_7,50.78609,24.17568,52.35315439935705,239.02645792804103,,,False,False
32_8,50.78609,24.26577,50.44844809271636,235.45542998468989,,,False,False
32_9,50.78609,24.35586,41.31327507819758,232.26089557558257,,,False,False
32_10,50.78609,24.44595,31.291529600533128,229.4585873491356,,,False,False
32_11,50.78609,24.53604,21.26976778829768,227.0630353159308,,,False,False
32_12,50.78609,24.62613,11.247989724853811,225.08723449086952,,,False,False
32_13,50.78609,24.71622,1.226195493405008,223.54232285833027,,,False,False
32_14,50.78609,24.80631,5.042084250852619,217.1006107663028,6.0,5-10 m,True,True
32_15,50.78609,24.8964,6.1047050847384,207.45507202367745,1.0,0-5 m,True,True
32_16,50.78609,24.98649,1.4303843750375251,197.84757799037416,7.0,5-10 m,True,True
32_17,50.78609,25.07658,0.9019905304584248,188.2839602347277,1.0,0-5 m,True,True
32_18,50.78609,25.16667,1.9919759790426843,178.77126858209067,,,False,False
32_19,50.78609,25.25676,2.7855376173730417,169.3180951801295,,,False,False
32_20,50.78609,25.34685,2.134160580315569,159.9350030931148,,,False,False
32_21,50.78609,25.43694,2.9946215806908056,150.63509860078247,,,False,False
32_22,50.78609,25.52703,0.1345979528835919,141.43480261964737,,,False,False
32_23,50.78609,25.61712,0.7968266320853626,132.35489976895602,1.0,0-5 m,True,True
32_24,50.78609,25.70721,0.4663143853933991,123.42197588665168,,,False,False
32_25,50.78609,25.7973,4.624570848110804,114.6703981546198,3.0,0-5 m,True,True
32_26,50.78609,25.88739,14.64280909267393,106.14504531861434,7.0,5-10 m,True,True
32_27,50.78609,25.97748,16.829516629462585,97.90504759457048,8.0,5-10 m,True,True
32_28,50.78609,26.06757,16.107065270244004,90.02880777259203,2.0,0-5 m,True,True
32_29,50.78609,26.15766,12.130791296983436,82.62044071395609,18.0,10-20 m,True,False
32_30,50.78609,26.24775,10.6111240663824,75.81724248947161,11.0,10-20 m,True,False
32_31,50.78609,26.33784,14.775916005009108,69.79642017025016,14.0,10-20 m,True,False
32_32,50.78609,26.42793,21.33382868912906,64.77652501651842,12.0,10-20 m,True,False
32_33,50.78609,26.51802,29.86710310751801,61.005171726780034,12.0,10-20 m,True,False
32_34,50.78609,26.60811,38.85207552062337,54.80820752055423,9.0,5-10 m,True,True
32_35,50.78609,26.6982,48.222885441924376,44.92783922799742,17.0,10-20 m,True,False
32_36,50.78609,26.78829,57.81407417248607,35.12988585207884,17.0,10-20 m,True,False
32_37,50.78609,26.87838,67.07542920455994,25.509549858881204,39.0,20-40 m,True,False
32_38,50.78609,26.96847,71.22809524187815,16.38287522106265,47.0,>40 m,True,False
32_39,50.78609,27.05856,76.47860529356412,9.33254442367722,44.0,>40 m,True,False
32_40,50.78609,27.14865,82.6179321783526,9.056559419801006,55.0,>40 m,True,False
32_41,50.78609,27.23874,89.33838490226071,15.49822965366008,61.0,>40 m,True,False
32_42,50.78609,27.32883,90.52598492691348,22.7056697392348,62.0,>40 m,True,False
32_43,50.78609,27.41892,83.3562696362734,29.679722296007853,57.0,>40 m,True,False
32_44,50.78609,27.50901,76.82716709628757,38.04346909222757,53.0,>40 m,True,False
32_45,50.78609,27.5991,71.1153642015869,47.06176183871326,57.0,>40 m,True,False
32_46,50.78609,27.68919,66.43203509631108,56.42163321707479,60.0,>40 m,True,False
32_47,50.78609,27.77928,62.426034000459566,65.97789377452115,67.0,>40 m,True,False
32_48,50.78609,27.86937,56.48149501051361,75.65618198209226,61.0,>40 m,True,False
32_49,50.78609,27.95946,51.809211620730686,85.4150457698281,59.0,>40 m,True,False
32_50,50.78609,28.04955,48.77485153219341,95.22973338393314,61.0,>40 m,True,False
32_51,50.78609,28.13964,45.3889682684298,105.08461944820934,62.0,>40 m,True,False
32_52,50.78609,28.22973,39.864886409384816,114.96938098509678,59.0,>40 m,True,False
32_53,50.78609,28.31982,35.826940322621105,124.87693634634572,56.0,>40 m,True,False
32_54,50.78609,28.40991,32.03445264859157,124.58712023365372,45.0,>40 m,True,False
32_55,50.78609,28.5,29.058499666336303,123.98946712049064,34.0,20-40 m,True,False
32_56,50.78609,28.59009,28.11046345001465,124.04366877278252,33.0,20-40 m,True,False
32_57,50.78609,28.68018,19.066048318524796,124.90676153445342,30.0,20-40 m,True,False
32_58,50.78609,28.77027,11.187071124421683,126.56220934430368,25.0,20-40 m,True,False
32_59,50.78609,28.86036,5.822426918903549,128.97951764369995,12.0,10-20 m,True,False
32_60,50.78609,28.95045,1.4498781069677251,132.116885487345,10.0,10-20 m,True,False
32_61,50.78609,29.04054,6.057014822097186,135.92447225182102,4.0,0-5 m,True,True
32_62,50.78609,29.13063,1.3299734769547171,140.34775059961186,,,False,False
32_63,50.78609,29.22072,8.67866337245215,145.3305240041781,,,False,False
32_64,50.78609,29.31081,9.685530138429131,150.8173578852422,,,False,False
32_65,50.78609,29.4009,11.64897890330093,156.75534043218923,,,False,False
32_66,50.78609,29.49099,13.56620284055521,163.09521180446802,,,False,False
32_67,50.78609,29.58108,18.621883035141423,169.79196825573288,,,False,False
32_68,50.78609,29.67117,25.40938357921717,176.8050701629314,,,False,False
32_69,50.78609,29.76126,33.60490447593239,184.09837625541508,,,False,False
32_70,50.78609,29.85135,39.80342827299693,191.639905484284,,,False,False
32_71,50.78609,29.94144,46.879886222063405,199.40150329736548,,,False,False
32_72,50.78609,30.03153,54.5237708534059,207.3584663145549,,,False,False
32_73,50.78609,30.12162,59.42779558142091,215.48916089973105,,,False,False
32_74,50.78609,30.21171,64.50776120084247,223.7746572901357,,,False,False
32_75,50.78609,30.3018,66.79496885840187,232.198391219414,,,False,False
32_76,50.78609,30.39189,70.44975148473168,240.74585848885224,,,False,False
32_77,50.78609,30.48198,75.27319121842474,249.4043438433959,,,False,False
33_0,50.8872,23.54505,93.4633018424564,264.77876412253005,,,False,False
33_1,50.8872,23.63514,84.53220172387468,258.87319198256193,,,False,False
33_2,50.8872,23.72523,75.87318197865166,253.22533771526173,,,False,False
33_3,50.8872,23.81532,67.59091438525601,247.85282685846616,,,False,False
33_4,50.8872,23.90541,59.84205960244082,242.77394701277035,,,False,False
33_5,50.8872,23.9955,52.86174418661507,238.00750372115104,,,False,False
33_6,50.8872,24.08559,46.97320099795131,233.5726325916013,,,False,False
33_7,50.8872,24.17568,42.5511990743478,229.48856493739524,,,False,False
33_8,50.8872,24.26577,40.19314995121355,225.77434651451267,,,False,False
33_9,50.8872,24.35586,39.913003802407296,222.44851206065044,,,False,False
33_10,50.8872,24.44595,32.94133275778111,219.52872219454864,,,False,False
33_11,50.8872,24.53604,23.625286026517717,217.0313735685449,,,False,False
33_12,50.8872,24.62613,14.958966908114505,214.971197554986,,,False,False
33_13,50.8872,24.71622,6.791640056624106,213.3608666048686,,,False,False
33_14,50.8872,24.80631,2.8875484906704005,212.2106300736528,,,False,False
33_15,50.8872,24.8964,3.717133284163706,210.54017020486563,,,False,False
33_16,50.8872,24.98649,7.6731902983704865,201.07930258827503,,,False,False
33_17,50.8872,25.07658,8.006958682013266,191.67603092966132,,,False,False
33_18,50.8872,25.16667,12.186064195891886,182.3392743274242,,,False,False
33_19,50.8872,25.25676,12.945616170465454,173.0798061731688,,,False,False
33_20,50.8872,25.34685,12.343066779811268,163.91073440931956,,,False,False
33_21,50.8872,25.43694,5.272040465962848,154.8481275660996,,,False,False
33_22,50.8872,25.52703,0.3117629793839884,145.9118349507202,,,False,False
33_23,50.8872,25.61712,1.2726170353417503,137.126564784865,2.0,0-5 m,True,True
33_24,50.8872,25.70721,0.4416519396446822,128.5233021704427,6.0,5-10 m,True,True
33_25,50.8872,25.7973,1.6967111521995497,120.14116652836051,2.0,0-5 m,True,True
33_26,50.8872,25.88739,7.1454305536630045,112.02981692508926,6.0,5-10 m,True,True
33_27,50.8872,25.97748,9.71779729410536,104.25249249542496,3.0,0-5 m,True,True
33_28,50.8872,26.06757,13.678504504966345,96.88967885433264,3.0,0-5 m,True,True
33_29,50.8872,26.15766,19.855540998753543,90.04313386855667,4.0,0-5 m,True,True
33_30,50.8872,26.24775,20.5630215094496,83.83945078482475,6.0,5-10 m,True,True
33_31,50.8872,26.33784,24.094504496441,78.43134308711353,9.0,5-10 m,True,True
33_32,50.8872,26.42793,28.6986207323179,73.99348100298174,14.0,10-20 m,True,False
33_33,50.8872,26.51802,35.5119757564629,66.7988277691917,11.0,10-20 m,True,False
33_34,50.8872,26.60811,43.58443767788309,57.23283675936383,12.0,10-20 m,True,False
33_35,50.8872,26.6982,52.3176238555321,47.85503064920513,19.0,10-20 m,True,False
33_36,50.8872,26.78829,61.277956884134895,38.80213483674417,14.0,10-20 m,True,False
33_37,50.8872,26.87838,70.51634250657177,30.3661974811638,40.0,>40 m,True,False
33_38,50.8872,26.96847,79.9446916360748,23.22946461902498,56.0,>40 m,True,False
33_39,50.8872,27.05856,84.94275646561888,18.923930035267976,63.0,>40 m,True,False
33_40,50.8872,27.14865,90.50285230975176,18.823451713833315,63.0,>40 m,True,False
33_41,50.8872,27.23874,92.31691419217766,22.67474397379251,71.0,>40 m,True,False
33_42,50.8872,27.32883,84.11912678333147,29.5480385329668,49.0,>40 m,True,False
33_43,50.8872,27.41892,76.35733865280304,36.779236614528216,62.0,>40 m,True,False
33_44,50.8872,27.50901,69.1784873813268,43.80250838439266,61.0,>40 m,True,False
33_45,50.8872,27.5991,62.78288613824521,51.823357218041565,59.0,>40 m,True,False
33_46,50.8872,27.68919,57.4328272760891,60.445986876641626,65.0,>40 m,True,False
33_47,50.8872,27.77928,53.44327038919504,69.44662641445271,53.0,>40 m,True,False
33_48,50.8872,27.86937,48.33160587833336,78.69570116853978,63.0,>40 m,True,False
33_49,50.8872,27.95946,42.7874836745113,88.11503264174392,58.0,>40 m,True,False
33_50,50.8872,28.04955,39.06986441662566,97.6553837355603,63.0,>40 m,True,False
33_51,50.8872,28.13964,37.30501004753296,107.28448927938874,48.0,>40 m,True,False
33_52,50.8872,28.22973,31.40999209077617,116.98044818315113,54.0,>40 m,True,False
33_53,50.8872,28.31982,26.608132543100425,126.72792946605112,44.0,>40 m,True,False
33_54,50.8872,28.40991,22.824058429117656,134.50295102161587,37.0,20-40 m,True,False
33_55,50.8872,28.5,19.379549270051346,133.92340417011297,32.0,20-40 m,True,False
33_56,50.8872,28.59009,18.179623326412614,133.96537297198842,25.0,20-40 m,True,False
33_57,50.8872,28.68018,16.397685966077095,134.75663872877803,17.0,10-20 m,True,False
33_58,50.8872,28.77027,6.408632251954263,136.28416206824812,7.0,5-10 m,True,True
33_59,50.8872,28.86036,2.44392165609757,138.52359970585914,,,False,False
33_60,50.8872,28.95045,0.3343626321566346,141.4411513405526,1.0,0-5 m,True,True
33_61,50.8872,29.04054,3.057839158550025,144.99589912324757,14.0,10-20 m,True,False
33_62,50.8872,29.13063,2.3038525313075398,149.1422983941698,,,False,False
33_63,50.8872,29.22072,10.020694459339593,153.83252453419902,,,False,False
33_64,50.8872,29.31081,19.417676038349526,159.0184742669447,,,False,False
33_65,50.8872,29.4009,21.443810958494986,164.65332346465013,,,False,False
33_66,50.8872,29.49099,23.04244647433914,170.6926302293068,,,False,False
33_67,50.8872,29.58108,26.87049043175106,177.09502963876227,,,False,False
33_68,50.8872,29.67117,32.48035181921911,183.8225953492212,,,False,False
33_69,50.8872,29.76126,39.40149264936274,190.8409501167041,,,False,False
33_70,50.8872,29.85135,47.41360883655216,198.1192006860016,,,False,False
33_71,50.8872,29.94144,53.81894739247133,205.6297595142028,,,False,False
33_72,50.8872,30.03153,60.895199687122265,213.3481012742012,,,False,False
33_73,50.8872,30.12162,67.90422945143013,221.25248872296183,,,False,False
33_74,50.8872,30.21171,73.11440092926681,229.3236914826976,,,False,False
33_75,50.8872,30.3018,76.16900913025476,237.54471280027735,,,False,False
33_76,50.8872,30.39189,79.38519159826095,245.9005331768416,,,False,False
33_77,50.8872,30.48198,83.68723848188594,254.37787547049183,,,False,False
34_0,50.98831,23.54505,89.47717547948592,256.5693983363784,,,False,False
34_1,50.98831,23.63514,80.10757027621189,250.4772030214191,,,False,False
34_2,50.98831,23.72523,70.91539040300081,244.6425695457873,,,False,False
34_3,50.98831,23.81532,61.979653519834834,239.08436275261712,,,False,False
34_4,50.98831,23.90541,53.42921077456067,233.82230395684724,,,False,False
34_5,50.98831,23.9955,45.48192090971384,228.87682789075984,,,False,False
34_6,50.98831,24.08559,38.51304127339922,224.2688869228701,,,False,False
34_7,50.98831,24.17568,33.064079255477175,220.01969753056252,,,False,False
34_8,50.98831,24.26577,29.977621509464345,216.1504265984288,,,False,False
34_9,50.98831,24.35586,29.621415951191175,212.68181891317408,,,False,False
34_10,50.98831,24.44595,30.14858736905945,209.63377219771095,,,False,False
34_11,50.98831,24.53604,25.02528384565972,207.024871907368,,,False,False
34_12,50.98831,24.62613,21.11196293482949,204.8719042549457,,,False,False
34_13,50.98831,24.71622,15.011636905697046,203.18937171663467,,,False,False
34_14,50.98831,24.80631,13.120368892034708,201.98903958413896,,,False,False
34_15,50.98831,24.8964,13.928566268280624,201.27954394219583,,,False,False
34_16,50.98831,24.98649,16.708892669363667,200.17508888000427,,,False,False
34_17,50.98831,25.07658,18.22595930241266,195.5389253261748,,,False,False
34_18,50.98831,25.16667,21.18911858935597,186.3942409785355,,,False,False
34_19,50.98831,25.25676,23.021993147646626,177.34491023208437,,,False,False
34_20,50.98831,25.34685,19.572306589365265,168.4063145233027,,,False,False
34_21,50.98831,25.43694,13.936355076499694,159.59707059516228,,,False,False
34_22,50.98831,25.52703,8.783001406579459,150.93983841149347,,,False,False
34_23,50.98831,25.61712,2.445487911042984,142.46234425239,,,False,False
34_24,50.98831,25.70721,6.878573397552187,134.1986669334212,,,False,False
34_25,50.98831,25.7973,1.526411321280164,126.1908316402304,1.0,0-5 m,True,True
34_26,50.98831,25.88739,2.25853230037476,118.49073392522874,,,False,False
34_27,50.98831,25.97748,0.0986133418144739,111.16235634180524,4.0,0-5 m,True,True
34_28,50.98831,26.06757,5.798734203334048,104.28410939718088,4.0,0-5 m,True,True
34_29,50.98831,26.15766,13.061243089343169,97.9508816039582,5.0,5-10 m,True,True
34_30,50.98831,26.24775,22.26015475295873,92.2749794975774,3.0,0-5 m,True,True
34_31,50.98831,26.33784,29.00134491935797,87.3846013488014,8.0,5-10 m,True,True
34_32,50.98831,26.42793,37.19026076232486,79.5309310309999,13.0,10-20 m,True,False
34_33,50.98831,26.51802,42.83022518714193,70.26755692010293,15.0,10-20 m,True,False
34_34,50.98831,26.60811,49.7230611839871,61.24416027369111,18.0,10-20 m,True,False
34_35,50.98831,26.6982,57.54409135630896,52.58445732652829,19.0,10-20 m,True,False
34_36,50.98831,26.78829,65.96400840120008,44.50131280399845,21.0,20-40 m,True,False
34_37,50.98831,26.87838,74.75720140141763,37.370785012607215,17.0,10-20 m,True,False
34_38,50.98831,26.96847,83.70778482300572,31.83951460201591,40.0,>40 m,True,False
34_39,50.98831,27.05856,92.87567708131526,28.842807502626503,59.0,>40 m,True,False
34_40,50.98831,27.14865,96.17523603460027,28.78767423661059,57.0,>40 m,True,False
34_41,50.98831,27.23874,87.19795805408518,31.472015668959084,68.0,>40 m,True,False
34_42,50.98831,27.32883,78.47331404946615,36.728592713608464,65.0,>40 m,True,False
34_43,50.98831,27.41892,70.09572718920963,43.6861374485806,65.0,>40 m,True,False
34_44,50.98831,27.50901,62.20560512322964,50.90901408378024,64.0,>40 m,True,False
34_45,50.98831,27.5991,55.01312210029168,57.94878018113088,56.0,>40 m,True,False
34_46,50.98831,27.68919,48.827588817295776,65.76792437917099,47.0,>40 m,True,False
34_47,50.98831,27.77928,44.07505383728003,74.12022227271895,66.0,>40 m,True,False
34_48,50.98831,27.86937,40.24488276357435,82.8445950254495,60.0,>40 m,True,False
34_49,50.98831,27.95946,34.30313539467906,91.83508039451284,57.0,>40 m,True,False
34_50,50.98831,28.04955,29.546300223783284,101.02067086650496,48.0,>40 m,True,False
34_51,50.98831,28.13964,27.36029198363982,110.35267182337677,48.0,>40 m,True,False
34_52,50.98831,28.22973,23.81893179285221,119.79688687664196,45.0,>40 m,True,False
34_53,50.98831,28.31982,17.590255084876286,129.32874828839255,38.0,20-40 m,True,False
34_54,50.98831,28.40991,13.611832882846889,138.93022954302995,31.0,20-40 m,True,False
34_55,50.98831,28.5,9.83479006495434,143.85642797674782,19.0,10-20 m,True,False
34_56,50.98831,28.59009,8.250164021357014,143.88726800726275,14.0,10-20 m,True,False
34_57,50.98831,28.68018,8.175261034765688,144.6159449188798,11.0,10-20 m,True,False
34_58,50.98831,28.77027,3.764587357152504,146.03202375335516,3.0,0-5 m,True,True
34_59,50.98831,28.86036,4.951507645076124,148.11580067680416,,,False,False
34_60,50.98831,28.95045,8.441825677276046,150.83961707945477,,,False,False
34_61,50.98831,29.04054,5.538302554847872,154.16956310418266,,,False,False
34_62,50.98831,29.13063,9.55518770097566,158.06734624980328,,,False,False
34_63,50.98831,29.22072,16.321068351199795,162.492118555044,,,False,False
34_64,50.98831,29.31081,23.81770429705608,167.40210674312033,,,False,False
34_65,50.98831,29.4009,31.264962000150472,172.7559533898343,,,False,False
34_66,50.98831,29.49099,32.59442459444974,178.51373644144783,,,False,False
34_67,50.98831,29.58108,35.58927872087536,184.6376792081308,,,False,False
34_68,50.98831,29.67117,40.45793081546922,191.09259047005023,,,False,False
34_69,50.98831,29.76126,46.417465696881685,197.8460866326092,,,False,False
34_70,50.98831,29.85135,53.40919967047096,204.8686492059021,,,False,False
34_71,50.98831,29.94144,61.2501245018518,212.13356567465823,,,False,False
34_72,50.98831,30.03153,67.8292144756524,219.6167936056986,,,False,False
34_73,50.98831,30.12162,74.90329183468103,227.2967789864851,,,False,False
34_74,50.98831,30.21171,81.34168370768117,235.15425164913188,,,False,False
34_75,50.98831,30.3018,85.63105835600531,243.1720138126065,,,False,False
34_76,50.98831,30.39189,88.49568047753816,251.3347324100592,,,False,False
34_77,50.98831,30.48198,92.36620404723288,259.6287418478174,,,False,False
35_0,51.08942,23.54505,86.54933891349984,248.5180432313692,,,False,False
35_1,51.08942,23.63514,76.82738909974898,242.23020412449463,,,False,False
35_2,51.08942,23.72523,67.19217882369115,236.19883215855,,,False,False
35_3,51.08942,23.81532,57.68721597311491,230.4440735311329,,,False,False
35_4,51.08942,23.90541,48.38934781608575,224.98716315167192,,,False,False
35_5,51.08942,23.9955,39.44533534779261,219.8502891745553,,,False,False
35_6,51.08942,24.08559,31.16142953395577,215.05639470002063,,,False,False
35_7,51.08942,24.17568,24.22463473526657,210.6289083216882,,,False,False
35_8,51.08942,24.26577,19.860770038100497,206.5913979379984,,,False,False
35_9,51.08942,24.35586,19.34491268045184,202.96714672097235,,,False,False
35_10,51.08942,24.44595,22.533161854310425,199.7786564465924,,,False,False
35_11,51.08942,24.53604,15.88562715195654,197.04709131237485,,,False,False
35_12,51.08942,24.62613,12.546812040082749,194.7916842390245,,,False,False
35_13,51.08942,24.71622,15.518041087237703,193.0291363355189,,,False,False
35_14,51.08942,24.80631,22.43513216863259,191.7730471731769,,,False,False
35_15,51.08942,24.8964,24.15283482104763,191.03341710562827,,,False,False
35_16,51.08942,24.98649,26.209816641501696,190.04267651431215,,,False,False
35_17,51.08942,25.07658,28.452197117378347,188.7528682165224,,,False,False
35_18,51.08942,25.16667,30.438924983854434,187.9874976302417,,,False,False
35_19,51.08942,25.25676,33.16799719563226,182.07778277372117,,,False,False
35_20,51.08942,25.34685,27.90522042014894,173.38104605000993,,,False,False
35_21,51.08942,25.43694,21.94509735344451,164.8353368428928,,,False,False
35_22,51.08942,25.52703,16.002315057435304,156.4654135664037,,,False,False
35_23,51.08942,25.61712,11.73345777942768,148.30105354356192,,,False,False
35_24,51.08942,25.70721,13.163726566840108,140.37813946434582,,,False,False
35_25,51.08942,25.7973,11.57413810972164,132.73992455143284,,,False,False
35_26,51.08942,25.88739,11.733354135770838,125.43844042291911,,,False,False
35_27,51.08942,25.97748,7.681845186531299,118.5359422538228,,,False,False
35_28,51.08942,26.06757,0.1019121180971325,112.10616689817488,,,False,False
35_29,51.08942,26.15766,8.392434523541754,106.23499785931392,7.0,5-10 m,True,True
35_30,51.08942,26.24775,14.844474395917294,101.01989524868029,7.0,5-10 m,True,True
35_31,51.08942,26.33784,23.70108192322242,92.70111565812024,9.0,5-10 m,True,True
35_32,51.08942,26.42793,33.22524511355499,83.69353336393617,11.0,10-20 m,True,False
35_33,51.08942,26.51802,42.97544447662611,74.9442455826109,17.0,10-20 m,True,False
35_34,51.08942,26.60811,52.39426759697783,66.55522171406625,20.0,20-40 m,True,False
35_35,51.08942,26.6982,61.99806762911399,58.68120435324367,19.0,10-20 m,True,False
35_36,51.08942,26.78829,71.60638336026524,51.55872396246507,19.0,10-20 m,True,False
35_37,51.08942,26.87838,79.7971925386829,45.5418028954734,42.0,>40 m,True,False
35_38,51.08942,26.96847,88.36670008903128,41.11871338954508,61.0,>40 m,True,False
35_39,51.08942,27.05856,97.18584557463656,38.83791737936681,69.0,>40 m,True,False
35_40,51.08942,27.14865,92.08980015799354,38.802240537719456,69.0,>40 m,True,False
35_41,51.08942,27.23874,82.97946557701349,40.85507313804663,69.0,>40 m,True,False
35_42,51.08942,27.32883,73.76288806340364,45.02259946541838,69.0,>40 m,True,False
35_43,51.08942,27.41892,64.78487812092636,50.85163150105709,68.0,>40 m,True,False
35_44,51.08942,27.50901,56.16000107474869,57.84204695180784,66.0,>40 m,True,False
35_45,51.08942,27.5991,48.07871884090447,65.05323644058612,70.0,>40 m,True,False
35_46,51.08942,27.68919,40.864857534610266,72.10007183169162,69.0,>40 m,True,False
35_47,51.08942,27.77928,35.05808822010494,79.78668413403275,46.0,>40 m,True,False
35_48,51.08942,27.86937,31.380401347510745,87.94549959661045,49.0,>40 m,True,False
35_49,51.08942,27.95946,26.78536685855779,96.45678656262734,43.0,>40 m,True,False
35_50,51.08942,28.04955,20.460169957556907,105.23507404227644,39.0,20-40 m,True,False
35_51,51.08942,28.13964,17.447223647784146,114.21883307531428,35.0,20-40 m,True,False
35_52,51.08942,28.22973,15.554919757815105,123.36319656630688,31.0,20-40 m,True,False
35_53,51.08942,28.31982,9.69658681270114,132.63496394454495,26.0,20-40 m,True,False
35_54,51.08942,28.40991,4.397761892606511,142.00919531381734,48.0,>40 m,True,False
35_55,51.08942,28.5,0.6291318967651172,151.46687920620246,3.0,0-5 m,True,True
35_56,51.08942,28.59009,1.6779314760658093,153.80905354139873,,,False,False
35_57,51.08942,28.68018,1.7442763429348838,154.48261309341825,,,False,False
35_58,51.08942,28.77027,4.453945107879379,155.80067245568142,,,False,False
35_59,51.08942,28.86036,10.273114850638832,157.7470876315598,,,False,False
35_60,51.08942,28.95045,17.02395253139774,160.29898142405645,,,False,False
35_61,51.08942,29.04054,15.387572776831268,163.42800326869687,,,False,False
35_62,51.08942,29.13063,17.73069721425556,167.10174573706033,,,False,False
35_63,51.08942,29.22072,23.62358791297977,171.28517253469636,,,False,False
35_64,51.08942,29.31081,30.351738177510956,175.94194019520413,,,False,False
35_65,51.08942,29.4009,37.80553140063872,181.035534531684,,,False,False
35_66,51.08942,29.49099,42.225746833468286,186.5301826306599,,,False,False
35_67,51.08942,29.58108,44.7361704424338,192.3915343851437,,,False,False
35_68,51.08942,29.67117,48.92370767463942,198.58713089406083,,,False,False
35_69,51.08942,29.76126,54.2551552690669,205.08669039945087,,,False,False
35_70,51.08942,29.85135,60.39004032458512,211.86224760524172,,,False,False
35_71,51.08942,29.94144,67.4177074937957,218.8881817182212,,,False,False
35_72,51.08942,30.03153,75.12912450166648,226.14116473002255,,,False,False
35_73,51.08942,30.12162,81.83273685016185,233.60005615005412,,,False,False
35_74,51.08942,30.21171,88.90371891234577,241.2457648298771,,,False,False
35_75,51.08942,30.3018,94.92762100642511,249.06109339668672,,,False,False
35_76,51.08942,30.39189,97.7318793003548,257.03057646500173,,,False,False
35_77,51.08942,30.48198,101.24159761331468,265.1403203070415,,,False,False
36_0,51.19053,23.54505,81.06579267582352,240.6403359363035,,,False,False
36_1,51.19053,23.63514,74.8416155732175,234.14770941677324,,,False,False
36_2,51.19053,23.72523,64.91554840312726,227.90934371123157,,,False,False
36_3,51.19053,23.81532,55.022213618293485,221.9466881883803,,,False,False
36_4,51.19053,23.90541,45.18315524983426,216.28255573913785,,,False,False
36_5,51.19053,23.9955,35.44365119232549,210.94100424075475,,,False,False
36_6,51.19053,24.08559,25.916251265530157,205.9471442591988,,,False,False
36_7,51.19053,24.17568,16.96230969885498,201.32686004118835,,,False,False
36_8,51.19053,24.26577,10.137427771057578,197.1064334274581,,,False,False
36_9,51.19053,24.35586,9.129137092016464,193.31206533410707,,,False,False
36_10,51.19053,24.44595,12.604866941664833,189.9692972605505,,,False,False
36_11,51.19053,24.53604,9.48515249072969,187.1023458274704,,,False,False
36_12,51.19053,24.62613,2.390435202457984,184.73337590419064,,,False,False
36_13,51.19053,24.71622,8.58008664574822,182.88175092066697,,,False,False
36_14,51.19053,24.80631,18.00394680159145,181.56331018748827,,,False,False
36_15,51.19053,24.8964,27.432434348100674,180.7897297791215,,,False,False
36_16,51.19053,24.98649,34.61870543061888,179.923839907074,,,False,False
36_17,51.19053,25.07658,38.67732737530091,178.56887709177124,,,False,False
36_18,51.19053,25.16667,36.21832598234104,177.76756306595763,,,False,False
36_19,51.19053,25.25676,33.11370606834798,177.5274060578247,,,False,False
36_20,51.19053,25.34685,32.52917308447207,177.8506903050363,,,False,False
36_21,51.19053,25.43694,29.832779800512647,170.51757378582195,,,False,False
36_22,51.19053,25.52703,25.1494503551898,162.43751596699795,,,False,False
36_23,51.19053,25.61712,21.71557616019101,154.5854273493116,,,False,False
36_24,51.19053,25.70721,22.514833596041804,146.99785575768863,,,False,False
36_25,51.19053,25.7973,21.684397673822875,139.7179147732373,,,False,False
36_26,51.19053,25.88739,20.6795629361736,132.7962200483722,,,False,False
36_27,51.19053,25.97748,12.985363252650906,126.29170215453152,,,False,False
36_28,51.19053,26.06757,5.38144805281896,120.27207914491666,,,False,False
36_29,51.19053,26.15766,2.3851801412267437,114.81365957098916,4.0,0-5 m,True,True
36_30,51.19053,26.24775,11.492284725903096,106.14786018660055,11.0,10-20 m,True,False
36_31,51.19053,26.33784,20.68099774414185,97.35056892018432,11.0,10-20 m,True,False
36_32,51.19053,26.42793,30.39862881917912,88.81320021516066,14.0,10-20 m,True,False
36_33,51.19053,26.51802,40.26406788122296,80.61839465355787,19.0,10-20 m,True,False
36_34,51.19053,26.60811,50.19026713644564,72.88182141596484,24.0,20-40 m,True,False
36_35,51.19053,26.6982,60.14718250490383,65.76542481191161,21.0,20-40 m,True,False
36_36,51.19053,26.78829,70.12175685741173,59.492207441737776,18.0,10-20 m,True,False
36_37,51.19053,26.87838,80.10741704532052,54.35492989103244,40.0,>40 m,True,False
36_38,51.19053,26.96847,90.1004977766994,50.70011492327193,64.0,>40 m,True,False
36_39,51.19053,27.05856,96.2408725285232,48.86160132345975,68.0,>40 m,True,False
36_40,51.19053,27.14865,87.17800104461837,48.83529162000805,69.0,>40 m,True,False
36_41,51.19053,27.23874,78.34768966349559,50.488622933950886,68.0,>40 m,True,False
36_42,51.19053,27.32883,69.6717734845726,53.91784589615965,71.0,>40 m,True,False
36_43,51.19053,27.41892,60.67423480222235,58.86586158997324,71.0,>40 m,True,False
36_44,51.19053,27.50901,51.36924923432446,64.99364979547654,72.0,>40 m,True,False
36_45,51.19053,27.5991,42.3905793042677,72.0006409413297,69.0,>40 m,True,False
36_46,51.19053,27.68919,33.997807575975045,79.19995373850969,55.0,>40 m,True,False
36_47,51.19053,27.77928,26.74832150905042,86.25004840801977,36.0,20-40 m,True,False
36_48,51.19053,27.86937,21.8135368485556,93.84284508574116,35.0,20-40 m,True,False
36_49,51.19053,27.95946,17.943506839781037,101.85706886997843,33.0,20-40 m,True,False
36_50,51.19053,28.04955,12.643851302312047,110.2008312513386,22.0,20-40 m,True,False
36_51,51.19053,28.13964,7.650560578894351,118.80473649090204,18.0,10-20 m,True,False
36_52,51.19053,28.22973,8.269379965871945,127.61619312511748,18.0,10-20 m,True,False
36_53,51.19053,28.31982,1.7349149857968915,136.59505436397228,4.0,0-5 m,True,True
36_54,51.19053,28.40991,4.417363100814921,145.71038902235549,,,False,False
36_55,51.19053,28.5,8.578396865356485,154.9381237811365,,,False,False
36_56,51.19053,28.59009,11.604680173782308,163.73050751933897,,,False,False
36_57,51.19053,28.68018,11.662471883789994,164.3550768395757,,,False,False
36_58,51.19053,28.77027,13.462728249711104,165.58619101460465,,,False,False
36_59,51.19053,28.86036,17.986621794322307,167.41047958169466,,,False,False
36_60,51.19053,28.95045,24.34422489002283,169.80883608208336,,,False,False
36_61,51.19053,29.04054,25.259036284668085,172.7573632151868,,,False,False
36_62,51.19053,29.13063,26.830632367582677,176.22845785174758,,,False,False
36_63,51.19053,29.22072,31.336450060797105,180.1919330456305,,,False,False
36_64,51.19053,29.31081,37.54107574957386,184.61608860595817,,,False,False
36_65,51.19053,29.4009,44.385795277365965,189.4686653983888,,,False,False
36_66,51.19053,29.49099,51.82336433158911,194.71764487535523,,,False,False
36_67,51.19053,29.58108,54.12520418051045,200.33187927873053,,,False,False
36_68,51.19053,29.67117,57.63693325430962,206.28155654593849,,,False,False
36_69,51.19053,29.76126,62.41463448725192,212.53851625654795,,,False,False
36_70,51.19053,29.85135,68.07521146909762,219.07643950178056,,,False,False
36_71,51.19053,29.94144,74.3735083357465,225.87093761197443,,,False,False
36_72,51.19053,30.03153,81.42241802368042,232.8995636886528,,,False,False
36_73,51.19053,30.12162,89.04394239911184,240.1417681511674,,,False,False
36_74,51.19053,30.21171,95.82885054945056,247.57881600800252,,,False,False
36_75,51.19053,30.3018,102.89629122257072,255.1936799604443,,,False,False
36_76,51.19053,30.39189,107.06090274686971,262.97092012816466,,,False,False
36_77,51.19053,30.48198,110.26565339935574,270.89655833814766,,,False,False
37_0,51.29164,23.54505,73.2698650120922,232.9536673785572,,,False,False
37_1,51.29164,23.63514,66.72957549926655,226.24711740987428,,,False,False
37_2,51.29164,23.72523,61.13647999276621,219.79131867565775,,,False,False
37_3,51.29164,23.81532,53.911044617437305,213.6090163520072,,,False,False
37_4,51.29164,23.90541,43.93593167431924,207.72464053925287,,,False,False
37_5,51.29164,23.9955,33.96063124865616,202.1642176118828,,,False,False
37_6,51.29164,24.08559,23.985143467330204,196.95519673402868,,,False,False
37_7,51.29164,24.17568,14.009468457659208,192.12617229011812,,,False,False
37_8,51.29164,24.26577,4.033606347400388,187.7064848270591,,,False,False
37_9,51.29164,24.35586,0.7906725932313066,183.7256882461662,,,False,False
37_10,51.29164,24.44595,3.644566920816636,180.2128802686817,,,False,False
37_11,51.29164,24.53604,0.6241476439839428,177.19590696723594,,,False,False
37_12,51.29164,24.62613,1.5823446296398096,174.70046979271473,1.0,0-5 m,True,True
37_13,51.29164,24.71622,6.0167813049391805,172.74918308158698,,,False,False
37_14,51.29164,24.80631,15.993515765424304,171.36064812568148,,,False,False
37_15,51.29164,24.8964,21.62200825885754,170.5486221569917,,,False,False
37_16,51.29164,24.98649,25.5645189016952,169.8207070103165,,,False,False
37_17,51.29164,25.07658,31.942816934091084,168.3924000798062,,,False,False
37_18,51.29164,25.16667,27.16174895073231,167.5503341315377,,,False,False
37_19,51.29164,25.25676,23.113253309159603,167.30337329859427,,,False,False
37_20,51.29164,25.34685,22.331912220421327,167.65415939361944,,,False,False
37_21,51.29164,25.43694,20.238553068156563,168.59897336926548,,,False,False
37_22,51.29164,25.52703,18.197496791755444,168.80850166969478,,,False,False
37_23,51.29164,25.61712,20.133045589379343,161.26310137057015,,,False,False
37_24,51.29164,25.70721,21.61956966538967,154.00077202676542,,,False,False
37_25,51.29164,25.7973,20.773870961370815,147.06346752714896,,,False,False
37_26,51.29164,25.88739,13.15702256630613,140.49935388461813,,,False,False
37_27,51.29164,25.97748,8.792592554997805,134.36315032381157,,,False,False
37_28,51.29164,26.06757,5.537628597861785,128.60640732365067,,,False,False
37_29,51.29164,26.15766,1.694525664411615,119.77931905602344,3.0,0-5 m,True,True
37_30,51.29164,26.24775,10.55528834623198,111.15488920889628,10.0,10-20 m,True,False
37_31,51.29164,26.33784,20.17470809893828,102.78416225646288,16.0,10-20 m,True,False
37_32,51.29164,26.42793,30.055563272439407,94.734432864994,20.0,20-40 m,True,False
37_33,51.29164,26.51802,40.00464961397297,87.09477212255072,17.0,10-20 m,True,False
37_34,51.29164,26.60811,49.98127594366716,79.98279414209287,22.0,20-40 m,True,False
37_35,51.29164,26.6982,59.97173110137458,73.55175407013854,19.0,10-20 m,True,False
37_36,51.29164,26.78829,69.97011892936129,67.99516539032099,30.0,20-40 m,True,False
37_37,51.29164,26.87838,79.9734879910625,63.54287542218318,48.0,>40 m,True,False
37_38,51.29164,26.96847,89.9801981341104,60.43945503659409,68.0,>40 m,True,False
37_39,51.29164,27.05856,92.6100826629609,58.898542815100825,74.0,>40 m,True,False
37_40,51.29164,27.14865,83.15716388980381,58.876650170221055,72.0,>40 m,True,False
37_41,51.29164,27.23874,73.85276893615872,60.24762468811379,76.0,>40 m,True,False
37_42,51.29164,27.32883,64.76097640293284,63.16013821575718,64.0,>40 m,True,False
37_43,51.29164,27.41892,55.98549458165528,67.42623447519794,66.0,>40 m,True,False
37_44,51.29164,27.50901,47.265512856934215,72.83055485948125,45.0,>40 m,True,False
37_45,51.29164,27.5991,38.45227328146585,79.14028485206242,41.0,>40 m,True,False
37_46,51.29164,27.68919,29.013619635323764,86.1567510357356,29.0,20-40 m,True,False
37_47,51.29164,27.77928,20.043295800393945,93.3444747257477,26.0,20-40 m,True,False
37_48,51.29164,27.86937,12.743068674163,100.3959614901356,24.0,20-40 m,True,False
37_49,51.29164,27.95946,9.206652633096748,107.91872274769143,4.0,0-5 m,True,True
37_50,51.29164,28.04955,4.6863491321032695,115.82098097788749,1.0,0-5 m,True,True
37_51,51.29164,28.13964,1.4895055900371803,124.03023664085634,,,False,False
37_52,51.29164,28.22973,0.5570185310816484,132.48945013924032,,,False,False
37_53,51.29164,28.31982,5.840233275003509,141.1537027921761,,,False,False
37_54,51.29164,28.40991,12.053895837365989,149.9874782628265,,,False,False
37_55,51.29164,28.5,17.787810312011057,158.96252913650105,,,False,False
37_56,51.29164,28.59009,21.53009907669741,168.05623380438038,,,False,False
37_57,51.29164,28.68018,21.57934249290824,174.23212920921088,,,False,False
37_58,51.29164,28.77027,23.049977415575917,175.38553586723063,,,False,False
37_59,51.29164,28.86036,26.646313511932394,177.10050395296076,,,False,False
37_60,51.29164,28.95045,31.8812561992739,179.36093603446483,,,False,False
37_61,51.29164,29.04054,35.13640871865754,182.14653557300585,,,False,False
37_62,51.29164,29.13063,36.33840066817496,185.4336464887785,,,False,False
37_63,51.29164,29.22072,39.86575904264641,189.19614023326,,,False,False
37_64,51.29164,29.31081,45.1472320348982,193.40628410575368,,,False,False
37_65,51.29164,29.4009,51.49918151799471,198.03553882187,,,False,False
37_66,51.29164,29.49099,58.42218931847066,203.05525067969967,,,False,False
37_67,51.29164,29.58108,63.644758853829394,208.4372206409201,,,False,False
37_68,51.29164,29.67117,66.65266079647049,214.15414691857453,,,False,False
37_69,51.29164,29.76126,70.95662525663028,220.1799481382488,,,False,False
37_70,51.29164,29.85135,76.07348623556777,226.4899807168977,,,False,False
37_71,51.29164,29.94144,81.9165106626066,233.06116732373735,,,False,False
37_72,51.29164,30.03153,88.35885529631658,239.8720539747713,,,False,False
37_73,51.29164,30.12162,95.42144756557664,246.9028123175676,,,False,False
37_74,51.29164,30.21171,102.97676785211738,254.13520171416545,,,False,False
37_75,51.29164,30.3018,109.8167069348143,261.55250337666195,,,False,False
37_76,51.29164,30.39189,116.46012647378762,269.13943642117744,,,False,False
37_77,51.29164,30.48198,119.40435970727336,276.882063501709,,,False,False
38_0,51.39275,23.54505,66.17775744648455,225.4773473323747,,,False,False
38_1,51.39275,23.63514,58.86148361587845,218.5479208085364,,,False,False
38_2,51.39275,23.72523,52.4432588707631,211.86422523977689,3.0,0-5 m,True,True
38_3,51.39275,23.81532,47.2529945662079,205.45025390069455,11.0,10-20 m,True,False
38_4,51.39275,23.90541,42.56557684792404,199.33205538234407,,,False,False
38_5,51.39275,23.9955,33.23046841943504,193.53769222554493,,,False,False
38_6,51.39275,24.08559,24.08827693115837,188.09710475306176,,,False,False
38_7,51.39275,24.17568,14.346470973791336,183.04185256145644,,,False,False
38_8,51.39275,24.26577,4.851761815321882,178.4047062545452,,,False,False
38_9,51.39275,24.35586,3.851284348735857,174.21906636574667,2.0,0-5 m,True,True
38_10,51.39275,24.44595,3.6013497045446146,170.51819671190822,3.0,0-5 m,True,True
38_11,51.39275,24.53604,2.77062099997282,167.33427683644248,,,False,False
38_12,51.39275,24.62613,0.2692199665998037,164.69730263979042,,,False,False
38_13,51.39275,24.71622,5.699792005082249,162.63389353432893,,,False,False
38_14,51.39275,24.80631,9.173280377030585,161.16609364907987,,,False,False
38_15,51.39275,24.8964,11.81652165425874,160.31027666794358,,,False,False
38_16,51.39275,24.98649,17.745573586306776,159.73594641703278,,,False,False
38_17,51.39275,25.07658,21.911272351805025,158.22457358268002,,,False,False
38_18,51.39275,25.16667,19.301539543512,157.33602339452628,,,False,False
38_19,51.39275,25.25676,13.45057753385603,157.08087850944588,,,False,False
38_20,51.39275,25.34685,12.137306839147865,157.462231033706,,,False,False
38_21,51.39275,25.43694,11.302783617070636,158.47549906592073,,,False,False
38_22,51.39275,25.52703,8.011273288469862,160.10869848385445,,,False,False
38_23,51.39275,25.61712,9.941436463725283,162.34313327401682,,,False,False
38_24,51.39275,25.70721,11.536480768930838,161.33673329569964,,,False,False
38_25,51.39275,25.7973,16.561180155289055,154.7239669909305,,,False,False
38_26,51.39275,25.88739,7.498816531385971,148.49382048926464,,,False,False
38_27,51.39275,25.97748,0.6945248318640977,142.22156499149392,,,False,False
38_28,51.39275,26.06757,4.585941874823998,133.5400728987589,5.0,5-10 m,True,True
38_29,51.39275,26.15766,7.344214189151844,125.05894379558482,12.0,10-20 m,True,False
38_30,51.39275,26.24775,15.336608624487129,116.82184022112452,16.0,10-20 m,True,False
38_31,51.39275,26.33784,24.137429779206997,108.88417520555753,20.0,20-40 m,True,False
38_32,51.39275,26.42793,32.98468341276196,101.31637062539194,24.0,20-40 m,True,False
38_33,51.39275,26.51802,42.24667587093613,94.20762262940464,34.0,20-40 m,True,False
38_34,51.39275,26.60811,51.79060118048975,87.6696926099447,33.0,20-40 m,True,False
38_35,51.39275,26.6982,61.48534364488002,81.83952141486706,25.0,20-40 m,True,False
38_36,51.39275,26.78829,71.269410451757,76.87832428801886,27.0,20-40 m,True,False
38_37,51.39275,26.87838,81.11050754898886,72.96360219299886,58.0,>40 m,True,False
38_38,51.39275,26.96847,90.99015393473088,70.27049576831675,66.0,>40 m,True,False
38_39,51.39275,27.05856,89.92526197817799,68.94234226064056,72.0,>40 m,True,False
38_40,51.39275,27.14865,80.19405393189189,68.92207701805195,75.0,>40 m,True,False
38_41,51.39275,27.23874,70.50587468216494,70.08927971221011,70.0,>40 m,True,False
38_42,51.39275,27.32883,60.92124510346898,72.61651209108794,61.0,>40 m,True,False
38_43,51.39275,27.41892,51.50077499862932,76.34872239693694,43.0,>40 m,True,False
38_44,51.39275,27.50901,42.354192092939606,81.1539578467283,35.0,20-40 m,True,False
38_45,51.39275,27.5991,33.70527350914104,86.85432679828898,26.0,20-40 m,True,False
38_46,51.39275,27.68919,24.87499724308233,93.28589880258164,26.0,20-40 m,True,False
38_47,51.39275,27.77928,16.277857047010038,100.30814150944194,19.0,10-20 m,True,False
38_48,51.39275,27.86937,6.967637040272617,107.48459158752564,2.0,0-5 m,True,True
38_49,51.39275,27.95946,0.1880955710994447,114.53643337329828,,,False,False
38_50,51.39275,28.04955,4.266629589269058,122.00478857230294,,,False,False
38_51,51.39275,28.13964,9.051569908398791,129.8178066194548,,,False,False
38_52,51.39275,28.22973,10.502205722551771,137.9169384550761,,,False,False
38_53,51.39275,28.31982,13.603033703088965,146.25467286304809,,,False,False
38_54,51.39275,28.40991,19.94273157444027,154.79247105399114,,,False,False
38_55,51.39275,28.5,25.90223450196568,163.49900647262896,,,False,False
38_56,51.39275,28.59009,30.74386316956948,172.3487201338539,,,False,False
38_57,51.39275,28.68018,31.49490507248702,181.32065981271097,,,False,False
38_58,51.39275,28.77027,32.646240018019235,185.19630883975543,,,False,False
38_59,51.39275,28.86036,35.52133076169757,186.81281527193053,,,False,False
38_60,51.39275,28.95045,40.114257791052495,188.94867584540896,,,False,False
38_61,51.39275,29.04054,45.01492375303969,191.5865313685369,,,False,False
38_62,51.39275,29.13063,46.00096173222114,194.70598959134009,,,False,False
38_63,51.39275,29.22072,48.82778057369926,198.28433117993671,,,False,False
38_64,51.39275,29.31081,53.39413894633468,202.2972159455593,,,False,False
38_65,51.39275,29.4009,59.06514085520499,206.7193481603804,,,False,False
38_66,51.39275,29.49099,65.48841984438396,211.52507115901832,,,False,False
38_67,51.39275,29.58108,72.45492155965111,216.68887332804707,,,False,False
38_68,51.39275,29.67117,75.8702590091133,222.1857982993975,,,False,False
38_69,51.39275,29.76126,79.67073567785769,227.9917606761468,,,False,False
38_70,51.39275,29.85135,84.39953598753262,234.08377458313527,,,False,False
38_71,51.39275,29.94144,89.83343715029197,240.4401058905092,,,False,False
38_72,51.39275,30.03153,95.79844082745537,247.04036052603237,,,False,False
38_73,51.39275,30.12162,102.34200716130673,253.8655213956678,,,False,False
38_74,51.39275,30.21171,109.413888869786,260.897945576922,,,False,False
38_75,51.39275,30.3018,116.91827615717688,268.121332057925,,,False,False
38_76,51.39275,30.39189,123.79612479954297,275.5206686826974,,,False,False
38_77,51.39275,30.48198,128.63300080261362,283.08216534346025,,,False,False
39_0,51.49386,23.54505,60.03859906496894,218.1572916543846,,,False,False
39_1,51.49386,23.63514,51.86981347116362,211.07192048487,,,False,False
39_2,51.49386,23.72523,44.46050907357701,204.15005952855373,,,False,False
39_3,51.49386,23.81532,38.2546091621268,197.49232094139205,5.0,5-10 m,True,True
39_4,51.49386,23.90541,33.60831139197778,191.1263187627606,10.0,10-20 m,True,False
39_5,51.49386,23.9955,29.394842289777767,185.08216966253016,,,False,False
39_6,51.49386,24.08559,20.379562024964294,179.39241983608406,,,False,False
39_7,51.49386,24.17568,10.80261934291073,174.0918323550973,,,False,False
39_8,51.49386,24.26577,2.638194883802285,169.21699382438342,,,False,False
39_9,51.49386,24.35586,5.225026270207378,164.805701061955,18.0,10-20 m,True,False
39_10,51.49386,24.44595,10.995087195714603,160.8960984743436,7.0,5-10 m,True,True
39_11,51.49386,24.53604,3.879417822258023,157.52555766141057,12.0,10-20 m,True,False
39_12,51.49386,24.62613,3.927824557811873,154.72932386319522,6.0,5-10 m,True,True
39_13,51.49386,24.71622,4.425229570691541,152.538997241304,3.0,0-5 m,True,True
39_14,51.49386,24.80631,0.7527218604634159,150.98096407106058,2.0,0-5 m,True,True
39_15,51.49386,24.8964,3.652124801275232,150.0749323453154,,,False,False
39_16,51.49386,24.98649,9.919909345422342,149.67294673805694,,,False,False
39_17,51.49386,25.07658,11.72031048527367,148.06685176672156,,,False,False
39_18,51.49386,25.16667,12.33599674935494,147.12490932147378,,,False,False
39_19,51.49386,25.25676,5.1409520982976415,146.8599136428943,,,False,False
39_20,51.49386,25.34685,1.944644091300272,147.27553319524557,,,False,False
39_21,51.49386,25.43694,2.30381076642192,148.36606246348094,,,False,False
39_22,51.49386,25.52703,1.566646692933954,150.11680753644072,1.0,0-5 m,True,True
39_23,51.49386,25.61712,0.0295424383707364,152.50504634843549,,,False,False
39_24,51.49386,25.70721,2.5001041052082504,155.50142286799158,,,False,False
39_25,51.49386,25.7973,7.53679885511518,159.07158836542567,,,False,False
39_26,51.49386,25.88739,6.58881974449102,155.95155049153405,,,False,False
39_27,51.49386,25.97748,2.849473107690359,147.39494444640306,12.0,10-20 m,True,False
39_28,51.49386,26.06757,12.776837267286131,139.03390888898062,13.0,10-20 m,True,False
39_29,51.49386,26.15766,15.876479580590036,130.90593745729444,19.0,10-20 m,True,False
39_30,51.49386,26.24775,21.57824065110757,123.05723636777952,19.0,10-20 m,True,False
39_31,51.49386,26.33784,29.116928602620916,115.5447470247457,23.0,20-40 m,True,False
39_32,51.49386,26.42793,37.7722945422309,108.43838692825292,26.0,20-40 m,True,False
39_33,51.49386,26.51802,46.56954376322632,101.82324334685026,27.0,20-40 m,True,False
39_34,51.49386,26.60811,55.42014217461646,95.8011473397709,24.0,20-40 m,True,False
39_35,51.49386,26.6982,64.56868098959131,90.49059893017323,28.0,20-40 m,True,False
39_36,51.49386,26.78829,73.94260666068857,86.02350133084285,41.0,>40 m,True,False
39_37,51.49386,26.87838,83.46603938752544,82.53694085698581,67.0,>40 m,True,False
39_38,51.49386,26.96847,93.09312839768349,80.15899134175564,62.0,>40 m,True,False
39_39,51.49386,27.05856,87.84823376453262,78.98986374451225,70.0,>40 m,True,False
39_40,51.49386,27.14865,78.04491873122063,78.96950081039202,73.0,>40 m,True,False
39_41,51.49386,27.23874,68.24126070524679,79.9825719822039,69.0,>40 m,True,False
39_42,51.49386,27.32883,58.43725993150592,82.21263172806415,63.0,>40 m,True,False
39_43,51.49386,27.41892,48.63370066302943,85.51958361835909,41.0,>40 m,True,False
39_44,51.49386,27.50901,38.89089334319381,89.82827347804806,30.0,20-40 m,True,False
39_45,51.49386,27.5991,29.24423267778296,95.00252312721076,25.0,20-40 m,True,False
39_46,51.49386,27.68919,19.95772175692658,100.9092920775943,16.0,10-20 m,True,False
39_47,51.49386,27.77928,11.916288397409856,107.42783716257844,22.0,20-40 m,True,False
39_48,51.49386,27.86937,2.5931303657282885,114.4536950843798,3.0,0-5 m,True,True
39_49,51.49386,27.95946,4.220251965967242,121.61913526119152,,,False,False
39_50,51.49386,28.04955,11.773877053503275,128.6707029906358,,,False,False
39_51,51.49386,28.13964,17.54904356224019,136.09546547812346,,,False,False
39_52,51.49386,28.22973,20.44647428295553,143.8356556210931,,,False,False
39_53,51.49386,28.31982,22.323471776430683,151.84305762278464,,,False,False
39_54,51.49386,28.40991,27.353514578935464,160.0775896865697,,,False,False
39_55,51.49386,28.5,34.038128055486794,168.50596899208097,,,False,False
39_56,51.49386,28.59009,39.909186846368186,177.10053302418717,,,False,False
39_57,51.49386,28.68018,41.40917652178004,185.8382372198758,,,False,False
39_58,51.49386,28.77027,42.28833907745967,194.69982151742107,,,False,False
39_59,51.49386,28.86036,44.8077885259521,196.54392285255472,,,False,False
39_60,51.49386,28.95045,48.8184263063012,198.5667085232037,,,False,False
39_61,51.49386,29.04054,53.7859395100989,201.07001062190608,,,False,False
39_62,51.49386,29.13063,55.73717968981101,204.0361531384684,,,False,False
39_63,51.49386,29.22072,58.084341087960674,207.44529267424568,,,False,False
39_64,51.49386,29.31081,61.98203969053456,211.2759949557236,,,False,False
39_65,51.49386,29.4009,67.04554137294525,215.50578982311455,,,False,False
39_66,51.49386,29.49099,73.02436630618575,220.11167972614308,,,False,False
39_67,51.49386,29.58108,79.48814095816329,225.07058505225305,,,False,False
39_68,51.49386,29.67117,85.22381372827998,230.35971753544968,,,False,False
39_69,51.49386,29.76126,88.61600957130639,235.95687971349037,,,False,False
39_70,51.49386,29.85135,92.96994028370528,241.8406935072219,,,False,False
39_71,51.49386,29.94144,97.9660278290254,247.99076442908563,,,False,False
39_72,51.49386,30.03153,103.6276382421116,254.38778986418248,,,False,False
39_73,51.49386,30.12162,109.70255837875864,261.01362060544443,,,False,False
39_74,51.49386,30.21171,116.32086099662224,267.85128469545,,,False,False
39_75,51.49386,30.3018,123.39925667251184,274.88498193719647,,,False,False
39_76,51.49386,30.39189,130.8631234141654,282.10005643532014,,,False,False
39_77,51.49386,30.48198,137.7671091088191,289.4829534049864,,,False,False
40_0,51.59497,23.54505,55.170571386934725,210.97493248262785,,,False,False
40_1,51.59497,23.63514,46.15356705101215,203.7557066846712,,,False,False
40_2,51.59497,23.72523,37.64172393927766,196.6736277979092,,,False,False
40_3,51.59497,23.81532,30.067236729495303,189.760226545365,,,False,False
40_4,51.59497,23.90541,24.30341026989074,183.1322813066836,,,False,False
40_5,51.59497,23.9955,20.541757045791243,176.82190655751407,,,False,False
40_6,51.59497,24.08559,15.760728476701036,170.8643036747695,,,False,False
40_7,51.59497,24.17568,6.968625920256703,165.29763310247452,,,False,False
40_8,51.59497,24.26577,1.540012433300369,160.16267519510475,2.0,0-5 m,True,True
40_9,51.59497,24.35586,1.3801150115733976,155.5022170307171,1.0,0-5 m,True,True
40_10,51.59497,24.44595,6.7837177834951135,151.360109113611,5.0,5-10 m,True,True
40_11,51.59497,24.53604,10.789416707772856,147.7799584520082,3.0,0-5 m,True,True
40_12,51.59497,24.62613,10.902714240249844,144.80346745569923,7.0,5-10 m,True,True
40_13,51.59497,24.71622,13.295931638343424,142.46849147197386,9.0,5-10 m,True,True
40_14,51.59497,24.80631,10.115105689421624,140.80696356122428,8.0,5-10 m,True,True
40_15,51.59497,24.8964,4.39077976278495,139.84290549057422,4.0,0-5 m,True,True
40_16,51.59497,24.98649,0.0363193063135009,139.59078412977703,,,False,False
40_17,51.59497,25.07658,1.5315048266357043,137.9211226804849,,,False,False
40_18,51.59497,25.16667,2.111111517358512,136.91736078828518,,,False,False
40_19,51.59497,25.25676,1.1224751349650002,136.64047573799155,,,False,False
40_20,51.59497,25.34685,7.003860050400058,137.09488743895454,1.0,0-5 m,True,True
40_21,51.59497,25.43694,7.774745152110296,138.27340184993088,11.0,10-20 m,True,False
40_22,51.59497,25.52703,10.735387185954297,140.15776978483916,5.0,5-10 m,True,True
40_23,51.59497,25.61712,4.84199458013587,142.72005051297344,3.0,0-5 m,True,True
40_24,51.59497,25.70721,0.6756344996537869,145.92455301767637,,,False,False
40_25,51.59497,25.7973,0.4239903263447405,149.73006331218585,,,False,False
40_26,51.59497,25.88739,1.9013850098121616,154.09207394064137,2.0,0-5 m,True,True
40_27,51.59497,25.97748,7.534283012222008,153.06136039905314,11.0,10-20 m,True,False
40_28,51.59497,26.06757,15.8497751183362,145.0239849678057,19.0,10-20 m,True,False
40_29,51.59497,26.15766,24.94663805586241,137.2475082147674,21.0,20-40 m,True,False
40_30,51.59497,26.24775,29.523313853400467,129.77885379415406,24.0,20-40 m,True,False
40_31,51.59497,26.33784,35.80555899412412,122.67427329186783,27.0,20-40 m,True,False
40_32,51.59497,26.42793,43.17718352289951,116.00069739562036,34.0,20-40 m,True,False
40_33,51.59497,26.51802,51.4500851173169,109.83673468285193,31.0,20-40 m,True,False
40_34,51.59497,26.60811,60.19721491996754,104.27281905474472,25.0,20-40 m,True,False
40_35,51.59497,26.6982,68.99087218605897,99.40977480378491,28.0,20-40 m,True,False
40_36,51.59497,26.78829,77.84776463622681,95.35491545095636,40.0,>40 m,True,False
40_37,51.59497,26.87838,86.94061835103706,92.21493665018949,64.0,>40 m,True,False
40_38,51.59497,26.96847,96.05528828407186,90.08557755499356,66.0,>40 m,True,False
40_39,51.59497,27.05856,86.13930396458386,89.03939673292808,71.0,>40 m,True,False
40_40,51.59497,27.14865,76.24321090947714,89.01779580480842,74.0,>40 m,True,False
40_41,51.59497,27.23874,66.34921670566678,89.91001322240257,66.0,>40 m,True,False
40_42,51.59497,27.32883,56.45498163914661,91.8926059288347,45.0,>40 m,True,False
40_43,51.59497,27.41892,46.588033727680624,94.86639484448531,31.0,20-40 m,True,False
40_44,51.59497,27.50901,36.779304556772,98.7606798016417,26.0,20-40 m,True,False
40_45,51.59497,27.5991,26.97726311598777,103.48198601789116,22.0,20-40 m,True,False
40_46,51.59497,27.68919,17.174881781041705,108.92284261448786,10.0,10-20 m,True,False
40_47,51.59497,27.77928,7.3721607866515555,114.98116641061404,2.0,0-5 m,True,True
40_48,51.59497,27.86937,1.6540945815662484,121.5646927027582,,,False,False
40_49,51.59497,27.95946,9.416368123481249,128.59279693717716,,,False,False
40_50,51.59497,28.04955,18.096989296527852,135.74743388426933,,,False,False
40_51,51.59497,28.13964,25.590437059695407,142.79832015674234,,,False,False
40_52,51.59497,28.22973,30.389841371497365,150.18727815688084,,,False,False
40_53,51.59497,28.31982,31.71524924905517,157.86685780511516,,,False,False
40_54,51.59497,28.40991,35.79337692748822,165.79669240525297,,,False,False
40_55,51.59497,28.5,41.29619463437158,173.94257080973674,,,False,False
40_56,51.59497,28.59009,47.94940832347683,182.2755418193996,,,False,False
40_57,51.59497,28.68018,51.32217373706669,190.77110108141227,,,False,False
40_58,51.59497,28.77027,52.02728106136172,199.40847954164,,,False,False
40_59,51.59497,28.86036,54.31130285216417,206.29099312100325,,,False,False
40_60,51.59497,28.95045,57.66307362110499,208.2106643984235,,,False,False
40_61,51.59497,29.04054,62.260296071818736,210.59092947514984,,,False,False
40_62,51.59497,29.13063,65.51364959427879,213.41638703333172,,,False,False
40_63,51.59497,29.22072,67.51384486143283,216.66963053348985,,,False,False
40_64,51.59497,29.31081,70.8872106949025,220.33172082723743,,,False,False
40_65,51.59497,29.4009,75.44976843114493,224.38264969693668,,,False,False
40_66,51.59497,29.49099,80.82151092462594,228.8017737228225,,,False,False
40_67,51.59497,29.58108,87.00119047181256,233.56820363010888,,,False,False
40_68,51.59497,29.67117,93.49006743041345,238.6611400711633,,,False,False
40_69,51.59497,29.76126,97.7292530207612,244.0601520015532,,,False,False
40_70,51.59497,29.85135,101.68572797321728,249.7453980272776,,,False,False
40_71,51.59497,29.94144,106.38181772750532,255.69779418906612,,,False,False
40_72,51.59497,30.03153,111.63138799085318,261.8991336460494,,,False,False
40_73,51.59497,30.12162,117.420080491414,268.33216477745253,,,False,False
40_74,51.59497,30.21171,123.61866262847968,274.98063454131534,,,False,False
40_75,51.59497,30.3018,130.29422675089077,281.8293037242139,,,False,False
40_76,51.59497,30.39189,137.3772723945076,288.86394017393087,,,False,False
40_77,51.59497,30.48198,144.80803306222086,296.0712953807921,,,False,False
41_0,51.69608,23.54505,51.90656743183485,204.05420716783252,,,False,False
41_1,51.69608,23.63514,42.23274388257481,196.59438338340917,,,False,False
41_2,51.69608,23.72523,32.721413695474105,189.36137192898292,,,False,False
41_3,51.69608,23.81532,23.62502211345952,182.2824482068964,,,False,False
41_4,51.69608,23.90541,15.683141225855447,175.37862057095478,,,False,False
41_5,51.69608,23.9955,10.823640072666784,168.7852893408713,,,False,False
41_6,51.69608,24.08559,9.222753119897478,162.54025714656075,,,False,False
41_7,51.69608,24.17568,5.158642948064411,156.68518975222509,,,False,False
41_8,51.69608,24.26577,1.6334979217200694,151.26539142171356,2.0,0-5 m,True,True
41_9,51.69608,24.35586,7.585242242084065,146.3292497401809,15.0,10-20 m,True,False
41_10,51.69608,24.44595,12.425753866836075,141.9272526203732,1.0,0-5 m,True,True
41_11,51.69608,24.53604,4.699057312020112,138.1104994596699,2.0,0-5 m,True,True
41_12,51.69608,24.62613,3.077914563165408,134.92868010317522,2.0,0-5 m,True,True
41_13,51.69608,24.71622,12.28963909238148,132.42758519241136,10.0,10-20 m,True,False
41_14,51.69608,24.80631,18.57469003349817,130.646332567153,10.0,10-20 m,True,False
41_15,51.69608,24.8964,12.749390069493565,129.61462009537794,5.0,5-10 m,True,True
41_16,51.69608,24.98649,9.493115048558268,129.35040111197895,10.0,10-20 m,True,False
41_17,51.69608,25.07658,8.65516572601555,127.78987902362644,15.0,10-20 m,True,False
41_18,51.69608,25.16667,8.112537198318343,126.7138733999638,18.0,10-20 m,True,False
41_19,51.69608,25.25676,8.83274019933855,126.4225689686197,11.0,10-20 m,True,False
41_20,51.69608,25.34685,12.643892022440552,126.92138622463588,7.0,5-10 m,True,True
41_21,51.69608,25.43694,17.93038610120799,128.2011198709821,6.0,5-10 m,True,True
41_22,51.69608,25.52703,18.76941317606721,130.23876894381618,5.0,5-10 m,True,True
41_23,51.69608,25.61712,14.405546497927311,132.99951924325762,7.0,5-10 m,True,True
41_24,51.69608,25.70721,10.683500019642349,136.4394999077424,7.0,5-10 m,True,True
41_25,51.69608,25.7973,10.494229904901326,140.50884828460116,9.0,5-10 m,True,True
41_26,51.69608,25.88739,11.906134133429036,145.15465726620408,11.0,10-20 m,True,False
41_27,51.69608,25.97748,15.383011925751342,150.32350401617586,20.0,20-40 m,True,False
41_28,51.69608,26.06757,21.77733606264419,151.4511676464169,19.0,10-20 m,True,False
41_29,51.69608,26.15766,29.65643388027626,144.0180601810933,22.0,20-40 m,True,False
41_30,51.69608,26.24775,38.27946367205421,136.91480930663892,27.0,20-40 m,True,False
41_31,51.69608,26.33784,43.54881862443519,130.19543119351118,22.0,20-40 m,True,False
41_32,51.69608,26.42793,50.03322517848624,123.92240165400834,37.0,20-40 m,True,False
41_33,51.69608,26.51802,57.319809750308,118.16684427688976,40.0,>40 m,True,False
41_34,51.69608,26.60811,65.33287595336871,113.00787040011286,33.0,20-40 m,True,False
41_35,51.69608,26.6982,73.83630635289077,108.53060768431088,27.0,20-40 m,True,False
41_36,51.69608,26.78829,82.61137322319821,104.82246565814556,47.0,>40 m,True,False
41_37,51.69608,26.87838,91.40141827938636,101.96740858500934,72.0,>40 m,True,False
41_38,51.69608,26.96847,95.24522525680388,100.03852392403373,71.0,>40 m,True,False
41_39,51.69608,27.05856,85.23717789235836,99.08993403110952,67.0,>40 m,True,False
41_40,51.69608,27.14865,75.23020103426886,99.0653635043371,71.0,>40 m,True,False
41_41,51.69608,27.23874,65.22482101468732,99.8610290671756,51.0,>40 m,True,False
41_42,51.69608,27.32883,55.22194559989427,101.64194537554005,40.0,>40 m,True,False
41_43,51.69608,27.41892,45.2232854917516,104.34151057605494,42.0,>40 m,True,False
41_44,51.69608,27.50901,35.23249232825235,107.88673163157276,26.0,20-40 m,True,False
41_45,51.69608,27.5991,25.258990391621754,112.21730188983906,15.0,10-20 m,True,False
41_46,51.69608,27.68919,15.334205926398562,117.24624937493058,7.0,5-10 m,True,True
41_47,51.69608,27.77928,5.441131141387686,122.88788198123804,5.0,5-10 m,True,True
41_48,51.69608,27.86937,4.4522160645310365,129.06189490768438,,,False,False
41_49,51.69608,27.95946,14.276150916761797,135.69565496824316,,,False,False
41_50,51.69608,28.04955,22.78693702248173,142.72508530023953,,,False,False
41_51,51.69608,28.13964,31.6565947182945,149.86907793411476,,,False,False
41_52,51.69608,28.22973,39.53405475270252,156.91900523741072,,,False,False
41_53,51.69608,28.31982,41.367921275600594,164.27795239189794,,,False,False
41_54,51.69608,28.40991,44.564433857274814,171.90625091375605,,,False,False
41_55,51.69608,28.5,49.49039202513613,179.76962720971042,,,False,False
41_56,51.69608,28.59009,55.31296197343434,187.83857224057124,,,False,False
41_57,51.69608,28.68018,61.23391361162967,196.08772134481345,,,False,False
41_58,51.69608,28.77027,61.81875174763552,204.49527841572092,,,False,False
41_59,51.69608,28.86036,63.90035843564611,213.04250005795436,,,False,False
41_60,51.69608,28.95045,66.79749264924831,217.87694113958648,,,False,False
41_61,51.69608,29.04054,70.97040692120704,220.14427230043432,,,False,False
41_62,51.69608,29.13063,75.314210061054,222.8402125480634,,,False,False
41_63,51.69608,29.22072,77.05234930139746,225.9494295250994,,,False,False
41_64,51.69608,29.31081,80.01666450317262,229.45513259479517,,,False,False
41_65,51.69608,29.4009,84.07758842680254,233.3394608179345,,,False,False
41_66,51.69608,29.49099,89.02668929445406,237.5838528699885,,,False,False
41_67,51.69608,29.58108,94.6650345665348,242.16938603066183,,,False,False
41_68,51.69608,29.67117,100.9719065308458,247.07707560006577,,,False,False
41_69,51.69608,29.76126,106.9672110664158,252.2881300739824,,,False,False
41_70,51.69608,29.85135,110.58553697536524,257.7841608148296,,,False,False
41_71,51.69608,29.94144,114.9660688422077,263.5473476165568,,,False,False
41_72,51.69608,30.03153,119.88251668095567,269.560563446921,,,False,False
41_73,51.69608,30.12162,125.360620955945,275.8074628211414,,,False,False
41_74,51.69608,30.21171,131.24184563894696,282.2725388331603,,,False,False
41_75,51.69608,30.3018,137.54068568475773,288.9411539825907,,,False,False
41_76,51.69608,30.39189,144.2613844461102,295.7995497219042,,,False,False
41_77,51.69608,30.48198,151.34776836865797,302.83483922801935,,,False,False
42_0,51.7972,23.54505,48.524049555008176,197.38786655343245,,,False,False
42_1,51.7972,23.63514,39.00557214142779,189.70778784230265,,,False,False
42_2,51.7972,23.72523,29.809189070427543,182.22352142603975,,,False,False
42_3,51.7972,23.81532,20.29249018772809,174.97430438732687,,,False,False
42_4,51.7972,23.90541,10.555356859026858,167.898362735245,,,False,False
42_5,51.7972,23.9955,1.3717791874090732,161.0055206923566,,,False,False
42_6,51.7972,24.08559,1.0859163772526623,154.45297551708262,5.0,5-10 m,True,True
42_7,51.7972,24.17568,2.553125329740884,148.28586043251033,14.0,10-20 m,True,False
42_8,51.7972,24.26577,1.8524694658423928,142.55422237872557,6.0,5-10 m,True,True
42_9,51.7972,24.35586,8.245285336843585,137.31262050794288,9.0,5-10 m,True,True
42_10,51.7972,24.44595,14.897561417595355,132.61918819997487,1.0,0-5 m,True,True
42_11,51.7972,24.53604,7.537583915555411,128.53400597322894,5.0,5-10 m,True,True
42_12,51.7972,24.62613,6.943859433171751,125.1166855025732,18.0,10-20 m,True,False
42_13,51.7972,24.71622,14.184238178105511,122.423185683304,4.0,0-5 m,True,True
42_14,51.7972,24.80631,23.31054042365902,120.50207186852892,4.0,0-5 m,True,True
42_15,51.7972,24.8964,22.22950931745668,119.3906538519062,5.0,5-10 m,True,True
42_16,51.7972,24.98649,19.270299864236605,119.1116180481875,10.0,10-20 m,True,False
42_17,51.7972,25.07658,18.839722257636215,117.67647592642216,12.0,10-20 m,True,False
42_18,51.7972,25.16667,18.334969984577764,116.51512482873576,9.0,5-10 m,True,True
42_19,51.7972,25.25676,18.890011678520256,116.20620777142,12.0,10-20 m,True,False
42_20,51.7972,25.34685,21.545069573209467,116.75651037843124,16.0,10-20 m,True,False
42_21,51.7972,25.43694,26.911372476929703,118.15404689095064,16.0,10-20 m,True,False
42_22,51.7972,25.52703,27.51773580398611,120.36932952097284,19.0,10-20 m,True,False
42_23,51.7972,25.61712,23.365919064815557,123.35832897606494,16.0,10-20 m,True,False
42_24,51.7972,25.70721,20.85582011143269,127.06647417180795,18.0,10-20 m,True,False
42_25,51.7972,25.7973,20.56437003620833,131.43292829437564,20.0,20-40 m,True,False
42_26,51.7972,25.88739,21.96827730761664,136.39449858152696,20.0,20-40 m,True,False
42_27,51.7972,25.97748,24.432355511874185,141.8887847969984,23.0,20-40 m,True,False
42_28,51.7972,26.06757,29.36816985002244,147.85642785676856,20.0,20-40 m,True,False
42_29,51.7972,26.15766,36.026147972931554,151.15970346315402,25.0,20-40 m,True,False
42_30,51.7972,26.24775,43.718997998837146,144.4034209111123,30.0,20-40 m,True,False
42_31,51.7972,26.33784,51.98600704469342,138.043941734248,22.0,20-40 m,True,False
42_32,51.7972,26.42793,57.67188138124882,132.13858549539802,42.0,>40 m,True,False
42_33,51.7972,26.51802,64.25730040730998,126.75085779768982,46.0,>40 m,True,False
42_34,51.7972,26.60811,71.49148933917601,121.9494017498316,40.0,>40 m,True,False
42_35,51.7972,26.6982,79.33239530412628,117.80594170748044,45.0,>40 m,True,False
42_36,51.7972,26.78829,87.61730824957364,114.39201950688184,54.0,>40 m,True,False
42_37,51.7972,26.87838,95.2538824384863,111.77452081885964,64.0,>40 m,True,False
42_38,51.7972,26.96847,89.83712985340351,110.01032808489782,68.0,>40 m,True,False
42_39,51.7972,27.05856,81.87897082783843,109.14084813514224,49.0,>40 m,True,False
42_40,51.7972,27.14865,73.3512367445232,109.11243899849768,47.0,>40 m,True,False
42_41,51.7972,27.23874,65.24556087622217,109.82886546846468,45.0,>40 m,True,False
42_42,51.7972,27.32883,55.64487183969171,111.4427958096802,44.0,>40 m,True,False
42_43,51.7972,27.41892,45.73974998997447,113.91258620856236,49.0,>40 m,True,False
42_44,51.7972,27.50901,35.88450785904644,117.16086407528071,33.0,20-40 m,True,False
42_45,51.7972,27.5991,26.04038888568311,121.15282987752786,15.0,10-20 m,True,False
42_46,51.7972,27.68919,16.19642636072161,125.81773315628546,5.0,5-10 m,True,True
42_47,51.7972,27.77928,6.352641039718622,131.08376626700232,10.0,10-20 m,True,False
42_48,51.7972,27.86937,3.3952274714269985,136.88158365357765,,,False,False
42_49,51.7972,27.95946,13.142368761190186,143.1465990868839,,,False,False
42_50,51.7972,28.04955,23.038630427475432,149.82022829829074,,,False,False
42_51,51.7972,28.13964,33.00478880362132,156.850337115618,,,False,False
42_52,51.7972,28.22973,42.98951531924252,163.98380692541815,,,False,False
42_53,51.7972,28.31982,51.13321670703919,171.03257847290803,,,False,False
42_54,51.7972,28.40991,53.74465139857843,178.36594055078533,,,False,False
42_55,51.7972,28.5,57.991339359187975,185.95023763470917,,,False,False
42_56,51.7972,28.59009,63.24692304776816,193.7560158702053,,,False,False
42_57,51.7972,28.68018,69.35419608268954,201.7575812437534,,,False,False
42_58,51.7972,28.77027,71.64070562215792,209.9325582370197,,,False,False
42_59,51.7972,28.86036,73.49138222777748,218.26147248618216,,,False,False
42_60,51.7972,28.95045,76.12141704604991,226.72736958724488,,,False,False
42_61,51.7972,29.04054,79.80125451574024,229.7258463624032,,,False,False
42_62,51.7972,29.13063,84.3935970707739,232.30217887290664,,,False,False
42_63,51.7972,29.22072,86.66345795460343,235.27798368261605,,,False,False
42_64,51.7972,29.31081,89.30124125065106,238.638325971298,,,False,False
42_65,51.7972,29.4009,92.94951372208514,242.3672205815816,,,False,False
42_66,51.7972,29.49099,97.49492677415964,246.44794752098207,,,False,False
42_67,51.7972,29.58108,102.70134130070814,250.8633463983965,,,False,False
42_68,51.7972,29.67117,108.54722082173431,255.59608188731664,,,False,False
42_69,51.7972,29.76126,114.89572840669844,260.6288753225339,,,False,False
42_70,51.7972,29.85135,119.62801378287652,265.9447002401745,,,False,False
42_71,51.7972,29.94144,123.680610433948,271.52694190081326,,,False,False
42_72,51.7972,30.03153,128.35189956578552,277.35952252620365,,,False,False
42_73,51.7972,30.12162,133.4750834432529,283.4269951411592,,,False,False
42_74,51.7972,30.21171,139.12520677089637,289.71460960196174,,,False,False
42_75,51.7972,30.3018,145.0857411369568,296.20835469647784,,,False,False
42_76,51.7972,30.39189,151.464798190108,302.89498021160904,,,False,False
42_77,51.7972,30.48198,158.22187620865134,309.76200266874474,,,False,False
43_0,51.89831,23.54505,46.72370444528084,191.04555064921104,,,False,False
43_1,51.89831,23.63514,36.7448697633079,183.10534998103057,,,False,False
43_2,51.89831,23.72523,26.786965638695552,175.37591537806753,,,False,False
43_3,51.89831,23.81532,16.887183646288364,167.8629957456344,,,False,False
43_4,51.89831,23.90541,7.286699455839616,160.5945367577975,,,False,False
43_5,51.89831,23.9955,0.7333691006223967,153.5213553531708,5.0,5-10 m,True,True
43_6,51.89831,24.08559,10.324206776970732,146.64132548988326,21.0,20-40 m,True,False
43_7,51.89831,24.17568,10.910689074620054,140.13764504994845,13.0,10-20 m,True,False
43_8,51.89831,24.26577,10.706194008436675,134.06511344761782,4.0,0-5 m,True,True
43_9,51.89831,24.35586,15.758539632587713,128.48489422434866,6.0,5-10 m,True,True
43_10,51.89831,24.44595,21.621386337547687,123.4637769781373,11.0,10-20 m,True,False
43_11,51.89831,24.53604,17.140028643307783,119.07253112278453,16.0,10-20 m,True,False
43_12,51.89831,24.62613,16.601495809418687,115.38311342114928,14.0,10-20 m,True,False
43_13,51.89831,24.71622,21.022158900757564,112.46463584367486,12.0,10-20 m,True,False
43_14,51.89831,24.80631,28.294831370511343,110.37828837587855,5.0,5-10 m,True,True
43_15,51.89831,24.8964,32.16492141624965,109.17180992698532,5.0,5-10 m,True,True
43_16,51.89831,24.98649,29.36206160427568,108.87447577107888,5.0,5-10 m,True,True
43_17,51.89831,25.07658,29.022185836311653,107.58553183809704,7.0,5-10 m,True,True
43_18,51.89831,25.16667,28.55620742290412,106.32206188126376,9.0,5-10 m,True,True
43_19,51.89831,25.25676,28.96514501047789,105.9914217810618,14.0,10-20 m,True,False
43_20,51.89831,25.34685,31.08355674626961,106.6023132784235,21.0,20-40 m,True,False
43_21,51.89831,25.43694,35.16580108124404,108.13880229111928,19.0,10-20 m,True,False
43_22,51.89831,25.52703,37.00980607994877,110.56232722224246,24.0,20-40 m,True,False
43_23,51.89831,25.61712,32.776540043633624,113.8162586992498,20.0,20-40 m,True,False
43_24,51.89831,25.70721,31.03088133846331,117.83184133596669,21.0,20-40 m,True,False
43_25,51.89831,25.7973,30.670539658675136,122.53423652033824,20.0,20-40 m,True,False
43_26,51.89831,25.88739,32.03021300256526,127.84769951672828,23.0,20-40 m,True,False
43_27,51.89831,25.97748,33.978078527343285,133.69941274323588,21.0,20-40 m,True,False
43_28,51.89831,26.06757,37.92880297576863,140.0219264957084,29.0,20-40 m,True,False
43_29,51.89831,26.15766,43.497475036681735,146.75441993560602,28.0,20-40 m,True,False
43_30,51.89831,26.24775,50.26954250000494,152.1923911998777,23.0,20-40 m,True,False
43_31,51.89831,26.33784,57.81016005032287,146.1668234286292,28.0,20-40 m,True,False
43_32,51.89831,26.42793,65.87993603594475,140.5973637244409,35.0,20-40 m,True,False
43_33,51.89831,26.51802,71.83056921948703,135.54026519055992,46.0,>40 m,True,False
43_34,51.89831,26.60811,78.47569675825737,131.0548701526738,52.0,>40 m,True,False
43_35,51.89831,26.6982,85.67410840657625,127.20168835365514,55.0,>40 m,True,False
43_36,51.89831,26.78829,93.3927771437098,124.0396687027061,70.0,>40 m,True,False
43_37,51.89831,26.87838,87.2257978342223,121.62274874828432,70.0,>40 m,True,False
43_38,51.89831,26.96847,81.28373437192924,119.99597777039268,57.0,>40 m,True,False
43_39,51.89831,27.05856,76.19692798747617,119.19173118895888,56.0,>40 m,True,False
43_40,51.89831,27.14865,68.30374986359867,119.1592942666796,47.0,>40 m,True,False
43_41,51.89831,27.23874,59.52059680651746,119.80901463524224,51.0,>40 m,True,False
43_42,51.89831,27.32883,51.18908685683771,121.2823648626716,50.0,>40 m,True,False
43_43,51.89831,27.41892,43.546911670362725,123.55295920387113,54.0,>40 m,True,False
43_44,51.89831,27.50901,35.7673265300101,126.55023419188446,53.0,>40 m,True,False
43_45,51.89831,27.5991,25.75773450969597,130.24708781250217,23.0,20-40 m,True,False
43_46,51.89831,27.68919,15.749146831621884,134.58963246109062,19.0,10-20 m,True,False
43_47,51.89831,27.77928,5.7472212763930255,139.51760487881,38.0,20-40 m,True,False
43_48,51.89831,27.86937,4.196474793430905,144.9713318520763,,,False,False
43_49,51.89831,27.95946,13.184615760828256,150.8938322116368,,,False,False
43_50,51.89831,28.04955,22.95028697968462,157.2321569292771,,,False,False
43_51,51.89831,28.13964,32.86403077568696,163.93809584117366,,,False,False
43_52,51.89831,28.22973,42.823187257852005,170.96841048915553,,,False,False
43_53,51.89831,28.31982,52.8021113427068,178.09145010035067,,,False,False
43_54,51.89831,28.40991,62.79141709444832,185.1389217046371,,,False,False
43_55,51.89831,28.5,66.79902912653665,192.4501553546618,,,False,False
43_56,51.89831,28.59009,71.64746790060157,199.996237500252,,,False,False
43_57,51.89831,28.68018,77.11546540770658,207.7515896719363,,,False,False
43_58,51.89831,28.77027,81.48168168651722,215.693650399934,,,False,False
43_59,51.89831,28.86036,83.10667873133553,223.80255359216903,,,False,False
43_60,51.89831,28.95045,85.57250934004088,232.06081978705103,,,False,False
43_61,51.89831,29.04054,88.85393557203524,239.33212296453425,,,False,False
43_62,51.89831,29.13063,93.10244869618504,241.7976721310972,,,False,False
43_63,51.89831,29.22072,96.32507789024012,244.64958140841847,,,False,False
43_64,51.89831,29.31081,98.69681967580551,247.87452421159105,,,False,False
43_65,51.89831,29.4009,102.0015633186642,251.4581572157692,,,False,False
43_66,51.89831,29.49099,106.15222759978536,255.3853897470044,,,False,False
43_67,51.89831,29.58108,111.0289518980071,259.6406392309365,,,False,False
43_68,51.89831,29.67117,116.45007703201622,264.2080656605609,,,False,False
43_69,51.89831,29.76126,122.45223004936376,269.07178031444187,,,False,False
43_70,51.89831,29.85135,128.78284740633197,274.21602607906806,,,False,False
43_71,51.89831,29.94144,132.54764484429674,279.62532856130497,,,False,False
43_72,51.89831,30.03153,136.9435634397649,285.2846186436806,,,False,False
43_73,51.89831,30.12162,141.80202204168424,291.1793282175932,,,False,False
43_74,51.89831,30.21171,147.13180310375006,297.29546155004607,,,False,False
43_75,51.89831,30.3018,152.88497319136204,303.61964514658047,,,False,False
43_76,51.89831,30.39189,158.94389758586556,310.13915912733734,,,False,False
43_77,51.89831,30.48198,165.38846820204645,316.84195309747105,,,False,False
44_0,51.99942,23.54505,46.98499710818325,185.0603324157783,,,False,False
44_1,51.99942,23.63514,37.11867301348556,176.85709118163982,,,False,False
44_2,51.99942,23.72523,27.353513961091146,168.84753177773385,,,False,False
44_3,51.99942,23.81532,17.802908831063878,161.0605661067537,,,False,False
44_4,51.99942,23.90541,8.813644184911043,153.51370735829212,,,False,False
44_5,51.99942,23.9955,0.7836310057559152,146.22212500811895,1.0,0-5 m,True,True
44_6,51.99942,24.08559,10.772937406383626,139.15141436669217,2.0,0-5 m,True,True
44_7,51.99942,24.17568,4.000500577291249,132.28661753850542,,,False,False
44_8,51.99942,24.26577,1.5331118362042535,125.8426590104602,3.0,0-5 m,True,True
44_9,51.99942,24.35586,11.057818141180576,119.88743720659066,5.0,5-10 m,True,True
44_10,51.99942,24.44595,20.99782639479009,114.49725783517434,9.0,5-10 m,True,True
44_11,51.99942,24.53604,27.09654392632132,109.75542241163068,11.0,10-20 m,True,False
44_12,51.99942,24.62613,26.68849523618977,105.7492045893589,15.0,10-20 m,True,False
44_13,51.99942,24.71622,29.780601813660144,102.56486344524076,5.0,5-10 m,True,True
44_14,51.99942,24.80631,35.300743724803766,100.28074682346625,2.0,0-5 m,True,True
44_15,51.99942,24.8964,41.7555130262279,98.95923303416087,13.0,10-20 m,True,False
44_16,51.99942,24.98649,39.52715932177642,98.63904250609872,11.0,10-20 m,True,False
44_17,51.99942,25.07658,39.20257751333959,97.52357372163355,12.0,10-20 m,True,False
44_18,51.99942,25.16667,38.77627008942859,96.136042719725,5.0,5-10 m,True,True
44_19,51.99942,25.25676,39.10461991423108,95.77826392076872,8.0,5-10 m,True,True
44_20,51.99942,25.34685,40.86678367577434,96.4617203993106,19.0,10-20 m,True,False
44_21,51.99942,25.43694,44.24156687396052,98.1646901520784,19.0,10-20 m,True,False
44_22,51.99942,25.52703,46.06696578502952,100.83555532855894,18.0,10-20 m,True,False
44_23,51.99942,25.61712,42.54217290198282,104.40007998498533,18.0,10-20 m,True,False
44_24,51.99942,25.70721,41.1447133335646,108.77046278445862,23.0,20-40 m,True,False
44_25,51.99942,25.7973,40.807513730354685,113.853961662593,25.0,20-40 m,True,False
44_26,51.99942,25.88739,42.0919603480681,119.55966919113747,25.0,20-40 m,True,False
44_27,51.99942,25.97748,43.73232824140253,125.80297325680318,30.0,20-40 m,True,False
44_28,51.99942,26.06757,47.01579161062863,132.50792475196644,28.0,20-40 m,True,False
44_29,51.99942,26.15766,51.81210145574032,139.60804210980743,23.0,20-40 m,True,False
44_30,51.99942,26.24775,57.67772474475862,147.0445091728727,31.0,20-40 m,True,False
44_31,51.99942,26.33784,64.50623745706493,154.5205741066661,37.0,20-40 m,True,False
44_32,51.99942,26.42793,71.94266529153371,149.25725026792543,42.0,>40 m,True,False
44_33,51.99942,26.51802,79.8766593019387,144.49733642423956,48.0,>40 m,True,False
44_34,51.99942,26.60811,86.00361994935326,140.29209766665446,58.0,>40 m,True,False
44_35,51.99942,26.6982,92.68762278684316,136.69275214079403,64.0,>40 m,True,False
44_36,51.99942,26.78829,86.67971431345018,133.7482416090113,72.0,>40 m,True,False
44_37,51.99942,26.87838,79.65955804712965,131.5025781319412,64.0,>40 m,True,False
44_38,51.99942,26.96847,73.11281822357907,129.99200250417255,50.0,>40 m,True,False
44_39,51.99942,27.05856,67.4204852714589,129.2423095789456,61.0,>40 m,True,False
44_40,51.99942,27.14865,62.81530841320909,129.20570037601715,55.0,>40 m,True,False
44_41,51.99942,27.23874,54.85843571215749,129.79835797481715,55.0,>40 m,True,False
44_42,51.99942,27.32883,45.90750433966041,131.15166328695628,53.0,>40 m,True,False
44_43,51.99942,27.41892,37.22839776292516,133.2463233136044,53.0,>40 m,True,False
44_44,51.99942,27.50901,29.39464862352103,136.0307175709887,54.0,>40 m,True,False
44_45,51.99942,27.5991,22.04241237977515,139.46877151209648,58.0,>40 m,True,False
44_46,51.99942,27.68919,14.689290659571467,143.52495601452722,59.0,>40 m,True,False
44_47,51.99942,27.77928,5.928429928759124,148.1485234372253,33.0,20-40 m,True,False
44_48,51.99942,27.86937,3.8787340969656894,153.28815606116643,,,False,False
44_49,51.99942,27.95946,13.7972254172137,158.8937977201445,,,False,False
44_50,51.99942,28.04955,23.715960064867563,164.91794954398523,,,False,False
44_51,51.99942,28.13964,33.649957468321496,171.31648131964852,,,False,False
44_52,51.99942,28.22973,43.61742889760907,178.04904839258748,,,False,False
44_53,51.99942,28.31982,53.60082111645851,185.07921354629644,,,False,False
44_54,51.99942,28.40991,63.592674744729614,192.1918933047733,,,False,False
44_55,51.99942,28.5,73.58957647890735,199.23795640451087,,,False,False
44_56,51.99942,28.59009,80.19677984154767,206.5298126040425,,,False,False
44_57,51.99942,28.68018,85.3262302356013,214.0423536527765,,,False,False
44_58,51.99942,28.77027,91.0421093009388,221.7531621194425,,,False,False
44_59,51.99942,28.86036,92.77962943316255,229.6422770550883,,,False,False
44_60,51.99942,28.95045,95.1125039957797,237.6919546989078,,,False,False
44_61,51.99942,29.04054,98.06724603529668,245.88643586073405,,,False,False
44_62,51.99942,29.13063,101.92462705328032,251.32276448437085,,,False,False
44_63,51.99942,29.22072,106.02307990867048,254.05933334532472,,,False,False
44_64,51.99942,29.31081,108.17416607469556,257.15789179489565,,,False,False
44_65,51.99942,29.4009,111.1894487438828,260.6055367719293,,,False,False
44_66,51.99942,29.49099,115.0009920827012,264.3886208037575,,,False,False
44_67,51.99942,29.58108,119.53266920904402,268.49297358275857,,,False,False
44_68,51.99942,29.67117,124.6285297290678,272.90410856399274,,,False,False
44_69,51.99942,29.76126,130.24691685815102,277.60741012976155,,,False,False
44_70,51.99942,29.85135,136.37067451245508,282.5882985198851,,,False,False
44_71,51.99942,29.94144,141.53828287847168,287.8323712115157,,,False,False
44_72,51.99942,30.03153,145.6549735844104,293.3255206759649,,,False,False
44_73,51.99942,30.12162,150.30589322778388,299.0540294104078,,,False,False
44_74,51.99942,30.21171,155.3363111600022,305.00464384046444,,,False,False
44_75,51.99942,30.3018,160.83427897641505,311.16462913958014,,,False,False
44_76,51.99942,30.39189,166.66137713936268,317.5218072501975,,,False,False
44_77,51.99942,30.48198,172.81097234778773,324.0645804630174,,,False,False
45_0,52.10053,23.54505,46.57502370307815,179.46769665780292,,,False,False
45_1,52.10053,23.63514,36.5891762782568,171.0015822250012,,,False,False
45_2,52.10053,23.72523,26.61743262028064,162.7094368132595,,,False,False
45_3,52.10053,23.81532,16.685230750139745,154.61926724146934,,,False,False
45_4,52.10053,23.90541,6.83609493763517,146.7644936816169,,,False,False
45_5,52.10053,23.9955,3.0064349760735825,139.17693826060346,2.0,0-5 m,True,True
45_6,52.10053,24.08559,12.860125555436229,131.8571608829291,8.0,5-10 m,True,True
45_7,52.10053,24.17568,9.774914634902016,124.78853476300976,17.0,10-20 m,True,False
45_8,52.10053,24.26577,7.967204956184516,117.94227482415248,6.0,5-10 m,True,True
45_9,52.10053,24.35586,13.861748917811836,111.57310572349164,6.0,5-10 m,True,True
45_10,52.10053,24.44595,19.41421123067509,105.76727394150632,3.0,0-5 m,True,True
45_11,52.10053,24.53604,18.688871075018188,100.62236228707026,9.0,5-10 m,True,True
45_12,52.10053,24.62613,22.495995323422772,96.24444531290428,12.0,10-20 m,True,False
45_13,52.10053,24.71622,28.58081626007534,92.74223041593204,5.0,5-10 m,True,True
45_14,52.10053,24.80631,36.37360660267023,90.21778446993471,11.0,10-20 m,True,False
45_15,52.10053,24.8964,44.95665849198885,88.75460528777467,18.0,10-20 m,True,False
45_16,52.10053,24.98649,49.719834986245935,88.40542970740862,11.0,10-20 m,True,False
45_17,52.10053,25.07658,49.38091832331554,87.50011764612157,17.0,10-20 m,True,False
45_18,52.10053,25.16667,48.99517855499893,85.95907970629969,11.0,10-20 m,True,False
45_19,52.10053,25.25676,49.27437280504537,85.56682428179207,8.0,5-10 m,True,True
45_20,52.10053,25.34685,50.817164227560575,86.33903787060008,17.0,10-20 m,True,False
45_21,52.10053,25.43694,53.70272501126353,88.24518285528039,23.0,20-40 m,True,False
45_22,52.10053,25.52703,55.36689455083607,91.21422436529912,22.0,20-40 m,True,False
45_23,52.10053,25.61712,52.464208528233655,95.14673699576376,24.0,20-40 m,True,False
45_24,52.10053,25.70721,51.23938524748367,99.9290629706688,27.0,20-40 m,True,False
45_25,52.10053,25.7973,50.95615258948901,105.44566260281997,31.0,20-40 m,True,False
45_26,52.10053,25.88739,52.1535384812961,111.5877090923226,30.0,20-40 m,True,False
45_27,52.10053,25.97748,53.63505386593413,118.25781018029626,37.0,20-40 m,True,False
45_28,52.10053,26.06757,56.46128467675268,125.37173200463404,38.0,20-40 m,True,False
45_29,52.10053,26.15766,60.52058148989526,132.8461855436351,28.0,20-40 m,True,False
45_30,52.10053,26.24775,65.76515954859535,140.41038385879293,36.0,20-40 m,True,False
45_31,52.10053,26.33784,71.87442268079656,147.93324057245516,32.0,20-40 m,True,False
45_32,52.10053,26.42793,78.73589555507344,155.52613586342142,54.0,>40 m,True,False
45_33,52.10053,26.51802,86.10186778364529,153.59250849577018,55.0,>40 m,True,False
45_34,52.10053,26.60811,93.91922476980346,149.63644687279603,62.0,>40 m,True,False
45_35,52.10053,26.6982,88.13219656486517,146.26033487589672,67.0,>40 m,True,False
45_36,52.10053,26.78829,80.06606364129296,143.50512598193754,60.0,>40 m,True,False
45_37,52.10053,26.87838,72.48466873311541,141.40713440535595,61.0,>40 m,True,False
45_38,52.10053,26.96847,65.46715558535473,139.99592692372778,51.0,>40 m,True,False
45_39,52.10053,27.05856,59.050258452812535,139.29239549359417,57.0,>40 m,True,False
45_40,52.10053,27.14865,53.74103767496203,139.25150127157653,63.0,>40 m,True,False
45_41,52.10053,27.23874,49.89440584860152,139.794672757124,60.0,>40 m,True,False
45_42,52.10053,27.32883,41.68977205872452,141.044201407898,66.0,>40 m,True,False
45_43,52.10053,27.41892,32.46903179754595,142.9861216870956,57.0,>40 m,True,False
45_44,52.10053,27.50901,23.521020064910207,145.58427506231604,63.0,>40 m,True,False
45_45,52.10053,27.5991,15.249227648674935,148.79395614025594,60.0,>40 m,True,False
45_46,52.10053,27.68919,7.902586399613622,152.59476983111497,57.0,>40 m,True,False
45_47,52.10053,27.77928,0.5550750080552478,156.94378929343193,1.0,0-5 m,True,True
45_48,52.10053,27.86937,7.436971352367788,161.79682850160782,,,False,False
45_49,52.10053,27.95946,16.389992611297924,167.10999554845102,,,False,False
45_50,52.10053,28.04955,25.650752842026,172.84087592865734,,,False,False
45_51,52.10053,28.13964,35.21821479570997,178.94935529227732,,,False,False
45_52,52.10053,28.22973,44.97834602529523,185.39812683413493,,,False,False
45_53,52.10053,28.31982,54.82839571400246,192.15294466326148,,,False,False
45_54,52.10053,28.40991,64.7273647136612,199.18268656230475,,,False,False
45_55,52.10053,28.5,74.64495970296379,206.28505948750623,,,False,False
45_56,52.10053,28.59009,84.56283928782767,213.3296304428564,,,False,False
45_57,52.10053,28.68018,93.78742119672322,220.60433418810032,,,False,False
45_58,52.10053,28.77027,99.08536280889622,228.0871623761354,,,False,False
45_59,52.10053,28.86036,102.4945583355196,235.7583087180468,,,False,False
45_60,52.10053,28.95045,104.69694035170876,243.59999283457893,,,False,False
45_61,52.10053,29.04054,107.39954137643392,251.59627892522244,,,False,False
45_62,52.10053,29.13063,110.92492347781142,259.73289762653206,,,False,False
45_63,52.10053,29.22072,115.21562905713682,263.5030337668407,,,False,False
45_64,52.10053,29.31081,117.71325084860878,266.48338238138825,,,False,False
45_65,52.10053,29.4009,120.4818234577383,269.803503334294,,,False,False
45_66,52.10053,29.49099,123.99997202630048,273.4510292500795,,,False,False
45_67,52.10053,29.58108,128.20602236013076,277.4130542519402,,,False,False
45_68,52.10053,29.67117,133.02966586632542,281.6763157586859,,,False,False
45_69,52.10053,29.76126,138.30135034804556,286.22736174303446,,,False,False
45_70,52.10053,29.85135,144.0757719844948,291.0527006809407,,,False,False
45_71,52.10053,29.94144,150.29664704175423,296.1389326133027,,,False,False
45_72,52.10053,30.03153,154.4965723253799,301.4728607788768,,,False,False
45_73,52.10053,30.12162,158.90148380602074,307.0415841244667,,,False,False
45_74,52.10053,30.21171,163.71491871676608,312.8325716445261,,,False,False
45_75,52.10053,30.3018,168.93258821775623,318.83371995586265,,,False,False
45_76,52.10053,30.39189,174.56822635637835,325.033395795078,,,False,False
45_77,52.10053,30.48198,180.4576384469765,331.420465265144,,,False,False
46_0,52.20164,23.54505,47.03990333525865,174.30518855363155,,,False,False
46_1,52.20164,23.63514,37.09997974975161,165.58023564461826,,,False,False
46_2,52.20164,23.72523,27.206687041901983,157.00713795203373,,,False,False
46_3,52.20164,23.81532,17.439695230080158,148.61219390697545,,,False,False
46_4,52.20164,23.90541,7.535320884559338,140.42737449349286,,,False,False
46_5,52.20164,23.9955,2.444878035881754,132.49164506542272,17.0,10-20 m,True,False
46_6,52.20164,24.08559,12.109336517848709,124.85253046862132,16.0,10-20 m,True,False
46_7,52.20164,24.17568,19.1754008467545,117.49979355810792,27.0,20-40 m,True,False
46_8,52.20164,24.26577,18.081697068157187,110.43272238069956,27.0,20-40 m,True,False
46_9,52.20164,24.35586,17.27115906193165,103.60967433805509,13.0,10-20 m,True,False
46_10,52.20164,24.44595,10.04446977533391,97.3370564825774,27.0,20-40 m,True,False
46_11,52.20164,24.53604,8.678250644375112,91.72788428200474,19.0,10-20 m,True,False
46_12,52.20164,24.62613,14.25417050630247,86.91073546673213,11.0,10-20 m,True,False
46_13,52.20164,24.71622,22.482462564596705,83.02361643169499,14.0,10-20 m,True,False
46_14,52.20164,24.80631,31.591878279986258,80.20189757570584,18.0,10-20 m,True,False
46_15,52.20164,24.8964,41.11914386901745,78.56049391261676,16.0,10-20 m,True,False
46_16,52.20164,24.98649,50.82988768547813,78.17382032017511,19.0,10-20 m,True,False
46_17,52.20164,25.07658,59.55722928420993,77.52956520939446,15.0,10-20 m,True,False
46_18,52.20164,25.16667,59.212953385239736,75.79427675863346,11.0,10-20 m,True,False
46_19,52.20164,25.25676,59.458223886707486,75.3572552775885,9.0,5-10 m,True,True
46_20,52.20164,25.34685,60.84980214242596,76.24086136604672,14.0,10-20 m,True,False
46_21,52.20164,25.43694,63.28085787520904,78.4004867307572,28.0,20-40 m,True,False
46_22,52.20164,25.52703,64.93091144814032,81.7350778070103,27.0,20-40 m,True,False
46_23,52.20164,25.61712,62.4675596381719,86.10826741493136,26.0,20-40 m,True,False
46_24,52.20164,25.70721,61.35855216095276,91.37107613870636,25.0,20-40 m,True,False
46_25,52.20164,25.7973,61.11002853998485,97.379399189794,30.0,20-40 m,True,False
46_26,52.20164,25.88739,62.21496654682336,104.00413528485822,35.0,20-40 m,True,False
46_27,52.20164,25.97748,63.61636852994356,111.13512865696087,25.0,20-40 m,True,False
46_28,52.20164,26.06757,66.02374384984115,118.64553601769728,44.0,>40 m,True,False
46_29,52.20164,26.15766,69.61033160642421,126.21286543048728,40.0,>40 m,True,False
46_30,52.20164,26.24775,74.2924218559713,133.73504439597772,37.0,20-40 m,True,False
46_31,52.20164,26.33784,79.804879055647,141.378562709381,40.0,>40 m,True,False
46_32,52.20164,26.42793,86.07581460825418,149.29917527228423,61.0,>40 m,True,False
46_33,52.20164,26.51802,92.95840038523862,157.4566332513336,64.0,>40 m,True,False
46_34,52.20164,26.60811,91.7708819357696,159.06882230285223,56.0,>40 m,True,False
46_35,52.20164,26.6982,82.86088858943316,155.89012607202102,61.0,>40 m,True,False
46_36,52.20164,26.78829,74.23000753502002,153.3008720454727,60.0,>40 m,True,False
46_37,52.20164,26.87838,65.98788717063583,151.33133440092757,57.0,>40 m,True,False
46_38,52.20164,26.96847,58.29968759959945,150.00594080565676,57.0,>40 m,True,False
46_39,52.20164,27.05856,51.28479199246785,149.3418580415976,69.0,>40 m,True,False
46_40,52.20164,27.14865,45.0783404319137,149.2965892455018,69.0,>40 m,True,False
46_41,52.20164,27.23874,40.42460035024215,149.7963346673033,65.0,>40 m,True,False
46_42,52.20164,27.32883,37.899994221495405,150.95518394603334,73.0,>40 m,True,False
46_43,52.20164,27.41892,29.395160204060048,152.7632496593694,73.0,>40 m,True,False
46_44,52.20164,27.50901,19.618599573515237,155.1971930956712,71.0,>40 m,True,False
46_45,52.20164,27.5991,10.091197819531311,158.2041257047389,71.0,>40 m,True,False
46_46,52.20164,27.68919,1.1450295585620571,161.77624571445156,8.0,5-10 m,True,True
46_47,52.20164,27.77928,6.230395881679364,165.87705801705042,,,False,False
46_48,52.20164,27.86937,13.572282756757376,170.46842601284226,,,False,False
46_49,52.20164,27.95946,21.31485944395141,175.51186894876932,,,False,False
46_50,52.20164,28.04955,29.690639136301588,180.9696074014228,,,False,False
46_51,52.20164,28.13964,38.70053862771405,186.80534538556756,,,False,False
46_52,52.20164,28.22973,47.93224005011818,192.9848070486262,,,False,False
46_53,52.20164,28.31982,57.274373972608544,199.47606297446683,,,False,False
46_54,52.20164,28.40991,66.80914839823575,206.2496878928989,,,False,False
46_55,52.20164,28.5,76.46521776555781,213.27879120404907,,,False,False
46_56,52.20164,28.59009,86.20186010440855,220.37089670562116,,,False,False
46_57,52.20164,28.68018,95.99458792315691,227.41390979214407,,,False,False
46_58,52.20164,28.77027,105.82785712098122,234.67328605095804,,,False,False
46_59,52.20164,28.86036,112.24027183498347,242.1295757473827,,,False,False
46_60,52.20164,28.95045,114.28301109816525,249.7651538026168,,,False,False
46_61,52.20164,29.04054,116.82202907179536,257.564085022974,,,False,False
46_62,52.20164,29.13063,120.063015209538,265.5119844401303,,,False,False
46_63,52.20164,29.22072,124.03010194011274,272.97704835507363,,,False,False
46_64,52.20164,29.31081,127.29994250082552,275.8466142536906,,,False,False
46_65,52.20164,29.4009,129.8560101105235,279.04694642693926,,,False,False
46_66,52.20164,29.49099,133.118465427777,282.5668147597825,,,False,False
46_67,52.20164,29.58108,137.0368848303946,286.3944462004397,,,False,False
46_68,52.20164,29.67117,141.55682352254126,290.51768464558984,,,False,False
46_69,52.20164,29.76126,146.57249857839244,294.9241400659821,,,False,False
46_70,52.20164,29.85135,152.02550924759416,299.60132424138845,,,False,False
46_71,52.20164,29.94144,157.9261697738555,304.5367714231877,,,False,False
46_72,52.20164,30.03153,163.44704317549437,309.71814309813874,,,False,False
46_73,52.20164,30.12162,167.60871197449418,315.13331675278533,,,False,False
46_74,52.20164,30.21171,172.24102799793206,320.77045911783773,,,False,False
46_75,52.20164,30.3018,177.20085703252155,326.61808480494875,,,False,False
46_76,52.20164,30.39189,182.57520740798336,332.6651015445945,,,False,False
46_77,52.20164,30.48198,188.30099656574305,338.90084341082814,,,False,False
47_0,52.30275,23.54505,48.29832244558719,169.61184048158407,,,False,False
47_1,52.30275,23.63514,38.46946361349623,160.63675409444886,,,False,False
47_2,52.30275,23.72523,28.76053675635964,151.78948218456418,,,False,False
47_3,52.30275,23.81532,19.300318973558667,143.09375089307764,,,False,False
47_4,52.30275,23.90541,10.327390944483634,134.5789560654112,,,False,False
47_5,52.30275,23.9955,0.91720838039616,126.28172176464828,3.0,0-5 m,True,True
47_6,52.30275,24.08559,8.999119618196119,118.24787442406252,12.0,10-20 m,True,False
47_7,52.30275,24.17568,17.106708866835753,110.53488067440408,22.0,20-40 m,True,False
47_8,52.30275,24.26577,23.33270523786357,103.15026932915715,19.0,10-20 m,True,False
47_9,52.30275,24.35586,13.351971978474278,96.08400180865011,20.0,20-40 m,True,False
47_10,52.30275,24.44595,3.498462040764104,89.29109092941447,14.0,10-20 m,True,False
47_11,52.30275,24.53604,0.0404849753706056,83.148094922076,,,False,False
47_12,52.30275,24.62613,9.64490789835149,77.80912895804715,17.0,10-20 m,True,False
47_13,52.30275,24.71622,19.634513935136383,73.44976753439694,27.0,20-40 m,True,False
47_14,52.30275,24.80631,29.633207701213543,70.25264379768801,22.0,20-40 m,True,False
47_15,52.30275,24.8964,39.63417222336368,68.38100803439481,30.0,20-40 m,True,False
47_16,52.30275,24.98649,49.63608319932848,67.94452255315127,20.0,20-40 m,True,False
47_17,52.30275,25.07658,59.63850472747796,67.63472127163364,14.0,10-20 m,True,False
47_18,52.30275,25.16667,69.42961514062368,65.64667016653569,7.0,5-10 m,True,True
47_19,52.30275,25.25676,69.64945279899557,65.14982042820094,13.0,10-20 m,True,False
47_20,52.30275,25.34685,70.89828071770867,66.17780489923618,21.0,20-40 m,True,False
47_21,52.30275,25.43694,73.02238718086882,68.66220607519655,24.0,20-40 m,True,False
47_22,52.30275,25.52703,74.65709800851481,72.4533927616424,29.0,20-40 m,True,False
47_23,52.30275,25.61712,72.51807573864706,77.35950872259862,28.0,20-40 m,True,False
47_24,52.30275,25.70721,71.49129953535255,83.18354373769552,31.0,20-40 m,True,False
47_25,52.30275,25.7973,71.2663885751868,89.74700116529641,37.0,20-40 m,True,False
47_26,52.30275,25.88739,72.27626369666272,96.89977002504992,20.0,20-40 m,True,False
47_27,52.30275,25.97748,73.64382978046002,104.44256358974386,36.0,20-40 m,True,False
47_28,52.30275,26.06757,75.72590481252318,112.00718941214784,30.0,20-40 m,True,False
47_29,52.30275,26.15766,78.95667800088714,119.53471856542588,49.0,>40 m,True,False
47_30,52.30275,26.24775,83.10697137165785,127.24745391543678,52.0,>40 m,True,False
47_31,52.30275,26.33784,88.18692685696159,135.26008887267648,53.0,>40 m,True,False
47_32,52.30275,26.42793,93.8939198323722,143.49329807034582,63.0,>40 m,True,False
47_33,52.30275,26.51802,92.024729971423,151.7539195223079,63.0,>40 m,True,False
47_34,52.30275,26.60811,86.55951155018388,159.99023044162527,64.0,>40 m,True,False
47_35,52.30275,26.6982,78.50138272404016,165.5710682207923,66.0,>40 m,True,False
47_36,52.30275,26.78829,69.36755066555938,163.12827290047963,61.0,>40 m,True,False
47_37,52.30275,26.87838,60.47193492610396,161.27134352142377,67.0,>40 m,True,False
47_38,52.30275,26.96847,51.98053314097621,160.02069197906889,66.0,>40 m,True,False
47_39,52.30275,27.05856,44.1273717562152,159.39060529755736,81.0,>40 m,True,False
47_40,52.30275,27.14865,37.11552851095896,159.34088968736705,83.0,>40 m,True,False
47_41,52.30275,27.23874,31.308607526075228,159.80213129011202,76.0,>40 m,True,False
47_42,52.30275,27.32883,27.982911141507277,160.88099553787353,78.0,>40 m,True,False
47_43,52.30275,27.41892,27.254803202782725,162.5707681982372,74.0,>40 m,True,False
47_44,52.30275,27.50901,17.480864327903284,164.85267921325283,62.0,>40 m,True,False
47_45,52.30275,27.5991,7.706596878247577,167.6847761422547,45.0,>40 m,True,False
47_46,52.30275,27.68919,2.0679990063632485,171.05121082278646,,,False,False
47_47,52.30275,27.77928,11.842923185013936,174.92699989449736,,,False,False
47_48,52.30275,27.86937,20.35654637217472,179.27912521599382,,,False,False
47_49,52.30275,27.95946,27.692794366338397,184.0738166003185,,,False,False
47_50,52.30275,28.04955,35.2267849177903,189.277457342148,,,False,False
47_51,52.30275,28.13964,43.47428511754531,194.8572999838916,,,False,False
47_52,52.30275,28.22973,52.022497639867744,200.78199467334443,,,False,False
47_53,52.30275,28.31982,61.01495585028532,207.0219478294508,,,False,False
47_54,52.30275,28.40991,70.23167961384046,213.54953711901203,,,False,False
47_55,52.30275,28.5,79.48878786359722,220.33921146851856,,,False,False
47_56,52.30275,28.59009,88.89159499307935,227.36750378693063,,,False,False
47_57,52.30275,28.68018,98.41397055129428,234.4493704684168,,,False,False
47_58,52.30275,28.77027,108.02432343549224,241.4907731442524,,,False,False
47_59,52.30275,28.86036,117.70112775193331,248.7363372551816,,,False,False
47_60,52.30275,28.95045,123.8838327274562,256.16874942781106,,,False,False
47_61,52.30275,29.04054,126.3142740975892,263.77222495893,,,False,False
47_62,52.30275,29.13063,129.30944584141085,271.5324030755511,,,False,False
47_63,52.30275,29.22072,132.99300430730457,279.43623779725243,,,False,False
47_64,52.30275,29.31081,136.9240126006504,285.243767857017,,,False,False
47_65,52.30275,29.4009,139.29526766697006,288.3313906907091,,,False,False
47_66,52.30275,29.49099,142.333284889675,291.73087340586824,,,False,False
47_67,52.30275,29.58108,145.9964640907154,295.4314588447825,,,False,False
47_68,52.30275,29.67117,150.23910058509966,299.42199126109443,,,False,False
47_69,52.30275,29.76126,155.0136399887513,303.69104908894144,,,False,False
47_70,52.30275,29.85135,160.18327344350098,308.2270674267454,,,False,False
47_71,52.30275,29.94144,165.7862990602907,313.0184485536342,,,False,False
47_72,52.30275,30.03153,171.7910112183093,318.053659495392,,,False,False
47_73,52.30275,30.12162,176.42951436049984,323.3213162702111,,,False,False
47_74,52.30275,30.21171,180.8394289248193,328.81025495390185,,,False,False
47_75,52.30275,30.3018,185.61621234926065,334.50959010339113,,,False,False
47_76,52.30275,30.39189,190.7456934552972,340.4087613693312,,,False,False
47_77,52.30275,30.48198,196.25283852982847,346.49756932329734,,,False,False
48_0,52.40386,23.54505,51.02979591531637,165.42734138832054,,,False,False
48_1,52.40386,23.63514,41.6640847892609,156.21624879244996,,,False,False
48_2,52.40386,23.72523,31.891916322634746,147.10776956647103,,,False,False
48_3,52.40386,23.81532,22.27860897753316,138.12222305878444,,,False,False
48_4,52.40386,23.90541,13.020348517804637,129.28526247952513,,,False,False
48_5,52.40386,23.9955,5.302747421940285,120.62956709708556,,,False,False
48_6,52.40386,24.08559,4.327806799478167,112.19711861616648,34.0,20-40 m,True,False
48_7,52.40386,24.17568,11.44133658792711,104.04223587465202,7.0,5-10 m,True,True
48_8,52.40386,24.26577,16.151303882936986,96.23553180722864,14.0,10-20 m,True,False
48_9,52.40386,24.35586,15.9446449865285,88.80900967626393,16.0,10-20 m,True,False
48_10,52.40386,24.44595,8.761715521188863,81.74243258556456,24.0,20-40 m,True,False
48_11,52.40386,24.53604,7.307383575304009,74.9905510177228,17.0,10-20 m,True,False
48_12,52.40386,24.62613,13.31736245597546,69.03091620944491,18.0,10-20 m,True,False
48_13,52.40386,24.71622,21.82187083613545,64.08497617540718,26.0,20-40 m,True,False
48_14,52.40386,24.80631,31.12366754784474,60.402301508998576,17.0,10-20 m,True,False
48_15,52.40386,24.8964,40.75874434453874,58.22313909673158,27.0,20-40 m,True,False
48_16,52.40386,24.98649,50.53688357429129,57.71808077083449,14.0,10-20 m,True,False
48_17,52.40386,25.07658,60.388671594483576,57.85376543146323,14.0,10-20 m,True,False
48_18,52.40386,25.16667,70.2831794580219,55.52498318317024,10.0,10-20 m,True,False
48_19,52.40386,25.25676,77.68147474963446,54.94499747123095,20.0,20-40 m,True,False
48_20,52.40386,25.34685,80.94927125436186,56.16805297313194,16.0,10-20 m,True,False
48_21,52.40386,25.43694,82.87386181153367,59.0823246571485,22.0,20-40 m,True,False
48_22,52.40386,25.52703,84.48904245224678,63.45526412163153,27.0,20-40 m,True,False
48_23,52.40386,25.61712,82.59810795061063,69.01017044307459,21.0,20-40 m,True,False
48_24,52.40386,25.70721,81.63213259338686,75.4865909778575,25.0,20-40 m,True,False
48_25,52.40386,25.7973,81.42386508498424,82.66825889776804,43.0,>40 m,True,False
48_26,52.40386,25.88739,82.33744909029734,90.2372707272351,31.0,20-40 m,True,False
48_27,52.40386,25.97748,83.6955891181226,97.79903841893436,35.0,20-40 m,True,False
48_28,52.40386,26.06757,85.53075915680132,105.3396843017179,38.0,20-40 m,True,False
48_29,52.40386,26.15766,88.46149683053115,113.14043232525636,53.0,>40 m,True,False
48_30,52.40386,26.24775,92.19353095526314,121.26439348568913,55.0,>40 m,True,False
48_31,52.40386,26.33784,93.48896374540942,129.52965280478358,62.0,>40 m,True,False
48_32,52.40386,26.42793,87.77037680745451,137.7846782125354,67.0,>40 m,True,False
48_33,52.40386,26.51802,82.86768384801165,146.03272514859836,71.0,>40 m,True,False
48_34,52.40386,26.60811,78.93309526304753,154.43790890877156,70.0,>40 m,True,False
48_35,52.40386,26.6982,72.45963977133802,163.0231921852427,66.0,>40 m,True,False
48_36,52.40386,26.78829,64.79725445509476,171.76158641430982,66.0,>40 m,True,False
48_37,52.40386,26.87838,56.12901533330027,171.22421800815962,80.0,>40 m,True,False
48_38,52.40386,26.96847,46.97809846697705,170.0391519445786,79.0,>40 m,True,False
48_39,52.40386,27.05856,38.11395699506295,169.43857273849267,83.0,>40 m,True,False
48_40,52.40386,27.14865,29.975276773414382,169.38435126244448,76.0,>40 m,True,False
48_41,52.40386,27.23874,22.97002628107241,169.8111411568327,73.0,>40 m,True,False
48_42,52.40386,27.32883,18.18861789954745,170.81886208169755,70.0,>40 m,True,False
48_43,52.40386,27.41892,17.60865266058014,172.40330389132265,63.0,>40 m,True,False
48_44,52.40386,27.50901,14.068650722285188,174.54877612668707,56.0,>40 m,True,False
48_45,52.40386,27.5991,5.564215156238467,177.22441545889646,48.0,>40 m,True,False
48_46,52.40386,27.68919,4.207513320578506,180.40506870057985,,,False,False
48_47,52.40386,27.77928,13.979567515727828,184.0762335578344,,,False,False
48_48,52.40386,27.86937,23.751947300335424,188.20922204883587,,,False,False
48_49,52.40386,27.95946,33.524652544420974,192.77434559759445,,,False,False
48_50,52.40386,28.04955,41.80647108809647,197.741689937586,,,False,False
48_51,52.40386,28.13964,49.243595874241606,203.08175482286265,,,False,False
48_52,52.40386,28.22973,57.338674499614896,208.7659525913436,,,False,False
48_53,52.40386,28.31982,65.67142249586772,214.7669724201022,,,False,False
48_54,52.40386,28.40991,74.35660865450134,221.05902524382643,,,False,False
48_55,52.40386,28.5,83.33893232957362,227.61798836455236,,,False,False
48_56,52.40386,28.59009,92.523280085539,234.42146974646377,,,False,False
48_57,52.40386,28.68018,101.75147198991466,241.4488109010387,,,False,False
48_58,52.40386,28.77027,111.06985185216656,248.52045869322717,,,False,False
48_59,52.40386,28.86036,120.498941435288,255.5602083135488,,,False,False
48_60,52.40386,28.95045,130.014676495478,262.79323222375984,,,False,False
48_61,52.40386,29.04054,135.86142741326051,270.20401920235724,,,False,False
48_62,52.40386,29.13063,138.64231729441164,277.7783513373738,,,False,False
48_63,52.40386,29.22072,142.0760301393122,285.50322148143164,,,False,False
48_64,52.40386,29.31081,146.11656738498536,293.36674684682924,,,False,False
48_65,52.40386,29.4009,148.78700732650586,297.65290381401724,,,False,False
48_66,52.40386,29.49099,151.6266688525049,300.9387008636807,,,False,False
48_67,52.40386,29.58108,155.0622541507647,304.5190472655747,,,False,False
48_68,52.40386,29.67117,159.0551685747813,308.3836920665712,,,False,False
48_69,52.40386,29.76126,163.56461695129573,312.5220965251161,,,False,False
48_70,52.40386,29.85135,168.5186776295418,316.9235443963464,,,False,False
48_71,52.40386,29.94144,173.84558539018775,321.5772427661053,,,False,False
48_72,52.40386,30.03153,179.57349816949795,326.472412382378,,,False,False
48_73,52.40386,30.12162,185.3475179630424,331.59836694566553,,,False,False
48_74,52.40386,30.21171,189.54184641880613,336.944581260236,,,False,False
48_75,52.40386,30.3018,194.1564569589307,342.5007485071574,,,False,False
48_76,52.40386,30.39189,199.0608298745078,348.25682717629974,,,False,False
48_77,52.40386,30.48198,204.33612087993885,354.20307839257305,,,False,False
49_0,52.50497,23.54505,53.99945170000947,161.7909316349055,,,False,False
49_1,52.50497,23.63514,44.59746190210997,152.36398431780097,,,False,False
49_2,52.50497,23.72523,35.52387852586006,143.0143658499388,,,False,False
49_3,52.50497,23.81532,27.110562002174557,133.7583110938954,,,False,False
49_4,52.50497,23.90541,18.12819006482413,124.61669003840848,,,False,False
49_5,52.50497,23.9955,9.697479379208843,115.61667129605378,,,False,False
49_6,52.50497,24.08559,2.100958214989619,106.79408426195864,,,False,False
49_7,52.50497,24.17568,5.616701170555286,98.19679026412808,10.0,10-20 m,True,False
49_8,52.50497,24.26577,6.6423155496623965,89.88948313989857,14.0,10-20 m,True,False
49_9,52.50497,24.35586,6.304185437019327,81.96041773736319,9.0,5-10 m,True,True
49_10,52.50497,24.44595,12.639969082385909,74.47677930117143,20.0,20-40 m,True,False
49_11,52.50497,24.53604,17.262880916484313,67.40814603801095,14.0,10-20 m,True,False
49_12,52.50497,24.62613,20.76926315970969,60.715886443797054,14.0,10-20 m,True,False
49_13,52.50497,24.71622,27.47410918836955,55.03536046501427,25.0,20-40 m,True,False
49_14,52.50497,24.80631,35.631994181093454,50.7077833083182,19.0,10-20 m,True,False
49_15,52.50497,24.8964,44.29370409378227,48.099782466074814,9.0,5-10 m,True,True
49_16,52.50497,24.98649,53.42574750499819,47.495529474430434,8.0,5-10 m,True,True
49_17,52.50497,25.07658,59.77854779798314,48.255206588348265,9.0,5-10 m,True,True
49_18,52.50497,25.16667,63.85365085091256,45.4456975942184,15.0,10-20 m,True,False
49_19,52.50497,25.25676,69.14496416461458,44.74372242642338,18.0,10-20 m,True,False
49_20,52.50497,25.34685,75.39689612339356,46.24540926462515,22.0,20-40 m,True,False
49_21,52.50497,25.43694,82.39108878271998,49.75166434032939,33.0,20-40 m,True,False
49_22,52.50497,25.52703,89.95459931912212,54.879654900994666,22.0,20-40 m,True,False
49_23,52.50497,25.61712,92.69765239358884,61.223265931740514,34.0,20-40 m,True,False
49_24,52.50497,25.70721,91.777992623417,68.4453693743123,34.0,20-40 m,True,False
49_25,52.50497,25.7973,91.5817080236564,76.02965937264044,39.0,20-40 m,True,False
49_26,52.50497,25.88739,92.39854189470806,83.58841522902755,48.0,>40 m,True,False
49_27,52.50497,25.97748,93.7488398735339,91.157103526512,51.0,>40 m,True,False
49_28,52.50497,26.06757,95.4062905389172,99.0694527440179,51.0,>40 m,True,False
49_29,52.50497,26.15766,98.03565844574712,107.29638782246607,52.0,>40 m,True,False
49_30,52.50497,26.24775,92.49629746983044,115.56569099287728,55.0,>40 m,True,False
49_31,52.50497,26.33784,85.67261932781967,123.81212789549066,64.0,>40 m,True,False
49_32,52.50497,26.42793,79.40128497877262,132.12710382595955,49.0,>40 m,True,False
49_33,52.50497,26.51802,73.953817878421,140.65578445123148,75.0,>40 m,True,False
49_34,52.50497,26.60811,69.52494175579993,149.36695428813,70.0,>40 m,True,False
49_35,52.50497,26.6982,66.31908050852752,158.2304931018631,76.0,>40 m,True,False
49_36,52.50497,26.78829,58.41680024495109,167.2221900245206,53.0,>40 m,True,False
49_37,52.50497,26.87838,50.62841359628053,176.32245492542182,77.0,>40 m,True,False
49_38,52.50497,26.96847,42.91764692584506,180.060526109455,74.0,>40 m,True,False
49_39,52.50497,27.05856,33.764663794358526,179.48571556618367,77.0,>40 m,True,False
49_40,52.50497,27.14865,24.61120861637863,179.42693939036835,77.0,>40 m,True,False
49_41,52.50497,27.23874,15.877949291036446,179.82265299177968,73.0,>40 m,True,False
49_42,52.50497,27.32883,8.926797363029612,180.76662189451844,73.0,>40 m,True,False
49_43,52.50497,27.41892,7.900124702162651,182.25663609868775,51.0,>40 m,True,False
49_44,52.50497,27.50901,6.900678296907689,184.27946439307044,50.0,>40 m,True,False
49_45,52.50497,27.5991,0.0800777060687486,186.81384017587408,,,False,False
49_46,52.50497,27.68919,7.714612620829302,189.82599320952767,,,False,False
49_47,52.50497,27.77928,16.727801607025686,193.31050062916387,,,False,False
49_48,52.50497,27.86937,26.022179681520385,197.24234290152853,,,False,False
49_49,52.50497,27.95946,35.6660443038776,201.5953604010164,,,False,False
49_50,52.50497,28.04955,45.43358213446309,206.3429118469444,,,False,False
49_51,52.50497,28.13964,55.20407570705518,211.45843742561863,,,False,False
49_52,52.50497,28.22973,63.29868283308656,216.9159167438348,,,False,False
49_53,52.50497,28.31982,71.21007927660051,222.69022194774607,,,False,False
49_54,52.50497,28.40991,79.47548066183109,228.75737356444048,,,False,False
49_55,52.50497,28.5,87.93179136082173,235.09471098751135,,,False,False
49_56,52.50497,28.59009,96.68470709822158,241.6809915077621,,,False,False
49_57,52.50497,28.68018,105.66056768205402,248.49643200644044,,,False,False
49_58,52.50497,28.77027,114.80711782596894,255.52270648901828,,,False,False
49_59,52.50497,28.86036,124.0294695805638,262.5841482894585,,,False,False
49_60,52.50497,28.95045,133.29125117860238,269.62220977070484,,,False,False
49_61,52.50497,29.04054,142.65235035684677,276.84377146468813,,,False,False
49_62,52.50497,29.13063,148.04507912671394,284.2348563366702,,,False,False
49_63,52.50497,29.22072,151.2573419655163,291.78259118574624,,,False,False
49_64,52.50497,29.31081,155.0507672020006,299.4751407723496,,,False,False
49_65,52.50497,29.4009,158.32160311284488,307.00801945196343,,,False,False
49_66,52.50497,29.49099,160.98482818669308,310.1863105628609,,,False,False
49_67,52.50497,29.58108,164.21648590149078,313.6527277830962,,,False,False
49_68,52.50497,29.67117,167.98378897278897,317.3978390706739,,,False,False
49_69,52.50497,29.76126,172.25161132425308,321.41191041601235,,,False,False
49_70,52.50497,29.85135,176.98376293166376,325.6850049995012,,,False,False
49_71,52.50497,29.94144,182.0774243946594,330.2070749300975,,,False,False
49_72,52.50497,30.03153,187.54645325971816,334.96804450415794,,,False,False
49_73,52.50497,30.12162,193.37979243128245,339.95788434942887,,,False,False
49_74,52.50497,30.21171,198.34498304678863,345.1666761953939,,,False,False
49_75,52.50497,30.3018,202.75724333495145,350.5846683283088,,,False,False
49_76,52.50497,30.39189,207.5030913677056,356.2023220433875,,,False,False
49_77,52.50497,30.48198,212.56099846460805,362.0103495989063,,,False,False
50_0,52.60608,23.54505,58.03568806211884,158.74003805600526,,,False,False
50_1,52.60608,23.63514,49.40577851105039,149.1237449872934,,,False,False
50_2,52.60608,23.72523,40.630220530152016,139.56077004087496,,,False,False
50_3,52.60608,23.81532,31.99528964198015,130.06289349435258,,,False,False
50_4,52.60608,23.90541,24.029041151543588,120.64551156699974,,,False,False
50_5,52.60608,23.9955,16.355221714432304,111.32907569848244,,,False,False
50_6,52.60608,24.08559,7.858930752348449,102.14123631006989,,,False,False
50_7,52.60608,24.17568,2.882670721675625,93.12009258107928,,,False,False
50_8,52.60608,24.26577,0.013267843626959,84.31919460342371,,,False,False
50_9,52.60608,24.35586,1.411731337302391,75.81531508249088,,,False,False
50_10,52.60608,24.44595,8.086273682930523,67.72047669453578,13.0,10-20 m,True,False
50_11,52.60608,24.53604,18.076682020073147,60.15509380358586,14.0,10-20 m,True,False
50_12,52.60608,24.62613,28.0735136137438,53.08144170207,13.0,10-20 m,True,False
50_13,52.60608,24.71622,34.9150225219491,46.4845477105815,12.0,10-20 m,True,False
50_14,52.60608,24.80631,41.73964022341786,41.27811198669009,6.0,5-10 m,True,True
50_15,52.60608,24.8964,45.77706217013241,38.03751622659749,7.0,5-10 m,True,True
50_16,52.60608,24.98649,47.07827550269551,37.27906455487213,8.0,5-10 m,True,True
50_17,52.60608,25.07658,50.27745057230791,38.97308637892457,11.0,10-20 m,True,False
50_18,52.60608,25.16667,55.06677164090322,35.443956454490234,18.0,10-20 m,True,False
50_19,52.60608,25.25676,61.12920911775773,34.54806551868405,17.0,10-20 m,True,False
50_20,52.60608,25.34685,68.12576505842401,36.48000828772377,22.0,20-40 m,True,False
50_21,52.60608,25.43694,75.7982423979625,40.84049195004873,34.0,20-40 m,True,False
50_22,52.60608,25.52703,83.9615776411488,46.95783634075536,22.0,20-40 m,True,False
50_23,52.60608,25.61712,92.48591267739504,54.230483557814935,38.0,20-40 m,True,False
50_24,52.60608,25.70721,101.28016295632584,61.8197309456658,41.0,>40 m,True,False
50_25,52.60608,25.7973,101.73947669742935,69.375322096873,19.0,10-20 m,True,False
50_26,52.60608,25.88739,102.46801496908871,76.99600325571869,48.0,>40 m,True,False
50_27,52.60608,25.97748,103.8020233309598,85.05434943883542,49.0,>40 m,True,False
50_28,52.60608,26.06757,101.4133883914834,93.32808055457376,37.0,20-40 m,True,False
50_29,52.60608,26.15766,93.39679083380624,101.59285269208792,38.0,20-40 m,True,False
50_30,52.60608,26.24775,85.67260185605346,109.84820503281613,61.0,>40 m,True,False
50_31,52.60608,26.33784,78.27004094672863,118.2963614039382,67.0,>40 m,True,False
50_32,52.60608,26.42793,71.47860894165659,126.96991883398492,77.0,>40 m,True,False
50_33,52.60608,26.51802,65.38212265948847,135.82572321865248,72.0,>40 m,True,False
50_34,52.60608,26.60811,60.33556435737476,144.8303661908118,80.0,>40 m,True,False
50_35,52.60608,26.6982,56.62042078457138,153.9577520133788,76.0,>40 m,True,False
50_36,52.60608,26.78829,52.538543462713406,163.18730303520883,67.0,>40 m,True,False
50_37,52.60608,26.87838,44.478108394307256,172.5026372793391,72.0,>40 m,True,False
50_38,52.60608,26.96847,36.46724555281617,181.8905904814232,72.0,>40 m,True,False
50_39,52.60608,27.05856,29.004438790083505,189.53200347290945,75.0,>40 m,True,False
50_40,52.60608,27.14865,20.55918634409822,189.4686317990983,74.0,>40 m,True,False
50_41,52.60608,27.23874,11.408306612086976,189.83611040788844,70.0,>40 m,True,False
50_42,52.60608,27.32883,2.2580793605762595,190.7225674322053,10.0,10-20 m,True,False
50_43,52.60608,27.41892,0.7502453229581235,192.12740712996552,16.0,10-20 m,True,False
50_44,52.60608,27.50901,1.912613650227144,194.03938382338572,,,False,False
50_45,52.60608,27.5991,7.246351804917927,196.44370334869117,,,False,False
50_46,52.60608,27.68919,14.22130374091654,199.3043225617727,,,False,False
50_47,52.60608,27.77928,21.749378648976165,202.61802657813445,,,False,False
50_48,52.60608,27.86937,30.00331941432889,206.36481357431904,,,False,False
50_49,52.60608,27.95946,39.04915189464719,210.5215735968947,,,False,False
50_50,52.60608,28.04955,48.2470319438615,215.0645482361537,,,False,False
50_51,52.60608,28.13964,57.64305385433365,219.9698215170786,,,False,False
50_52,52.60608,28.22973,67.21482359882515,225.2137331396882,,,False,False
50_53,52.60608,28.31982,76.89677622216033,230.7732107592846,,,False,False
50_54,52.60608,28.40991,85.14214673173613,236.6260240668429,,,False,False
50_55,52.60608,28.5,93.32641729923368,242.7509675587923,,,False,False
50_56,52.60608,28.59009,101.64391539012458,249.1279812524512,,,False,False
50_57,52.60608,28.68018,110.21194290691622,255.73821954886017,,,False,False
50_58,52.60608,28.77027,119.00475545548356,262.56407835772694,,,False,False
50_59,52.60608,28.86036,127.97605038243118,269.5891898429444,,,False,False
50_60,52.60608,28.95045,137.09081250743617,276.64043278894286,,,False,False
50_61,52.60608,29.04054,146.30215799406352,283.6767769131819,,,False,False
50_62,52.60608,29.13063,155.53316301798225,290.88779790135186,,,False,False
50_63,52.60608,29.22072,160.51989371772126,298.2608355539934,,,False,False
50_64,52.60608,29.31081,164.09122266566143,305.7841792692266,,,False,False
50_65,52.60608,29.4009,167.89158253713694,313.44701487877114,,,False,False
50_66,52.60608,29.49099,170.39692252316107,319.4701643167356,,,False,False
50_67,52.60608,29.58108,173.44499129130276,322.8285057131819,,,False,False
50_68,52.60608,29.67117,177.00776910232446,326.46000645433395,,,False,False
50_69,52.60608,29.76126,181.054888396532,330.3556662600339,,,False,False
50_70,52.60608,29.85135,185.5546747886065,334.50626386005786,,,False,False
50_71,52.60608,29.94144,190.4592947301401,338.9024402863679,,,False,False
50_72,52.60608,30.03153,195.68645215874264,343.534775350824,,,False,False
50_73,52.60608,30.12162,201.2764086946208,348.3938566275675,,,False,False
50_74,52.60608,30.21171,207.19981628989908,353.4703405778789,,,False,False
50_75,52.60608,30.3018,211.45445721213528,358.7550057317393,,,False,False
50_76,52.60608,30.39189,216.05228181435663,364.2387980694081,,,False,False
50_77,52.60608,30.48198,220.9115321131767,369.91286892721337,,,False,False
51_0,52.70719,23.54505,63.13885098554032,156.30870801836707,,,False,False
51_1,52.70719,23.63514,54.399351826767344,146.53587920822713,,,False,False
51_2,52.70719,23.72523,46.07892242211281,136.795174631147,,,False,False
51_3,52.70719,23.81532,36.21895853682578,127.09400038339032,,,False,False
51_4,52.70719,23.90541,26.257726019064854,117.44217434993622,,,False,False
51_5,52.70719,23.9955,16.341101486244543,107.85296933784468,,,False,False
51_6,52.70719,24.08559,6.671450859958743,98.3447305782085,,,False,False
51_7,52.70719,24.17568,2.6387135103079395,88.94345680283466,16.0,10-20 m,True,False
51_8,52.70719,24.26577,7.669521809712719,79.6870473681919,19.0,10-20 m,True,False
51_9,52.70719,24.35586,6.278220761735939,70.63251501219392,13.0,10-20 m,True,False
51_10,52.70719,24.44595,11.497006817355985,61.86859958756324,15.0,10-20 m,True,False
51_11,52.70719,24.53604,20.20427304505545,53.53825716248032,12.0,10-20 m,True,False
51_12,52.70719,24.62613,29.69850057437183,45.84738958099034,14.0,10-20 m,True,False
51_13,52.70719,24.71622,39.29642963543965,38.7630972386627,16.0,10-20 m,True,False
51_14,52.70719,24.80631,36.63163665435409,32.344622605846546,10.0,10-20 m,True,False
51_15,52.70719,24.8964,35.544721309049635,28.100740852227784,12.0,10-20 m,True,False
51_16,52.70719,24.98649,37.21352227964323,27.074231390845664,14.0,10-20 m,True,False
51_17,52.70719,25.07658,41.12836439196953,29.60180666766055,16.0,10-20 m,True,False
51_18,52.70719,25.16667,46.86821810455568,25.60936138019744,22.0,20-40 m,True,False
51_19,52.70719,25.25676,53.86651198649836,24.363601395871644,23.0,20-40 m,True,False
51_20,52.70719,25.34685,61.69652662588219,27.04140574222682,17.0,10-20 m,True,False
51_21,52.70719,25.43694,70.08006878644916,32.69254255329806,28.0,20-40 m,True,False
51_22,52.70719,25.52703,78.84079134878557,40.01344651196381,32.0,20-40 m,True,False
51_23,52.70719,25.61712,87.86597617179804,47.60748634548863,41.0,>40 m,True,False
51_24,52.70719,25.70721,97.08192197441512,55.15976075540098,38.0,20-40 m,True,False
51_25,52.70719,25.7973,106.43911490651962,62.8735344560008,38.0,20-40 m,True,False
51_26,52.70719,25.88739,112.55230866252704,71.08161026787702,48.0,>40 m,True,False
51_27,52.70719,25.97748,104.57500455493556,79.3594601306623,52.0,>40 m,True,False
51_28,52.70719,26.06757,95.89116322543734,87.6153782998328,43.0,>40 m,True,False
51_29,52.70719,26.15766,87.44641341596056,95.95364257874463,48.0,>40 m,True,False
51_30,52.70719,26.24775,79.28453774704498,104.57182020427244,63.0,>40 m,True,False
51_31,52.70719,26.33784,71.51669900366313,113.41664791122632,69.0,>40 m,True,False
51_32,52.70719,26.42793,64.05104899423522,122.43903935201271,72.0,>40 m,True,False
51_33,52.70719,26.51802,57.30574049716291,131.60250037113866,76.0,>40 m,True,False
51_34,52.70719,26.60811,51.48157530175359,140.8795258343356,76.0,>40 m,True,False
51_35,52.70719,26.6982,47.081540510978016,150.24909981520616,72.0,>40 m,True,False
51_36,52.70719,26.78829,44.52987761681516,159.6949506365237,72.0,>40 m,True,False
51_37,52.70719,26.87838,38.49337877480277,169.20432078399253,63.0,>40 m,True,False
51_38,52.70719,26.96847,30.77539057233025,178.76708962210677,70.0,>40 m,True,False
51_39,52.70719,27.05856,22.339413983036557,188.3751399492991,63.0,>40 m,True,False
51_40,52.70719,27.14865,14.85347387481467,197.8419353421007,62.0,>40 m,True,False
51_41,52.70719,27.23874,7.141103072268275,199.85107317158236,45.0,>40 m,True,False
51_42,52.70719,27.32883,1.7913414235448253,200.6853335185042,,,False,False
51_43,52.70719,27.41892,2.8836751603220003,202.01291503517837,,,False,False
51_44,52.70719,27.50901,7.475494160874478,203.8241912277738,,,False,False
51_45,52.70719,27.5991,15.175029730649046,206.10642298561555,,,False,False
51_46,52.70719,27.68919,21.385904246402017,208.83210041603488,,,False,False
51_47,52.70719,27.77928,28.35503472095293,211.98902438582303,,,False,False
51_48,52.70719,27.86937,35.78840708321691,215.56515556118168,,,False,False
51_49,52.70719,27.95946,43.75147446948053,219.54002130294768,,,False,False
51_50,52.70719,28.04955,52.34240228809873,223.8923977074567,,,False,False
51_51,52.70719,28.13964,61.362800613017626,228.60073491565385,,,False,False
51_52,52.70719,28.22973,70.54460066684972,233.6435255775777,,,False,False
51_53,52.70719,28.31982,79.82042621857025,238.99961133297248,,,False,False
51_54,52.70719,28.40991,89.25359290054851,244.648427096468,,,False,False
51_55,52.70719,28.5,98.79912795020368,250.57018658489363,,,False,False
51_56,52.70719,28.59009,107.17611532376114,256.74601491278656,,,False,False
51_57,52.70719,28.68018,115.44150632167108,263.1580353733053,,,False,False
51_58,52.70719,28.77027,123.8586963837905,269.78941794843166,,,False,False
51_59,52.70719,28.86036,132.49704562412617,276.6243968996766,,,False,False
51_60,52.70719,28.95045,141.31602289387732,283.6482641997167,,,False,False
51_61,52.70719,29.04054,150.28385150152894,290.68931066680176,,,False,False
51_62,52.70719,29.13063,159.37542429348093,297.7239128277461,,,False,False
51_63,52.70719,29.22072,168.56705565534773,304.92518699509986,,,False,False
51_64,52.70719,29.31081,173.22113485354265,312.28161166023153,,,False,False
51_65,52.70719,29.4009,177.09458418232606,319.78248809803733,,,False,False
51_66,52.70719,29.49099,179.85432976755257,327.4178970188368,,,False,False
51_67,52.70719,29.58108,182.7363658194548,332.0428134443845,,,False,False
51_68,52.70719,29.67117,186.11308954882023,335.5662270944782,,,False,False
51_69,52.70719,29.76126,189.9581364733042,339.34902335375534,,,False,False
51_70,52.70719,29.85135,194.24371158028492,343.38263778736297,,,False,False
51_71,52.70719,29.94144,198.94136147100275,347.65834801559737,,,False,False
51_72,52.70719,30.03153,203.9733624150356,352.1673437812437,,,False,False
51_73,52.70719,30.12162,209.3344260733148,356.9007908775416,,,False,False
51_74,52.70719,30.21171,215.028392587082,361.84988851328,,,False,False
51_75,52.70719,30.3018,220.24214949785272,367.0059199299658,,,False,False
51_76,52.70719,30.39189,224.6548959160964,372.3602962894675,,,False,False
51_77,52.70719,30.48198,229.3738822765881,377.904594016807,,,False,False
52_0,52.8083,23.54505,65.83496361398107,154.52595193110898,,,False,False
52_1,52.8083,23.63514,55.84777539772541,144.6351557834012,,,False,False
52_2,52.8083,23.72523,45.864521920470295,134.75967359838373,,,False,False
52_3,52.8083,23.81532,35.888557620824734,124.90315817579126,,,False,False
52_4,52.8083,23.90541,25.928395584056894,115.07050565075824,,,False,False
52_5,52.8083,23.9955,16.013708699855048,105.2684273268418,,,False,False
52_6,52.8083,24.08559,6.165808010766607,95.50636429939324,,,False,False
52_7,52.8083,24.17568,3.0530498275009355,85.79800646765285,1.0,0-5 m,True,True
52_8,52.8083,24.26577,12.758235837823362,76.16392741649014,9.0,5-10 m,True,True
52_9,52.8083,24.35586,16.369802882142547,66.63639086479596,8.0,5-10 m,True,True
52_10,52.8083,24.44595,19.64280628674012,57.26864206500365,8.0,5-10 m,True,True
52_11,52.8083,24.53604,25.79649352240493,48.15407970803695,12.0,10-20 m,True,False
52_12,52.8083,24.62613,33.781707663266225,39.46856868484506,13.0,10-20 m,True,False
52_13,52.8083,24.71622,31.13875355165712,31.56336684640221,16.0,10-20 m,True,False
52_14,52.8083,24.80631,26.81269428884541,24.455765518443865,13.0,10-20 m,True,False
52_15,52.8083,24.8964,25.31668826145936,18.49094737680644,18.0,10-20 m,True,False
52_16,52.8083,24.98649,27.548656880487208,16.900017475635565,22.0,20-40 m,True,False
52_17,52.8083,25.07658,32.62766741451872,20.71656709626445,19.0,10-20 m,True,False
52_18,52.8083,25.16667,39.6239750473244,16.246146408345165,25.0,20-40 m,True,False
52_19,52.8083,25.25676,47.70134186331741,14.211945130467,22.0,20-40 m,True,False
52_20,52.8083,25.34685,56.39721549304304,18.436589762262585,19.0,10-20 m,True,False
52_21,52.8083,25.43694,65.46562837109009,25.794116807802567,24.0,20-40 m,True,False
52_22,52.8083,25.52703,74.7711921806222,33.38944359314192,16.0,10-20 m,True,False
52_23,52.8083,25.61712,84.23538089600552,40.941732418234295,37.0,20-40 m,True,False
52_24,52.8083,25.70721,93.81022647460568,48.82663490894874,48.0,>40 m,True,False
52_25,52.8083,25.7973,103.46503871080556,57.10869762185423,49.0,>40 m,True,False
52_26,52.8083,25.88739,109.374565482383,65.38257719705798,54.0,>40 m,True,False
52_27,52.8083,25.97748,100.15482789759136,73.64690686306095,36.0,20-40 m,True,False
52_28,52.8083,26.06757,91.055212054626,82.17544653427407,47.0,>40 m,True,False
52_29,52.8083,26.15766,82.16425462290445,91.00339550179451,59.0,>40 m,True,False
52_30,52.8083,26.24775,73.55769405869611,100.0515586355492,70.0,>40 m,True,False
52_31,52.8083,26.33784,65.22830465962265,109.26526786856752,71.0,>40 m,True,False
52_32,52.8083,26.42793,57.36839847224892,118.60597249447592,78.0,>40 m,True,False
52_33,52.8083,26.51802,49.83946779553578,128.04590518903484,75.0,>40 m,True,False
52_34,52.8083,26.60811,43.16905058193791,137.56466026727517,68.0,>40 m,True,False
52_35,52.8083,26.6982,37.82263083653052,147.14696090113213,79.0,>40 m,True,False
52_36,52.8083,26.78829,34.60399464697065,156.7811740292366,81.0,>40 m,True,False
52_37,52.8083,26.87838,33.277692428473394,166.45830319611505,70.0,>40 m,True,False
52_38,52.8083,26.96847,24.620216979493456,176.17129250398472,75.0,>40 m,True,False
52_39,52.8083,27.05856,16.736939301953182,184.57826307285163,64.0,>40 m,True,False
52_40,52.8083,27.14865,8.394811081151111,188.7871234836404,45.0,>40 m,True,False
52_41,52.8083,27.23874,0.7087431819986196,193.4209963240803,,,False,False
52_42,52.8083,27.32883,6.772644395517351,198.45012623914087,,,False,False
52_43,52.8083,27.41892,12.831037318589354,203.84527537579007,,,False,False
52_44,52.8083,27.50901,15.236558939659048,209.5781926742818,,,False,False
52_45,52.8083,27.5991,21.581899255883226,215.6219521158032,,,False,False
52_46,52.8083,27.68919,28.949771639553827,218.40272558033257,,,False,False
52_47,52.8083,27.77928,35.51798607685706,221.41530746004645,,,False,False
52_48,52.8083,27.86937,42.48127752440772,224.8336838499279,,,False,False
52_49,52.8083,27.95946,49.82269432976845,228.6396662372981,,,False,False
52_50,52.8083,28.04955,57.67651564818116,232.81425757510883,,,False,False
52_51,52.8083,28.13964,65.96703652826582,237.33801943264456,,,False,False
52_52,52.8083,28.22973,74.67820322588446,242.19139790563847,,,False,False
52_53,52.8083,28.31982,83.67878207271465,247.35500242718763,,,False,False
52_54,52.8083,28.40991,92.846978084702,252.80983553211564,,,False,False
52_55,52.8083,28.5,102.06145036169016,258.5374747214075,,,False,False
52_56,52.8083,28.59009,111.40470211560924,264.520209789512,,,False,False
52_57,52.8083,28.68018,120.85373845436985,270.74114037324034,,,False,False
52_58,52.8083,28.77027,129.27809321290246,277.1842391842493,,,False,False
52_59,52.8083,28.86036,137.58716450219907,283.834386554352,,,False,False
52_60,52.8083,28.95045,146.09429861033482,290.67738170992914,,,False,False
52_61,52.8083,29.04054,154.78082544510443,297.69993573621974,,,False,False
52_62,52.8083,29.13063,163.61819314600746,304.7307841289217,,,False,False
52_63,52.8083,29.22072,172.5832479812983,311.7636233890889,,,False,False
52_64,52.8083,29.31081,181.657102237562,318.955839487152,,,False,False
52_65,52.8083,29.4009,186.1007401039897,326.2969022117031,,,False,False
52_66,52.8083,29.49099,189.3501178764477,333.77699891555346,,,False,False
52_67,52.8083,29.58108,192.0813461966527,341.2924572626095,,,False,False
52_68,52.8083,29.67117,195.28823556345336,344.71293759354023,,,False,False
52_69,52.8083,29.76126,198.94779960224253,348.3880691709458,,,False,False
52_70,52.8083,29.85135,203.03557636180665,352.30989057614426,,,False,False
52_71,52.8083,29.94144,207.5262767172644,356.47026741590525,,,False,False
52_72,52.8083,30.03153,212.3894457874428,360.8609563933253,,,False,False
52_73,52.8083,30.12162,217.5357871204989,365.47366437075937,,,False,False
52_74,52.8083,30.21171,223.01276651645972,370.30010197036455,,,False,False
52_75,52.8083,30.3018,228.79704035349715,375.3320314619044,,,False,False
52_76,52.8083,30.39189,233.34665511146457,380.5613088660324,,,False,False
52_77,52.8083,30.48198,237.9286014645729,385.9799203516046,,,False,False
53_0,52.90941,23.54505,65.88637533355782,153.41414986288302,,,False,False
53_1,52.90941,23.63514,55.91138704981159,143.44864404568068,,,False,False
53_2,52.90941,23.72523,45.94501173080681,133.4874043864275,,,False,False
53_3,52.90941,23.81532,35.987745019432346,123.5314837829454,,,False,False
53_4,52.90941,23.90541,26.030654011596987,113.58230371775068,,,False,False
53_5,52.90941,23.9955,16.073386547245757,103.64183043832186,,,False,False
53_6,52.90941,24.08559,6.115942544173056,93.71286245878042,,,False,False
53_7,52.90941,24.17568,3.84167807899038,83.79952067293937,3.0,0-5 m,True,True
53_8,52.90941,24.26577,13.7994754027729,73.90812868238012,9.0,5-10 m,True,True
53_9,52.90941,24.35586,23.01494489166098,64.04889783142525,3.0,0-5 m,True,True
53_10,52.90941,24.44595,28.83863230956166,54.2394176717566,9.0,5-10 m,True,True
53_11,52.90941,24.53604,33.66962941228019,44.51265135929463,12.0,10-20 m,True,False
53_12,52.90941,24.62613,30.54409436825057,34.9378266917486,9.0,5-10 m,True,True
53_13,52.90941,24.71622,22.921631965713747,25.68553233313075,15.0,10-20 m,True,False
53_14,52.90941,24.80631,17.249201547136295,17.281955722158315,18.0,10-20 m,True,False
53_15,52.90941,24.8964,15.09942447360388,10.17714474274779,20.0,20-40 m,True,False
53_16,52.90941,24.98649,18.463736224717483,6.8883732580912245,20.0,20-40 m,True,False
53_17,52.90941,25.07658,25.432656206970183,13.826594860850442,18.0,10-20 m,True,False
53_18,52.90941,25.16667,33.94950756854388,8.972154747887801,28.0,20-40 m,True,False
53_19,52.90941,25.25676,43.10640540045473,4.322472170425388,17.0,10-20 m,True,False
53_20,52.90941,25.34685,52.56999933400061,11.572494078329695,22.0,20-40 m,True,False
53_21,52.90941,25.43694,62.20050218811097,19.16413351827419,23.0,20-40 m,True,False
53_22,52.90941,25.52703,71.93094333394166,26.722739250396685,35.0,20-40 m,True,False
53_23,52.90941,25.61712,81.72566763944961,34.84920787051232,21.0,20-40 m,True,False
53_24,52.90941,25.70721,91.56407825986412,43.13547208595236,26.0,20-40 m,True,False
53_25,52.90941,25.7973,101.43349142906808,51.40023610555487,27.0,20-40 m,True,False
53_26,52.90941,25.88739,105.95259365442216,59.78774758025183,38.0,20-40 m,True,False
53_27,52.90941,25.97748,96.44510778567737,68.58624679380092,47.0,>40 m,True,False
53_28,52.90941,26.06757,87.04704588213993,77.67512085971562,59.0,>40 m,True,False
53_29,52.90941,26.15766,77.78977319683477,86.96340513999444,68.0,>40 m,True,False
53_30,52.90941,26.24775,68.64602558866873,96.39350176997678,71.0,>40 m,True,False
53_31,52.90941,26.33784,59.77096150173221,105.9275700751095,72.0,>40 m,True,False
53_32,52.90941,26.42793,51.26830811654011,115.53989898320232,71.0,>40 m,True,False
53_33,52.90941,26.51802,43.225569368100025,125.21248872469684,69.0,>40 m,True,False
53_34,52.90941,26.60811,35.63571290626425,134.93240170142113,71.0,>40 m,True,False
53_35,52.90941,26.6982,29.11093527312552,144.6901208170156,73.0,>40 m,True,False
53_36,52.90941,26.78829,24.795497880485875,154.47850065328842,80.0,>40 m,True,False
53_37,52.90941,26.87838,24.126210459390823,164.29207857641134,72.0,>40 m,True,False
53_38,52.90941,26.96847,19.154846350973525,171.44912441237258,70.0,>40 m,True,False
53_39,52.90941,27.05856,11.518402498348722,175.41121274120843,67.0,>40 m,True,False
53_40,52.90941,27.14865,2.6001632022504952,179.84167529139555,29.0,20-40 m,True,False
53_41,52.90941,27.23874,4.233271546970372,184.70682742983857,,,False,False
53_42,52.90941,27.32883,13.429766233921516,189.9732911303053,,,False,False
53_43,52.90941,27.41892,20.875661567634697,195.6086703691089,,,False,False
53_44,52.90941,27.50901,24.5914743343197,201.58204254892408,,,False,False
53_45,52.90941,27.5991,28.980280697516324,207.8642856760621,,,False,False
53_46,52.90941,27.68919,35.68567615204591,214.42826804448308,,,False,False
53_47,52.90941,27.77928,42.925670335872624,221.24892902224124,,,False,False
53_48,52.90941,27.86937,49.64260388469051,228.30327796721545,,,False,False
53_49,52.90941,27.95946,56.60003856773799,235.57033485473755,,,False,False
53_50,52.90941,28.04955,63.87615290209751,241.81961006131945,,,False,False
53_51,52.90941,28.13964,71.6711491764201,246.1702387212071,,,False,False
53_52,52.90941,28.22973,79.75685075842732,250.84517112628905,,,False,False
53_53,52.90941,28.31982,88.23636288082021,255.8266399003062,,,False,False
53_54,52.90941,28.40991,97.00649939843512,261.09711104858167,,,False,False
53_55,52.90941,28.5,105.99517280120696,266.63945804472047,,,False,False
53_56,52.90941,28.59009,115.1415207491732,272.4370988405369,,,False,False
53_57,52.90941,28.68018,124.32691399932902,278.4740987999844,,,False,False
53_58,52.90941,28.77027,133.60758745062031,284.7352433800005,,,False,False
53_59,52.90941,28.86036,142.98578302428248,291.20608475976474,,,False,False
53_60,52.90941,28.95045,151.37308458925224,297.8729666595472,,,False,False
53_61,52.90941,29.04054,159.7677940684093,304.7230313918106,,,False,False
53_62,52.90941,29.13063,168.33868200656852,311.7442128374146,,,False,False
53_63,52.90941,29.22072,177.06018223371456,318.7648582213872,,,False,False
53_64,52.90941,29.31081,185.9111151424169,325.79591659258665,,,False,False
53_65,52.90941,29.4009,194.87386066057852,332.9796759839299,,,False,False
53_66,52.90941,29.49099,198.87865789491931,340.306474479465,,,False,False
53_67,52.90941,29.58108,201.47234387625164,347.767279699199,,,False,False
53_68,52.90941,29.67117,204.52368278548343,353.8969306126277,,,False,False
53_69,52.90941,29.76126,208.0125494528484,357.469270737903,,,False,False
53_70,52.90941,29.85135,211.9173490609567,361.2841843354475,,,False,False
53_71,52.90941,29.94144,216.21556118557697,365.3340800192458,,,False,False
53_72,52.90941,30.03153,220.88423372592203,369.6112411582208,,,False,False
53_73,52.90941,30.12162,225.86476355235723,374.10788031572383,,,False,False
53_74,52.90941,30.21171,231.1366818697354,378.81618915860537,,,False,False
53_75,52.90941,30.3018,236.714867787958,383.7283835455859,,,False,False
53_76,52.90941,30.39189,242.12054389861143,388.8367436599981,,,False,False
53_77,52.90941,30.48198,246.532423520076,394.1336491861211,,,False,False
54_0,53.01052,23.54505,64.25357523286391,152.987704929995,,,False,False
54_1,53.01052,23.63514,54.30758064839786,142.99388302090816,,,False,False
54_2,53.01052,23.72523,44.3830071197159,133.0000133649592,,,False,False
54_3,53.01052,23.81532,34.49842319350076,123.00610555619078,,,False,False
54_4,53.01052,23.90541,24.701988530046595,113.01217266496477,,,False,False
54_5,53.01052,23.9955,15.165675682886876,103.0182329238362,,,False,False
54_6,53.01052,24.08559,6.280830973910006,93.02431250012596,,,False,False
54_7,53.01052,24.17568,1.1895385950149362,83.03045027075477,3.0,0-5 m,True,True
54_8,53.01052,24.26577,11.09618078374347,73.03670651700183,10.0,10-20 m,True,False
54_9,53.01052,24.35586,19.259681081316533,63.04317988847546,5.0,5-10 m,True,True
54_10,53.01052,24.44595,24.45596577285005,53.05004353867886,10.0,10-20 m,True,False
54_11,53.01052,24.53604,31.89280414512105,43.05763157093675,6.0,5-10 m,True,True
54_12,53.01052,24.62613,26.17235017172158,33.06668217820761,3.0,0-5 m,True,True
54_13,53.01052,24.71622,16.75093847250374,23.07921201996249,12.0,10-20 m,True,False
54_14,53.01052,24.80631,8.610790518548814,13.103386304471158,17.0,10-20 m,True,False
54_15,53.01052,24.8964,4.953155190225129,3.249158079539745,22.0,20-40 m,True,False
54_16,53.01052,24.98649,11.49823413959521,0.940191397804744,23.0,20-40 m,True,False
54_17,53.01052,25.07658,20.93421529833569,10.444795142593785,23.0,20-40 m,True,False
54_18,53.01052,25.16667,30.726080922101016,7.833866192932766,26.0,20-40 m,True,False
54_19,53.01052,25.25676,40.61732320060037,0.1215153357908974,23.0,20-40 m,True,False
54_20,53.01052,25.34685,50.5496942886247,4.936380401310711,26.0,20-40 m,True,False
54_21,53.01052,25.43694,60.50298793716065,12.581253482813386,22.0,20-40 m,True,False
54_22,53.01052,25.52703,70.46837862208146,20.8717390147745,31.0,20-40 m,True,False
54_23,53.01052,25.61712,80.44140532372663,29.154096036939126,32.0,20-40 m,True,False
54_24,53.01052,25.70721,90.4195723823427,37.43227597068383,45.0,>40 m,True,False
54_25,53.01052,25.7973,100.40137522308564,46.166007776792014,54.0,>40 m,True,False
54_26,53.01052,25.88739,103.4099184411898,55.32854525238359,45.0,>40 m,True,False
54_27,53.01052,25.97748,93.64784576479144,64.73811770688506,46.0,>40 m,True,False
54_28,53.01052,26.06757,83.94063461015182,74.30096801000155,71.0,>40 m,True,False
54_29,53.01052,26.15766,74.30982610240622,83.96477538402172,67.0,>40 m,True,False
54_30,53.01052,26.24775,64.78954421400377,93.69833814831752,73.0,>40 m,True,False
54_31,53.01052,26.33784,55.43681250886111,103.48200218700852,74.0,>40 m,True,False
54_32,53.01052,26.42793,46.250079235942096,113.30281490994292,67.0,>40 m,True,False
54_33,53.01052,26.51802,37.41020569207348,123.15191271158896,63.0,>40 m,True,False
54_34,53.01052,26.60811,29.10384602926067,133.0230347352909,69.0,>40 m,True,False
54_35,53.01052,26.6982,21.44135951534479,142.91163759255548,81.0,>40 m,True,False
54_36,53.01052,26.78829,15.32930296794043,152.8143467880364,73.0,>40 m,True,False
54_37,53.01052,26.87838,14.231995447673544,158.489128457545,75.0,>40 m,True,False
54_38,53.01052,26.96847,14.965734474232704,162.15983790568814,75.0,>40 m,True,False
54_39,53.01052,27.05856,5.362341265483392,166.35037627127892,17.0,10-20 m,True,False
54_40,53.01052,27.14865,1.526923025034436,171.022553641459,,,False,False
54_41,53.01052,27.23874,10.321322793745685,176.13806402468424,,,False,False
54_42,53.01052,27.32883,17.916532073607314,181.65947538862932,,,False,False
54_43,53.01052,27.41892,26.58256089097292,187.55095881042948,,,False,False
54_44,53.01052,27.50901,34.116814708984016,193.7787789407185,,,False,False
54_45,53.01052,27.5991,37.600415788517935,200.3115827368049,,,False,False
54_46,53.01052,27.68919,42.97543113646329,207.12052850476115,,,False,False
54_47,53.01052,27.77928,49.79949835355146,214.1792958658829,,,False,False
54_48,53.01052,27.86937,56.970174104495705,221.46401221009225,,,False,False
54_49,53.01052,27.95946,63.75976379610985,228.95312468030303,,,False,False
54_50,53.01052,28.04955,70.71132380433146,236.62724014043175,,,False,False
54_51,53.01052,28.13964,77.94576474438261,244.46894967571112,,,False,False
54_52,53.01052,28.22973,85.68827116365196,252.4626492736068,,,False,False
54_53,53.01052,28.31982,93.63564354326824,260.5943644829917,,,False,False
54_54,53.01052,28.40991,101.9374780010678,268.85158395077843,,,False,False
54_55,53.01052,28.5,110.52128424545351,274.8641309993078,,,False,False
54_56,53.01052,28.59009,119.32625123131314,280.4845065751223,,,False,False
54_57,53.01052,28.68018,128.30687924512267,286.34467945169104,,,False,False
54_58,53.01052,28.77027,137.4282436487601,292.4302434298256,,,False,False
54_59,53.01052,28.86036,146.60141166130398,298.7274336348299,,,False,False
54_60,53.01052,28.95045,155.836106609597,305.2231612695366,,,False,False
54_61,53.01052,29.04054,165.16035231487157,311.9050315684996,,,False,False
54_62,53.01052,29.13063,173.49774248801538,318.7613480075938,,,False,False
54_63,53.01052,29.22072,181.967112995066,325.78110555463326,,,False,False
54_64,53.01052,29.31081,190.58543871788984,332.79154016634874,,,False,False
54_65,53.01052,29.4009,199.33341507035215,339.82080205317544,,,False,False
54_66,53.01052,29.49099,208.10012803732832,346.99663286182647,,,False,False
54_67,53.01052,29.58108,210.9030922422101,354.310135517663,,,False,False
54_68,53.01052,29.67117,213.81149960548905,361.752968275266,,,False,False
54_69,53.01052,29.76126,217.14286690806,366.5894320898214,,,False,False
54_70,53.01052,29.85135,220.8780704938959,370.3020365692466,,,False,False
54_71,53.01052,29.94144,224.9970118816817,374.2460370180909,,,False,False
54_72,53.01052,30.03153,229.4790415645197,378.414205840728,,,False,False
54_73,53.01052,30.12162,234.30300805660977,382.79922782965264,,,False,False
54_74,53.01052,30.21171,239.385828561286,387.3937465097316,,,False,False
54_75,53.01052,30.3018,244.7683404101056,392.1904064273541,,,False,False
54_76,53.01052,30.39189,250.4355663603495,397.1818912071536,,,False,False
54_77,53.01052,30.48198,255.2185673155208,402.360957317525,,,False,False
55_0,53.11163,23.54505,63.10855492890301,153.25212033718722,,,False,False
55_1,53.11163,23.63514,53.43155272765707,143.2776076263523,,,False,False
55_2,53.11163,23.72523,43.896027450269145,133.30585989167284,,,False,False
55_3,53.11163,23.81532,34.12980797062416,123.33756922524424,,,False,False
55_4,53.11163,23.90541,24.21309568358585,113.37367093188055,,,False,False
55_5,53.11163,23.9955,14.402446627697383,103.4154603800896,,,False,False
55_6,53.11163,24.08559,5.177339314837919,93.4647842029582,,,False,False
55_7,53.11163,24.17568,3.3185392171948,83.52436739893,4.0,0-5 m,True,True
55_8,53.11163,24.26577,7.565611598558155,73.59840366217473,8.0,5-10 m,True,True
55_9,53.11163,24.35586,10.16831677820099,63.69369284006535,3.0,0-5 m,True,True
55_10,53.11163,24.44595,17.949689291290255,53.822019943061065,7.0,5-10 m,True,True
55_11,53.11163,24.53604,27.184965656421014,44.00568637098803,7.0,5-10 m,True,True
55_12,53.11163,24.62613,25.43575172031569,34.292328218579534,3.0,0-5 m,True,True
55_13,53.11163,24.71622,15.577151481630828,24.747792141505712,11.0,10-20 m,True,False
55_14,53.11163,24.80631,6.171838669141487,15.23185397177972,9.0,5-10 m,True,True
55_15,53.11163,24.8964,3.319581075140867,5.716124000284918,18.0,10-20 m,True,False
55_16,53.11163,24.98649,11.08308433756358,0.1304129917614715,22.0,20-40 m,True,False
55_17,53.11163,25.07658,20.84314517008616,7.285333509051859,18.0,10-20 m,True,False
55_18,53.11163,25.16667,30.72760772237776,13.471950621555328,21.0,20-40 m,True,False
55_19,53.11163,25.25676,40.62225557381998,5.940850059871293,20.0,20-40 m,True,False
55_20,53.11163,25.34685,50.55276146821618,0.5550371063046954,27.0,20-40 m,True,False
55_21,53.11163,25.43694,60.50463904395152,6.893954444320408,24.0,20-40 m,True,False
55_22,53.11163,25.52703,70.46887437797443,15.166938192918265,28.0,20-40 m,True,False
55_23,53.11163,25.61712,80.440910532184,23.746494255274083,23.0,20-40 m,True,False
55_24,53.11163,25.70721,90.41819795342371,33.081457702799575,48.0,>40 m,True,False
55_25,53.11163,25.7973,100.3991994839872,42.71613054131248,56.0,>40 m,True,False
55_26,53.11163,25.88739,99.9026359551242,52.48577525645603,58.0,>40 m,True,False
55_27,53.11163,25.97748,91.37473794901744,62.32700032457579,67.0,>40 m,True,False
55_28,53.11163,26.06757,81.91748746295819,72.21058550816304,65.0,>40 m,True,False
55_29,53.11163,26.15766,72.06830354280396,82.12127280320217,71.0,>40 m,True,False
55_30,53.11163,26.24775,62.220803059314015,92.05034014793372,72.0,>40 m,True,False
55_31,53.11163,26.33784,52.41513810197671,101.99244819974236,80.0,>40 m,True,False
55_32,53.11163,26.42793,42.69744860446336,111.94414846599092,27.0,20-40 m,True,False
55_33,53.11163,26.51802,33.14529193129369,121.9031157102592,74.0,>40 m,True,False
55_34,53.11163,26.60811,23.87923755161956,131.8677256925818,78.0,>40 m,True,False
55_35,53.11163,26.6982,15.126684904161795,141.8368098489313,79.0,>40 m,True,False
55_36,53.11163,26.78829,7.27045591263632,145.744681258939,82.0,>40 m,True,False
55_37,53.11163,26.87838,5.052504832170829,149.0674645940471,31.0,20-40 m,True,False
55_38,53.11163,26.96847,12.238251854223195,152.97160962752537,57.0,>40 m,True,False
55_39,53.11163,27.05856,2.768321455999119,157.41388525977936,32.0,20-40 m,True,False
55_40,53.11163,27.14865,6.702006552707433,162.35014284505246,,,False,False
55_41,53.11163,27.23874,15.626749778604026,167.73679475985557,,,False,False
55_42,53.11163,27.32883,23.40260251785563,173.53192135592707,,,False,False
55_43,53.11163,27.41892,31.865981039413164,179.69602469570384,,,False,False
55_44,53.11163,27.50901,40.20012808393278,186.1924788731952,,,False,False
55_45,53.11163,27.5991,46.77411929033384,192.9877395724946,,,False,False
55_46,53.11163,27.68919,51.18825054018725,200.05137545207245,,,False,False
55_47,53.11163,27.77928,57.03192765918594,207.35597654749975,,,False,False
55_48,53.11163,27.86937,63.91428255171068,214.87698445112116,,,False,False
55_49,53.11163,27.95946,71.0383388211616,222.59247830818333,,,False,False
55_50,53.11163,28.04955,77.86947147380697,230.4829411309391,,,False,False
55_51,53.11163,28.13964,84.81513872321487,238.53102315310787,,,False,False
55_52,53.11163,28.22973,92.0208237647987,246.72131297942045,,,False,False
55_53,53.11163,28.31982,99.70053279618888,255.0401229223791,,,False,False
55_54,53.11163,28.40991,107.56615947646466,263.475291859698,,,False,False
55_55,53.11163,28.5,115.7281673229819,272.01600688740507,,,False,False
55_56,53.11163,28.59009,124.15962536804996,280.6526437197137,,,False,False
55_57,53.11163,28.68018,132.8092477322981,289.37662498386766,,,False,False
55_58,53.11163,28.77027,141.6370922517807,298.18029511306844,,,False,False
55_59,53.11163,28.86036,150.61184380916634,306.3873306852841,,,False,False
55_60,53.11163,28.95045,159.70875727069642,312.7169839465396,,,False,False
55_61,53.11163,29.04054,168.87638724826647,319.23513352808385,,,False,False
55_62,53.11163,29.13063,178.07716310638372,325.9304796109017,,,False,False
55_63,53.11163,29.22072,187.2700995183632,332.7923362830556,,,False,False
55_64,53.11163,29.31081,195.64981347170817,339.8106251987164,,,False,False
55_65,53.11163,29.4009,204.1759239805403,346.8108388598297,,,False,False
55_66,53.11163,29.49099,212.8308519403593,353.8382906239554,,,False,False
55_67,53.11163,29.58108,220.3683773193545,361.0066591310075,,,False,False
55_68,53.11163,29.67117,223.145037869355,368.3077245069068,,,False,False
55_69,53.11163,29.76126,226.3307097179433,375.7337592139145,,,False,False
55_70,53.11163,29.85135,229.9084043123173,379.3602823130135,,,False,False
55_71,53.11163,29.94144,233.86014307420572,383.2027214225198,,,False,False
55_72,53.11163,30.03153,238.1673205270822,387.2662007467041,,,False,False
55_73,53.11163,30.12162,242.8110345540656,391.5438457788004,,,False,False
55_74,53.11163,30.21171,247.7476005781404,396.02872403677577,,,False,False
55_75,53.11163,30.3018,252.94440733782096,400.71388460435577,,,False,False
55_76,53.11163,30.39189,258.4246739186321,405.59239406789465,,,False,False
55_77,53.11163,30.48198,263.97990525826253,410.65736874904894,,,False,False
56_0,53.21274,23.54505,61.55901146786845,154.20363232717563,,,False,False
56_1,53.21274,23.63514,51.59455398436538,144.2952378228888,,,False,False
56_2,53.21274,23.72523,41.64317126274536,134.3992887398079,,,False,False
56_3,53.21274,23.81532,31.717257909602782,124.51877387567568,,,False,False
56_4,53.21274,23.90541,21.851673853933416,114.65770683830536,,,False,False
56_5,53.21274,23.9955,12.19396468858666,104.8216021664151,,,False,False
56_6,53.21274,24.08559,3.930099309547968,95.01824084854404,,,False,False
56_7,53.21274,24.17568,2.7577313246017914,85.2589503382588,3.0,0-5 m,True,True
56_8,53.21274,24.26577,1.6259937503302695,75.56084496654236,1.0,0-5 m,True,True
56_9,53.21274,24.35586,6.12909244513976,65.95096364464473,1.0,0-5 m,True,True
56_10,53.21274,24.44595,15.853751449853462,56.42844974952551,10.0,10-20 m,True,False
56_11,53.21274,24.53604,24.09910404393346,46.91058375745955,8.0,5-10 m,True,True
56_12,53.21274,24.62613,28.61528942158175,37.39291725994697,11.0,10-20 m,True,False
56_13,53.21274,24.71622,20.357328403798736,27.87544989523158,11.0,10-20 m,True,False
56_14,53.21274,24.80631,14.483111392414932,18.35818130154029,14.0,10-20 m,True,False
56_15,53.21274,24.8964,13.35429412213688,8.841111117074385,19.0,10-20 m,True,False
56_16,53.21274,24.98649,17.152071312349094,0.4507350139789014,21.0,20-40 m,True,False
56_17,53.21274,25.07658,24.60974467731773,4.133479155198007,17.0,10-20 m,True,False
56_18,53.21274,25.16667,33.419468657088984,13.640629231836863,15.0,10-20 m,True,False
56_19,53.21274,25.25676,42.7535177027998,12.065804820702745,18.0,10-20 m,True,False
56_20,53.21274,25.34685,52.33213536724944,3.7641748910965287,19.0,10-20 m,True,False
56_21,53.21274,25.43694,62.04219482635191,1.567153151203038,21.0,20-40 m,True,False
56_22,53.21274,25.52703,71.83045064188806,11.55100292525005,23.0,20-40 m,True,False
56_23,53.21274,25.61712,81.6688265787687,21.54444334196873,23.0,20-40 m,True,False
56_24,53.21274,25.70721,91.54117700386688,31.5384501620239,33.0,20-40 m,True,False
56_25,53.21274,25.7973,101.42606945328524,41.53268404740809,49.0,>40 m,True,False
56_26,53.21274,25.88739,95.19387088494038,51.52706909824549,41.0,>40 m,True,False
56_27,53.21274,25.97748,86.26322446344876,61.521578877649176,67.0,>40 m,True,False
56_28,53.21274,26.06757,77.52867493182744,71.51620184947907,70.0,>40 m,True,False
56_29,53.21274,26.15766,69.13572226973399,81.51093224266963,65.0,>40 m,True,False
56_30,53.21274,26.24775,60.6048663352444,91.5057669023992,70.0,>40 m,True,False
56_31,53.21274,26.33784,50.68302446934575,101.50070400159645,74.0,>40 m,True,False
56_32,53.21274,26.42793,40.79663929480149,111.49574244543884,71.0,>40 m,True,False
56_33,53.21274,26.51802,30.947618872990777,121.49088156979812,80.0,>40 m,True,False
56_34,53.21274,26.60811,21.099431633320595,131.07566005856077,81.0,>40 m,True,False
56_35,53.21274,26.6982,11.250988341308773,133.2790314717934,77.0,>40 m,True,False
56_36,53.21274,26.78829,1.5418094711735484,136.18133129129143,18.0,10-20 m,True,False
56_37,53.21274,26.87838,3.292112289276368,139.73903923089878,20.0,20-40 m,True,False
56_38,53.21274,26.96847,9.013897638241172,143.90357419122617,43.0,>40 m,True,False
56_39,53.21274,27.05856,0.4525602838677567,148.62395468223914,,,False,False
56_40,53.21274,27.14865,9.91940998244951,153.84904613684765,,,False,False
56_41,53.21274,27.23874,19.386651358903983,159.5292830442386,,,False,False
56_42,53.21274,27.32883,28.854284313184426,165.61786010205662,,,False,False
56_43,53.21274,27.41892,37.26785184464262,172.07145477385154,,,False,False
56_44,53.21274,27.50901,45.7368470048595,178.85057533427525,,,False,False
56_45,53.21274,27.5991,53.96946409730596,185.91963346843207,,,False,False
56_46,53.21274,27.68919,59.94546988754453,193.2468299239592,,,False,False
56_47,53.21274,27.77928,65.00001093735501,200.8039245301127,,,False,False
56_48,53.21274,27.86937,71.10916679245388,208.5659438358313,,,False,False
56_49,53.21274,27.95946,78.02564922300456,216.5108636591514,,,False,False
56_50,53.21274,28.04955,85.11488675434519,224.61929108702748,,,False,False
56_51,53.21274,28.13964,91.9717321156652,232.8741609566986,,,False,False
56_52,53.21274,28.22973,98.91148835285878,241.2604551357381,,,False,False
56_53,53.21274,28.31982,106.09631439498666,249.76494839933565,,,False,False
56_54,53.21274,28.40991,113.7075557419973,258.37598180671847,,,False,False
56_55,53.21274,28.5,121.52812771797174,267.08326272653653,,,False,False
56_56,53.21274,28.59009,129.57750484787545,275.8776896856691,,,False,False
56_57,53.21274,28.68018,137.88267591895666,284.7511997489187,,,False,False
56_58,53.21274,28.77027,146.4001353555921,293.6966359896476,,,False,False
56_59,53.21274,28.86036,155.09493175385185,302.7076326555861,,,False,False
56_60,53.21274,28.95045,163.93887018202423,311.77851578471723,,,False,False
56_61,53.21274,29.04054,172.90908511838916,320.9042172291207,,,False,False
56_62,53.21274,29.13063,181.9869218705668,330.08020026597734,,,False,False
56_63,53.21274,29.22072,191.1441672547605,339.3023951946115,,,False,False
56_64,53.21274,29.31081,200.3234846885457,346.8160030060704,,,False,False
56_65,53.21274,29.4009,209.37469448954727,353.8327840303739,,,False,False
56_66,53.21274,29.49099,217.81803602219347,360.8227644871676,,,False,False
56_67,53.21274,29.58108,226.38864766861977,367.8483941023992,,,False,False
56_68,53.21274,29.67117,232.51869074851027,375.0097140060504,,,False,False
56_69,53.21274,29.76126,235.56924755550824,382.29910678733535,,,False,False
56_70,53.21274,29.85135,239.00036211468668,388.4560407084815,,,False,False
56_71,53.21274,29.94144,242.79591365339235,392.2010144196535,,,False,False
56_72,53.21274,30.03153,246.9391103951096,396.1638853654098,,,False,False
56_73,53.21274,30.12162,251.41277778439192,400.3381901527154,,,False,False
56_74,53.21274,30.21171,256.1996165998442,404.71739383023487,,,False,False
56_75,53.21274,30.3018,261.2314692415247,409.2949267681436,,,False,False
56_76,53.21274,30.39189,266.53359518607334,414.06421847759214,,,False,False
56_77,53.21274,30.48198,272.1008121564741,419.0187282416338,,,False,False
57_0,53.31385,23.54505,61.07999840902136,155.82945408797437,,,False,False
57_1,53.31385,23.63514,51.08920033006644,146.03121765103225,,,False,False
57_2,53.31385,23.72523,41.09849309972692,136.2611125107218,,,False,False
57_3,53.31385,23.81532,31.10805255082998,126.52567702729222,,,False,False
57_4,53.31385,23.90541,21.11838770461983,116.83360161329176,,,False,False
57_5,53.31385,23.9955,11.131835678782227,107.19667346599196,,,False,False
57_6,53.31385,24.08559,1.2039914275250423,97.63125236802084,,,False,False
57_7,53.31385,24.17568,8.58367833269906,88.11126788902885,2.0,0-5 m,True,True
57_8,53.31385,24.26577,0.4886523479071384,78.5915104650265,1.0,0-5 m,True,True
57_9,53.31385,24.35586,2.659307144193732,69.07194391869065,1.0,0-5 m,True,True
57_10,53.31385,24.44595,9.935259905494412,59.552567886186296,18.0,10-20 m,True,False
57_11,53.31385,24.53604,17.186935178396126,50.03338200369103,6.0,5-10 m,True,True
57_12,53.31385,24.62613,25.858286268719528,40.51438590740207,4.0,0-5 m,True,True
57_13,53.31385,24.71622,28.21085040519166,30.995579233529828,15.0,10-20 m,True,False
57_14,53.31385,24.80631,24.309161672299663,21.476961618312107,17.0,10-20 m,True,False
57_15,53.31385,24.8964,23.482375813943445,11.958532698005609,19.0,10-20 m,True,False
57_16,53.31385,24.98649,25.974799665138324,2.4402921088946066,21.0,20-40 m,True,False
57_17,53.31385,25.07658,31.39789619638977,0.7514769592381951,23.0,20-40 m,True,False
57_18,53.31385,25.16667,38.68747978942018,8.41614498243891,18.0,10-20 m,True,False
57_19,53.31385,25.25676,46.982715738939554,16.1946753633922,21.0,20-40 m,True,False
57_20,53.31385,25.34685,55.83723758535654,9.567620180389351,26.0,20-40 m,True,False
57_21,53.31385,25.43694,65.02300699050137,6.842444883001863,27.0,20-40 m,True,False
57_22,53.31385,25.52703,74.41750052270307,14.206838828440516,28.0,20-40 m,True,False
57_23,53.31385,25.61712,83.95071025512445,23.437020400288077,32.0,20-40 m,True,False
57_24,53.31385,25.70721,93.5802830429717,32.88427896267672,37.0,20-40 m,True,False
57_25,53.31385,25.7973,99.52589764775324,42.58186883211768,50.0,>40 m,True,False
57_26,53.31385,25.88739,91.22626546908144,52.391020645046055,41.0,>40 m,True,False
57_27,53.31385,25.97748,81.91579881823229,62.25907292813253,64.0,>40 m,True,False
57_28,53.31385,26.06757,72.78626008626854,72.1619069183517,71.0,>40 m,True,False
57_29,53.31385,26.15766,63.85562153111491,82.08697162572885,41.0,>40 m,True,False
57_30,53.31385,26.24775,55.19907803712732,92.02710689351782,45.0,>40 m,True,False
57_31,53.31385,26.33784,47.074747502943886,101.97793508813372,77.0,>40 m,True,False
57_32,53.31385,26.42793,39.80988940319757,111.93663122694316,76.0,>40 m,True,False
57_33,53.31385,26.51802,30.288697836899683,119.58145345123,88.0,>40 m,True,False
57_34,53.31385,26.60811,20.311894759237337,121.17979337867423,79.0,>40 m,True,False
57_35,53.31385,26.6982,10.368910481291133,123.56749375218544,90.0,>40 m,True,False
57_36,53.31385,26.78829,0.964184570890915,126.69995961244612,12.0,10-20 m,True,False
57_37,53.31385,26.87838,5.325326576755821,130.52360434630577,43.0,>40 m,True,False
57_38,53.31385,26.96847,5.782198855104172,134.97972556902852,29.0,20-40 m,True,False
57_39,53.31385,27.05856,3.680805077963108,140.0079679094057,,,False,False
57_40,53.31385,27.14865,13.144194878913686,145.54907022149283,,,False,False
57_41,53.31385,27.23874,22.60797046248499,151.54680757226183,,,False,False
57_42,53.31385,27.32883,32.07213174196041,157.9491896228977,,,False,False
57_43,53.31385,27.41892,41.536678629167135,164.709055630258,,,False,False
57_44,53.31385,27.50901,51.00161103447445,171.7842272373132,,,False,False
57_45,53.31385,27.5991,59.43426450512534,179.13736632070524,,,False,False
57_46,53.31385,27.68919,67.86711182523207,186.73565600896728,,,False,False
57_47,53.31385,27.77928,73.46439875081576,194.55039127922325,,,False,False
57_48,53.31385,27.86937,78.91441230186732,202.55653772613616,,,False,False
57_49,53.31385,27.95946,85.19334737643607,210.73229540305323,,,False,False
57_50,53.31385,28.04955,92.13191585486872,219.05868900574131,,,False,False
57_51,53.31385,28.13964,99.19321878345411,227.51919508622709,,,False,False
57_52,53.31385,28.22973,106.06655045344704,236.0994102099453,,,False,False
57_53,53.31385,28.31982,113.00079231545648,244.7867598870893,,,False,False
57_54,53.31385,28.40991,120.16958131252484,253.5702458359029,,,False,False
57_55,53.31385,28.5,127.71960399505936,262.4402280261943,,,False,False
57_56,53.31385,28.59009,135.50960687854524,271.3882375578643,,,False,False
57_57,53.31385,28.68018,143.46641149606737,280.4068164533618,,,False,False
57_58,53.31385,28.77027,151.66546241129538,289.48938069268297,,,False,False
57_59,53.31385,28.86036,160.0695585457553,298.6301031756405,,,False,False
57_60,53.31385,28.95045,168.6480676748103,307.8238136869107,,,False,False
57_61,53.31385,29.04054,177.37570359188777,317.0659133244812,,,False,False
57_62,53.31385,29.13063,186.2315181024489,326.3523012100239,,,False,False
57_63,53.31385,29.22072,195.1980823527415,335.67931162096613,,,False,False
57_64,53.31385,29.31081,204.26082735409685,345.04365996572494,,,False,False
57_65,53.31385,29.4009,213.40414816630064,354.4423962669656,,,False,False
57_66,53.31385,29.49099,222.57071680443437,363.8728650256255,,,False,False
57_67,53.31385,29.58108,231.5013427262804,373.3326705150386,,,False,False
57_68,53.31385,29.67117,239.9953145336155,381.8511250015189,,,False,False
57_69,53.31385,29.76126,244.8526498973862,389.0057650043309,,,False,False
57_70,53.31385,29.85135,248.14707951920596,396.2841691619376,,,False,False
57_71,53.31385,29.94144,251.79650084357328,401.2380654589468,,,False,False
57_72,53.31385,30.03153,255.7857318192257,405.104198506261,,,False,False
57_73,53.31385,30.12162,260.0991494297449,409.1790046507416,,,False,False
57_74,53.31385,30.21171,264.7209187242433,413.4563214478657,,,False,False
57_75,53.31385,30.3018,269.61920881305736,417.929938300521,,,False,False
57_76,53.31385,30.39189,274.75164082384043,422.5936281976161,,,False,False
57_77,53.31385,30.48198,280.147819418553,427.44117671536094,,,False,False
58_0,53.41496,23.54505,58.35182771963285,158.1085941184651,,,False,False
58_1,53.41496,23.63514,48.8786689695295,148.46014650701653,,,False,False
58_2,53.41496,23.72523,39.65960143007072,138.8602100786816,,,False,False
58_3,53.41496,23.81532,30.92281533460785,129.31797038289815,,,False,False
58_4,53.41496,23.90541,21.868428141457684,119.79617446036472,,,False,False
58_5,53.41496,23.9955,12.681122919875987,110.2745612508429,,,False,False
58_6,53.41496,24.08559,3.269692183224049,100.7531303883027,,,False,False
58_7,53.41496,24.17568,6.51851063971121,91.23188150676384,5.0,5-10 m,True,True
58_8,53.41496,24.26577,5.783892294614633,81.71081424029728,30.0,20-40 m,True,False
58_9,53.41496,24.35586,2.8076838042265115,72.18992822302195,4.0,0-5 m,True,True
58_10,53.41496,24.44595,3.677337805686975,62.66922308911953,5.0,5-10 m,True,True
58_11,53.41496,24.53604,13.66516920943842,53.14869847282255,2.0,0-5 m,True,True
58_12,53.41496,24.62613,23.65589195835378,43.62835400842817,12.0,10-20 m,True,False
58_13,53.41496,24.71622,33.64701613455413,34.10818933029078,16.0,10-20 m,True,False
58_14,53.41496,24.80631,34.37022509896182,24.588204072833424,18.0,10-20 m,True,False
58_15,53.41496,24.8964,33.671466717054614,15.35287704858916,19.0,10-20 m,True,False
58_16,53.41496,24.98649,35.55651587033656,7.396193120155546,17.0,10-20 m,True,False
58_17,53.41496,25.07658,39.685550667563895,0.2695321890862188,26.0,20-40 m,True,False
58_18,53.41496,25.16667,45.66569553520166,3.827577589928823,27.0,20-40 m,True,False
58_19,53.41496,25.25676,52.8725834516776,13.63664246163554,24.0,20-40 m,True,False
58_20,53.41496,25.34685,60.8720934112604,17.97102757569138,29.0,20-40 m,True,False
58_21,53.41496,25.43694,69.39068108721071,16.675411986868493,35.0,20-40 m,True,False
58_22,53.41496,25.52703,78.25906045129783,20.80618920915159,23.0,20-40 m,True,False
58_23,53.41496,25.61712,87.37081551166283,28.061506591114437,27.0,20-40 m,True,False
58_24,53.41496,25.70721,94.79756223699208,36.62959457107302,31.0,20-40 m,True,False
58_25,53.41496,25.7973,93.66337893788858,45.779259190405,49.0,>40 m,True,False
58_26,53.41496,25.88739,85.43470496163854,55.05726931511799,57.0,>40 m,True,False
58_27,53.41496,25.97748,77.6205657721693,64.51631192206132,65.0,>40 m,True,False
58_28,53.41496,26.06757,69.0208143372977,74.11587549186969,68.0,>40 m,True,False
58_29,53.41496,26.15766,59.59627399566509,83.80772270566636,70.0,>40 m,True,False
58_30,53.41496,26.24775,50.39076064083694,93.56321216494378,74.0,>40 m,True,False
58_31,53.41496,26.33784,41.45897972382739,103.36435500451532,81.0,>40 m,True,False
58_32,53.41496,26.42793,32.98615273961803,108.71328114289447,84.0,>40 m,True,False
58_33,53.41496,26.51802,25.632331704808102,109.57013086277652,90.0,>40 m,True,False
58_34,53.41496,26.60811,20.18996309571853,111.32024116836747,82.0,>40 m,True,False
58_35,53.41496,26.6982,12.093662959018554,113.92247927638182,75.0,>40 m,True,False
58_36,53.41496,26.78829,3.67038785041584,117.32018328381945,10.0,10-20 m,True,False
58_37,53.41496,26.87838,5.755488526661677,121.44663326801424,28.0,20-40 m,True,False
58_38,53.41496,26.96847,2.210713447492365,126.23040662312395,42.0,>40 m,True,False
58_39,53.41496,27.05856,6.916416058758749,131.59986393850772,,,False,False
58_40,53.41496,27.14865,16.37636434024894,137.48642463083675,,,False,False
58_41,53.41496,27.23874,25.83669243438029,143.826632477737,,,False,False
58_42,53.41496,27.32883,35.29740026757847,150.56321034338637,,,False,False
58_43,53.41496,27.41892,44.758487764802375,157.64537302552213,,,False,False
58_44,53.41496,27.50901,54.21995484955182,165.02865384914122,,,False,False
58_45,53.41496,27.5991,63.68180144385991,172.67444973142648,,,False,False
58_46,53.41496,27.68919,73.14402746829715,180.5494310887646,,,False,False
58_47,53.41496,27.77928,81.6921239020347,188.6249121179401,,,False,False
58_48,53.41496,27.86937,87.16591054467814,196.8762384677462,,,False,False
58_49,53.41496,27.95946,92.88212223399618,205.28222270015604,,,False,False
58_50,53.41496,28.04955,99.27850780457324,213.8246408252939,,,False,False
58_51,53.41496,28.13964,106.23230501178176,222.48779291039187,,,False,False
58_52,53.41496,28.22973,113.27002718850824,231.25812505196137,,,False,False
58_53,53.41496,28.31982,120.153930751498,240.12390718451812,,,False,False
58_54,53.41496,28.40991,127.08336118600285,249.0749601223971,,,False,False
58_55,53.41496,28.5,134.23909193793315,258.102425139799,,,False,False
58_56,53.41496,28.59009,141.73952060045033,267.19856981723643,,,False,False
58_57,53.41496,28.68018,149.4997477326803,276.3566245376158,,,False,False
58_58,53.41496,28.77027,157.38250924517155,285.5706447403185,,,False,False
58_59,53.41496,28.86036,165.49125202788255,294.83539474963743,,,False,False
58_60,53.41496,28.95045,173.79726644930167,304.1462496417977,,,False,False
58_61,53.41496,29.04054,182.27360352846875,313.4991121857932,,,False,False
58_62,53.41496,29.13063,190.89759299523223,322.8903423844563,,,False,False
58_63,53.41496,29.22072,199.65011796705903,332.31669755836447,,,False,False
58_64,53.41496,29.31081,208.5150083603301,341.77528126385965,,,False,False
58_65,53.41496,29.4009,217.47853856774063,351.26349962694775,,,False,False
58_66,53.41496,29.49099,226.5290138185505,360.779023915388,,,False,False
58_67,53.41496,29.58108,235.65633826281865,370.3197583703412,,,False,False
58_68,53.41496,29.67117,244.8160974067241,379.8838124830825,,,False,False
58_69,53.41496,29.76126,253.6418011810405,389.4694770379034,,,False,False
58_70,53.41496,29.85135,257.3426332750104,399.07520335409407,,,False,False
58_71,53.41496,29.94144,260.85511232053113,408.699585252423,,,False,False
58_72,53.41496,30.03153,264.69960025578536,414.0843315628821,,,False,False
58_73,53.41496,30.12162,268.8618667811358,418.06329417723686,,,False,False
58_74,53.41496,30.21171,273.327406219051,422.2423399589828,,,False,False
58_75,53.41496,30.3018,278.08162003188863,426.61559614527687,,,False,False
58_76,53.41496,30.39189,283.0692308906705,431.1771604497205,,,False,False
58_77,53.41496,30.48198,288.30192450574737,435.9211284373093,,,False,False
59_0,53.51607,23.54505,56.16725800793857,161.0067100881424,,,False,False
59_1,53.51607,23.63514,46.28662994289099,151.4831017320137,,,False,False
59_2,53.51607,23.72523,36.45945056142789,141.95966764599854,,,False,False
59_3,53.51607,23.81532,26.70025446766071,132.43640746183422,,,False,False
59_4,53.51607,23.90541,17.205507724777195,122.91332081134136,,,False,False
59_5,53.51607,23.9955,8.827228806798889,113.3904073264267,,,False,False
59_6,53.51607,24.08559,0.9682235989883846,103.86766663908551,,,False,False
59_7,53.51607,24.17568,8.744821436659095,94.34509838140156,1.0,0-5 m,True,True
59_8,53.51607,24.26577,11.334148521201616,84.82270218555594,5.0,5-10 m,True,True
59_9,53.51607,24.35586,7.3403403470340285,75.30047768381769,3.0,0-5 m,True,True
59_10,53.51607,24.44595,10.144414619541072,65.77842450855886,15.0,10-20 m,True,False
59_11,53.51607,24.53604,16.979147057159032,56.259603730116176,12.0,10-20 m,True,False
59_12,53.51607,24.62613,25.710877234054347,46.87411071691039,11.0,10-20 m,True,False
59_13,53.51607,24.71622,35.120433486057486,37.800255882272566,18.0,10-20 m,True,False
59_14,53.51607,24.80631,44.459661307542575,29.32882689442957,14.0,10-20 m,True,False
59_15,53.51607,24.8964,43.87843707957376,21.61845588955852,20.0,20-40 m,True,False
59_16,53.51607,24.98649,45.41875683641671,13.94814240108348,24.0,20-40 m,True,False
59_17,53.51607,25.07658,48.71270771291915,7.8986631091161215,25.0,20-40 m,True,False
59_18,53.51607,25.16667,53.6908575396872,11.277531831257251,30.0,20-40 m,True,False
59_19,53.51607,25.25676,59.9350500248871,17.828602876536905,27.0,20-40 m,True,False
59_20,53.51607,25.34685,67.092770872397,26.243472845564032,26.0,20-40 m,True,False
59_21,53.51607,25.43694,72.36302995375287,26.771599671291515,27.0,20-40 m,True,False
59_22,53.51607,25.52703,76.06952194316213,29.516183197328598,30.0,20-40 m,True,False
59_23,53.51607,25.61712,80.84725901474448,35.00564594624801,30.0,20-40 m,True,False
59_24,53.51607,25.70721,86.42287427246069,42.1816909907847,38.0,20-40 m,True,False
59_25,53.51607,25.7973,88.57345039144924,50.32802879841432,48.0,>40 m,True,False
59_26,53.51607,25.88739,79.8270099151556,59.044453952658415,64.0,>40 m,True,False
59_27,53.51607,25.97748,71.40752333165325,68.1124971190667,67.0,>40 m,True,False
59_28,53.51607,26.06757,63.445337375542245,77.36458739191465,70.0,>40 m,True,False
59_29,53.51607,26.15766,56.13543409756072,86.6910458449189,75.0,>40 m,True,False
59_30,53.51607,26.24775,47.01245297496775,96.15168159313612,78.0,>40 m,True,False
59_31,53.51607,26.33784,37.38563805405027,98.57415978533813,85.0,>40 m,True,False
59_32,53.51607,26.42793,28.015462658799752,98.62499814880384,91.0,>40 m,True,False
59_33,53.51607,26.51802,19.081127530634664,99.57682129775397,87.0,>40 m,True,False
59_34,53.51607,26.60811,11.528214234302531,101.50729325863875,80.0,>40 m,True,False
59_35,53.51607,26.6982,8.733385247207552,104.36214973671244,68.0,>40 m,True,False
59_36,53.51607,26.78829,4.386068756000821,108.06818588393986,22.0,20-40 m,True,False
59_37,53.51607,26.87838,3.5770566629485443,112.54137209238182,,,False,False
59_38,53.51607,26.96847,5.5678866951830095,117.69429702663828,,,False,False
59_39,53.51607,27.05856,11.649072880069578,123.4418913389338,,,False,False
59_40,53.51607,27.14865,20.063478632859407,129.70514940210637,,,False,False
59_41,53.51607,27.23874,29.08947420557757,136.4130847745146,,,False,False
59_42,53.51607,27.32883,38.53009301015024,143.5033752807452,,,False,False
59_43,53.51607,27.41892,47.987739236664815,150.9221630109489,,,False,False
59_44,53.51607,27.50901,57.44575904487673,158.62338376470692,,,False,False
59_45,53.51607,27.5991,66.9041523697554,166.5678869659127,,,False,False
59_46,53.51607,27.68919,76.36291914479922,174.72250874914485,,,False,False
59_47,53.51607,27.77928,85.8220593020368,183.0591890129868,,,False,False
59_48,53.51607,27.86937,95.2815727720204,191.5541760452633,,,False,False
59_49,53.51607,27.95946,100.97276017717893,200.18733389590668,,,False,False
59_50,53.51607,28.04955,106.87945986271924,208.9415519447816,,,False,False
59_51,53.51607,28.13964,113.36166010923202,217.8022483327347,,,False,False
59_52,53.51607,28.22973,120.3264133073333,226.75695580651677,,,False,False
59_53,53.51607,28.31982,127.34347656858816,235.7949779675441,,,False,False
59_54,53.51607,28.40991,134.233876805448,244.9071046374776,,,False,False
59_55,53.51607,28.5,141.1590957667975,254.0853763281688,,,False,False
59_56,53.51607,28.59009,148.30390332734962,263.322889230421,,,False,False
59_57,53.51607,28.68018,155.76326628318407,272.61363351290265,,,False,False
59_58,53.51607,28.77027,163.48535893762067,281.9523589585476,,,False,False
59_59,53.51607,28.86036,171.31743125050164,291.3344630311023,,,False,False
59_60,53.51607,28.95045,179.34843785347456,300.7558973598408,,,False,False
59_61,53.51607,29.04054,187.56887399232065,310.21308937136666,,,False,False
59_62,53.51607,29.13063,195.9549174673041,319.7028764042733,,,False,False
59_63,53.51607,29.22072,204.48621024647628,329.2224501364997,,,False,False
59_64,53.51607,29.31081,213.1453270983837,338.76930955579104,,,False,False
59_65,53.51607,29.4009,221.91732021759125,348.34122102816707,,,False,False
59_66,53.51607,29.49099,230.78933321587357,357.9361842816181,,,False,False
59_67,53.51607,29.58108,239.7502761604833,367.5524033348483,,,False,False
59_68,53.51607,29.67117,248.79055311629085,377.1882615729802,,,False,False
59_69,53.51607,29.76126,257.9018341783213,386.8423003120183,,,False,False
59_70,53.51607,29.85135,266.5818914179222,396.5132003074884,,,False,False
59_71,53.51607,29.94144,269.9658300179144,406.1997657555266,,,False,False
59_72,53.51607,30.03153,273.67406885445524,415.9009104103618,,,False,False
59_73,53.51607,30.12162,277.69362781545044,425.6156455044188,,,False,False
59_74,53.51607,30.21171,282.01120656471306,431.07252641343086,,,False,False
59_75,53.51607,30.3018,286.613348304729,435.34882587841946,,,False,False
59_76,53.51607,30.39189,291.4777729209259,439.8116038067647,,,False,False
59_77,53.51607,30.48198,296.5542237293967,444.45524991566447,,,False,False
60_0,53.61718,23.54505,55.69890083476652,164.1217102720336,,,False,False
60_1,53.61718,23.63514,45.71570853755205,154.59682020072037,,,False,False
60_2,53.61718,23.72523,35.735366992449705,145.0720949302608,,,False,False
60_3,53.61718,23.81532,25.76130070828201,135.54753409047416,,,False,False
60_4,53.61718,23.90541,15.805575830548165,126.02313731130496,,,False,False
60_5,53.61718,23.9955,5.929660633226034,116.49890422282569,,,False,False
60_6,53.61718,24.08559,3.3924056112198766,106.9748344552366,5.0,5-10 m,True,True
60_7,53.61718,24.17568,1.1544654860675216,97.450927638872,1.0,0-5 m,True,True
60_8,53.61718,24.26577,8.9354856987037,87.93706968881838,4.0,0-5 m,True,True
60_9,53.61718,24.35586,17.48638734002758,78.52322497010246,14.0,10-20 m,True,False
60_10,53.61718,24.44595,18.768323018888054,69.27096780923672,15.0,10-20 m,True,False
60_11,53.61718,24.53604,24.460776162804702,60.25482885359034,11.0,10-20 m,True,False
60_12,53.61718,24.62613,31.19195313880858,51.59878823199792,19.0,10-20 m,True,False
60_13,53.61718,24.71622,39.30723485192171,43.5183234100346,9.0,5-10 m,True,True
60_14,53.61718,24.80631,48.13320084583479,35.842943078375576,9.0,5-10 m,True,True
60_15,53.61718,24.8964,54.09265862661483,28.168062456412127,15.0,10-20 m,True,False
60_16,53.61718,24.98649,55.4112593796124,21.42213701680504,24.0,20-40 m,True,False
60_17,53.61718,25.07658,58.13542839910704,17.999328729982118,25.0,20-40 m,True,False
60_18,53.61718,25.16667,59.02425009586404,19.714815639858006,22.0,20-40 m,True,False
60_19,53.61718,25.25676,58.6207867998918,25.462247428616312,27.0,20-40 m,True,False
60_20,53.61718,25.34685,59.90360518502629,32.07010309175247,24.0,20-40 m,True,False
60_21,53.61718,25.43694,62.76945126618429,36.91492782083775,36.0,20-40 m,True,False
60_22,53.61718,25.52703,67.0155882211238,38.944862972482376,32.0,20-40 m,True,False
60_23,53.61718,25.61712,72.36677912869283,43.24786260560237,32.0,20-40 m,True,False
60_24,53.61718,25.70721,78.41193016568528,49.23153196416092,44.0,>40 m,True,False
60_25,53.61718,25.7973,84.2019403738127,56.36316855327037,38.0,20-40 m,True,False
60_26,53.61718,25.88739,75.14123723593465,64.26175213273167,64.0,>40 m,True,False
60_27,53.61718,25.97748,66.16452577608706,72.67769870921799,71.0,>40 m,True,False
60_28,53.61718,26.06757,57.48621761097041,81.4508329758856,72.0,>40 m,True,False
60_29,53.61718,26.15766,49.30689702422063,88.65459826896294,73.0,>40 m,True,False
60_30,53.61718,26.24775,41.91974834251138,88.59952573094706,80.0,>40 m,True,False
60_31,53.61718,26.33784,35.5345365233066,88.47174805395201,85.0,>40 m,True,False
60_32,53.61718,26.42793,25.589389044680985,88.54007547416839,88.0,>40 m,True,False
60_33,53.61718,26.51802,15.683385959837668,89.60723020921876,77.0,>40 m,True,False
60_34,53.61718,26.60811,5.795095254293415,91.75559022166166,48.0,>40 m,True,False
60_35,53.61718,26.6982,0.8266064212216195,94.9117970789976,3.0,0-5 m,True,True
60_36,53.61718,26.78829,1.39403722795705,98.9795168427552,,,False,False
60_37,53.61718,26.87838,9.648119353278195,103.8517276205366,,,False,False
60_38,53.61718,26.96847,15.12406844488362,109.4210462995557,,,False,False
60_39,53.61718,27.05856,19.159746595155863,115.58677833560796,,,False,False
60_40,53.61718,27.14865,25.7613400950965,122.2587487559558,,,False,False
60_41,53.61718,27.23874,33.85186994096301,129.35867506736466,,,False,False
60_42,53.61718,27.32883,42.391846178527445,136.8199741465943,,,False,False
60_43,53.61718,27.41892,51.38016389761799,144.58673415089274,,,False,False
60_44,53.61718,27.50901,60.68381395035791,152.61234697181217,,,False,False
60_45,53.61718,27.5991,70.13398475279689,160.85809318500455,,,False,False
60_46,53.61718,27.68919,79.58931013742236,169.29182893764377,,,False,False
60_47,53.61718,27.77928,89.04500286143325,177.886836612002,,,False,False
60_48,53.61718,27.86937,98.50106286811484,186.6208526152797,,,False,False
60_49,53.61718,27.95946,107.95749009928404,195.4752617062213,,,False,False
60_50,53.61718,28.04955,114.84438213921904,204.4344374195224,,,False,False
60_51,53.61718,28.13964,120.89368439551905,213.48520576002684,,,False,False
60_52,53.61718,28.22973,127.4411467571966,222.6164105322092,,,False,False
60_53,53.61718,28.31982,134.41401487451415,231.8185613206185,,,False,False
60_54,53.61718,28.40991,141.4124706658166,241.08354815124756,,,False,False
60_55,53.61718,28.5,148.3063919409089,250.4044097290341,,,False,False
60_56,53.61718,28.59009,155.22793976319764,259.7751446568084,,,False,False
60_57,53.61718,28.68018,162.3634063389585,269.1905571452309,,,False,False
60_58,53.61718,28.77027,169.78814280177184,278.64613044196733,,,False,False
60_59,53.61718,28.86036,177.46566584337162,288.137922590617,,,False,False
60_60,53.61718,28.95045,185.2653265442262,297.6624802310024,,,False,False
60_61,53.61718,29.04054,193.2287288280733,307.216767025154,,,False,False
60_62,53.61718,29.13063,201.3739010167608,316.79810398299435,,,False,False
60_63,53.61718,29.22072,209.67967676780103,326.4041195067089,,,False,False
60_64,53.61718,29.31081,218.1277256736149,336.0327074032982,,,False,False
60_65,53.61718,29.4009,226.70215735008384,345.68199145586823,,,False,False
60_66,53.61718,29.49099,235.3891750821038,355.35029541460005,,,False,False
60_67,53.61718,29.58108,244.17677632433848,365.0361174836668,,,False,False
60_68,53.61718,29.67117,253.05449572342872,374.7381085520154,,,False,False
60_69,53.61718,29.76126,262.0131857323329,384.4550535535697,,,False,False
60_70,53.61718,29.85135,271.04482988798526,394.1858554527611,,,False,False
60_71,53.61718,29.94144,279.1234800285507,403.92952144051424,,,False,False
60_72,53.61718,30.03153,282.70329576518685,413.6851509978093,,,False,False
60_73,53.61718,30.12162,286.5879799135138,423.4519255425175,,,False,False
60_74,53.61718,30.21171,290.7653244875066,433.2290994229295,,,False,False
60_75,53.61718,30.3018,295.22291741777,443.0159920604094,,,False,False
60_76,53.61718,30.39189,299.9482752572211,448.49397790863264,,,False,False
60_77,53.61718,30.48198,304.8966791752561,453.040440409382,,,False,False
61_0,53.71829,23.54505,56.16890810424376,167.22946782999432,,,False,False
61_1,53.71829,23.63514,46.25629123010281,157.7032764044935,,,False,False
61_2,53.71829,23.72523,36.38471512374385,148.1772403824559,,,False,False
61_3,53.71829,23.81532,26.6000201278218,138.65135939196995,,,False,False
61_4,53.71829,23.90541,17.052595477471606,129.12563306128888,,,False,False
61_5,53.71829,23.9955,7.585576670216169,119.61853660431494,,,False,False
61_6,53.71829,24.08559,1.9513038791712567,110.19304071174332,2.0,0-5 m,True,True
61_7,53.71829,24.17568,3.3267827275645296,100.87607792495534,,,False,False
61_8,53.71829,24.26577,3.9275629658364495,91.7007673728364,2.0,0-5 m,True,True
61_9,53.71829,24.35586,13.596760875524229,82.7142972446703,11.0,10-20 m,True,False
61_10,53.71829,24.44595,23.08460778336833,73.9855502359397,11.0,10-20 m,True,False
61_11,53.71829,24.53604,31.796293788229388,65.61750249017331,10.0,10-20 m,True,False
61_12,53.71829,24.62613,38.66797800081751,57.749532164478246,15.0,10-20 m,True,False
61_13,53.71829,24.71622,45.46326527898032,50.06965939025451,17.0,10-20 m,True,False
61_14,53.71829,24.80631,53.27487048390444,42.41056723824054,5.0,5-10 m,True,True
61_15,53.71829,24.8964,61.07147343610821,35.5553781705021,13.0,10-20 m,True,False
61_16,53.71829,24.98649,55.539316420991206,30.484647940662537,18.0,10-20 m,True,False
61_17,53.71829,25.07658,51.37104894578407,28.17887054049645,27.0,20-40 m,True,False
61_18,53.71829,25.16667,48.91664314686425,29.298394041490614,31.0,20-40 m,True,False
61_19,53.71829,25.25676,48.43739996167432,33.501660368896175,29.0,20-40 m,True,False
61_20,53.71829,25.34685,49.990219349091,39.66947977614863,25.0,20-40 m,True,False
61_21,53.71829,25.43694,53.39817496340963,46.32478692807084,26.0,20-40 m,True,False
61_22,53.71829,25.52703,58.33709864051114,48.67583343617186,38.0,20-40 m,True,False
61_23,53.71829,25.61712,64.21065028647858,52.176074754034936,39.0,20-40 m,True,False
61_24,53.71829,25.70721,70.95930846057236,57.22779799699853,38.0,20-40 m,True,False
61_25,53.71829,25.7973,78.40257884634875,63.461619463917735,47.0,>40 m,True,False
61_26,53.71829,25.88739,71.17505920710644,70.56498964814432,69.0,>40 m,True,False
61_27,53.71829,25.97748,61.84314119130639,78.30165313167,74.0,>40 m,True,False
61_28,53.71829,26.06757,52.74288818273246,79.34531834330603,72.0,>40 m,True,False
61_29,53.71829,26.15766,43.765377141685406,78.53686510212137,78.0,>40 m,True,False
61_30,53.71829,26.24775,35.241414563173265,78.49455336216413,80.0,>40 m,True,False
61_31,53.71829,26.33784,27.71439141179336,78.37052054777736,87.0,>40 m,True,False
61_32,53.71829,26.42793,21.97680347918787,78.45945338616147,84.0,>40 m,True,False
61_33,53.71829,26.51802,17.022384410081465,79.66991286285605,50.0,>40 m,True,False
61_34,53.71829,26.60811,8.927423827609442,82.08662386543757,36.0,20-40 m,True,False
61_35,53.71829,26.6982,1.0126218778215914,85.60752688768396,10.0,10-20 m,True,False
61_36,53.71829,26.78829,6.834063647615079,90.1033073160163,,,False,False
61_37,53.71829,26.87838,15.10651646352861,95.43632574711329,,,False,False
61_38,53.71829,26.96847,23.677859236022915,101.47469632033024,,,False,False
61_39,53.71829,27.05856,27.91925619879466,108.1003129351195,,,False,False
61_40,53.71829,27.14865,33.221353841802376,115.21193421133864,,,False,False
61_41,53.71829,27.23874,39.90339485298203,122.725127494548,,,False,False
61_42,53.71829,27.32883,47.69426674146464,130.57061544540034,,,False,False
61_43,53.71829,27.41892,56.1037584230029,138.69204180647796,,,False,False
61_44,53.71829,27.50901,64.73195112249365,147.0437147342808,,,False,False
61_45,53.71829,27.5991,73.70258691650132,155.58858242025212,,,False,False
61_46,53.71829,27.68919,82.90756396209369,164.2965243185349,,,False,False
61_47,53.71829,27.77928,92.2768146129511,173.1429567274552,,,False,False
61_48,53.71829,27.86937,101.72809086782355,182.10771628797,,,False,False
61_49,53.71829,27.95946,111.18107621563722,191.17417501167608,,,False,False
61_50,53.71829,28.04955,120.6344226473646,200.3285420196387,,,False,False
61_51,53.71829,28.13964,128.75755152935054,209.55931313651183,,,False,False
61_52,53.71829,28.22973,134.91734717761562,218.85683643460692,,,False,False
61_53,53.71829,28.31982,141.5159782458301,228.21296829943384,,,False,False
61_54,53.71829,28.40991,148.4949768809823,237.62080008648363,,,False,False
61_55,53.71829,28.5,155.4763174484534,247.0744398887495,,,False,False
61_56,53.71829,28.59009,162.37147901217995,256.568837441331,,,False,False
61_57,53.71829,28.68018,169.28986179769612,266.099642911948,,,False,False
61_58,53.71829,28.77027,176.4171922824526,275.66309242260166,,,False,False
61_59,53.71829,28.86036,183.81228173093967,285.25591475585856,,,False,False
61_60,53.71829,28.95045,191.44412087797227,294.87525493164827,,,False,False
61_61,53.71829,29.04054,199.22198508085128,304.5186112858973,,,False,False
61_62,53.71829,29.13063,207.12605202712757,314.1837834090482,,,False,False
61_63,53.71829,29.22072,215.20454252200508,323.8688288630704,,,False,False
61_64,53.71829,29.31081,223.43855317199512,333.5720270292855,,,False,False
61_65,53.71829,29.4009,231.81152652793023,343.29184877659526,,,False,False
61_66,53.71829,29.49099,240.308951433118,353.02693090277523,,,False,False
61_67,53.71829,29.58108,248.91809624048412,362.776054507921,,,False,False
61_68,53.71829,29.67117,257.62777413781976,372.5381266216448,,,False,False
61_69,53.71829,29.76126,266.42813843973823,382.31216453427066,,,False,False
61_70,53.71829,29.85135,275.3105050425611,392.09728238443626,,,False,False
61_71,53.71829,29.94144,284.2671990227362,401.8926796372649,,,False,False
61_72,53.71829,30.03153,291.7821319667127,411.6976311526405,,,False,False
61_73,53.71829,30.12162,295.53920740546107,421.51147859593794,,,False,False
61_74,53.71829,30.21171,299.5835321560617,431.33362298618215,,,False,False
61_75,53.71829,30.3018,303.9036491160711,441.1635182113456,,,False,False
61_76,53.71829,30.39189,308.487982398375,451.00066536864455,,,False,False
61_77,53.71829,30.48198,313.3217158337357,460.8446078109892,,,False,False
62_0,53.8194,23.54505,57.32934765890982,170.3299918594571,,,False,False
62_1,53.8194,23.63514,47.342915411699856,160.8024794189291,,,False,False
62_2,53.8194,23.72523,37.35637952905475,151.30362937783343,,,False,False
62_3,53.8194,23.81532,27.369739792410662,141.87197892709352,,,False,False
62_4,53.8194,23.90541,17.382995984036487,132.52191070686,,,False,False
62_5,53.8194,23.9955,7.396147887039857,123.27201346693442,,,False,False
62_6,53.8194,24.08559,2.5908047146332955,114.1466674490566,4.0,0-5 m,True,True
62_7,53.8194,24.17568,1.549416550817665,105.17832390774846,,,False,False
62_8,53.8194,24.26577,1.1120096638334396,96.41083737058052,1.0,0-5 m,True,True
62_9,53.8194,24.35586,9.422153992436805,87.90436169866419,5.0,5-10 m,True,True
62_10,53.8194,24.44595,19.169141188399745,79.74250722914513,14.0,10-20 m,True,False
62_11,53.8194,24.53604,29.079883822932484,71.9829914502171,12.0,10-20 m,True,False
62_12,53.8194,24.62613,39.02991208658372,64.29861002468334,12.0,10-20 m,True,False
62_13,53.8194,24.71622,48.9953591849853,56.683883867492106,15.0,10-20 m,True,False
62_14,53.8194,24.80631,58.96846005515413,49.78519876336576,8.0,5-10 m,True,True
62_15,53.8194,24.8964,53.209131944892114,44.08679213218916,15.0,10-20 m,True,False
62_16,53.8194,24.98649,46.90853501142457,40.1036956686983,22.0,20-40 m,True,False
62_17,53.8194,25.07658,41.89825047328716,38.37389185325436,22.0,20-40 m,True,False
62_18,53.8194,25.16667,38.85854049684661,39.19692376564132,33.0,20-40 m,True,False
62_19,53.8194,25.25676,38.262059164334495,42.42454808186521,35.0,20-40 m,True,False
62_20,53.8194,25.34685,40.21773990724153,47.569864846189134,23.0,20-40 m,True,False
62_21,53.8194,25.43694,44.38960114649713,53.86086970512045,32.0,20-40 m,True,False
62_22,53.8194,25.52703,50.03092159187504,58.55815665374706,29.0,20-40 m,True,False
62_23,53.8194,25.61712,56.71342431247808,61.49178993319438,47.0,>40 m,True,False
62_24,53.8194,25.70721,64.25913824446236,65.82610450699386,49.0,>40 m,True,False
62_25,53.8194,25.7973,70.4376403186673,71.30618005510644,63.0,>40 m,True,False
62_26,53.8194,25.88739,68.46861644940086,75.22761094851118,69.0,>40 m,True,False
62_27,53.8194,25.97748,58.711370226861526,71.65035156300637,74.0,>40 m,True,False
62_28,53.8194,26.06757,49.04733006867662,69.33841566433037,72.0,>40 m,True,False
62_29,53.8194,26.15766,39.54496830480868,68.42023715162968,78.0,>40 m,True,False
62_30,53.8194,26.24775,30.35239194373668,68.3926566291197,84.0,>40 m,True,False
62_31,53.8194,26.33784,21.37995442031817,68.27060748279268,89.0,>40 m,True,False
62_32,53.8194,26.42793,13.530848442160297,68.38464002127336,73.0,>40 m,True,False
62_33,53.8194,26.51802,8.563475649029154,69.77827412435126,40.0,>40 m,True,False
62_34,53.8194,26.60811,10.337409911541757,72.53311946321456,46.0,>40 m,True,False
62_35,53.8194,26.6982,0.3725788214684085,76.50230791833584,19.0,10-20 m,True,False
62_36,53.8194,26.78829,9.135162760649084,81.50866911286123,,,False,False
62_37,53.8194,26.87838,18.702351634080426,87.37413814714131,,,False,False
62_38,53.8194,26.96847,28.51725613619835,93.93795980298307,,,False,False
62_39,53.8194,27.05856,37.30500816234308,101.06419014904635,,,False,False
62_40,53.8194,27.14865,41.44049128112809,108.64224462189894,,,False,False
62_41,53.8194,27.23874,47.30822452760264,116.5840780412814,,,False,False
62_42,53.8194,27.32883,54.04652072992313,124.82029867285782,,,False,False
62_43,53.8194,27.41892,61.66536715400775,133.29637309705154,,,False,False
62_44,53.8194,27.50901,69.88505498691283,141.96937089260956,,,False,False
62_45,53.8194,27.5991,78.35779340569253,150.80534211510096,,,False,False
62_46,53.8194,27.68919,87.0680328649532,159.77727182813155,,,False,False
62_47,53.8194,27.77928,96.02852333697489,168.8635103645782,,,False,False
62_48,53.8194,27.86937,105.1753545327988,178.04657694510624,,,False,False
62_49,53.8194,27.95946,114.46389237209128,187.31224901365584,,,False,False
62_50,53.8194,28.04955,123.86228751759394,196.6488675449132,,,False,False
62_51,53.8194,28.13964,133.31240778656755,206.0468048190594,,,False,False
62_52,53.8194,28.22973,142.69805641091295,215.4980543821278,,,False,False
62_53,53.8194,28.31982,148.94580980401238,224.995913133868,,,False,False
62_54,53.8194,28.40991,155.5855304600243,234.53473318101885,,,False,False
62_55,53.8194,28.5,162.56921903367265,244.109726808928,,,False,False
62_56,53.8194,28.59009,169.5345610709615,253.7168121425635,,,False,False
62_57,53.8194,28.68018,176.4291404009569,263.352490176596,,,False,False
62_58,53.8194,28.77027,183.34484572058625,273.0137461482335,,,False,False
62_59,53.8194,28.86036,190.46497870622096,282.697969924991,,,False,False
62_60,53.8194,28.95045,197.8343502736064,292.40289134253004,,,False,False
62_61,53.8194,29.04054,205.42615512601796,302.1265273718674,,,False,False
62_62,53.8194,29.13063,213.18390574203465,311.8671387048546,,,False,False
62_63,53.8194,29.22072,221.03586192661865,321.6231938835901,,,False,False
62_64,53.8194,29.31081,229.05487293269564,331.393339507537,,,False,False
62_65,53.8194,29.4009,237.22436951185296,341.1763753646371,,,False,False
62_66,53.8194,29.49099,245.52934450795863,350.971233573223,,,False,False
62_67,53.8194,29.58108,253.95652015875731,360.7769610078315,,,False,False
62_68,53.8194,29.67117,262.49414012522,370.5927044271564,,,False,False
62_69,53.8194,29.76126,271.1317838185857,380.41769783607793,,,False,False
62_70,53.8194,29.85135,279.8602020858874,390.2512517032091,,,False,False
62_71,53.8194,29.94144,288.6711727047808,400.0927437263881,,,False,False
62_72,53.8194,30.03153,297.5573738547708,409.9416108948958,,,False,False
62_73,53.8194,30.12162,304.542235233864,419.7973426424579,,,False,False
62_74,53.8194,30.21171,308.4602739256525,429.6594749212239,,,False,False
62_75,53.8194,30.3018,312.64955770201726,439.5275850564169,,,False,False
62_76,53.8194,30.39189,317.09934672822345,449.40128726492907,,,False,False
62_77,53.8194,30.48198,321.7988448216631,459.28022874068273,,,False,False
63_0,53.92051,23.54505,57.70651892354201,173.55690302220094,,,False,False
63_1,53.92051,23.63514,47.79429245032722,164.18688818400793,,,False,False
63_2,53.92051,23.72523,37.88254822839232,154.89405143850675,,,False,False
63_3,53.92051,23.81532,27.983109195258464,145.69318158599228,,,False,False
63_4,53.92051,23.90541,18.17466747027228,136.60288451529047,,,False,False
63_5,53.92051,23.9955,8.776956527086107,127.64680850759304,,,False,False
63_6,53.92051,24.08559,0.2880394072591793,118.85532396433229,,,False,False
63_7,53.92051,24.17568,3.743728160389225,110.26783256356032,,,False,False
63_8,53.92051,24.26577,5.780801523325742,101.93593202337202,1.0,0-5 m,True,True
63_9,53.92051,24.35586,11.587673286854873,93.9276955871462,5.0,5-10 m,True,True
63_10,53.92051,24.44595,20.319901917133443,86.21867042512119,13.0,10-20 m,True,False
63_11,53.92051,24.53604,29.84981163377365,78.52980067475457,17.0,10-20 m,True,False
63_12,53.92051,24.62613,39.40769029249568,70.97204554533222,19.0,10-20 m,True,False
63_13,53.92051,24.71622,48.30574974841564,64.04997232706226,18.0,10-20 m,True,False
63_14,53.92051,24.80631,54.08396569831754,58.028598343778505,18.0,10-20 m,True,False
63_15,53.92051,24.8964,46.055123875648974,53.21461398133287,14.0,10-20 m,True,False
63_16,53.92051,24.98649,38.94245443203932,49.958340671850536,27.0,20-40 m,True,False
63_17,53.92051,25.07658,32.86662886052506,48.57413233752098,25.0,20-40 m,True,False
63_18,53.92051,25.16667,28.90075637998125,49.22024860741436,22.0,20-40 m,True,False
63_19,53.92051,25.25676,28.102565102104126,51.82086054893282,24.0,20-40 m,True,False
63_20,53.92051,25.34685,30.72007312013469,56.10488981805627,25.0,20-40 m,True,False
63_21,53.92051,25.43694,35.903325987162944,61.72285069398685,28.0,20-40 m,True,False
63_22,53.92051,25.52703,42.46589066109794,68.05662883090308,26.0,20-40 m,True,False
63_23,53.92051,25.61712,50.17110412305729,71.04239219288664,48.0,>40 m,True,False
63_24,53.92051,25.70721,58.56977565084229,74.81885360927177,34.0,20-40 m,True,False
63_25,53.92051,25.7973,60.494427068525845,71.4012646686077,63.0,>40 m,True,False
63_26,53.92051,25.88739,59.15065174409807,66.1384584928199,71.0,>40 m,True,False
63_27,53.92051,25.97748,57.2186765617228,62.047525431029534,76.0,>40 m,True,False
63_28,53.92051,26.06757,47.25258136922007,59.37125713508115,80.0,>40 m,True,False
63_29,53.92051,26.15766,37.29837699111222,58.30484039711102,85.0,>40 m,True,False
63_30,53.92051,26.24775,27.369157231852604,58.29498633463049,91.0,>40 m,True,False
63_31,53.92051,26.33784,17.50766603463353,58.17224610111777,90.0,>40 m,True,False
63_32,53.92051,26.42793,7.969742207334051,58.31820079382346,65.0,>40 m,True,False
63_33,53.92051,26.51802,0.4461992029257022,59.95449506198784,3.0,0-5 m,True,True
63_34,53.92051,26.60811,5.291624284237159,63.14709381687818,14.0,10-20 m,True,False
63_35,53.92051,26.6982,2.0559935684458885,67.67614815122333,36.0,20-40 m,True,False
63_36,53.92051,26.78829,7.433115862057948,73.29437057223893,,,False,False
63_37,53.92051,26.87838,16.481753393229823,79.77200781135654,,,False,False
63_38,53.92051,26.96847,25.802994517485303,86.91716200947272,,,False,False
63_39,53.92051,27.05856,35.486411669386804,94.57870186593824,,,False,False
63_40,53.92051,27.14865,45.26411946276345,102.64108952341078,,,False,False
63_41,53.92051,27.23874,55.07238158472932,111.01705702421464,,,False,False
63_42,53.92051,27.32883,61.387882981449934,119.640789882753,,,False,False
63_43,53.92051,27.41892,68.18583641964594,128.46242610057084,,,False,False
63_44,53.92051,27.50901,75.6957035553284,137.44388897833855,,,False,False
63_45,53.92051,27.5991,83.72617577186395,146.55582020361825,,,False,False
63_46,53.92051,27.68919,92.11788762086236,155.77534827659125,,,False,False
63_47,53.92051,27.77928,100.63927744484803,165.08446770746082,,,False,False
63_48,53.92051,27.86937,109.39722383020394,174.46885759925192,,,False,False
63_49,53.92051,27.95946,118.35106059831767,183.91701477549924,,,False,False
63_50,53.92051,28.04955,127.45953760561086,193.41961240864316,,,False,False
63_51,53.92051,28.13964,136.69176938749678,202.96902113730184,,,False,False
63_52,53.92051,28.22973,146.02430800474406,212.55894810991677,,,False,False
63_53,53.92051,28.31982,155.43903129363463,222.18416232700403,,,False,False
63_54,53.92051,28.40991,162.97603734529736,231.840283698588,,,False,False
63_55,53.92051,28.5,169.64939279934802,241.52361957096176,,,False,False
63_56,53.92051,28.59009,176.6366924855379,251.2310369396197,,,False,False
63_57,53.92051,28.68018,183.58689116,260.9598617284736,,,False,False
63_58,53.92051,28.77027,190.479378015036,270.7077987745708,,,False,False
63_59,53.92051,28.86036,197.3928850710176,280.4728677841025,,,False,False
63_60,53.92051,28.95045,204.50656583576784,290.2533517061684,,,False,False
63_61,53.92051,29.04054,211.85337380144344,300.0477548351364,,,False,False
63_62,53.92051,29.13063,219.40990720958996,309.8547685902751,,,False,False
63_63,53.92051,29.22072,227.142942614973,319.67324339601856,,,False,False
63_64,53.92051,29.31081,234.95469159348568,329.5021654420269,,,False,False
63_65,53.92051,29.4009,242.9203167400634,339.3406373711824,,,False,False
63_66,53.92051,29.49099,251.0315191596677,349.18786214828134,,,False,False
63_67,53.92051,29.58108,259.27464954905383,359.04312951908594,,,False,False
63_68,53.92051,29.67117,267.6375309628103,368.90580459043457,,,False,False
63_69,53.92051,29.76126,276.1092948522869,378.775318156214,,,False,False
63_70,53.92051,29.85135,284.6802327792038,388.6511584674253,,,False,False
63_71,53.92051,29.94144,293.3416635156111,398.5328642024221,,,False,False
63_72,53.92051,30.03153,302.08581472144067,408.4200184391031,,,False,False
63_73,53.92051,30.12162,310.9057181065724,418.3122434671764,,,False,False
63_74,53.92051,30.21171,317.39058374949803,428.2091963076791,,,False,False
63_75,53.92051,30.3018,321.4552692814043,438.1105648303076,,,False,False
63_76,53.92051,30.39189,325.7766325836721,448.01606437791065,,,False,False
63_77,53.92051,30.48198,330.34461089156684,457.9254348228762,,,False,False
64_0,54.02163,23.54505,59.426211242264,177.2947398722676,,,False,False
64_1,54.02163,23.63514,49.80329259972609,168.13123637100705,,,False,False
64_2,54.02163,23.72523,40.356900833952814,159.06689883085352,,,False,False
64_3,54.02163,23.81532,31.247640395411132,150.11971101812117,,,False,False
64_4,54.02163,23.90541,22.75383243726665,141.31194759518772,,,False,False
64_5,54.02163,23.9955,13.0019566717073,132.67140200057875,,,False,False
64_6,54.02163,24.08559,3.156657977740465,124.2329936023991,,,False,False
64_7,54.02163,24.17568,5.783241743315727,116.0408542853681,,,False,False
64_8,54.02163,24.26577,8.85189591146216,108.150988810046,1.0,0-5 m,True,True
64_9,54.02163,24.35586,10.27915046275308,100.4565754946461,7.0,5-10 m,True,True
64_10,54.02163,24.44595,17.025071798158084,92.76323752492648,8.0,5-10 m,True,True
64_11,54.02163,24.53604,25.908171457207665,85.26963623014036,13.0,10-20 m,True,False
64_12,54.02163,24.62613,35.17110708472576,78.33283432324279,14.0,10-20 m,True,False
64_13,54.02163,24.71622,41.9312073974022,72.11575517936285,21.0,20-40 m,True,False
64_14,54.02163,24.80631,48.74105894912552,66.81964243461908,15.0,10-20 m,True,False
64_15,54.02163,24.8964,40.243003745134885,62.678437127531126,15.0,10-20 m,True,False
64_16,54.02163,24.98649,31.86458483134317,59.93207739522048,20.0,20-40 m,True,False
64_17,54.02163,25.07658,24.698494727045727,58.7764668511569,23.0,20-40 m,True,False
64_18,54.02163,25.16667,19.19868998810092,59.30472279253525,32.0,20-40 m,True,False
64_19,54.02163,25.25676,17.984378551296498,61.47350154950474,28.0,20-40 m,True,False
64_20,54.02163,25.34685,21.85312330005069,65.11914495723377,25.0,20-40 m,True,False
64_21,54.02163,25.43694,28.220642980573945,70.01136586665437,32.0,20-40 m,True,False
64_22,54.02163,25.52703,36.20823510582626,75.909568622412,25.0,20-40 m,True,False
64_23,54.02163,25.61712,45.00154146654329,77.8578027028583,48.0,>40 m,True,False
64_24,54.02163,25.70721,53.91477619989982,70.28529529601266,42.0,>40 m,True,False
64_25,54.02163,25.7973,50.63150274832292,63.38475511728077,65.0,>40 m,True,False
64_26,54.02163,25.88739,49.02669571652573,57.399104624057706,70.0,>40 m,True,False
64_27,54.02163,25.97748,49.42794434042944,52.64142168777621,78.0,>40 m,True,False
64_28,54.02163,26.06757,46.68522557079621,49.46736146462361,77.0,>40 m,True,False
64_29,54.02163,26.15766,36.70403171427253,48.19092677103627,87.0,>40 m,True,False
64_30,54.02163,26.24775,26.72777118747116,48.20367682856645,86.0,>40 m,True,False
64_31,54.02163,26.33784,16.75557268862598,48.07589300809799,80.0,>40 m,True,False
64_32,54.02163,26.42793,6.78322446047754,48.2648578285637,55.0,>40 m,True,False
64_33,54.02163,26.51802,1.7695313222726743,50.23790360428804,,,False,False
64_34,54.02163,26.60811,5.824176045238902,54.01546234357912,43.0,>40 m,True,False
64_35,54.02163,26.6982,4.890492728051106,59.25346188742744,45.0,>40 m,True,False
64_36,54.02163,26.78829,4.3248239039099525,65.60305863531269,,,False,False
64_37,54.02163,26.87838,14.306078332143125,72.77391349474831,,,False,False
64_38,54.02163,26.96847,24.290257915465716,80.5470232694467,,,False,False
64_39,54.02163,27.05856,34.27735089319795,88.76434758043699,,,False,False
64_40,54.02163,27.14865,44.26546539090138,97.31345497220266,,,False,False
64_41,54.02163,27.23874,54.25409850939777,106.11421691043734,,,False,False
64_42,54.02163,27.32883,64.24306024165713,115.10895567899652,,,False,False
64_43,54.02163,27.41892,74.23226297467404,124.25558023373524,,,False,False
64_44,54.02163,27.50901,82.31982907202377,133.52290602857843,,,False,False
64_45,54.02163,27.5991,89.7543153939304,142.8874736301177,,,False,False
64_46,54.02163,27.68919,97.64635829603571,152.33137265156324,,,False,False
64_47,54.02163,27.77928,105.89373643056646,161.84073711532494,,,False,False
64_48,54.02163,27.86937,114.34056585759878,171.40469148355402,,,False,False
64_49,54.02163,27.95946,122.93054346220386,181.01460212885132,,,False,False
64_50,54.02163,28.04955,131.71861787488217,190.6635383199016,,,False,False
64_51,54.02163,28.13964,140.66769029439976,200.34587880471437,,,False,False
64_52,54.02163,28.22973,149.7489221423716,210.0570209234776,,,False,False
64_53,54.02163,28.31982,158.93968307523434,219.7931628729091,,,False,False
64_54,54.02163,28.40991,168.22204201986392,229.5511388268305,,,False,False
64_55,54.02163,28.5,177.00596351718215,239.3282927143305,,,False,False
64_56,54.02163,28.59009,183.7072861789328,249.12238059896825,,,False,False
64_57,54.02163,28.68018,190.6973681013017,258.9314944510023,,,False,False
64_58,54.02163,28.77027,197.6330908767653,268.7540020870914,,,False,False
64_59,54.02163,28.86036,204.5221932870244,278.5884994478902,,,False,False
64_60,54.02163,28.95045,211.4339797524174,288.4337723778365,,,False,False
64_61,54.02163,29.04054,218.54180984710104,298.2887657867784,,,False,False
64_62,54.02163,29.13063,225.86862447962335,308.15255859322866,,,False,False
64_63,54.02163,29.22072,233.39381577395704,318.02434323091194,,,False,False
64_64,54.02163,29.31081,241.09670463248275,327.903408783272,,,False,False
64_65,54.02163,29.4009,248.8798527610765,337.7891270222675,,,False,False
64_66,54.02163,29.49099,256.79728755970285,347.6809407871993,,,False,False
64_67,54.02163,29.58108,264.8555624860079,357.578354260701,,,False,False
64_68,54.02163,29.67117,273.04222065551915,367.4809247917164,,,False,False
64_69,54.02163,29.76126,281.3460674346847,377.38825598704346,,,False,False
64_70,54.02163,29.85135,289.7570398071354,387.2999918485207,,,False,False
64_71,54.02163,29.94144,298.266086881051,397.2158117764915,,,False,False
64_72,54.02163,30.03153,306.8650615914683,407.135426294328,,,False,False
64_73,54.02163,30.12162,315.546623223656,417.0585733759154,,,False,False
64_74,54.02163,30.21171,324.30415012627213,426.98501527945353,,,False,False
64_75,54.02163,30.3018,330.31595098361703,436.91453580827584,,,False,False
64_76,54.02163,30.39189,334.51466056130806,446.8469379331178,,,False,False
64_77,54.02163,30.48198,338.95675908747603,456.78204172159445,,,False,False
65_0,54.12274,23.54505,62.750742573322384,181.5374378089669,,,False,False
65_1,54.12274,23.63514,53.72477351477888,172.59701303669817,,,False,False
65_2,54.12274,23.72523,44.40396687012776,163.77751636293007,,,False,False
65_3,54.12274,23.81532,34.82030166668713,155.09959741794913,,,False,False
65_4,54.12274,23.90541,25.4419591110204,146.58842250965984,,,False,False
65_5,54.12274,23.9955,16.0561137675121,138.27480724106277,,,False,False
65_6,54.12274,24.08559,6.323188567726458,130.1966252258722,,,False,False
65_7,54.12274,24.17568,2.854816969385828,122.39487823310712,2.0,0-5 m,True,True
65_8,54.12274,24.26577,0.056824567595871,114.69671355228576,,,False,False
65_9,54.12274,24.35586,3.519905367027236,107.00365385077244,9.0,5-10 m,True,True
65_10,54.12274,24.44595,13.086601841134511,99.57435441509789,8.0,5-10 m,True,True
65_11,54.12274,24.53604,21.813373646845704,92.6273106851835,15.0,10-20 m,True,False
65_12,54.12274,24.62613,27.66828156363565,86.27912811659654,17.0,10-20 m,True,False
65_13,54.12274,24.71622,34.496719475686106,80.67134558634584,23.0,20-40 m,True,False
65_14,54.12274,24.80631,41.442730623914855,75.96814468614666,21.0,20-40 m,True,False
65_15,54.12274,24.8964,36.42028545186855,72.34620354240724,15.0,10-20 m,True,False
65_16,54.12274,24.98649,26.88025581303953,69.97367143028268,16.0,10-20 m,True,False
65_17,54.12274,25.07658,17.83474414085059,68.97963339007171,18.0,10-20 m,True,False
65_18,54.12274,25.16667,10.463129949107824,69.42337367301985,23.0,20-40 m,True,False
65_19,54.12274,25.25676,8.061481861218716,71.27808878416664,23.0,20-40 m,True,False
65_20,54.12274,25.34685,13.99769382251337,74.43842763118037,28.0,20-40 m,True,False
65_21,54.12274,25.43694,22.61175331374988,78.74739256258302,33.0,20-40 m,True,False
65_22,54.12274,25.52703,32.03276177457142,80.65787292087934,40.0,>40 m,True,False
65_23,54.12274,25.61712,41.71763637985827,72.00847299737458,47.0,>40 m,True,False
65_24,54.12274,25.70721,44.80909934688666,63.7506698043182,42.0,>40 m,True,False
65_25,54.12274,25.7973,40.90356776584122,56.05784582252477,64.0,>40 m,True,False
65_26,54.12274,25.88739,38.91127328540775,49.19582503292124,71.0,>40 m,True,False
65_27,54.12274,25.97748,39.42418930763854,43.55910665606201,78.0,>40 m,True,False
65_28,54.12274,26.06757,42.35418831920472,39.67352164995609,81.0,>40 m,True,False
65_29,54.12274,26.15766,37.66095814793488,38.07904134287683,89.0,>40 m,True,False
65_30,54.12274,26.24775,28.027254704011547,38.12314533657475,86.0,>40 m,True,False
65_31,54.12274,26.33784,18.76726250113385,37.98251554133955,68.0,>40 m,True,False
65_32,54.12274,26.42793,10.439466697344807,38.23431458522892,60.0,>40 m,True,False
65_33,54.12274,26.51802,7.137628310434879,40.70474218030274,35.0,20-40 m,True,False
65_34,54.12274,26.60811,10.988526929881166,45.29182844820537,42.0,>40 m,True,False
65_35,54.12274,26.6982,1.8343185194199536,51.43238799902014,21.0,20-40 m,True,False
65_36,54.12274,26.78829,7.756009615097324,58.64047363560475,,,False,False
65_37,54.12274,26.87838,17.166860632979812,66.57026559894541,,,False,False
65_38,54.12274,26.96847,26.148284223336507,74.99321699500987,,,False,False
65_39,54.12274,27.05856,35.627851370449214,83.76072401138751,,,False,False
65_40,54.12274,27.14865,45.32673985594889,92.77519008458836,,,False,False
65_41,54.12274,27.23874,55.1293763313222,101.97117434931612,,,False,False
65_42,54.12274,27.32883,64.98888279998793,111.30372497451592,,,False,False
65_43,54.12274,27.41892,74.88284417796892,120.74120712142631,,,False,False
65_44,54.12274,27.50901,84.79924112358043,130.26084195223183,,,False,False
65_45,54.12274,27.5991,94.73106408260423,139.8458780064303,,,False,False
65_46,54.12274,27.68919,103.82697471920125,149.48375804532975,,,False,False
65_47,54.12274,27.77928,111.61347542068042,159.16490445863062,,,False,False
65_48,54.12274,27.86937,119.72795351443014,168.88189714555176,,,False,False
65_49,54.12274,27.95946,128.10254583058148,178.62890574247828,,,False,False
65_50,54.12274,28.04955,136.577472366646,188.4012900983493,,,False,False
65_51,54.12274,28.13964,145.223099250121,198.19531423193368,,,False,False
65_52,54.12274,28.22973,154.03184767527586,208.0079382418233,,,False,False
65_53,54.12274,28.31982,162.97729117777703,217.83666468237664,,,False,False
65_54,54.12274,28.40991,172.03812790247392,227.6794236015954,,,False,False
65_55,54.12274,28.5,181.19706682498165,237.53448542818637,,,False,False
65_56,54.12274,28.59009,190.439972350521,247.4003941940152,,,False,False
65_57,54.12274,28.68018,197.7590160750135,257.27591579427593,,,False,False
65_58,54.12274,28.77027,204.7512295711374,267.15999749918484,,,False,False
65_59,54.12274,28.86036,211.67300570655817,277.0517359768944,,,False,False
65_60,54.12274,28.95045,218.5575871730526,286.9503518206491,,,False,False
65_61,54.12274,29.04054,225.468133953916,296.85516909401844,,,False,False
65_62,54.12274,29.13063,232.57060584480377,306.7655987822039,,,False,False
65_63,54.12274,29.22072,239.8795489613315,316.6811253093318,,,False,False
65_64,54.12274,29.31081,247.37667687740117,326.60129548118334,,,False,False
65_65,54.12274,29.4009,255.04540849093576,336.5257093608616,,,False,False
65_66,54.12274,29.49099,262.8092303737648,346.454012695519,,,False,False
65_67,54.12274,29.58108,270.682936547332,356.38589059596217,,,False,False
65_68,54.12274,29.67117,278.6929408391257,366.3210622344136,,,False,False
65_69,54.12274,29.76126,286.8278368071832,376.2592763746527,,,False,False
65_70,54.12274,29.85135,295.07730720362554,386.2003075862865,,,False,False
65_71,54.12274,29.94144,303.4320188667372,396.14395302435423,,,False,False
65_72,54.12274,30.03153,311.8835256103541,406.0900296783654,,,False,False
65_73,54.12274,30.12162,320.42417933377334,416.0383720130136,,,False,False
65_74,54.12274,30.21171,329.04704923044085,425.9888299371189,,,False,False
65_75,54.12274,30.3018,337.745848752051,435.9412670488786,,,False,False
65_76,54.12274,30.39189,343.30874681433687,445.8955591145736,,,False,False
65_77,54.12274,30.48198,347.63031066170475,455.8515927453865,,,False,False
66_0,54.22385,23.54505,66.49961612119219,186.2503781684135,,,False,False
66_1,54.22385,23.63514,57.09581544756573,177.54475009853027,,,False,False
66_2,54.22385,23.72523,47.54999354856537,168.98080416181205,,,False,False
66_3,54.22385,23.81532,37.92860466070847,160.581228680763,,,False,False
66_4,54.22385,23.90541,28.455962751339445,152.3732285299457,,,False,False
66_5,54.22385,23.9955,19.48661935331601,144.3894992675097,,,False,False
66_6,54.22385,24.08559,11.356033077555336,136.64166844767894,,,False,False
66_7,54.22385,24.17568,4.01545944939557,128.93909197733086,,,False,False
66_8,54.22385,24.26577,1.7902198024652645,121.26408070982691,,,False,False
66_9,54.22385,24.35586,0.2168869680144231,113.88506025480356,,,False,False
66_10,54.22385,24.44595,9.705598145432608,106.93039101116408,5.0,5-10 m,True,True
66_11,54.22385,24.53604,13.484969422991885,100.48824880438016,9.0,5-10 m,True,True
66_12,54.22385,24.62613,20.32168215736645,94.66336149210694,16.0,10-20 m,True,False
66_13,54.22385,24.71622,27.227847220543115,89.57625974174628,20.0,20-40 m,True,False
66_14,54.22385,24.80631,35.62468224302175,85.35899059034335,20.0,20-40 m,True,False
66_15,54.22385,24.8964,34.64605237473727,82.14567032110433,22.0,20-40 m,True,False
66_16,54.22385,24.98649,24.676149329590423,80.0573182941376,15.0,10-20 m,True,False
66_17,54.22385,25.07658,14.726747435027404,79.1830331921853,19.0,10-20 m,True,False
66_18,54.22385,25.16667,4.924384670495121,79.56288748110396,23.0,20-40 m,True,False
66_19,54.22385,25.25676,1.1716556090461152,81.17931696547224,,,False,False
66_20,54.22385,25.34685,10.875252002412871,83.96096960434586,29.0,20-40 m,True,False
66_21,54.22385,25.43694,20.824559399040893,85.75179480415756,34.0,20-40 m,True,False
66_22,54.22385,25.52703,30.797563872034463,76.38137646594828,45.0,>40 m,True,False
66_23,54.22385,25.61712,40.77696156057242,67.18809267302677,50.0,>40 m,True,False
66_24,54.22385,25.70721,36.26081519443042,58.25591973137944,57.0,>40 m,True,False
66_25,54.22385,25.7973,31.325706415699067,49.72583177174016,65.0,>40 m,True,False
66_26,54.22385,25.88739,28.81255782335962,41.8445315152204,67.0,>40 m,True,False
66_27,54.22385,25.97748,29.510355455916688,35.0525057271546,78.0,>40 m,True,False
66_28,54.22385,26.06757,33.33132640472462,30.09659355450394,80.0,>40 m,True,False
66_29,54.22385,26.15766,29.37623458940877,27.97055191403445,87.0,>40 m,True,False
66_30,54.22385,26.24775,26.838935583032907,28.06418133376652,79.0,>40 m,True,False
66_31,54.22385,26.33784,24.64047324812876,27.894515106475925,60.0,>40 m,True,False
66_32,54.22385,26.42793,19.00520373812828,28.25005054196859,55.0,>40 m,True,False
66_33,54.22385,26.51802,17.151708719612373,31.52114673299653,41.0,>40 m,True,False
66_34,54.22385,26.60811,11.19992667890862,37.2632284628164,27.0,20-40 m,True,False
66_35,54.22385,26.6982,1.236278261382416,44.5305353716937,7.0,5-10 m,True,True
66_36,54.22385,26.78829,8.72743495723968,52.69583075827786,,,False,False
66_37,54.22385,26.87838,18.52782312764706,61.40196206192323,,,False,False
66_38,54.22385,26.96847,28.33808109334825,70.44875052839909,,,False,False
66_39,54.22385,27.05856,38.19823963998048,79.72034803294872,,,False,False
66_40,54.22385,27.14865,48.0786510166073,89.14667731745988,,,False,False
66_41,54.22385,27.23874,57.72711929532902,98.6834425971677,,,False,False
66_42,54.22385,27.32883,67.20422851859935,108.30150525980042,,,False,False
66_43,54.22385,27.41892,76.81120214243842,117.98101349486576,,,False,False
66_44,54.22385,27.50901,86.504823318753,127.70802342041202,,,False,False
66_45,54.22385,27.5991,96.2589539863326,137.47247744499722,,,False,False
66_46,54.22385,27.68919,106.05693250525252,147.26695115547085,,,False,False
66_47,54.22385,27.77928,115.88766745696158,157.08585149217814,,,False,False
66_48,54.22385,27.86937,125.60961487446777,166.9248888959156,,,False,False
66_49,54.22385,27.95946,133.61641135623066,176.78072087231948,,,False,False
66_50,54.22385,28.04955,141.87529707936247,186.6507057671807,,,False,False
66_51,54.22385,28.13964,150.30490966353338,196.53272916263177,,,False,False
66_52,54.22385,28.22973,158.82779903014395,206.4250791992263,,,False,False
66_53,54.22385,28.31982,167.5129857185482,216.32635553001563,,,False,False
66_54,54.22385,28.40991,176.3367430501154,226.2354018199661,,,False,False
66_55,54.22385,28.5,185.27929293989865,236.1512550062043,,,False,False
66_56,54.22385,28.59009,194.3242539743825,246.0731066727218,,,False,False
66_57,54.22385,28.68018,203.4579853644937,256.0002733045287,,,False,False
66_58,54.22385,28.77027,211.8044443054985,265.9321731343309,,,False,False
66_59,54.22385,28.86036,218.7982691860439,275.8683079423224,,,False,False
66_60,54.22385,28.95045,225.70652392805923,285.80824861841137,,,False,False
66_61,54.22385,29.04054,232.58556015149253,295.75162361175444,,,False,False
66_62,54.22385,29.13063,239.4953548048869,305.69810961705764,,,False,False
66_63,54.22385,29.22072,246.5928766686059,315.6474240091357,,,False,False
66_64,54.22385,29.31081,253.88572005461012,325.5993186551562,,,False,False
66_65,54.22385,29.4009,261.357548279058,335.5535748210386,,,False,False
66_66,54.22385,29.49099,268.9934598132063,345.5099989530869,,,False,False
66_67,54.22385,29.58108,276.7411387180176,355.46841916457583,,,False,False
66_68,54.22385,29.67117,284.5749735439482,365.4286822937561,,,False,False
66_69,54.22385,29.76126,292.5407702090809,375.3906514278912,,,False,False
66_70,54.22385,29.85135,300.6280508123259,385.3542038094841,,,False,False
66_71,54.22385,29.94144,308.8272830582118,395.3192290577268,,,False,False
66_72,54.22385,30.03153,317.1297949101555,405.2856276511874,,,False,False
66_73,54.22385,30.12162,325.52769503472325,415.2533096281144,,,False,False
66_74,54.22385,30.21171,334.013799333209,425.2221934688102,,,False,False
66_75,54.22385,30.3018,342.581563581474,435.1922051310561,,,False,False
66_76,54.22385,30.39189,351.22502201294697,445.1632772146753,,,False,False
66_77,54.22385,30.48198,356.3607403566805,455.1353482355431,,,False,False
67_0,54.32496,23.54505,69.58516080449016,191.3987152350628,,,False,False
67_1,54.32496,23.63514,60.12086974755661,182.93522934038745,,,False,False
67_2,54.32496,23.72523,50.85545535794037,174.6326076624247,,,False,False
67_3,54.32496,23.81532,41.92106666279139,166.51493264252505,,,False,False
67_4,54.32496,23.90541,33.45576102622713,158.61062254052976,,,False,False
67_5,54.32496,23.9955,25.647163157703392,150.89068749066632,,,False,False
67_6,54.32496,24.08559,16.71487263087671,143.18371863263042,,,False,False
67_7,54.32496,24.17568,8.39565415553495,135.5405821670928,,,False,False
67_8,54.32496,24.26577,0.4472743515052146,128.20112826702547,1.0,0-5 m,True,True
67_9,54.32496,24.35586,1.0973431168492038,121.24048982690152,4.0,0-5 m,True,True
67_10,54.32496,24.44595,1.282091991070773,114.7276638682379,1.0,0-5 m,True,True
67_11,54.32496,24.53604,6.112744275263455,108.74316967017651,8.0,5-10 m,True,True
67_12,54.32496,24.62613,13.19343587096208,103.37883190975428,8.0,5-10 m,True,True
67_13,54.32496,24.71622,21.87404209833624,98.73581378657542,17.0,10-20 m,True,False
67_14,54.32496,24.80631,30.478271007516287,94.92005762457616,21.0,20-40 m,True,False
67_15,54.32496,24.8964,35.65822377388334,92.03455021634032,26.0,20-40 m,True,False
67_16,54.32496,24.98649,26.07798964751312,90.16867820233298,25.0,20-40 m,True,False
67_17,54.32496,25.07658,16.970604731344213,89.38635225528688,15.0,10-20 m,True,False
67_18,54.32496,25.16667,9.76396447384172,89.71595801163669,22.0,20-40 m,True,False
67_19,54.32496,25.25676,9.548708123906694,91.14546820307288,29.0,20-40 m,True,False
67_20,54.32496,25.34685,14.85417190005176,92.76450812965152,38.0,20-40 m,True,False
67_21,54.32496,25.43694,23.43275812123453,82.98848942870168,39.0,20-40 m,True,False
67_22,54.32496,25.52703,32.80789214688697,73.26858982305743,40.0,>40 m,True,False
67_23,54.32496,25.61712,36.88189234473552,63.63058321697421,52.0,>40 m,True,False
67_24,54.32496,25.70721,28.77032939702355,54.11830113783339,52.0,>40 m,True,False
67_25,54.32496,25.7973,22.239061525387744,44.81195166072397,54.0,>40 m,True,False
67_26,54.32496,25.88739,18.756352577086982,35.872262088466364,66.0,>40 m,True,False
67_27,54.32496,25.97748,19.82069315532624,27.65721700814703,76.0,>40 m,True,False
67_28,54.32496,26.06757,25.165953952659187,21.03390207203021,83.0,>40 m,True,False
67_29,54.32496,26.15766,20.55842244555477,17.869974501507333,91.0,>40 m,True,False
67_30,54.32496,26.24775,16.83071931039543,18.06162188404668,88.0,>40 m,True,False
67_31,54.32496,26.33784,16.884324939108847,17.819782398826966,67.0,>40 m,True,False
67_32,54.32496,26.42793,20.47934554249068,18.38640647117958,46.0,>40 m,True,False
67_33,54.32496,26.51802,11.598422786546957,23.10677023752776,34.0,20-40 m,True,False
67_34,54.32496,26.60811,5.271749398392778,30.48313612402856,36.0,20-40 m,True,False
67_35,54.32496,26.6982,0.3905893414861706,39.03796842836413,3.0,0-5 m,True,True
67_36,54.32496,26.78829,8.296042821638379,48.14720956831374,,,False,False
67_37,54.32496,26.87838,18.10269656308805,57.54824779492141,,,False,False
67_38,54.32496,26.96847,27.950724833164774,67.11863310765104,,,False,False
67_39,54.32496,27.05856,37.8698062485935,76.79512284951832,,,False,False
67_40,54.32496,27.14865,47.81733897574694,86.54217261229212,,,False,False
67_41,54.32496,27.23874,57.77868907490585,96.33840375327262,,,False,False
67_42,54.32496,27.32883,67.74781256248676,106.1702359033433,,,False,False
67_43,54.32496,27.41892,77.7217626031434,116.02864917294546,,,False,False
67_44,54.32496,27.50901,87.69893183167423,125.90742748205696,,,False,False
67_45,54.32496,27.5991,97.678369259766,135.80215225165466,,,False,False
67_46,54.32496,27.68919,107.65947640389813,145.7095988504595,,,False,False
67_47,54.32496,27.77928,117.64185788102056,155.62736013522132,,,False,False
67_48,54.32496,27.86937,127.62524203814073,165.5536035745742,,,False,False
67_49,54.32496,27.95946,137.41580064755323,175.48690988735663,,,False,False
67_50,54.32496,28.04955,147.18425947077796,185.4261630424025,,,False,False
67_51,54.32496,28.13964,155.6984867198665,195.3704735471763,,,False,False
67_52,54.32496,28.22973,164.05774518098136,205.31912385845592,,,False,False
67_53,54.32496,28.31982,172.50737244827982,215.2715288261941,,,False,False
67_54,54.32496,28.40991,181.08342234369877,225.22720656004128,,,False,False
67_55,54.32496,28.5,189.79811462171335,235.1857566538557,,,False,False
67_56,54.32496,28.59009,198.6332197246344,245.14684369051,,,False,False
67_57,54.32496,28.68018,207.57337952848,255.11018459303045,,,False,False
67_58,54.32496,28.77027,216.60560268043625,265.0755388159647,,,False,False
67_59,54.32496,28.86036,225.71885329673364,275.0427006605727,,,False,False
67_60,54.32496,28.95045,232.8384851471954,285.01149319650875,,,False,False
67_61,54.32496,29.04054,239.73318025457684,294.98176341174104,,,False,False
67_62,54.32496,29.13063,246.6061122216693,304.95337831083003,,,False,False
67_63,54.32496,29.22072,253.51565147759896,314.9262217522144,,,False,False
67_64,54.32496,29.31081,260.608565325907,324.9001918663265,,,False,False
67_65,54.32496,29.4009,267.8868035793229,334.87519893387696,,,False,False
67_66,54.32496,29.49099,275.335682860299,344.8511636314301,,,False,False
67_67,54.32496,29.58108,282.9417388625196,354.8280155722356,,,False,False
67_68,54.32496,29.67117,290.673164550299,364.8056920859392,,,False,False
67_69,54.32496,29.76126,298.4715376448721,374.7841371928175,,,False,False
67_70,54.32496,29.85135,306.3966899679045,384.76330073727127,,,False,False
67_71,54.32496,29.94144,314.44002143963013,394.7431376525231,,,False,False
67_72,54.32496,30.03153,322.5927034787178,404.7236073338689,,,False,False
67_73,54.32496,30.12162,330.8466632419154,414.7046731022919,,,False,False
67_74,54.32496,30.21171,339.19451795622206,424.68630174356986,,,False,False
67_75,54.32496,30.3018,347.6295137932833,434.66846311078746,,,False,False
67_76,54.32496,30.39189,356.1454693838216,444.6511297802915,,,False,False
67_77,54.32496,30.48198,364.7367239162518,454.63427675292456,,,False,False
68_0,54.42607,23.54505,73.3019839636662,196.94820437234245,,,False,False
68_1,54.42607,23.63514,64.38420550587053,188.73041068601944,,,False,False
68_2,54.42607,23.72523,55.79940995373005,180.69073262028252,,,False,False
68_3,54.42607,23.81532,47.62567079558525,172.85404273346248,,,False,False
68_4,54.42607,23.90541,38.94473320866988,165.14194392242035,,,False,False
68_5,54.42607,23.9955,29.04850829432688,157.4306018623588,,,False,False
68_6,54.42607,24.08559,19.241793014637874,149.82974882441317,,,False,False
68_7,54.42607,24.17568,9.797491485313868,142.52218949777793,,,False,False
68_8,54.42607,24.26577,2.2390234288181583,135.5566959873267,1.0,0-5 m,True,True
68_9,54.42607,24.35586,3.7821452911270232,128.98871978606678,1.0,0-5 m,True,True
68_10,54.42607,24.44595,1.888294002132854,122.88204406353482,,,False,False
68_11,54.42607,24.53604,0.1457033737402141,117.30875863364544,,,False,False
68_12,54.42607,24.62613,8.143255990440974,112.3482995560401,6.0,5-10 m,True,True
68_13,54.42607,24.71622,17.07081688876843,108.08510416788432,10.0,10-20 m,True,False
68_14,54.42607,24.80631,22.887876778362177,104.6044892489343,18.0,10-20 m,True,False
68_15,54.42607,24.8964,27.398015498681136,101.9866415221241,20.0,20-40 m,True,False
68_16,54.42607,24.98649,30.97495529077272,100.299171236504,23.0,20-40 m,True,False
68_17,54.42607,25.07658,23.81616274718909,99.58941546394048,22.0,20-40 m,True,False
68_18,54.42607,25.16667,19.34815301373701,99.87825204869746,19.0,10-20 m,True,False
68_19,54.42607,25.25676,19.487816385698977,101.1571592643606,26.0,20-40 m,True,False
68_20,54.42607,25.34685,22.738541570138576,91.31096375133748,26.0,20-40 m,True,False
68_21,54.42607,25.43694,29.07313060557869,81.39084416691367,30.0,20-40 m,True,False
68_22,54.42607,25.52703,37.0521074346686,71.47054315848958,39.0,20-40 m,True,False
68_23,54.42607,25.61712,32.60693125313039,61.55494270892537,49.0,>40 m,True,False
68_24,54.42607,25.70721,23.350370785186133,51.66449275646345,46.0,>40 m,True,False
68_25,54.42607,25.7973,14.6132116880478,41.8186211610948,56.0,>40 m,True,False
68_26,54.42607,25.88739,8.882471496872443,32.05853082619225,52.0,>40 m,True,False
68_27,54.42607,25.97748,10.964493938027651,22.496298295028485,59.0,>40 m,True,False
68_28,54.42607,26.06757,18.98332461774576,13.557502299046028,34.0,20-40 m,True,False
68_29,54.42607,26.15766,13.38074354563796,7.805343880675163,47.0,>40 m,True,False
68_30,54.42607,26.24775,6.897897960037886,8.31885938264205,45.0,>40 m,True,False
68_31,54.42607,26.33784,7.307389264581426,7.807120775073453,28.0,20-40 m,True,False
68_32,54.42607,26.42793,14.222815393881245,9.044573689398977,34.0,20-40 m,True,False
68_33,54.42607,26.51802,7.905827062718459,16.668961710088166,23.0,20-40 m,True,False
68_34,54.42607,26.60811,1.8905770062314025,25.94856108731174,,,False,False
68_35,54.42607,26.6982,7.949132182311363,35.612241468634494,,,False,False
68_36,54.42607,26.78829,13.705837674573171,45.41555768916339,,,False,False
68_37,54.42607,26.87838,21.57986311348403,55.28433858299958,,,False,False
68_38,54.42607,26.96847,30.447562395021613,65.18891206868774,,,False,False
68_39,54.42607,27.05856,39.84835590532112,75.11516671331465,,,False,False
68_40,54.42607,27.14865,49.4793857299943,85.05555273863769,,,False,False
68_41,54.42607,27.23874,59.2285015022772,95.00567108855394,,,False,False
68_42,54.42607,27.32883,69.0325101295234,104.96278717159008,,,False,False
68_43,54.42607,27.41892,78.84668216202456,114.92511251146634,,,False,False
68_44,54.42607,27.50901,88.69600114277355,124.89142853827292,,,False,False
68_45,54.42607,27.5991,98.57322124862624,134.86087653147823,,,False,False
68_46,54.42607,27.68919,108.47075308163312,144.8328340306674,,,False,False
68_47,54.42607,27.77928,118.38353187390229,154.80683887847212,,,False,False
68_48,54.42607,27.86937,128.30805127228226,164.78254078200672,,,False,False
68_49,54.42607,27.95946,138.24180822017848,174.75966942917492,,,False,False
68_50,54.42607,28.04955,148.18296883630626,184.73801291730825,,,False,False
68_51,54.42607,28.13964,158.1301592298665,194.71740280337968,,,False,False
68_52,54.42607,28.22973,168.0823300383347,204.6977035206281,,,False,False
68_53,54.42607,28.31982,177.8269985369786,214.67880474328288,,,False,False
68_54,54.42607,28.40991,186.2410312033251,224.6606157840636,,,False,False
68_55,54.42607,28.5,194.72304588224472,234.64306142004827,,,False,False
68_56,54.42607,28.59009,203.3397841848748,244.62607873946095,,,False,False
68_57,54.42607,28.68018,212.0772847210291,254.60961472956168,,,False,False
68_58,54.42607,28.77027,220.9212355346238,264.593624410085,,,False,False
68_59,54.42607,28.86036,229.85936531398,274.5780693735793,,,False,False
68_60,54.42607,28.95045,238.88111769980887,284.5629166327667,,,False,False
68_61,54.42607,29.04054,246.87187979646808,294.54813770217413,,,False,False
68_62,54.42607,29.13063,253.7524381441122,304.5337078603015,,,False,False
68_63,54.42607,29.22072,260.6192429025898,314.5196055522369,,,False,False
68_64,54.42607,29.31081,267.52903457294786,324.50581190249824,,,False,False
68_65,54.42607,29.4009,274.61762975020486,334.4923103150951,,,False,False
68_66,54.42607,29.49099,281.8825351243694,344.47908614308875,,,False,False
68_67,54.42607,29.58108,289.31048134473644,354.4661264140043,,,False,False
68_68,54.42607,29.67117,296.88924327217444,364.45341960033375,,,False,False
68_69,54.42607,29.76126,304.6004074590512,374.44095542677536,,,False,False
68_70,54.42607,29.85135,312.37110201681725,384.4287247074792,,,False,False
68_71,54.42607,29.94144,320.25875035000735,394.41671920802736,,,False,False
68_72,54.42607,30.03153,328.26138714433614,404.40493152783824,,,False,False
68_73,54.42607,30.12162,336.3708161745825,414.393354999579,,,False,False
68_74,54.42607,30.21171,344.5795082420084,424.38198360277255,,,False,False
68_75,54.42607,30.3018,352.88054658418724,434.3708118893193,,,False,False
68_76,54.42607,30.39189,361.2675756974187,444.3598349190576,,,False,False
68_77,54.42607,30.48198,369.734753707274,454.3490482038181,,,False,False
69_0,54.52718,23.54505,78.20872289286574,202.8658323226396,,,False,False
69_1,54.52718,23.63514,69.815617222727,194.89409745415176,,,False,False
69_2,54.52718,23.72523,60.47484203417568,187.11145469405545,,,False,False
69_3,54.52718,23.81532,50.84947361956466,179.39544678124835,,,False,False
69_4,54.52718,23.90541,41.39338591506323,171.6828050678609,,,False,False
69_5,54.52718,23.9955,32.255900384096805,164.12936031743382,,,False,False
69_6,54.52718,24.08559,23.806877732814417,156.8480147030057,,,False,False
69_7,54.52718,24.17568,16.420220191507635,149.87845131258103,,,False,False
69_8,54.52718,24.26577,9.95913034772714,143.26620157585552,,,False,False
69_9,54.52718,24.35586,5.386812096937316,137.06301112573254,,,False,False
69_10,54.52718,24.44595,0.4555687213790847,131.3268821294572,,,False,False
69_11,54.52718,24.53604,2.473744645716439,126.1215829163106,,,False,False
69_12,54.52718,24.62613,7.521223046989895,121.51537546562632,,,False,False
69_13,54.52718,24.71622,11.609428344307045,117.57871711179271,8.0,5-10 m,True,True
69_14,54.52718,24.80631,13.372422048033927,114.38078853304916,10.0,10-20 m,True,False
69_15,54.52718,24.8964,19.895155206514243,111.98492344662056,21.0,20-40 m,True,False
69_16,54.52718,24.98649,27.198853275774336,110.44336115543436,23.0,20-40 m,True,False
69_17,54.52718,25.07658,32.472458766647634,109.79212204748492,23.0,20-40 m,True,False
69_18,54.52718,25.16667,29.34717450545832,109.99049129646224,23.0,20-40 m,True,False
69_19,54.52718,25.25676,29.452078264156142,100.07222367063866,21.0,20-40 m,True,False
69_20,54.52718,25.34685,31.95244412912043,90.15377645744512,25.0,20-40 m,True,False
69_21,54.52718,25.43694,36.725589424121054,80.23514945876823,26.0,20-40 m,True,False
69_22,54.52718,25.52703,40.59594149271501,70.31634247764973,42.0,>40 m,True,False
69_23,54.52718,25.61712,30.622459703068287,60.39735531829107,48.0,>40 m,True,False
69_24,54.52718,25.70721,20.65891161158819,50.4781877860496,55.0,>40 m,True,False
69_25,54.52718,25.7973,10.733308730169847,40.55883968744859,52.0,>40 m,True,False
69_26,54.52718,25.88739,0.9837903564411083,30.639310830173493,26.0,20-40 m,True,False
69_27,54.52718,25.97748,5.968794728858287,20.71960102307778,58.0,>40 m,True,False
69_28,54.52718,26.06757,15.754123766273148,10.799710076184333,85.0,>40 m,True,False
69_29,54.52718,26.15766,10.359469694755466,0.8796378006880308,87.0,>40 m,True,False
69_30,54.52718,26.24775,0.4711571305608897,3.4987867389281733,15.0,10-20 m,True,False
69_31,54.52718,26.33784,2.30710324711835,1.203369810233304,3.0,0-5 m,True,True
69_32,54.52718,26.42793,11.998177516867695,5.090588731968079,6.0,5-10 m,True,True
69_33,54.52718,26.51802,7.56366076435518,14.999356550178968,27.0,20-40 m,True,False
69_34,54.52718,26.60811,1.898064514125509,24.9163949649452,,,False,False
69_35,54.52718,26.6982,11.760773363946948,34.86738870631115,,,False,False
69_36,54.52718,26.78829,21.58730122012357,44.8337803710989,,,False,False
69_37,54.52718,26.87838,27.84703193584437,54.8072335149672,,,False,False
69_38,54.52718,26.96847,35.551471790818525,64.78454037508885,,,False,False
69_39,54.52718,27.05856,43.86837911317736,74.76420459023946,,,False,False
69_40,54.52718,27.14865,52.767697275108176,84.74543446611429,,,False,False
69_41,54.52718,27.23874,61.99919087378073,94.72777198208132,,,False,False
69_42,54.52718,27.32883,71.43424276682056,104.7109338247489,,,False,False
69_43,54.52718,27.41892,81.00179616391402,114.69473538620537,,,False,False
69_44,54.52718,27.50901,90.65994986523422,124.679051257983,,,False,False
69_45,54.52718,27.5991,100.38259140563642,134.6637932914408,,,False,False
69_46,54.52718,27.68919,110.15267803933286,144.64889774115747,,,False,False
69_47,54.52718,27.77928,119.95448928640673,154.63431738766863,,,False,False
69_48,54.52718,27.86937,129.76227198379777,164.62001652616885,,,False,False
69_49,54.52718,27.95946,139.59088766773064,174.60596767430513,,,False,False
69_50,54.52718,28.04955,149.44070774890463,184.5921493482465,,,False,False
69_51,54.52718,28.13964,159.307821585467,194.5785445234345,,,False,False
69_52,54.52718,28.22973,169.1892246763818,204.5651395460508,,,False,False
69_53,54.52718,28.31982,179.08257175337212,214.5519233484277,,,False,False
69_54,54.52718,28.40991,188.9860061047143,224.53888687378577,,,False,False
69_55,54.52718,28.5,198.8980391201353,234.5260226479134,,,False,False
69_56,54.52718,28.59009,208.4169304859388,244.5133244557944,,,False,False
69_57,54.52718,28.68018,216.945426222773,254.50078709436383,,,False,False
69_58,54.52718,28.77027,225.59413371494617,264.48840618125377,,,False,False
69_59,54.52718,28.86036,234.3497594137725,274.47617800530526,,,False,False
69_60,54.52718,28.95045,243.20077074405344,284.4640994085432,,,False,False
69_61,54.52718,29.04054,252.13713701816152,294.45216769218933,,,False,False
69_62,54.52718,29.13063,260.898458419951,304.4403805411517,,,False,False
69_63,54.52718,29.22072,267.7642942614856,314.42873596291395,,,False,False
69_64,54.52718,29.31081,274.6249512316529,324.41723223770424,,,False,False
69_65,54.52718,29.4009,281.53551569021204,334.4058678776041,,,False,False
69_66,54.52718,29.49099,288.62003909199706,344.3946415927527,,,False,False
69_67,54.52718,29.58108,295.8727034199445,354.3835522632834,,,False,False
69_68,54.52718,29.67117,303.28145809779693,364.3725989158563,,,False,False
69_69,54.52718,29.76126,310.8351537607667,374.3617807039679,,,False,False
69_70,54.52718,29.85135,318.5224026782838,384.3510968913113,,,False,False
69_71,54.52718,29.94144,326.27240287107315,394.34054683767306,,,False,False
69_72,54.52718,30.03153,334.1253276230633,404.3301299869206,,,False,False
69_73,54.52718,30.12162,342.09016991345163,414.3198458567253,,,False,False
69_74,54.52718,30.21171,350.1593031580866,424.3096940297315,,,False,False
69_75,54.52718,30.3018,358.3256921043656,434.2996741459565,,,False,False
69_76,54.52718,30.39189,366.5828471464243,444.2897858961936,,,False,False
69_77,54.52718,30.48198,374.9247812198814,454.2800290163181,,,False,False
70_0,54.62829,23.54505,82.50590349578835,209.1202620193144,,,False,False
70_1,54.62829,23.63514,73.05447537978266,201.37153227098585,,,False,False
70_2,54.62829,23.72523,63.76475004234496,193.6512055811752,,,False,False
70_3,54.62829,23.81532,54.71920441825405,185.95020511628204,,,False,False
70_4,54.62829,23.90541,46.06198698872487,178.43791085530856,,,False,False
70_5,54.62829,23.9955,38.05910707292588,171.17845608983737,,,False,False
70_6,54.62829,24.08559,30.68097927453964,164.20539704833786,,,False,False
70_7,54.62829,24.17568,24.12077230716723,157.5567836239099,,,False,False
70_8,54.62829,24.26577,19.047806105009226,151.27542118662296,,,False,False
70_9,54.62829,24.35586,11.481261640508334,145.40893266461555,,,False,False
70_10,54.62829,24.44595,5.4679316534408295,140.00950085875172,,,False,False
70_11,54.62829,24.53604,2.3173447554275644,135.13314659624007,,,False,False
70_12,54.62829,24.62613,0.2757930720539549,130.83839273823014,,,False,False
70_13,54.62829,24.71622,2.1521808474465827,127.1841965440273,1.0,0-5 m,True,True
70_14,54.62829,24.80631,5.80637741537285,124.22712362645365,6.0,5-10 m,True,True
70_15,54.62829,24.8964,12.978178358048376,122.01789477718116,12.0,10-20 m,True,False
70_16,54.62829,24.98649,21.74044917903096,120.59764312387844,15.0,10-20 m,True,False
70_17,54.62829,25.07658,30.24606713938001,118.73940224885384,24.0,20-40 m,True,False
70_18,54.62829,25.16667,38.8537251937457,108.82278207581112,24.0,20-40 m,True,False
70_19,54.62829,25.25676,39.51795478657928,98.90598405303768,20.0,20-40 m,True,False
70_20,54.62829,25.34685,41.621627838986775,88.98900797417132,21.0,20-40 m,True,False
70_21,54.62829,25.43694,45.3830525128709,79.0718536340113,26.0,20-40 m,True,False
70_22,54.62829,25.52703,41.45196727180903,69.15452082852336,37.0,20-40 m,True,False
70_23,54.62829,25.61712,31.748399959804708,59.23700935483944,44.0,>40 m,True,False
70_24,54.62829,25.70721,22.293380359764868,49.31931901126047,53.0,>40 m,True,False
70_25,54.62829,25.7973,13.607587149124251,39.40144959726176,58.0,>40 m,True,False
70_26,54.62829,25.88739,7.649199386897674,29.48340091348889,70.0,>40 m,True,False
70_27,54.62829,25.97748,9.948180556939947,19.565172761768487,72.0,>40 m,True,False
70_28,54.62829,26.06757,17.64675064893062,9.646764945104596,85.0,>40 m,True,False
70_29,54.62829,26.15766,14.594063136345488,0.2718227323182126,84.0,>40 m,True,False
70_30,54.62829,26.24775,9.342983074281529,4.645605611437295,89.0,>40 m,True,False
70_31,54.62829,26.33784,9.565236970630744,0.0832300324928063,67.0,>40 m,True,False
70_32,54.62829,26.42793,8.66365390892973,6.339606083893006,29.0,20-40 m,True,False
70_33,54.62829,26.51802,1.1989991092553098,16.246804688210844,,,False,False
70_34,54.62829,26.60811,6.461948360272295,26.154189855764827,,,False,False
70_35,54.62829,26.6982,14.243277272318672,36.06176177044054,,,False,False
70_36,54.62829,26.78829,23.53353727410019,45.96952061490392,,,False,False
70_37,54.62829,26.87838,33.22937867502627,55.87746657061444,,,False,False
70_38,54.62829,26.96847,42.002053527729416,65.78559981780838,,,False,False
70_39,54.62829,27.05856,49.6230785928988,75.69392053550881,,,False,False
70_40,54.62829,27.14865,57.64059551252919,85.60242890151413,,,False,False
70_41,54.62829,27.23874,66.19223837465502,95.51112509240131,,,False,False
70_42,54.62829,27.32883,75.0989692231242,105.42134654028354,,,False,False
70_43,54.62829,27.41892,84.24828524341343,115.3425872249685,,,False,False
70_44,54.62829,27.50901,93.56909024395716,125.27423341089764,,,False,False
70_45,54.62829,27.5991,103.01488004314396,135.2140185479301,,,False,False
70_46,54.62829,27.68919,112.5542236182648,145.16029530191733,,,False,False
70_47,54.62829,27.77928,122.16523648453492,155.11183796308714,,,False,False
70_48,54.62829,27.86937,131.83227187405765,165.06771587149544,,,False,False
70_49,54.62829,27.95946,141.5438770300971,175.02720980141683,,,False,False
70_50,54.62829,28.04955,151.29149295535387,184.989755224313,,,False,False
70_51,54.62829,28.13964,161.06860419874553,194.95490289292516,,,False,False
70_52,54.62829,28.22973,170.8686811416468,204.92229088152345,,,False,False
70_53,54.62829,28.31982,178.94303564114506,214.89162438040597,,,False,False
70_54,54.62829,28.40991,187.1958210123845,224.86266084840656,,,False,False
70_55,54.62829,28.5,195.610175293406,234.83519893712077,,,False,False
70_56,54.62829,28.59009,204.166141266128,244.80907011514265,,,False,False
70_57,54.62829,28.68018,212.84665964250357,254.7841322548574,,,False,False
70_58,54.62829,28.77027,221.63711326145136,264.76026466572995,,,False,False
70_59,54.62829,28.86036,230.52494240849032,274.7373642074677,,,False,False
70_60,54.62829,28.95045,239.4993221366332,284.7153422188183,,,False,False
70_61,54.62829,29.04054,248.55080054608237,294.6941220691883,,,False,False
70_62,54.62829,29.13063,257.64485804365336,304.67363719055805,,,False,False
70_63,54.62829,29.22072,266.7963533227947,314.6538294833487,,,False,False
70_64,54.62829,29.31081,276.005761464732,324.6346480158727,,,False,False
70_65,54.62829,29.4009,285.26748694406047,334.61604795621946,,,False,False
70_66,54.62829,29.49099,294.5766080096725,344.5979896895137,,,False,False
70_67,54.62829,29.58108,302.6157710437392,354.58043808408445,,,False,False
70_68,54.62829,29.67117,309.8571382286373,364.5633618780437,,,False,False
70_69,54.62829,29.76126,317.2482159743828,374.5467331638569,,,False,False
70_70,54.62829,29.85135,324.7787947246849,384.5305269531035,,,False,False
70_71,54.62829,29.94144,332.43940553919344,394.51472080725154,,,False,False
70_72,54.62829,30.03153,340.17438575180535,404.49929452306674,,,False,False
70_73,54.62829,30.12162,347.99505934505714,414.4842298634312,,,False,False
70_74,54.62829,30.21171,355.9247012148042,424.46951032611855,,,False,False
70_75,54.62829,30.3018,363.9561992263527,434.45512094444086,,,False,False
70_76,54.62829,30.39189,372.0829676579225,444.4410481147171,,,False,False
70_77,54.62829,30.48198,380.29890872817344,454.427279446494,,,False,False
71_0,54.7294,23.54505,86.18862508134549,215.6338572782272,,,False,False
71_1,54.7294,23.63514,77.18727562917758,207.90923030971655,,,False,False
71_2,54.7294,23.72523,68.45811075783985,200.23133913815883,,,False,False
71_3,54.7294,23.81532,60.11986077110348,192.7543450532565,,,False,False
71_4,54.7294,23.90541,52.359679835141385,185.51341601217325,,,False,False
71_5,54.7294,23.9955,44.98905476097244,178.53729410071873,,,False,False
71_6,54.7294,24.08559,38.29919375750802,171.85824802660355,,,False,False
71_7,54.7294,24.17568,32.73111280616771,165.51226516264873,,,False,False
71_8,54.7294,24.26577,25.50685569790177,159.53911505008412,,,False,False
71_9,54.7294,24.35586,18.688624486306907,153.9822123045943,,,False,False
71_10,54.7294,24.44595,15.722445008600282,148.88819202674796,,,False,False
71_11,54.7294,24.53604,11.487335632471902,144.3061041354543,,,False,False
71_12,54.7294,24.62613,7.421021174936271,140.28614340107225,,,False,False
71_13,54.7294,24.71622,7.495714732651065,136.87786962806337,,,False,False
71_14,54.7294,24.80631,1.1906350547999478,134.1279450927205,8.0,5-10 m,True,True
71_15,54.7294,24.8964,7.859264190486598,132.07752234728042,7.0,5-10 m,True,True
71_16,54.7294,24.98649,16.47058336848842,127.47769975786164,15.0,10-20 m,True,False
71_17,54.7294,25.07658,25.08171333631529,117.56270353279616,22.0,20-40 m,True,False
71_18,54.7294,25.16667,32.901226195197665,107.6475312857122,28.0,20-40 m,True,False
71_19,54.7294,25.25676,40.84375175305467,97.73218280218477,26.0,20-40 m,True,False
71_20,54.7294,25.34685,48.68899668426331,87.81665786895785,27.0,20-40 m,True,False
71_21,54.7294,25.43694,53.89207152288272,77.9009562739448,25.0,20-40 m,True,False
71_22,54.7294,25.52703,44.66056236921409,67.985077806232,31.0,20-40 m,True,False
71_23,54.7294,25.61712,35.83428144056491,58.06902225608426,43.0,>40 m,True,False
71_24,54.7294,25.70721,27.71319908431464,48.15278941494193,51.0,>40 m,True,False
71_25,54.7294,25.7973,21.0048169163478,38.236379075429255,56.0,>40 m,True,False
71_26,54.7294,25.88739,17.712190963157756,28.31979103135137,68.0,>40 m,True,False
71_27,54.7294,25.97748,19.00472788333991,18.40302507770076,74.0,>40 m,True,False
71_28,54.7294,26.06757,24.076826611612,8.486081010658118,80.0,>40 m,True,False
71_29,54.7294,26.15766,22.828136290061465,1.4056444569590432,80.0,>40 m,True,False
71_30,54.7294,26.24775,18.792513673263663,5.800202287185448,81.0,>40 m,True,False
71_31,54.7294,26.33784,18.398741179179822,0.640823405512123,57.0,>40 m,True,False
71_32,54.7294,26.42793,8.76211519204638,7.596423354248528,31.0,20-40 m,True,False
71_33,54.7294,26.51802,1.1821515545920986,17.502071734786497,,,False,False
71_34,54.7294,26.60811,11.126484434157318,27.40790491405389,,,False,False
71_35,54.7294,26.6982,20.632891082877784,37.3139230828807,,,False,False
71_36,54.7294,26.78829,28.096402567331488,47.22012643086808,,,False,False
71_37,54.7294,26.87838,36.59991840650754,57.12651514640364,,,False,False
71_38,54.7294,26.96847,45.70670728305529,67.0330894166426,,,False,False
71_39,54.7294,27.05856,54.27657646463403,76.93984942751543,,,False,False
71_40,54.7294,27.14865,61.94049055352576,86.84679536372259,,,False,False
71_41,54.7294,27.23874,70.17851327175242,96.7539274087308,,,False,False
71_42,54.7294,27.32883,78.82126261830173,106.66124574477335,,,False,False
71_43,54.7294,27.41892,86.9648135461877,116.56875055284532,,,False,False
71_44,54.7294,27.50901,95.30055688762609,126.47644201270398,,,False,False
71_45,54.7294,27.5991,103.92731691225885,136.38432030286256,,,False,False
71_46,54.7294,27.68919,112.77836316398626,146.29238560059116,,,False,False
71_47,54.7294,27.77928,121.77304335228358,156.20063808191472,,,False,False
71_48,54.7294,27.86937,130.81073380693374,166.10907792160643,,,False,False
71_49,54.7294,27.95946,139.9703187223774,176.01770529319452,,,False,False
71_50,54.7294,28.04955,149.00627822777116,185.92724949708727,,,False,False
71_51,54.7294,28.13964,156.93270648142385,195.8434181365917,,,False,False
71_52,54.7294,28.22973,165.0825537480954,205.7665225529576,,,False,False
71_53,54.7294,28.31982,173.42434637422537,215.69562248576312,,,False,False
71_54,54.7294,28.40991,181.93170386781836,225.62994269466049,,,False,False
71_55,54.7294,28.5,190.5824752204311,235.5688383688648,,,False,False
71_56,54.7294,28.59009,199.3580104736968,245.5117688689328,,,False,False
71_57,54.7294,28.68018,208.24255517643576,255.4582775542385,,,False,False
71_58,54.7294,28.77027,217.22275133415124,265.40797611479354,,,False,False
71_59,54.7294,28.86036,226.28548956952423,275.3605322781285,,,False,False
71_60,54.7294,28.95045,235.39125868036737,285.3156600737573,,,False,False
71_61,54.7294,29.04054,244.562931221833,295.27311205615564,,,False,False
71_62,54.7294,29.13063,253.796088198656,305.2326730421298,,,False,False
71_63,54.7294,29.22072,263.08427058249816,315.1941550298077,,,False,False
71_64,54.7294,29.31081,272.421864153508,325.1573930473531,,,False,False
71_65,54.7294,29.4009,281.8039707641745,335.1222417390876,,,False,False
71_66,54.7294,29.49099,291.2263015007244,345.0885725406862,,,False,False
71_67,54.7294,29.58108,300.68508772189614,355.05627132836054,,,False,False
71_68,54.7294,29.67117,309.9270225756768,365.0252364518062,,,False,False
71_69,54.7294,29.76126,318.89525431089083,374.995377079855,,,False,False
71_70,54.7294,29.85135,327.9223405870722,384.9666118023624,,,False,False
71_71,54.7294,29.94144,337.0035634799566,394.9388674432586,,,False,False
71_72,54.7294,30.03153,346.1346732695503,404.9120780484537,,,False,False
71_73,54.7294,30.12162,354.0761644204146,414.8861840193412,,,False,False
71_74,54.7294,30.21171,361.86679439028353,424.8611313680013,,,False,False
71_75,54.7294,30.3018,369.7635643702696,434.83687107467176,,,False,False
71_76,54.7294,30.39189,377.7598280164108,444.8133585314571,,,False,False
71_77,54.7294,30.48198,385.8494094489283,454.79055305908287,,,False,False
72_0,54.83051,23.54505,90.89459479949254,222.16953142563872,,,False,False
72_1,54.83051,23.63514,82.40594161101289,214.5243087539454,,,False,False
72_2,54.83051,23.72523,74.2891534838273,207.07790285865707,,,False,False
72_3,54.83051,23.81532,66.68021504823777,199.85282911336088,,,False,False
72_4,54.83051,23.90541,59.31327712531439,192.87397876015515,,,False,False
72_5,54.83051,23.9955,52.5466299629771,186.1690610459772,,,False,False
72_6,54.83051,24.08559,46.68702555276917,179.76874716334478,,,False,False
72_7,54.83051,24.17568,39.74490559675774,173.70672851930422,,,False,False
72_8,54.83051,24.26577,32.844945006724274,168.0196443742995,,,False,False
72_9,54.83051,24.35586,27.877767024420635,162.74682468573874,,,False,False
72_10,54.83051,24.44595,25.11946853973842,157.92978853221422,,,False,False
72_11,54.83051,24.53604,20.82464407786272,153.61144106180154,,,False,False
72_12,54.83051,24.62613,16.788489540798874,149.8349277520739,,,False,False
72_13,54.83051,24.71622,11.33289595567043,146.64213872185778,,,False,False
72_14,54.83051,24.80631,5.82968363915348,144.0719097075546,,,False,False
72_15,54.83051,24.8964,2.6952423806643573,136.20544895067422,18.0,10-20 m,True,False
72_16,54.83051,24.98649,11.051322012641434,126.29205293671455,9.0,5-10 m,True,True
72_17,54.83051,25.07658,18.676031787628997,116.37848281790971,14.0,10-20 m,True,False
72_18,54.83051,25.16667,26.90684995123362,106.46473837195822,20.0,20-40 m,True,False
72_19,54.83051,25.25676,34.49858109026133,96.55081937773244,27.0,20-40 m,True,False
72_20,54.83051,25.34685,42.73807214363544,86.63672561528217,23.0,20-40 m,True,False
72_21,54.83051,25.43694,48.49217172040474,76.7224568658341,27.0,20-40 m,True,False
72_22,54.83051,25.52703,41.39630547121551,66.8080129117979,31.0,20-40 m,True,False
72_23,54.83051,25.61712,32.82359647264004,56.89339353676581,39.0,20-40 m,True,False
72_24,54.83051,25.70721,25.305857520646537,46.97859852551797,44.0,>40 m,True,False
72_25,54.83051,25.7973,20.06625961901497,37.063627664023976,50.0,>40 m,True,False
72_26,54.83051,25.88739,18.207379285596858,27.148480739444302,68.0,>40 m,True,False
72_27,54.83051,25.97748,21.063248171947272,17.233157540133796,72.0,>40 m,True,False
72_28,54.83051,26.06757,27.479144912133695,7.317657855644457,82.0,>40 m,True,False
72_29,54.83051,26.15766,31.88958335297576,0.2225173544797652,81.0,>40 m,True,False
72_30,54.83051,26.24775,27.772882035398236,6.96257715030395,74.0,>40 m,True,False
72_31,54.83051,26.33784,17.946379311188423,0.6680365822397772,71.0,>40 m,True,False
72_32,54.83051,26.42793,8.310308024229071,8.861041102215143,26.0,20-40 m,True,False
72_33,54.83051,26.51802,0.2106002208351843,18.76515823478,2.0,0-5 m,True,True
72_34,54.83051,26.60811,8.415469398401338,28.66945832388768,,,False,False
72_35,54.83051,26.6982,17.04137276260523,38.57394156712233,,,False,False
72_36,54.83051,26.78829,24.840817825569665,48.47860816083503,,,False,False
72_37,54.83051,26.87838,32.61763112206355,58.3834583001499,,,False,False
72_38,54.83051,26.96847,40.14246182220006,68.2884921789535,,,False,False
72_39,54.83051,27.05856,47.97715527201648,78.19370998989972,,,False,False
72_40,54.83051,27.14865,56.491720439822814,88.09911192440369,,,False,False
72_41,54.83051,27.23874,64.95909001681761,98.0046981726379,,,False,False
72_42,54.83051,27.32883,73.08175436931502,107.91046892353492,,,False,False
72_43,54.83051,27.41892,81.61833832457194,117.81642436477688,,,False,False
72_44,54.83051,27.50901,90.45176391307211,127.72256468280264,,,False,False
72_45,54.83051,27.5991,99.4528737310564,137.62889006279806,,,False,False
72_46,54.83051,27.68919,108.5111406692612,147.53540068869938,,,False,False
72_47,54.83051,27.77928,117.7149547028162,157.44209674318415,,,False,False
72_48,54.83051,27.86937,127.03675187188163,167.34897840767246,,,False,False
72_49,54.83051,27.95946,135.00584095962952,177.25604586233214,,,False,False
72_50,54.83051,28.04955,143.01592297756162,187.16329928605847,,,False,False
72_51,54.83051,28.13964,151.26099865927955,197.07073885648887,,,False,False
72_52,54.83051,28.22973,159.70469932025762,206.97836474999437,,,False,False
72_53,54.83051,28.31982,168.31715739901372,216.88617714167415,,,False,False
72_54,54.83051,28.40991,177.07377176247934,226.79417620535827,,,False,False
72_55,54.83051,28.5,185.9541986077286,236.7023621136036,,,False,False
72_56,54.83051,28.59009,194.9415373299513,246.6107350376883,,,False,False
72_57,54.83051,28.68018,204.01542549692,256.5192951476178,,,False,False
72_58,54.83051,28.77027,213.1373419923152,266.4287379331347,,,False,False
72_59,54.83051,28.86036,222.3329962448245,276.34317428005807,,,False,False
72_60,54.83051,28.95045,231.5940836543697,286.2627999455382,,,False,False
72_61,54.83051,29.04054,240.91307404160924,296.18710624766544,,,False,False
72_62,54.83051,29.13063,250.28351487622285,306.1156502699548,,,False,False
72_63,54.83051,29.22072,259.69985164551235,316.048044598527,,,False,False
72_64,54.83051,29.31081,269.1572816734917,325.9839489180544,,,False,False
72_65,54.83051,29.4009,278.6516346497387,335.9230630861854,,,False,False
72_66,54.83051,29.49099,287.67831606974016,345.8651213923155,,,False,False
72_67,54.83051,29.58108,296.6502980687821,355.8098877714829,,,False,False
72_68,54.83051,29.67117,305.6851661959351,365.7571517933764,,,False,False
72_69,54.83051,29.76126,314.7775179080105,375.7067252841502,,,False,False
72_70,54.83051,29.85135,323.9225246669644,385.6584394677426,,,False,False
72_71,54.83051,29.94144,333.11586162671307,395.6121425360134,,,False,False
72_72,54.83051,30.03153,342.3536467698281,405.5676975745715,,,False,False
72_73,54.83051,30.12162,351.6323881649819,415.5249807851238,,,False,False
72_74,54.83051,30.21171,360.9489381993157,425.26961761577473,,,False,False
72_75,54.83051,30.3018,370.300453801982,434.6274987206594,,,False,False
72_76,54.83051,30.39189,379.6843618163596,444.0128027811092,,,False,False
72_77,54.83051,30.48198,389.0983288007209,453.42383572354,,,False,False
73_0,54.93162,23.54505,96.47400679287978,228.8276919934368,,,False,False
73_1,54.93162,23.63514,88.51843073176737,221.40802442035704,,,False,False
73_2,54.93162,23.72523,81.01237389671225,214.1966516272357,,,False,False
73_3,54.93162,23.81532,73.64670488812159,207.2153367660784,,,False,False
73_4,54.93162,23.90541,66.83618197772402,200.4881299900848,,,False,False
73_5,54.93162,23.9955,60.8228060831208,194.04147840428223,,,False,False
73_6,54.93162,24.08559,54.03112484095234,187.90427718443925,,,False,False
73_7,54.93162,24.17568,47.10461970768359,182.10783286247897,,,False,False
73_8,54.93162,24.26577,41.44340087808007,176.6857039401979,,,False,False
73_9,54.93162,24.35586,37.62312921560717,171.6733799626962,,,False,False
73_10,54.93162,24.44595,34.28798538510847,167.10776011160522,,,False,False
73_11,54.93162,24.53604,30.11229144862604,163.02639900524912,,,False,False
73_12,54.93162,24.62613,25.487713920555507,159.46650354110622,,,False,False
73_13,54.93162,24.71622,19.0075709804983,154.8343631834108,,,False,False
73_14,54.93162,24.80631,11.114602219421714,144.9227152805288,,,False,False
73_15,54.93162,24.8964,3.0208065211960764,135.01089550997804,,,False,False
73_16,54.93162,24.98649,4.612599473940718,125.0989036405963,21.0,20-40 m,True,False
73_17,54.93162,25.07658,13.350767882138928,115.18673944239688,11.0,10-20 m,True,False
73_18,54.93162,25.16667,20.40504178161412,105.27440268656986,14.0,10-20 m,True,False
73_19,54.93162,25.25676,28.78641915011131,95.3618931454864,20.0,20-40 m,True,False
73_20,54.93162,25.34685,34.95390765219237,85.44921059270345,20.0,20-40 m,True,False
73_21,54.93162,25.43694,39.59576906582277,75.53635480296015,20.0,20-40 m,True,False
73_22,54.93162,25.52703,37.6881961974209,65.62332555218697,28.0,20-40 m,True,False
73_23,54.93162,25.61712,28.201806571834474,55.71012261750564,37.0,20-40 m,True,False
73_24,54.93162,25.70721,18.997180350852624,45.796745777230825,42.0,>40 m,True,False
73_25,54.93162,25.7973,11.10787380353332,35.88319481087622,35.0,20-40 m,True,False
73_26,54.93162,25.88739,8.087039472517045,25.96946949915151,57.0,>40 m,True,False
73_27,54.93162,25.97748,13.332236516418712,16.055569623972104,76.0,>40 m,True,False
73_28,54.93162,26.06757,21.97287374869061,6.141494968454034,74.0,>40 m,True,False
73_29,54.93162,26.15766,31.2722356038678,0.9683664060796474,81.0,>40 m,True,False
73_30,54.93162,26.24775,30.644292481868074,5.907952407430566,76.0,>40 m,True,False
73_31,54.93162,26.33784,22.009320107096443,0.2310359666258575,58.0,>40 m,True,False
73_32,54.93162,26.42793,13.91105035109756,10.133459981426585,20.0,20-40 m,True,False
73_33,54.93162,26.51802,5.281312817535447,20.036064827559784,10.0,10-20 m,True,False
73_34,54.93162,26.60811,2.9931736352697818,29.938850710403187,,,False,False
73_35,54.93162,26.6982,10.750410216569948,39.84181783410829,,,False,False
73_36,54.93162,26.78829,18.56498433091736,49.744966401581856,,,False,False
73_37,54.93162,26.87838,26.006810634813075,59.64829661450323,,,False,False
73_38,54.93162,26.96847,34.168789833211875,69.55180867329986,,,False,False
73_39,54.93162,27.05856,43.08222530448994,79.45550277716407,,,False,False
73_40,54.93162,27.14865,50.952088345757446,89.35937912403884,,,False,False
73_41,54.93162,27.23874,59.31734530927821,99.2634379106178,,,False,False
73_42,54.93162,27.32883,68.11985610072074,109.16767933234728,,,False,False
73_43,54.93162,27.41892,77.12763029345213,119.0721035834163,,,False,False
73_44,54.93162,27.50901,86.21847301512176,128.9767108567634,,,False,False
73_45,54.93162,27.5991,95.48596869470506,138.8815013440639,,,False,False
73_46,54.93162,27.68919,104.88505829212856,148.78647523573568,,,False,False
73_47,54.93162,27.77928,113.21448084245064,158.6916327209348,,,False,False
73_48,54.93162,27.86937,121.02475146014685,168.5969739875467,,,False,False
73_49,54.93162,27.95946,129.13481210224603,178.50249922219996,,,False,False
73_50,54.93162,28.04955,137.49164987335476,188.40820861024096,,,False,False
73_51,54.93162,28.13964,146.05293619625695,198.31410233575167,,,False,False
73_52,54.93162,28.22973,154.7847741799781,208.2201805815372,,,False,False
73_53,54.93162,28.31982,163.65989033873976,218.12644352912596,,,False,False
73_54,54.93162,28.40991,172.65621285239547,228.03289135876724,,,False,False
73_55,54.93162,28.5,181.7408680039333,237.93952424942984,,,False,False
73_56,54.93162,28.59009,190.88511144635984,247.8463423787944,,,False,False
73_57,54.93162,28.68018,200.10972922481596,257.7533459232624,,,False,False
73_58,54.93162,28.77027,209.40411782209225,267.66053505794264,,,False,False
73_59,54.93162,28.86036,218.75940177540323,277.5679099566532,,,False,False
73_60,54.93162,28.95045,228.1681074662359,287.4754707919194,,,False,False
73_61,54.93162,29.04054,237.6239053639353,297.3832177349748,,,False,False
73_62,54.93162,29.13063,247.12140524889568,307.2911509557498,,,False,False
73_63,54.93162,29.22072,256.52163188101065,317.19927062288303,,,False,False
73_64,54.93162,29.31081,265.4233741951439,327.1075769037024,,,False,False
73_65,54.93162,29.4009,274.3997023247266,337.01606996423885,,,False,False
73_66,54.93162,29.49099,283.44354391644873,346.925672122736,,,False,False
73_67,54.93162,29.58108,292.548651011553,356.74547387683793,,,False,False
73_68,54.93162,29.67117,301.7094899076275,365.9509969950663,,,False,False
73_69,54.93162,29.76126,310.92114705096725,375.19643582454125,,,False,False
73_70,54.93162,29.85135,320.1792485424861,384.4789211084095,,,False,False
73_71,54.93162,29.94144,329.47989119044206,393.7958431312044,,,False,False
73_72,54.93162,30.03153,338.8195833535339,403.1448241608456,,,False,False
73_73,54.93162,30.12162,348.1951940876257,412.5236941746065,,,False,False
73_74,54.93162,30.21171,357.6039093408189,421.9304694455842,,,False,False
73_75,54.93162,30.3018,367.0431941385063,431.36333362316657,,,False,False
73_76,54.93162,30.39189,376.5107598664874,440.8206209903073,,,False,False
73_77,54.93162,30.48198,386.00453590046624,450.3008016231295,,,False,False
74_0,55.03273,23.54505,102.78456185908492,235.7442895165172,,,False,False
74_1,55.03273,23.63514,95.35283356443692,228.54485469933047,,,False,False
74_2,55.03273,23.72523,87.98692504372917,221.5612874216669,,,False,False
74_3,55.03273,23.81532,81.14786574910492,214.8146568528973,,,False,False
74_4,55.03273,23.90541,75.00825848489181,208.32799887440564,,,False,False
74_5,55.03273,23.9955,68.3380259597453,202.1263600278593,,,False,False
74_6,55.03273,24.08559,61.39870108747053,196.23678074815007,,,False,False
74_7,55.03273,24.17568,55.39606145020583,190.6881948383716,,,False,False
74_8,55.03273,24.26577,50.6642058749166,185.5112192682107,,,False,False
74_9,55.03273,24.35586,47.58383649827447,180.73780753635896,,,False,False
74_10,55.03273,24.44595,43.55128199031229,176.40074250029653,,,False,False
74_11,55.03273,24.53604,39.410584490819225,172.5329523635106,,,False,False
74_12,55.03273,24.62613,33.04496187637676,163.53966248335783,,,False,False
74_13,55.03273,24.71622,25.19067635059191,153.62956452485452,,,False,False
74_14,55.03273,24.80631,17.21092988963107,143.71929680041973,,,False,False
74_15,55.03273,24.8964,8.584692569857955,133.8088590713913,,,False,False
74_16,55.03273,24.98649,0.2059355011253685,123.89825110028796,,,False,False
74_17,55.03273,25.07658,7.041132942474104,113.98747265081,8.0,5-10 m,True,True
74_18,55.03273,25.16667,14.558366851782626,104.07652348784028,14.0,10-20 m,True,False
74_19,55.03273,25.25676,20.784417457010928,94.16540337745208,18.0,10-20 m,True,False
74_20,55.03273,25.34685,25.82469545516606,84.2541120869074,20.0,20-40 m,True,False
74_21,55.03273,25.43694,31.48753883538701,74.34264938465934,19.0,10-20 m,True,False
74_22,55.03273,25.52703,36.29710096683892,64.4310150403577,23.0,20-40 m,True,False
74_23,55.03273,25.61712,26.315967415825,54.51920882485096,34.0,20-40 m,True,False
74_24,55.03273,25.70721,16.33471859052208,44.607230510187215,41.0,>40 m,True,False
74_25,55.03273,25.7973,6.353356447500079,34.6950798696198,49.0,>40 m,True,False
74_26,55.03273,25.88739,0.3062992496161,24.782756677605125,,,False,False
74_27,55.03273,25.97748,9.436263636955388,14.870260709811127,34.0,20-40 m,True,False
74_28,55.03273,26.06757,19.384820037436427,4.957591743115653,75.0,>40 m,True,False
74_29,55.03273,26.15766,29.35599626839918,0.6027197895694489,78.0,>40 m,True,False
74_30,55.03273,26.24775,36.09668016969583,4.588730830840452,80.0,>40 m,True,False
74_31,55.03273,26.33784,27.611541640090078,1.5127480604145795,45.0,>40 m,True,False
74_32,55.03273,26.42793,18.99260709471109,11.413680739929532,15.0,10-20 m,True,False
74_33,55.03273,26.51802,11.104912643103653,21.31479224694805,7.0,5-10 m,True,True
74_34,55.03273,26.60811,3.3428759141733555,31.21608279323148,11.0,10-20 m,True,False
74_35,55.03273,26.6982,4.418096346040265,41.11755258930791,,,False,False
74_36,55.03273,26.78829,11.92159181544507,51.01920184445427,,,False,False
74_37,55.03273,26.87838,20.74461861772355,60.92103076671207,,,False,False
74_38,55.03273,26.96847,29.12870142569435,70.82303956286904,,,False,False
74_39,55.03273,27.05856,37.049132493661126,80.72522843846484,,,False,False
74_40,55.03273,27.14865,45.78326524822975,90.62759759778864,,,False,False
74_41,55.03273,27.23874,54.79734907158562,100.53014724386838,,,False,False
74_42,55.03273,27.32883,63.94601199502721,110.43287757848132,,,False,False
74_43,55.03273,27.41892,73.31262955720044,120.33578880214112,,,False,False
74_44,55.03273,27.50901,82.82347565926212,130.23888111410045,,,False,False
74_45,55.03273,27.5991,91.45717289932344,140.14215471234596,,,False,False
74_46,55.03273,27.68919,99.1632944072222,150.04560979359724,,,False,False
74_47,55.03273,27.77928,107.072569155911,159.94924655330482,,,False,False
74_48,55.03273,27.86937,115.30409799648068,169.85306518564514,,,False,False
74_49,55.03273,27.95946,123.79364379126476,179.75706588352566,,,False,False
74_50,55.03273,28.04955,132.49164581007145,189.66124883856784,,,False,False
74_51,55.03273,28.13964,141.35965617277122,199.5656142411208,,,False,False
74_52,55.03273,28.22973,150.36762382444405,209.4701622802505,,,False,False
74_53,55.03273,28.31982,159.4647608676091,219.37489314373693,,,False,False
74_54,55.03273,28.40991,168.63762561582527,229.27980701807505,,,False,False
74_55,55.03273,28.5,177.89789750488038,239.18490408847168,,,False,False
74_56,55.03273,28.59009,187.2326281143724,249.0901845388394,,,False,False
74_57,55.03273,28.68018,196.631232659744,258.9956485518015,,,False,False
74_58,55.03273,28.77027,206.0849908134929,268.90129630868194,,,False,False
74_59,55.03273,28.86036,215.58666474569617,278.7492026786889,,,False,False
74_60,55.03273,28.95045,225.13020466222517,288.5980242618552,,,False,False
74_61,55.03273,29.04054,234.26202550173943,298.1263771945648,,,False,False
74_62,55.03273,29.13063,243.16221081968905,307.1445098100252,,,False,False
74_63,55.03273,29.22072,252.1436399090968,316.2207268083558,,,False,False
74_64,55.03273,29.31081,261.1979469389407,325.3501791294313,,,False,False
74_65,55.03273,29.4009,270.31782325747247,334.5285200467033,,,False,False
74_66,55.03273,29.49099,279.49686439503085,343.7518449500022,,,False,False
74_67,55.03273,29.58108,288.72944119958464,353.01663908674936,,,False,False
74_68,55.03273,29.67117,298.0105911508068,362.3197321522863,,,False,False
74_69,55.03273,29.76126,307.3359265271076,371.6582587741492,,,False,False
74_70,55.03273,29.85135,316.70155664654834,381.0296240701184,,,False,False
74_71,55.03273,29.94144,326.1040218686718,390.4314735772316,,,False,False
74_72,55.03273,30.03153,335.5402374364916,399.8616669500418,,,False,False
74_73,55.03273,30.12162,345.0074455652709,409.3182549132413,,,False,False
74_74,55.03273,30.21171,354.5031744563656,418.7994590280098,,,False,False
74_75,55.03273,30.3018,364.0252031390912,428.3036538948498,,,False,False
74_76,55.03273,30.39189,373.57153122890793,437.8293514695956,,,False,False
74_77,55.03273,30.48198,383.1403528432485,447.3751872154123,,,False,False
75_0,55.13384,23.54505,109.672236326442,242.8974200696396,,,False,False
75_1,55.13384,23.63514,102.33288428207082,235.91177349090933,,,False,False
75_2,55.13384,23.72523,95.47366113347508,229.1480466067348,,,False,False
75_3,55.13384,23.81532,89.20542699239137,222.6264814143,,,False,False
75_4,55.13384,23.90541,82.6571268825665,216.36899075573237,,,False,False
75_5,55.13384,23.9955,75.7101678363597,210.3991527768833,,,False,False
75_6,55.13384,24.08559,69.50573846033622,204.7421467647472,,,False,False
75_7,55.13384,24.17568,64.2593316879654,199.42461270476488,,,False,False
75_8,55.13384,24.26577,60.22190812293904,194.47441595153848,,,False,False
75_9,55.13384,24.35586,57.09880295372052,189.92029935416835,,,False,False
75_10,55.13384,24.44595,52.89716650089428,182.23728023634365,,,False,False
75_11,55.13384,24.53604,47.24360862699204,172.29800954034403,,,False,False
75_12,55.13384,24.62613,39.270058229675925,162.36348924142254,,,False,False
75_13,55.13384,24.71622,30.938591453153368,152.43467003331105,,,False,False
75_14,55.13384,24.80631,22.189759081635795,142.51276702021673,,,False,False
75_15,55.13384,24.8964,13.682281595875727,132.59933875844433,,,False,False
75_16,55.13384,24.98649,6.142528528810581,122.6900944530388,,,False,False
75_17,55.13384,25.07658,0.3245787660351958,112.78068159409028,,,False,False
75_18,55.13384,25.16667,6.608505265196382,102.87109994037704,10.0,10-20 m,True,False
75_19,55.13384,25.25676,12.76275313602963,92.96134925187394,16.0,10-20 m,True,False
75_20,55.13384,25.34685,17.250205865315728,83.05142928974895,23.0,20-40 m,True,False
75_21,55.13384,25.43694,23.884103953256183,73.14133981636868,17.0,10-20 m,True,False
75_22,55.13384,25.52703,29.85060978158008,63.23108059530113,20.0,20-40 m,True,False
75_23,55.13384,25.61712,28.130800796750407,53.32065139131878,22.0,20-40 m,True,False
75_24,55.13384,25.70721,18.902915168941696,43.41005197040042,36.0,20-40 m,True,False
75_25,55.13384,25.7973,10.91345184979112,33.49928209973663,34.0,20-40 m,True,False
75_26,55.13384,25.88739,8.355067000748383,23.588341547724088,54.0,>40 m,True,False
75_27,55.13384,25.97748,13.013428364843245,13.67723008398085,69.0,>40 m,True,False
75_28,55.13384,26.06757,21.354212932110347,3.7659474793383536,82.0,>40 m,True,False
75_29,55.13384,26.15766,30.69072977279586,0.5843805329049707,74.0,>40 m,True,False
75_30,55.13384,26.24775,36.66336411759766,3.4072944344088447,,,False,False
75_31,55.13384,26.33784,28.087492434015857,2.6088964026510637,61.0,>40 m,True,False
75_32,55.13384,26.42793,20.554572295777973,12.395951839927852,10.0,10-20 m,True,False
75_33,55.13384,26.51802,15.80361404880681,22.183034050890384,5.0,5-10 m,True,True
75_34,55.13384,26.60811,9.73257319919789,31.970143363499428,6.0,5-10 m,True,True
75_35,55.13384,26.6982,1.436604678053701,41.7572801048503,,,False,False
75_36,55.13384,26.78829,8.14316185960789,51.54444460114996,,,False,False
75_37,55.13384,26.87838,14.986449720726794,61.33163717773829,,,False,False
75_38,55.13384,26.96847,23.443971460390305,71.11885815906295,,,False,False
75_39,55.13384,27.05856,32.46372137080601,80.90610786869348,,,False,False
75_40,55.13384,27.14865,41.73537780104073,90.6933866293087,,,False,False
75_41,55.13384,27.23874,51.27472426572049,100.48069476269625,,,False,False
75_42,55.13384,27.32883,60.95627349680942,110.26803258975342,,,False,False
75_43,55.13384,27.41892,69.7830686473452,120.05540043047966,,,False,False
75_44,55.13384,27.50901,77.43480637006037,129.84279860397746,,,False,False
75_45,55.13384,27.5991,85.12870737596651,139.63022742844802,,,False,False
75_46,55.13384,27.68919,93.16456491505396,149.41768722118857,,,False,False
75_47,55.13384,27.77928,101.54647048298604,159.2051782985907,,,False,False
75_48,55.13384,27.86937,110.195520817736,168.99270097613496,,,False,False
75_49,55.13384,27.95946,119.0535385977612,178.78025556839552,,,False,False
75_50,55.13384,28.04955,128.0772028745463,188.56893482956,,,False,False
75_51,55.13384,28.13964,137.19006480806618,198.37266469271225,,,False,False
75_52,55.13384,28.22973,146.3997999645676,208.1935741102583,,,False,False
75_53,55.13384,28.31982,155.70498477692445,218.0293589682548,,,False,False
75_54,55.13384,28.40991,165.08950307410058,227.87810976542997,,,False,False
75_55,55.13384,28.5,174.5405805298055,237.73823111666383,,,False,False
75_56,55.13384,28.59009,184.04798445864293,247.6083800762328,,,False,False
75_57,55.13384,28.68018,193.603436590882,257.4874183681157,,,False,False
75_58,55.13384,28.77027,203.19919422018128,266.89773162192427,,,False,False
75_59,55.13384,28.86036,211.99655735448823,275.85613165856734,,,False,False
75_60,55.13384,28.95045,220.89484273669208,284.88273187416485,,,False,False
75_61,55.13384,29.04054,229.88234801241788,293.9712631744443,,,False,False
75_62,55.13384,29.13063,238.94902224809425,303.1161677280014,,,False,False
75_63,55.13384,29.22072,248.086201242817,312.31250606452056,,,False,False
75_64,55.13384,29.31081,257.28638862359566,321.5558774727348,,,False,False
75_65,55.13384,29.4009,266.54307461680514,330.8423517061579,,,False,False
75_66,55.13384,29.49099,275.850585739951,340.1684102976352,,,False,False
75_67,55.13384,29.58108,285.20395984458486,349.5308960400714,,,False,False
75_68,55.13384,29.67117,294.5988419500643,358.9269694118209,,,False,False
75_69,55.13384,29.76126,304.03139714834657,368.3540709141968,,,False,False
75_70,55.13384,29.85135,313.4982375511577,377.8098884488614,,,False,False
75_71,55.13384,29.94144,322.9963608148571,387.2923289984755,,,False,False
75_72,55.13384,30.03153,332.52309823597585,396.7994939880771,,,False,False
75_73,55.13384,30.12162,342.07607078102313,406.32965780074255,,,False,False
75_74,55.13384,30.21171,351.6531517137979,415.8812490017634,,,False,False
75_75,55.13384,30.3018,361.25243472574607,425.4528338933607,,,False,False
75_76,55.13384,30.39189,370.8722066709834,435.0431020789029,,,False,False
75_77,55.13384,30.48198,380.5109241665959,444.650853763552,,,False,False
76_0,55.23495,23.54505,116.68405426985996,250.26675456282624,,,False,False
76_1,55.23495,23.63514,109.80973357689078,243.4878477450876,,,False,False
76_2,55.23495,23.72523,103.442516295786,236.93554202087117,,,False,False
76_3,55.23495,23.81532,96.98495677390044,230.62916569708844,,,False,False
76_4,55.23495,23.90541,90.03281211602658,224.5894508391,,,False,False
76_5,55.23495,23.9955,83.69529713101323,218.83849206335609,,,False,False
76_6,55.23495,24.08559,78.12217964122051,213.39965111942703,,,False,False
76_7,55.23495,24.17568,73.48762107451809,208.29739414562744,,,False,False
76_8,55.23495,24.26577,69.97839601066326,201.57722542490737,,,False,False
76_9,55.23495,24.35586,66.3410468447289,191.6029071867493,,,False,False
76_10,55.23495,24.44595,61.45553847817625,181.62893113799672,,,False,False
76_11,55.23495,24.53604,53.35736656253374,171.65537632761448,,,False,False
76_12,55.23495,24.62613,44.57456601630863,161.68234138405143,,,False,False
76_13,55.23495,24.71622,35.94824552410021,151.709950947631,,,False,False
76_14,55.23495,24.80631,27.9067021049716,141.7383648162241,,,False,False
76_15,55.23495,24.8964,20.388360080977854,131.76779123971806,,,False,False
76_16,55.23495,24.98649,13.914938047050082,121.79850673735872,,,False,False
76_17,55.23495,25.07658,7.573818330345398,111.83088650162608,,,False,False
76_18,55.23495,25.16667,1.4136719551785777,101.86545262585972,,,False,False
76_19,55.23495,25.25676,3.146857210801795,91.90295365310445,9.0,5-10 m,True,True
76_20,55.23495,25.34685,9.656191694337126,81.94450202629291,18.0,10-20 m,True,False
76_21,55.23495,25.43694,15.743026276759904,71.99182530951656,23.0,20-40 m,True,False
76_22,55.23495,25.52703,22.8153784087324,62.04775836021138,22.0,20-40 m,True,False
76_23,55.23495,25.61712,30.01810337857982,52.11729640710522,21.0,20-40 m,True,False
76_24,55.23495,25.70721,25.142520557314104,42.205209309833045,25.0,20-40 m,True,False
76_25,55.23495,25.7973,19.58105518775554,32.295800666595895,48.0,>40 m,True,False
76_26,55.23495,25.88739,18.273571111894555,22.38622328826041,57.0,>40 m,True,False
76_27,55.23495,25.97748,21.24750737670213,12.476476938587563,74.0,>40 m,True,False
76_28,55.23495,26.06757,27.22599892866472,2.5665613825565528,73.0,>40 m,True,False
76_29,55.23495,26.15766,35.0275994961285,1.7792423639017343,102.0,>40 m,True,False
76_30,55.23495,26.24775,33.38760087407206,5.395799867532759,53.0,>40 m,True,False
76_31,55.23495,26.33784,23.66240088724382,0.62930413838638,46.0,>40 m,True,False
76_32,55.23495,26.42793,14.294206006643666,10.4174543896608,5.0,5-10 m,True,True
76_33,55.23495,26.51802,6.4873296005881285,20.20563733632198,2.0,0-5 m,True,True
76_34,55.23495,26.60811,5.022461278287777,29.99385330619604,24.0,20-40 m,True,False
76_35,55.23495,26.6982,4.255417805995268,39.78210262621416,2.0,0-5 m,True,True
76_36,55.23495,26.78829,1.1005370707655588,49.570385622399385,,,False,False
76_37,55.23495,26.87838,10.156996708060271,59.35870261987832,,,False,False
76_38,55.23495,26.96847,19.815277500846992,69.14705394286452,,,False,False
76_39,55.23495,27.05856,29.68854849730437,78.93543991466589,,,False,False
76_40,55.23495,27.14865,39.616485843312745,88.72386085767532,,,False,False
76_41,55.23495,27.23874,48.666115723927945,98.51231709337236,,,False,False
76_42,55.23495,27.32883,55.66948565635951,108.30080894231776,,,False,False
76_43,55.23495,27.41892,63.42376867085584,118.0893367241506,,,False,False
76_44,55.23495,27.50901,71.123544827806,127.87790075758991,,,False,False
76_45,55.23495,27.5991,79.32666834403177,137.6677352791913,,,False,False
76_46,55.23495,27.68919,87.89868279826955,147.4770654891095,,,False,False
76_47,55.23495,27.77928,96.74161709031806,157.30829329328367,,,False,False
76_48,55.23495,27.86937,105.78524278823406,167.15757754053823,,,False,False
76_49,55.23495,27.95946,114.9211027991778,177.02192561663708,,,False,False
76_50,55.23495,28.04955,124.18006781819692,186.89897258074757,,,False,False
76_51,55.23495,28.13964,133.54344160638342,196.78682555400053,,,False,False
76_52,55.23495,28.22973,142.99074130902352,206.68395202228717,,,False,False
76_53,55.23495,28.31982,152.50639576560536,216.5890983012075,,,False,False
76_54,55.23495,28.40991,162.07838954842663,226.50122910384732,,,False,False
76_55,55.23495,28.5,171.6973225264936,235.73668507591992,,,False,False
76_56,55.23495,28.59009,180.9429705062085,244.61747396787237,,,False,False
76_57,55.23495,28.68018,189.72536974940812,253.58029493666456,,,False,False
76_58,55.23495,28.77027,198.6212918304153,262.6167639018309,,,False,False
76_59,55.23495,28.86036,207.61616324177365,271.7195474367181,,,False,False
76_60,55.23495,28.95045,216.6976804149649,280.88221216975785,,,False,False
76_61,55.23495,29.04054,225.85540888001344,290.0990976664918,,,False,False
76_62,55.23495,29.13063,235.0804587931146,299.36520900336484,,,False,False
76_63,55.23495,29.22072,244.3652218968112,308.67612583233546,,,False,False
76_64,55.23495,29.31081,253.70315775751916,318.0279252508329,,,False,False
76_65,55.23495,29.4009,263.0886195049692,327.4171162342028,,,False,False
76_66,55.23495,29.49099,272.5167112653671,336.8405837623471,,,False,False
76_67,55.23495,29.58108,281.983171073002,346.29554108633187,,,False,False
76_68,55.23495,29.67117,291.4842743188571,355.7794888424486,,,False,False
76_69,55.23495,29.76126,301.0167538059448,365.2901799383891,,,False,False
76_70,55.23495,29.85135,310.5777332806443,374.8255893160424,,,False,False
76_71,55.23495,29.94144,320.16467194050904,384.383887844151,,,False,False
76_72,55.23495,30.03153,329.7753179172556,393.9634197170074,,,False,False
76_73,55.23495,30.12162,339.40766912748984,403.5626828371319,,,False,False
76_74,55.23495,30.21171,349.05994019547063,413.180311744,,,False,False
76_75,55.23495,30.3018,358.7305343998433,422.8148384580099,,,False,False
76_76,55.23495,30.39189,368.41801979326834,432.4550917081075,,,False,False
76_77,55.23495,30.48198,378.0989626140886,442.0894550385088,,,False,False
77_0,55.33606,23.54505,124.15402389117888,257.833712582773,,,False,False
77_1,55.33606,23.63514,117.7118147215556,251.25411446141655,,,False,False
77_2,55.33606,23.72523,111.31983731942748,244.9045805538833,,,False,False
77_3,55.33606,23.81532,104.36383743935176,238.80347656248065,,,False,False
77_4,55.33606,23.90541,97.93194481122896,232.9703350902993,,,False,False
77_5,55.33606,23.9955,92.13402484971772,227.42578990750687,,,False,False
77_6,55.33606,24.08559,87.09681600242156,221.4936854285283,,,False,False
77_7,55.33606,24.17568,82.95904374563911,211.51778493106949,,,False,False
77_8,55.33606,24.26577,79.86067843973002,201.541980603113,,,False,False
77_9,55.33606,24.35586,75.54215455555328,191.56630479786992,,,False,False
77_10,55.33606,24.44595,66.97076301280154,181.5907970476565,,,False,False
77_11,55.33606,24.53604,58.34257087082724,171.6155061497676,,,False,False
77_12,55.33606,24.62613,49.91724944528157,161.6404930244501,,,False,False
77_13,55.33606,24.71622,42.03095712321039,151.6658347002588,,,False,False
77_14,55.33606,24.80631,34.656869293240725,141.69162998198968,,,False,False
77_15,55.33606,24.8964,28.160177004803543,131.71800769244447,,,False,False
77_16,55.33606,24.98649,21.762543211672043,121.7451389627608,,,False,False
77_17,55.33606,25.07658,13.440639804017824,111.7732560974123,,,False,False
77_18,55.33606,25.16667,3.898661524299881,101.80268251667223,,,False,False
77_19,55.33606,25.25676,1.665637791033931,91.83388218355414,,,False,False
77_20,55.33606,25.34685,2.333591488419262,81.86754509471129,39.0,20-40 m,True,False
77_21,55.33606,25.43694,8.97089566435254,71.90474375109567,18.0,10-20 m,True,False
77_22,55.33606,25.52703,16.34712578142032,61.94724030004964,24.0,20-40 m,True,False
77_23,55.33606,25.61712,20.666450366206305,51.99814560311748,28.0,20-40 m,True,False
77_24,55.33606,25.70721,25.670524176330197,42.06351007251695,31.0,20-40 m,True,False
77_25,55.33606,25.7973,29.21033537506973,32.156847086783394,41.0,>40 m,True,False
77_26,55.33606,25.88739,28.344232724867787,22.31560010563407,53.0,>40 m,True,False
77_27,55.33606,25.97748,30.52941486446423,12.686149807390512,69.0,>40 m,True,False
77_28,55.33606,26.06757,35.09275849457989,3.2290251295602426,77.0,>40 m,True,False
77_29,55.33606,26.15766,41.43407651375775,0.9578963358135812,44.0,>40 m,True,False
77_30,55.33606,26.24775,32.99647413046694,7.378886339966118,18.0,10-20 m,True,False
77_31,55.33606,26.33784,23.10652594531975,0.449023550778614,47.0,>40 m,True,False
77_32,55.33606,26.42793,13.266549444528945,8.446817849507326,5.0,5-10 m,True,True
77_33,55.33606,26.51802,3.722817516585129,18.236119779279043,7.0,5-10 m,True,True
77_34,55.33606,26.60811,4.144937404197689,28.02546057619094,,,False,False
77_35,55.33606,26.6982,5.402922267110893,37.81484056683335,18.0,10-20 m,True,False
77_36,55.33606,26.78829,0.7509350001304506,47.60426007686993,,,False,False
77_37,55.33606,26.87838,10.29437461893192,57.39371943103946,,,False,False
77_38,55.33606,26.96847,20.17323734720962,67.18321895314568,,,False,False
77_39,55.33606,27.05856,27.91016852794934,76.97275896606214,,,False,False
77_40,55.33606,27.14865,34.54316725359424,86.7645343106113,,,False,False
77_41,55.33606,27.23874,41.564499020494864,96.58608034105715,,,False,False
77_42,55.33606,27.32883,49.32143544370635,106.43753027517944,,,False,False
77_43,55.33606,27.41892,57.17317662861691,116.31131784501328,,,False,False
77_44,55.33606,27.50901,65.60651992893278,126.20222977063628,,,False,False
77_45,55.33606,27.5991,74.42406496013231,136.10656028838272,,,False,False
77_46,55.33606,27.68919,83.48882420376385,146.02160465301114,,,False,False
77_47,55.33606,27.77928,92.66635202150584,155.94534343607586,,,False,False
77_48,55.33606,27.86937,101.99420350277502,165.87623892905455,,,False,False
77_49,55.33606,27.95946,111.43560146243652,175.8130999043504,,,False,False
77_50,55.33606,28.04955,120.96399273000604,185.75498942845036,,,False,False
77_51,55.33606,28.13964,130.56036123473828,195.70116057111352,,,False,False
77_52,55.33606,28.22973,140.21077721006822,204.67687931359552,,,False,False
77_53,55.33606,28.31982,149.9048282251877,213.4530201727661,,,False,False
77_54,55.33606,28.40991,158.68550372942477,222.3309839053537,,,False,False
77_55,55.33606,28.5,167.44867867981765,231.29906270712877,,,False,False
77_56,55.33606,28.59009,176.341588880595,240.34718552398195,,,False,False
77_57,55.33606,28.68018,185.34558197036463,249.46665853140024,,,False,False
77_58,55.33606,28.77027,194.4452470571131,258.6499499172777,,,False,False
77_59,55.33606,28.86036,203.62777752841976,267.8905112616856,,,False,False
77_60,55.33606,28.95045,212.88246893757997,277.1826290533529,,,False,False
77_61,55.33606,29.04054,222.20032248699837,286.52130099059093,,,False,False
77_62,55.33606,29.13063,231.57373082663835,295.9021326647297,,,False,False
77_63,55.33606,29.22072,240.99622801682585,305.32125102161524,,,False,False
77_64,55.33606,29.31081,250.4622895996661,314.7752316564233,,,False,False
77_65,55.33606,29.4009,259.9671719237778,324.26103753795206,,,False,False
77_66,55.33606,29.49099,269.50678233933274,333.7759671995172,,,False,False
77_67,55.33606,29.58108,279.07757377879767,343.31761079198714,,,False,False
77_68,55.33606,29.67117,288.67645869283695,352.8838126852045,,,False,False
77_69,55.33606,29.76126,298.3007384247332,362.4726395399687,,,False,False
77_70,55.33606,29.85135,307.9480449610792,372.0823529640597,,,False,False
77_71,55.33606,29.94144,317.61629265387165,381.7113860213725,,,False,False
77_72,55.33606,30.03153,327.30363801644484,391.35306104359074,,,False,False
77_73,55.33606,30.12162,337.0084460888376,400.9922670892367,,,False,False
77_74,55.33606,30.21171,346.6314204818433,410.6271857870557,,,False,False
77_75,55.33606,30.3018,356.27153752418366,420.2621277952293,,,False,False
77_76,55.33606,30.39189,365.92232490261415,429.8975972479926,,,False,False
77_77,55.33606,30.48198,375.577236215988,439.54435490752047,,,False,False
78_0,55.43717,23.54505,132.00429659977422,265.58136515192353,,,False,False
78_1,55.43717,23.63514,125.6608621461192,259.19343957593304,,,False,False
78_2,55.43717,23.72523,118.7018034805656,253.0379713379868,,,False,False
78_3,55.43717,23.81532,112.1994458023034,247.1323440095441,,,False,False
78_4,55.43717,23.90541,106.2377115391827,241.49490093177917,,,False,False
78_5,55.43717,23.9955,100.91249640517356,231.88715862550748,,,False,False
78_6,55.43717,24.08559,96.3294556910846,221.93007678269055,,,False,False
78_7,55.43717,24.17568,92.59888957216964,211.97481878671468,,,False,False
78_8,55.43717,24.26577,89.15393653945762,202.02167070324865,,,False,False
78_9,55.43717,24.35586,80.75511735527053,192.07097789707817,,,False,False
78_10,55.43717,24.44595,72.19301832004169,182.1231611916475,,,False,False
78_11,55.43717,24.53604,64.0319342767938,172.17873860750706,,,False,False
78_12,55.43717,24.62613,56.214822449370565,162.23835505905097,,,False,False
78_13,55.43717,24.71622,48.93896587892582,152.30282362097438,,,False,False
78_14,55.43717,24.80631,42.41113200000687,142.37318397332933,,,False,False
78_15,55.43717,24.8964,35.51620599233217,132.45078696230465,,,False,False
78_16,55.43717,24.98649,26.200428430964312,122.53741993318788,,,False,False
78_17,55.43717,25.07658,17.62588117214509,112.6354976668353,,,False,False
78_18,55.43717,25.16667,11.577372448984208,102.74836258105174,,,False,False
78_19,55.43717,25.25676,10.530986195599342,92.88077431647704,,,False,False
78_20,55.43717,25.34685,4.1603374034932985,83.03974320309139,,,False,False
78_21,55.43717,25.43694,2.681197768311853,73.2360233850793,10.0,10-20 m,True,False
78_22,55.43717,25.52703,7.398460579482449,63.48695723797416,14.0,10-20 m,True,False
78_23,55.43717,25.61712,11.6015093331152,53.82231713026384,22.0,20-40 m,True,False
78_24,55.43717,25.70721,18.266122724555217,44.294950470624826,33.0,20-40 m,True,False
78_25,55.43717,25.7973,26.78564316757987,34.835710640906605,39.0,20-40 m,True,False
78_26,55.43717,25.88739,36.01502166382544,25.376480840863582,48.0,>40 m,True,False
78_27,55.43717,25.97748,40.22152535942324,15.917260710849986,60.0,>40 m,True,False
78_28,55.43717,26.06757,43.80684786290645,6.458049891989303,73.0,>40 m,True,False
78_29,55.43717,26.15766,44.80767588197103,0.3610203624529073,76.0,>40 m,True,False
78_30,55.43717,26.24775,35.293310006161846,7.222030403520642,72.0,>40 m,True,False
78_31,55.43717,26.33784,25.959051465865468,0.4341894637430849,58.0,>40 m,True,False
78_32,55.43717,26.42793,16.500570460547106,6.484037152329914,6.0,5-10 m,True,True
78_33,55.43717,26.51802,7.438842367774719,16.27447632921658,4.0,0-5 m,True,True
78_34,55.43717,26.60811,2.19667126994024,26.064960139588237,,,False,False
78_35,55.43717,26.6982,1.552294051936009,35.863180520932595,6.0,5-10 m,True,True
78_36,55.43717,26.78829,3.110738178971564,45.72482710594181,,,False,False
78_37,55.43717,26.87838,11.891962429326975,55.6291128430298,,,False,False
78_38,55.43717,26.96847,13.905428044017382,65.55677098401567,,,False,False
78_39,55.43717,27.05856,20.414274841053448,75.49863094142962,,,False,False
78_40,55.43717,27.14865,27.48912803850624,85.4497791470938,,,False,False
78_41,55.43717,27.23874,35.222767543210004,95.4073482226479,,,False,False
78_42,55.43717,27.32883,43.33551040237276,105.36955318378602,,,False,False
78_43,55.43717,27.41892,52.10135236992252,115.3352251327776,,,False,False
78_44,55.43717,27.50901,61.18975179769863,125.30356675644708,,,False,False
78_45,55.43717,27.5991,70.44499719669592,135.27401564394816,,,False,False
78_46,55.43717,27.68919,79.87547627640616,145.24616377588333,,,False,False
78_47,55.43717,27.77928,89.42581002268108,155.2197079897537,,,False,False
78_48,55.43717,27.86937,99.0613776768316,165.19441835993285,,,False,False
78_49,55.43717,27.95946,108.75956248805512,173.77585667107118,,,False,False
78_50,55.43717,28.04955,118.50502415838068,182.40390437209103,,,False,False
78_51,55.43717,28.13964,127.8740363000069,191.1638096318525,,,False,False
78_52,55.43717,28.22973,136.42924891713886,200.0382698654219,,,False,False
78_53,55.43717,28.31982,145.1668311278316,209.01271240088823,,,False,False
78_54,55.43717,28.40991,154.055780667501,218.0748116099812,,,False,False
78_55,55.43717,28.5,163.07137017785237,227.21409664595413,,,False,False
78_56,55.43717,28.59009,172.19373172012442,236.42163288655385,,,False,False
78_57,55.43717,28.68018,181.40677973524828,245.6897629316062,,,False,False
78_58,55.43717,28.77027,190.6973912343027,255.01189556033427,,,False,False
78_59,55.43717,28.86036,200.0547797836316,264.38233327011983,,,False,False
78_60,55.43717,28.95045,209.47001510448908,273.7961308687418,,,False,False
78_61,55.43717,29.04054,218.93565220471567,283.2489791020715,,,False,False
78_62,55.43717,29.13063,228.44544318389435,292.73710851429155,,,False,False
78_63,55.43717,29.22072,237.9941117448065,302.2572097075751,,,False,False
78_64,55.43717,29.31081,247.57717554118508,311.8063669384785,,,False,False
78_65,55.43717,29.4009,257.1908052474958,321.3820025990966,,,False,False
78_66,55.43717,29.49099,266.8317120031011,330.9818306147324,,,False,False
78_67,55.43717,29.58108,276.4970569262005,340.6038171735775,,,False,False
78_68,55.43717,29.67117,286.1843779070817,350.2444423072252,,,False,False
78_69,55.43717,29.76126,295.89153001804766,359.8882374681235,,,False,False
78_70,55.43717,29.85135,305.5333176361146,369.52500250529306,,,False,False
78_71,55.43717,29.94144,315.16688739575324,379.1617969348696,,,False,False
78_72,55.43717,30.03153,324.8179550288853,388.7986210640771,,,False,False
78_73,55.43717,30.12162,334.4718070087208,398.4414556617444,,,False,False
78_74,55.43717,30.21171,344.1406219556512,408.1005829518615,,,False,False
78_75,55.43717,30.3018,353.8270825837104,417.7751070130126,,,False,False
78_76,55.43717,30.39189,363.5297895497881,427.4639920141959,,,False,False
78_77,55.43717,30.48198,373.2474867923266,437.1662924874163,,,False,False
79_0,55.53828,23.54505,140.00750223353404,273.49432386851294,,,False,False
79_1,55.53828,23.63514,133.0458967344158,267.2903692694847,,,False,False
79_2,55.53828,23.72523,126.48886486287994,261.3203348834781,,,False,False
79_3,55.53828,23.81532,120.40255057923176,252.60259542770743,,,False,False
79_4,55.53828,23.90541,114.86183453957509,242.6750706641139,,,False,False
79_5,55.53828,23.9955,109.94926168183314,232.7516840214487,,,False,False
79_6,55.53828,24.08559,105.75243831721605,222.83300319264484,,,False,False
79_7,55.53828,24.17568,102.35947415172528,212.91970142538585,,,False,False
79_8,55.53828,24.26577,94.55049673609018,203.0125831385629,,,False,False
79_9,55.53828,24.35586,86.19286745531942,193.11261734635596,,,False,False
79_10,55.53828,24.44595,78.21599061236333,183.22098180089424,,,False,False
79_11,55.53828,24.53604,70.44602437209316,173.33912206741869,,,False,False
79_12,55.53828,24.62613,63.22856851491308,163.46883173954024,,,False,False
79_13,55.53828,24.71622,56.66779739893872,153.61236311551505,,,False,False
79_14,55.53828,24.80631,48.60757535556639,143.77258262837552,,,False,False
79_15,55.53828,24.8964,39.854861869335885,133.95319346022396,,,False,False
79_16,55.53828,24.98649,31.83168005152341,124.15906145547194,,,False,False
79_17,55.53828,25.07658,25.24363008512079,114.39670415899836,,,False,False
79_18,55.53828,25.16667,21.37172306204406,104.67504527225633,,,False,False
79_19,55.53828,25.25676,17.918573328725845,95.0066157113754,,,False,False
79_20,55.53828,25.34685,9.85685413046322,85.40953501882456,,,False,False
79_21,55.53828,25.43694,5.257912008583562,75.9087361737661,,,False,False
79_22,55.53828,25.52703,1.0241302861722297,66.44741281842138,,,False,False
79_23,55.53828,25.61712,4.439960841798388,56.98609177836266,12.0,10-20 m,True,False
79_24,55.53828,25.70721,13.900757013159453,47.52477269445175,24.0,20-40 m,True,False
79_25,55.53828,25.7973,23.74282810578011,38.0634552083443,38.0,20-40 m,True,False
79_26,55.53828,25.88739,31.962987717268447,28.60213896249139,43.0,>40 m,True,False
79_27,55.53828,25.97748,39.69923805102537,19.1408236001436,57.0,>40 m,True,False
79_28,55.53828,26.06757,48.13529164562572,9.708685261084904,71.0,>40 m,True,False
79_29,55.53828,26.15766,48.07342030981214,3.932738330709444,81.0,>40 m,True,False
79_30,55.53828,26.24775,38.60786831482245,6.702749032220774,74.0,>40 m,True,False
79_31,55.53828,26.33784,28.69195185679551,3.92820740883532,68.0,>40 m,True,False
79_32,55.53828,26.42793,18.827070436134623,6.61309782673405,37.0,20-40 m,True,False
79_33,55.53828,26.51802,9.213722185623253,15.831652392381354,6.0,5-10 m,True,True
79_34,55.53828,26.60811,0.6133491056340696,25.627452689612475,,,False,False
79_35,55.53828,26.6982,1.5513231741583953,35.526268098483015,,,False,False
79_36,55.53828,26.78829,0.7813523284734442,45.46093643804248,2.0,0-5 m,True,True
79_37,55.53828,26.87838,2.8738774408754275,55.41224366538736,,,False,False
79_38,55.53828,26.96847,6.279446821021182,65.37264819892172,,,False,False
79_39,55.53828,27.05856,13.45755965611649,75.33859108603623,,,False,False
79_40,55.53828,27.14865,21.17154881929297,85.30817490039206,,,False,False
79_41,55.53828,27.23874,29.775363010772374,95.28029587922292,,,False,False
79_42,55.53828,27.32883,38.90941752458376,105.25426841371744,,,False,False
79_43,55.53828,27.41892,48.31148531707704,115.22964425374654,,,False,False
79_44,55.53828,27.50901,57.90783477240318,125.20611802947026,,,False,False
79_45,55.53828,27.5991,67.61585194005818,134.95109390821253,,,False,False
79_46,55.53828,27.68919,77.39357512190905,143.14042452173345,,,False,False
79_47,55.53828,27.77928,87.21760716452155,151.54475512140525,,,False,False
79_48,55.53828,27.86937,97.07392855498466,160.1302607492299,,,False,False
79_49,55.53828,27.95946,105.7032356816224,168.86933293298526,,,False,False
79_50,55.53828,28.04955,114.178575161291,177.73934309444908,,,False,False
79_51,55.53828,28.13964,122.88042476847768,186.7216526013848,,,False,False
79_52,55.53828,28.22973,131.7639442897133,195.8008266923633,,,False,False
79_53,55.53828,28.31982,140.79477761098605,204.964012409354,,,False,False
79_54,55.53828,28.40991,149.94633600642774,214.2004464733434,,,False,False
79_55,55.53828,28.5,159.1978253640795,223.50106528643587,,,False,False
79_56,55.53828,28.59009,168.5328126159625,232.85819491587773,,,False,False
79_57,55.53828,28.68018,177.938178742702,242.2653036818733,,,False,False
79_58,55.53828,28.77027,187.40334839333207,251.71680381566028,,,False,False
79_59,55.53828,28.86036,196.91971806629536,261.20789168470066,,,False,False
79_60,55.53828,28.95045,206.4802276931271,270.7344184389116,,,False,False
79_61,55.53828,29.04054,216.07903659318808,280.2927847525549,,,False,False
79_62,55.53828,29.13063,225.71127604799503,289.8798547379533,,,False,False
79_63,55.53828,29.22072,235.37285863091597,299.4928851856752,,,False,False
79_64,55.53828,29.31081,245.06032996153908,309.1293794810804,,,False,False
79_65,55.53828,29.4009,254.7707524588005,318.77508753470016,,,False,False
79_66,55.53828,29.49099,264.4333000561099,328.41608731253325,,,False,False
79_67,55.53828,29.58108,274.05840468649006,338.054695772297,,,False,False
79_68,55.53828,29.67117,283.70724725551725,347.6933399400013,,,False,False
79_69,55.53828,29.76126,293.36168845010457,357.33389924240373,,,False,False
79_70,55.53828,29.85135,303.0278846216807,366.99005176345634,,,False,False
79_71,55.53828,29.94144,312.71415251383684,376.6633888268149,,,False,False
79_72,55.53828,30.03153,322.41869566786863,386.3526301812064,,,False,False
79_73,55.53828,30.12162,332.1399243866805,396.0566188576346,,,False,False
79_74,55.53828,30.21171,341.87642720642776,405.7743068890315,,,False,False
79_75,55.53828,30.3018,351.62694690381227,415.5047429416906,,,False,False
79_76,55.53828,30.39189,361.3903602304852,425.2470615707514,,,False,False
79_77,55.53828,30.48198,371.1656607244921,435.00047385977433,,,False,False
80_0,55.63939,23.54505,143.5831557195739,281.5586239184835,,,False,False
80_1,55.63939,23.63514,137.2360714648884,273.5868787184749,,,False,False
80_2,55.63939,23.72523,130.5553547498101,263.69417691597204,,,False,False
80_3,55.63939,23.81532,124.2338479870643,253.8079453272948,,,False,False
80_4,55.63939,23.90541,118.41608145800606,243.92898415451944,,,False,False
80_5,55.63939,23.9955,113.17979292564632,234.05822812308276,,,False,False
80_6,55.63939,24.08559,108.43540255171357,224.1967757941906,,,False,False
80_7,55.63939,24.17568,103.72173682023676,214.3459268353604,,,False,False
80_8,55.63939,24.26577,99.00771743689448,204.50722986850067,,,False,False
80_9,55.63939,24.35586,92.4031375035956,194.68254453959636,,,False,False
80_10,55.63939,24.44595,84.70304960224972,184.8741229478451,,,False,False
80_11,55.63939,24.53604,77.52408757617452,175.0847177833783,,,False,False
80_12,55.63939,24.62613,70.93016803941845,165.31772785021803,,,False,False
80_13,55.63939,24.71622,62.22510665825861,155.57739674711416,,,False,False
80_14,55.63939,24.80631,53.83494029685591,145.8690884318432,,,False,False
80_15,55.63939,24.8964,46.08203997682747,136.1996760582831,,,False,False
80_16,55.63939,24.98649,39.34503389964074,126.57810107600844,,,False,False
80_17,55.63939,25.07658,34.22922191689266,117.01619385366796,,,False,False
80_18,55.63939,25.16667,31.29971577664368,107.5274509551418,,,False,False
80_19,55.63939,25.25676,24.10166614558,98.0640750664646,,,False,False
80_20,55.63939,25.34685,18.312511304119877,88.60069384177204,,,False,False
80_21,55.63939,25.43694,11.0694986309787,79.13730692246337,,,False,False
80_22,55.63939,25.52703,1.669659496431222,69.673913950751,,,False,False
80_23,55.63939,25.61712,2.7516650376285914,60.21051456966472,6.0,5-10 m,True,True
80_24,55.63939,25.70721,10.042371600928266,50.74710842305191,17.0,10-20 m,True,False
80_25,55.63939,25.7973,17.748062345391553,41.292330054001845,30.0,20-40 m,True,False
80_26,55.63939,25.88739,25.78272483694848,32.07200550205451,40.0,>40 m,True,False
80_27,55.63939,25.97748,34.6827198110302,23.480534175610096,45.0,>40 m,True,False
80_28,55.63939,26.06757,40.929493717021785,16.529657116728366,67.0,>40 m,True,False
80_29,55.63939,26.15766,44.92965432881242,13.939260983493952,82.0,>40 m,True,False
80_30,55.63939,26.24775,40.79155796622875,14.965135267876647,77.0,>40 m,True,False
80_31,55.63939,26.33784,31.55749172362972,13.960916631964167,70.0,>40 m,True,False
80_32,55.63939,26.42793,22.750955558008457,14.93824748049582,43.0,>40 m,True,False
80_33,55.63939,26.51802,14.277294303353864,20.734329110891743,26.0,20-40 m,True,False
80_34,55.63939,26.60811,5.180602983491144,28.91164369207242,9.0,5-10 m,True,True
80_35,55.63939,26.6982,2.9386428211426203,37.96143830042424,,,False,False
80_36,55.63939,26.78829,2.9000902799191786,47.386524935437336,,,False,False
80_37,55.63939,26.87838,5.387413642409983,57.00110856787017,1.0,0-5 m,True,True
80_38,55.63939,26.96847,0.3996099493459708,66.72337755467728,,,False,False
80_39,55.63939,27.05856,7.457066084251569,76.51234141040422,,,False,False
80_40,55.63939,27.14865,16.75315056008149,86.34536274499666,,,False,False
80_41,55.63939,27.23874,26.50215978785728,96.20897273825356,,,False,False
80_42,55.63939,27.32883,36.37719654888896,105.2915741829078,,,False,False
80_43,55.63939,27.41892,46.297769071786185,112.99180325384746,,,False,False
80_44,55.63939,27.50901,56.2398521854561,121.02562565587618,,,False,False
80_45,55.63939,27.5991,66.19381113814907,129.33091890734008,,,False,False
80_46,55.63939,27.68919,75.55291941895867,137.85865510604353,,,False,False
80_47,55.63939,27.77928,83.58059177514059,146.57003895421906,,,False,False
80_48,55.63939,27.86937,91.94208133760698,155.43422032601555,,,False,False
80_49,55.63939,27.95946,100.59058690325315,164.42651266153482,,,False,False
80_50,55.63939,28.04955,109.46621898686192,173.52702292170733,,,False,False
80_51,55.63939,28.13964,118.5179935207114,182.7196033158569,,,False,False
80_52,55.63939,28.22973,127.70849209008112,191.9910494691954,,,False,False
80_53,55.63939,28.31982,137.00982929526572,201.3304854738757,,,False,False
80_54,55.63939,28.40991,146.40090729616696,210.7288901586616,,,False,False
80_55,55.63939,28.5,155.86553091696382,220.1787301110096,,,False,False
80_56,55.63939,28.59009,165.39109810489637,229.6736736269503,,,False,False
80_57,55.63939,28.68018,174.9676778352731,239.2083662813027,,,False,False
80_58,55.63939,28.77027,184.58735176024717,248.7782536684819,,,False,False
80_59,55.63939,28.86036,194.2437376569524,258.37944046669213,,,False,False
80_60,55.63939,28.95045,203.93163985258968,268.008577647031,,,False,False
80_61,55.63939,29.04054,213.64678951693904,277.6554543980347,,,False,False
80_62,55.63939,29.13063,223.33316353448689,287.300581504988,,,False,False
80_63,55.63939,29.22072,232.94679739096017,296.9409665363839,,,False,False
80_64,55.63939,29.31081,242.59033777169049,306.5813932100012,,,False,False
80_65,55.63939,29.4009,252.2464809835617,316.2219320873207,,,False,False
80_66,55.63939,29.49099,261.91002983796216,325.87446384294964,,,False,False
80_67,55.63939,29.58108,271.5962072396589,335.546443455396,,,False,False
80_68,55.63939,29.67117,281.30327521559093,345.23624811008585,,,False,False
80_69,55.63939,29.76126,291.02915725752814,354.9424293727245,,,False,False
80_70,55.63939,29.85135,300.772041671672,364.6636907037448,,,False,False
80_71,55.63939,29.94144,310.5303411607351,374.39886831631,,,False,False
80_72,55.63939,30.03153,320.3026595043598,384.1469148201061,,,False,False
80_73,55.63939,30.12162,330.08776394168626,393.9068851954798,,,False,False
80_74,55.63939,30.21171,339.88456216139303,403.67792472439777,,,False,False
80_75,55.63939,30.3018,349.6920830357086,413.4592585707525,,,False,False
80_76,55.63939,30.39189,359.5094604130828,423.250182755816,,,False,False
80_77,55.63939,30.48198,369.3359194226189,433.0500563179966,,,False,False
81_0,55.7405,23.54505,134.9179994341012,284.9280687472531,,,False,False
81_1,55.7405,23.63514,129.59341649344097,275.0808283623816,,,False,False
81_2,55.7405,23.72523,122.8937101126614,265.2431329956703,,,False,False
81_3,55.7405,23.81532,116.2358485742603,255.41609845726,,,False,False
81_4,55.7405,23.90541,110.00213615753673,245.6010178991989,,,False,False
81_5,55.7405,23.9955,104.35105721007665,235.7993981442188,,,False,False
81_6,55.7405,24.08559,99.37374340744444,226.01300522662936,,,False,False
81_7,55.7405,24.17568,94.66658448684896,216.2439219560613,,,False,False
81_8,55.7405,24.26577,89.9590939298119,206.494621324952,,,False,False
81_9,55.7405,24.35586,85.27844716132181,196.76806101129608,,,False,False
81_10,55.7405,24.44595,81.28387097578516,187.0678062788176,,,False,False
81_11,55.7405,24.53604,77.96428893465045,177.39819155367505,,,False,False
81_12,55.7405,24.62613,73.63600553825981,167.76453533594258,,,False,False
81_13,55.7405,24.71622,67.94291199375449,158.17342963427978,,,False,False
81_14,55.7405,24.80631,60.34875247076128,148.63313498624697,,,False,False
81_15,55.7405,24.8964,53.54262522816381,139.15104279784083,,,False,False
81_16,55.7405,24.98649,47.86197497936024,129.68564474164535,,,False,False
81_17,55.7405,25.07658,43.74753400711774,120.22023376023948,,,False,False
81_18,55.7405,25.16667,38.358762185866965,110.75480949559524,,,False,False
81_19,55.7405,25.25676,32.03751649448102,101.2893715905201,,,False,False
81_20,55.7405,25.34685,23.92271708682669,91.82391968865429,,,False,False
81_21,55.7405,25.43694,15.904549389573926,82.35845343447795,,,False,False
81_22,55.7405,25.52703,10.84403074908982,72.89964537700016,,,False,False
81_23,55.7405,25.61712,3.305020203881884,63.56270411162238,,,False,False
81_24,55.7405,25.70721,3.5850005272354357,54.45376282862632,9.0,5-10 m,True,True
81_25,55.7405,25.7973,12.358232815530291,45.70941089144505,22.0,20-40 m,True,False
81_26,55.7405,25.88739,20.93051274799182,37.58508218824905,38.0,20-40 m,True,False
81_27,55.7405,25.97748,27.29897928524332,30.57914261534484,43.0,>40 m,True,False
81_28,55.7405,26.06757,32.077026395192384,25.626044325796038,60.0,>40 m,True,False
81_29,55.7405,26.15766,35.262449636626144,24.030734588902916,79.0,>40 m,True,False
81_30,55.7405,26.24775,38.407575543442086,24.63892271830634,80.0,>40 m,True,False
81_31,55.7405,26.33784,33.07666488818547,24.04291157046613,69.0,>40 m,True,False
81_32,55.7405,26.42793,24.15413365557988,24.61766342260041,47.0,>40 m,True,False
81_33,55.7405,26.51802,16.007608200512973,28.50413303713984,34.0,20-40 m,True,False
81_34,55.7405,26.60811,8.975018855940956,34.90192011171514,29.0,20-40 m,True,False
81_35,55.7405,26.6982,0.9022417556717478,42.69674470589827,,,False,False
81_36,55.7405,26.78829,0.6129501308407258,51.25521378926602,,,False,False
81_37,55.7405,26.87838,4.122772048354992,60.252852581695215,25.0,20-40 m,True,False
81_38,55.7405,26.96847,2.2513981771471614,69.51940277927261,4.0,0-5 m,True,True
81_39,55.7405,27.05856,6.9123335084616,77.12887237029187,,,False,False
81_40,55.7405,27.14865,16.287137553325895,83.86340664699283,,,False,False
81_41,55.7405,27.23874,26.002473057443915,91.19471285243172,,,False,False
81_42,55.7405,27.32883,35.809713118941524,98.9903255180448,,,False,False
81_43,55.7405,27.41892,45.68934587159242,107.148986175325,,,False,False
81_44,55.7405,27.50901,53.93006401674192,115.5938810382653,,,False,False
81_45,55.7405,27.5991,61.54755147722282,124.26669891108004,,,False,False
81_46,55.7405,27.68919,69.73933072898923,133.12292913571508,,,False,False
81_47,55.7405,27.77928,78.2997300076707,142.12831672374898,,,False,False
81_48,55.7405,27.86937,87.16288684112263,151.25624816948164,,,False,False
81_49,55.7405,27.95946,96.24523516492692,160.4858391356944,,,False,False
81_50,55.7405,28.04955,105.49021168466832,169.80053595141624,,,False,False
81_51,55.7405,28.13964,114.8585868173617,179.18708856127128,,,False,False
81_52,55.7405,28.22973,124.32249853475004,188.6347911584208,,,False,False
81_53,55.7405,28.31982,133.86171427318848,198.13491614272183,,,False,False
81_54,55.7405,28.40991,143.46124028397497,207.6802884418228,,,False,False
81_55,55.7405,28.5,153.10975863572088,217.2649624659004,,,False,False
81_56,55.7405,28.59009,162.79858275423487,226.8839747153266,,,False,False
81_57,55.7405,28.68018,172.5209447523181,236.52960617581329,,,False,False
81_58,55.7405,28.77027,182.23630760745564,246.17861872690185,,,False,False
81_59,55.7405,28.86036,191.83336417479111,255.82074379527447,,,False,False
81_60,55.7405,28.95045,201.4679614979163,265.46291636686254,,,False,False
81_61,55.7405,29.04054,211.12519061269828,275.1051367508766,,,False,False
81_62,55.7405,29.13063,220.78709382280343,284.7539075928988,,,False,False
81_63,55.7405,29.22072,230.4733378321036,294.4242864107794,,,False,False
81_64,55.7405,29.31081,240.18397104852565,304.1149462891534,,,False,False
81_65,55.7405,29.4009,249.9161665476348,313.82402126711395,,,False,False
81_66,55.7405,29.49099,259.66751537801287,323.5498660215319,,,False,False
81_67,55.7405,29.58108,269.4359529126176,333.2910246038723,,,False,False
81_68,55.7405,29.67117,279.21970007601647,343.0462042796745,,,False,False
81_69,55.7405,29.76126,289.0172160935999,352.8142535371891,,,False,False
81_70,55.7405,29.85135,298.82716023673373,362.594143519254,,,False,False
81_71,55.7405,29.94144,308.6483606452874,372.3849522793811,,,False,False
81_72,55.7405,30.03153,318.4797887584951,382.1858513785127,,,False,False
81_73,55.7405,30.12162,328.3205382206391,391.9960944302679,,,False,False
81_74,55.7405,30.21171,338.1698073804497,401.8150072750588,,,False,False
81_75,55.7405,30.3018,348.02688469459395,411.6419795215152,,,False,False
81_76,55.7405,30.39189,357.8911364917008,421.4764572400416,,,False,False
81_77,55.7405,30.48198,367.76199666597887,431.31793663097153,,,False,False
82_0,55.84161,23.54505,126.49771971422648,286.72812662204933,,,False,False
82_1,55.84161,23.63514,120.80897040372272,276.9439422680144,,,False,False
82_2,55.84161,23.72523,115.491083448476,267.1738502819707,,,False,False
82_3,55.84161,23.81532,108.55865366725698,257.41946808490724,,,False,False
82_4,55.84161,23.90541,101.92929779709502,247.68266515019428,,,False,False
82_5,55.84161,23.9955,95.80960848854816,237.96561334490943,,,False,False
82_6,55.84161,24.08559,90.37898473769285,228.27084963175324,,,False,False
82_7,55.84161,24.17568,85.6082219302291,218.6013547525704,,,False,False
82_8,55.84161,24.26577,80.90724956850464,208.9606527505859,,,False,False
82_9,55.84161,24.35586,76.20596764374584,199.35293790633327,,,False,False
82_10,55.84161,24.44595,71.7653453212278,189.78323807178887,,,False,False
82_11,55.84161,24.53604,68.4469904391293,180.25762679817024,,,False,False
82_12,55.84161,24.62613,64.39547393660558,170.77946358658943,,,False,False
82_13,55.84161,24.71622,60.414891973657966,161.31207310992767,,,False,False
82_14,55.84161,24.80631,57.70674536433754,151.84466217993884,,,False,False
82_15,55.84161,24.8964,55.26960387270005,142.3772304392123,,,False,False
82_16,55.84161,24.98649,53.08913834179439,132.90977753119205,,,False,False
82_17,55.84161,25.07658,52.518274986316406,123.4423031001719,,,False,False
82_18,55.84161,25.16667,46.09239044279647,113.97480679130445,,,False,False
82_19,55.84161,25.25676,37.78768693152201,104.513918265913,,,False,False
82_20,55.84161,25.34685,30.153130910625944,95.13817902445211,,,False,False
82_21,55.84161,25.43694,24.137863988712628,85.89816064629353,,,False,False
82_22,55.84161,25.52703,17.118111990221642,76.8428844804781,,,False,False
82_23,55.84161,25.61712,9.65226536512112,68.04619689893275,,,False,False
82_24,55.84161,25.70721,0.6839141474104092,59.62272389065245,,,False,False
82_25,55.84161,25.7973,6.7964735640371625,51.75508617821564,8.0,5-10 m,True,True
82_26,55.84161,25.88739,13.083807307747009,44.737583027534825,23.0,20-40 m,True,False
82_27,55.84161,25.97748,18.367095133046504,39.03157179920034,44.0,>40 m,True,False
82_28,55.84161,26.06757,22.87735901783041,35.27935627044274,42.0,>40 m,True,False
82_29,55.84161,26.15766,25.614485814636534,34.13160927982553,77.0,>40 m,True,False
82_30,55.84161,26.24775,29.467068051956797,34.558230690897595,88.0,>40 m,True,False
82_31,55.84161,26.33784,30.60675204770875,34.09854281180387,74.0,>40 m,True,False
82_32,55.84161,26.42793,20.68785861719313,34.530396334437896,55.0,>40 m,True,False
82_33,55.84161,26.51802,10.87942135703602,37.3944074585507,54.0,>40 m,True,False
82_34,55.84161,26.60811,1.8392104578260695,42.46798712934397,39.0,20-40 m,True,False
82_35,55.84161,26.6982,2.81219893070765,49.070564849735824,23.0,20-40 m,True,False
82_36,55.84161,26.78829,6.063141644635533,52.92033877214004,,,False,False
82_37,55.84161,26.87838,4.914416245278499,57.341728976071,,,False,False
82_38,55.84161,26.96847,4.422856582553684,63.04566934322583,3.0,0-5 m,True,True
82_39,55.84161,27.05856,5.273551886438655,69.71812814266887,,,False,False
82_40,55.84161,27.14865,14.97128425371064,77.10813396993133,,,False,False
82_41,55.84161,27.23874,23.94038409031686,85.02884674987482,,,False,False
82_42,55.84161,27.32883,32.35123534509149,93.34530700128124,,,False,False
82_43,55.84161,27.41892,39.813709309470205,101.96076013425524,,,False,False
82_44,55.84161,27.50901,47.60312912975612,110.8055197643592,,,False,False
82_45,55.84161,27.5991,56.01411129575708,119.82885210777272,,,False,False
82_46,55.84161,27.68919,64.85462010409863,128.9933178116607,,,False,False
82_47,55.84161,27.77928,73.98580065909343,138.2708849736602,,,False,False
82_48,55.84161,27.86937,83.3121791105676,147.6402597086648,,,False,False
82_49,55.84161,27.95946,92.77494764603456,157.08503984662448,,,False,False
82_50,55.84161,28.04955,102.3363160548286,166.59242407951308,,,False,False
82_51,55.84161,28.13964,111.9710629829312,176.15229807938996,,,False,False
82_52,55.84161,28.22973,121.66178839894428,185.75657894025127,,,False,False
82_53,55.84161,28.31982,131.3961369219645,195.3976648175989,,,False,False
82_54,55.84161,28.40991,141.15007513256353,205.0485322522436,,,False,False
82_55,55.84161,28.5,150.7208050585059,214.6941545286068,,,False,False
82_56,55.84161,28.59009,160.34174676183974,224.33803730561,,,False,False
82_57,55.84161,28.68018,169.9979132529812,233.98197368458133,,,False,False
82_58,55.84161,28.77027,179.6591306749795,243.62851786194224,,,False,False
82_59,55.84161,28.86036,189.34569939289176,253.2969300617605,,,False,False
82_60,55.84161,28.95045,199.061577131708,262.98887491594314,,,False,False
82_61,55.84161,29.04054,208.80269161169747,272.70185801016805,,,False,False
82_62,55.84161,29.13063,218.5656868220984,282.4337230058964,,,False,False
82_63,55.84161,29.22072,228.34777375892884,292.1825969326964,,,False,False
82_64,55.84161,29.31081,238.14661663285105,301.9468456446445,,,False,False
82_65,55.84161,29.4009,247.96024518161528,311.72503733027827,,,False,False
82_66,55.84161,29.49099,257.78698641816953,321.5159124458078,,,False,False
82_67,55.84161,29.58108,267.62541100739674,331.3183588036624,,,False,False
82_68,55.84161,29.67117,277.4742907661846,341.1313908235897,,,False,False
82_69,55.84161,29.76126,287.33256470288075,350.95413216412305,,,False,False
82_70,55.84161,29.85135,297.1993116716007,360.7858011142486,,,False,False
82_71,55.84161,29.94144,307.0737281941034,370.62569825075184,,,False,False
82_72,55.84161,30.03153,316.95511035084223,380.473195964649,,,False,False
82_73,55.84161,30.12162,326.84283890034067,390.32772953691057,,,False,False
82_74,55.84161,30.21171,336.73636697796906,400.188789504302,,,False,False
82_75,55.84161,30.3018,346.63520986943826,410.0559151042402,,,False,False
82_76,55.84161,30.39189,356.5389364635901,419.928688625863,,,False,False
82_77,55.84161,30.48198,366.4471620726253,429.8067305252975,,,False,False
83_0,55.94272,23.54505,118.37447988852676,288.87882521687897,,,False,False
83_1,55.94272,23.63514,112.2811218837137,279.16879824428383,,,False,False
83_2,55.94272,23.72523,106.7732581467125,269.47809115915254,,,False,False
83_3,55.94272,23.81532,101.15705728169154,259.8088785822914,,,False,False
83_4,55.94272,23.90541,94.23042186966588,250.1636662125809,,,False,False
83_5,55.94272,23.9955,87.6393519561468,240.5453549817881,,,False,False
83_6,55.94272,24.08559,81.67380296935053,230.9573203611444,,,False,False
83_7,55.94272,24.17568,76.54663070020771,221.40351104213735,,,False,False
83_8,55.94272,24.26577,71.85216598381226,211.88857256480964,,,False,False
83_9,55.94272,24.35586,67.15741376828271,202.4126690637322,,,False,False
83_10,55.94272,24.44595,62.47563907518615,192.9433153028292,,,False,False
83_11,55.94272,24.53604,58.64156062425519,183.473933620486,,,False,False
83_12,55.94272,24.62613,55.18515353170501,174.00452365996506,,,False,False
83_13,55.94272,24.71622,50.88679115490915,164.53508506539237,,,False,False
83_14,55.94272,24.80631,47.799028911792,155.06561748176836,,,False,False
83_15,55.94272,24.8964,45.360121870567895,145.59612055496478,,,False,False
83_16,55.94272,24.98649,43.02457846318265,136.13396196473616,,,False,False
83_17,55.94272,25.07658,42.32163682263268,126.7390126710966,,,False,False
83_18,55.94272,25.16667,42.5316063141074,117.44009999727272,,,False,False
83_19,55.94272,25.25676,42.957140240029474,108.26200585297664,,,False,False
83_20,55.94272,25.34685,38.08391406706487,99.23829340208984,,,False,False
83_21,55.94272,25.43694,31.313238523361974,90.41523700831932,,,False,False
83_22,55.94272,25.52703,23.00723217088449,81.85778919408409,,,False,False
83_23,55.94272,25.61712,14.65818926262716,73.65862970696381,,,False,False
83_24,55.94272,25.70721,6.862574606181834,65.95157686674736,,,False,False
83_25,55.94272,25.7973,0.5508880619897212,58.93008680885153,8.0,5-10 m,True,True
83_26,55.94272,25.88739,5.623315871872825,52.86808935363316,15.0,10-20 m,True,False
83_27,55.94272,25.97748,9.58352293960919,48.129585067035386,32.0,20-40 m,True,False
83_28,55.94272,26.06757,13.0719143463933,45.13345390853212,47.0,>40 m,True,False
83_29,55.94272,26.15766,15.914692775324552,44.23524923581993,68.0,>40 m,True,False
83_30,55.94272,26.24775,20.920867892445788,44.559200409000326,91.0,>40 m,True,False
83_31,55.94272,26.33784,25.91926012089837,44.16108293343802,73.0,>40 m,True,False
83_32,55.94272,26.42793,21.768508034994355,44.16934414577542,65.0,>40 m,True,False
83_33,55.94272,26.51802,12.77729796576141,40.5282132095918,56.0,>40 m,True,False
83_34,55.94272,26.60811,5.423391033007392,39.15710637081542,43.0,>40 m,True,False
83_35,55.94272,26.6982,0.0292217713976134,40.28854852267001,,,False,False
83_36,55.94272,26.78829,8.015143421995866,43.72880077654412,,,False,False
83_37,55.94272,26.87838,4.088357700627372,48.993969953753385,,,False,False
83_38,55.94272,26.96847,4.613273671337372,55.56777731203784,11.0,10-20 m,True,False
83_39,55.94272,27.05856,2.336545211262313,63.042223161565325,,,False,False
83_40,55.94272,27.14865,10.089441799402184,71.13401946483052,,,False,False
83_41,55.94272,27.23874,18.63412344951773,79.65529440456343,,,False,False
83_42,55.94272,27.32883,25.700197793089977,88.48209484066842,,,False,False
83_43,55.94272,27.41892,33.75652474585693,97.53154306137084,,,False,False
83_44,55.94272,27.50901,42.5435070443172,106.74706519348724,,,False,False
83_45,55.94272,27.5991,51.764982506198336,116.08915058452314,,,False,False
83_46,55.94272,27.68919,61.22500207780251,125.52957600447598,,,False,False
83_47,55.94272,27.77928,70.82810219416226,135.04774839586483,,,False,False
83_48,55.94272,27.86937,80.52315599366132,144.6283454388698,,,False,False
83_49,55.94272,27.95946,90.28058688373883,154.2597447639894,,,False,False
83_50,55.94272,28.04955,100.06514806201376,163.9122505085645,,,False,False
83_51,55.94272,28.13964,109.61585607819976,173.5613182030828,,,False,False
83_52,55.94272,28.22973,119.2130694137286,183.20687639850075,,,False,False
83_53,55.94272,28.31982,128.8647631087924,192.8524939138827,,,False,False
83_54,55.94272,28.40991,138.52624424259113,202.49852679022783,,,False,False
83_55,55.94272,28.5,148.21360490732033,212.16438408689055,,,False,False
83_56,55.94272,28.59009,157.93770044383157,221.85828334838797,,,False,False
83_57,55.94272,28.68018,167.69216398752178,231.57672018350317,,,False,False
83_58,55.94272,28.77027,177.47201051960525,241.31674651905436,,,False,False
83_59,55.94272,28.86036,187.27328459165628,251.075865672906,,,False,False
83_60,55.94272,28.95045,197.09280968689333,260.8519500491348,,,False,False
83_61,55.94272,29.04054,206.92800685232683,270.64317602525006,,,False,False
83_62,55.94272,29.13063,216.7767614100932,280.4479720249479,,,False,False
83_63,55.94272,29.22072,226.6373236036519,290.2649767918488,,,False,False
83_64,55.94272,29.31081,236.50823356842952,300.0930056203097,,,False,False
83_65,55.94272,29.4009,246.3882639885294,309.93102284158533,,,False,False
83_66,55.94272,29.49099,256.27637578322174,319.7781192638716,,,False,False
83_67,55.94272,29.58108,266.1716835106314,329.63349356310044,,,False,False
83_68,55.94272,29.67117,276.0734281005625,339.49643684533004,,,False,False
83_69,55.94272,29.76126,285.98095517377425,349.3663197713404,,,False,False
83_70,55.94272,29.85135,295.8936976612159,359.2425817634232,,,False,False
83_71,55.94272,29.94144,305.81116176341885,369.124721913924,,,False,False
83_72,55.94272,30.03153,315.73291552671856,379.0122912920805,,,False,False
83_73,55.94272,30.12162,325.6585794861042,388.9048864057106,,,False,False
83_74,55.94272,30.21171,335.5878189524579,398.8021436213261,,,False,False
83_75,55.94272,30.3018,345.520337617531,408.7037343834023,,,False,False
83_76,55.94272,30.39189,355.4558722218486,418.6093611028677,,,False,False
83_77,55.94272,30.48198,365.3941880855146,428.5187536084945,,,False,False
84_0,56.04383,23.54505,110.49039961906183,291.3723738316386,,,False,False
84_1,56.04383,23.63514,104.0728595618572,281.7467996338892,,,False,False
84_2,56.04383,23.72523,98.11160775628213,272.1463399625244,,,False,False
84_3,56.04383,23.81532,92.84162035739293,262.57376226709465,,,False,False
84_4,56.04383,23.90541,86.83034097320132,253.0322441999922,,,False,False
84_5,56.04383,23.9955,79.9081383572679,243.52545036590195,,,False,False
84_6,56.04383,24.08559,73.37251060327355,234.05061878433432,,,False,False
84_7,56.04383,24.17568,67.62682288738394,224.57933027273663,,,False,False
84_8,56.04383,24.26577,62.79382476414675,215.1080064304764,,,False,False
84_9,56.04383,24.35586,58.105591821454304,205.63664690153948,,,False,False
84_10,56.04383,24.44595,53.41709347059405,196.1652513307992,,,False,False
84_11,56.04383,24.53604,49.01272538149394,186.6938193640156,,,False,False
84_12,56.04383,24.62613,45.97180112072723,177.22235064783945,,,False,False
84_13,56.04383,24.71622,41.63017508848251,167.75948964089022,,,False,False
84_14,56.04383,24.80631,37.90011741439538,158.35317623543023,,,False,False
84_15,56.04383,24.8964,35.45093358093217,149.02100439130115,,,False,False
84_16,56.04383,24.98649,33.045164425170896,139.7778499381226,,,False,False
84_17,56.04383,25.07658,32.12596900971549,130.64263542574278,,,False,False
84_18,56.04383,25.16667,32.34342363473251,121.6397112986051,,,False,False
84_19,56.04383,25.25676,32.87263712405972,112.80078865958244,,,False,False
84_20,56.04383,25.34685,31.902516488642544,104.16765791708066,,,False,False
84_21,56.04383,25.43694,31.681007036710582,95.79601027069934,,,False,False
84_22,56.04383,25.52703,26.112388355047667,87.76074833709396,,,False,False
84_23,56.04383,25.61712,19.34674188515013,80.16313503393124,,,False,False
84_24,56.04383,25.70721,11.659912395227698,73.13973329026345,,,False,False
84_25,56.04383,25.7973,8.278079567866763,66.87176734567316,,,False,False
84_26,56.04383,25.88739,1.88482804968568,61.59036862104801,,,False,False
84_27,56.04383,25.97748,0.5218471332107731,57.56777370180576,11.0,10-20 m,True,False
84_28,56.04383,26.06757,3.3703988092819,55.08053871360389,44.0,>40 m,True,False
84_29,56.04383,26.15766,7.052469033965369,54.33997009412858,47.0,>40 m,True,False
84_30,56.04383,26.24775,12.379220598640815,48.81500649442091,89.0,>40 m,True,False
84_31,56.04383,26.33784,17.12424998041555,41.40147297009427,94.0,>40 m,True,False
84_32,56.04383,26.42793,24.18475291782698,35.275753429265386,84.0,>40 m,True,False
84_33,56.04383,26.51802,19.31358464695005,30.90274575117081,67.0,>40 m,True,False
84_34,56.04383,26.60811,13.280725016942071,29.09059730986932,58.0,>40 m,True,False
84_35,56.04383,26.6982,5.717530503578862,30.605358859714983,43.0,>40 m,True,False
84_36,56.04383,26.78829,1.9473473708301172,35.01803240648974,,,False,False
84_37,56.04383,26.87838,9.21256808952435,41.41248802968365,,,False,False
84_38,56.04383,26.96847,0.8201212894880492,49.01928429464153,,,False,False
84_39,56.04383,27.05856,3.6324833875737,57.35815852162819,8.0,5-10 m,True,True
84_40,56.04383,27.14865,4.588636359083277,66.15289931786472,,,False,False
84_41,56.04383,27.23874,11.61912310186232,75.24387714573022,,,False,False
84_42,56.04383,27.32883,20.24086478881356,84.53561881732311,,,False,False
84_43,56.04383,27.41892,29.68381131056252,93.96862845754598,,,False,False
84_44,56.04383,27.50901,39.39250241030042,103.5043263345725,,,False,False
84_45,56.04383,27.5991,49.17772868450928,113.11677967768654,,,False,False
84_46,56.04383,27.68919,58.97316035233706,122.77006386159404,,,False,False
84_47,56.04383,27.77928,68.54139913231677,132.4223468513441,,,False,False
84_48,56.04383,27.86937,78.08610184397794,142.0695465733211,,,False,False
84_49,56.04383,27.95946,87.72584689471664,151.71681126271412,,,False,False
84_50,56.04383,28.04955,97.3886222945978,161.3641412306454,,,False,False
84_51,56.04383,28.13964,107.07783537037145,171.0266565188357,,,False,False
84_52,56.04383,28.22973,116.81619849065636,180.7236370508364,,,False,False
84_53,56.04383,28.31982,126.59246048383494,190.4500518267565,,,False,False
84_54,56.04383,28.40991,136.39850124300938,200.2016305736596,,,False,False
84_55,56.04383,28.5,146.22835692952887,209.9748861872223,,,False,False
84_56,56.04383,28.59009,156.07755325511755,219.7669447546141,,,False,False
84_57,56.04383,28.68018,165.94267032244343,229.57541760547164,,,False,False
84_58,56.04383,28.77027,175.82105083094558,239.398303853954,,,False,False
84_59,56.04383,28.86036,185.71059966992448,249.23391534620663,,,False,False
84_60,56.04383,28.95045,195.6096433024981,259.0808182693007,,,False,False
84_61,56.04383,29.04054,205.5168291923103,268.9377872891146,,,False,False
84_62,56.04383,29.13063,215.4310526172042,278.8037692083293,,,False,False
84_63,56.04383,29.22072,225.3514025734694,288.67785392913345,,,False,False
84_64,56.04383,29.31081,235.27712121916343,298.55925107222185,,,False,False
84_65,56.04383,29.4009,245.2075730715704,308.4472710133472,,,False,False
84_66,56.04383,29.49099,255.14222133375583,318.3413093978259,,,False,False
84_67,56.04383,29.58108,265.0806095009048,328.2408344140843,,,False,False
84_68,56.04383,29.67117,275.02234692462434,338.145376271544,,,False,False
84_69,56.04383,29.76126,284.9670973778664,348.05451845159905,,,False,False
84_70,56.04383,29.85135,294.9145699184124,357.9678903938369,,,False,False
84_71,56.04383,29.94144,304.86451153022824,367.8851613510421,,,False,False
84_72,56.04383,30.03153,314.81670115237824,377.8060352014252,,,False,False
84_73,56.04383,30.12162,324.77094479997623,387.7302460490291,,,False,False
84_74,56.04383,30.21171,334.727071551367,397.65755447644585,,,False,False
84_75,56.04383,30.3018,344.6849302275203,407.5877443400578,,,False,False
84_76,56.04383,30.39189,354.64438662835164,417.52062001852033,,,False,False
84_77,56.04383,30.48198,364.6053212201221,427.4560040416485,,,False,False
85_0,56.14495,23.54505,102.61071262160104,294.20003244068454,,,False,False
85_1,56.14495,23.63514,96.17118678245056,284.6683289750161,,,False,False
85_2,56.14495,23.72523,89.79389944546433,275.16798379223485,,,False,False
85_3,56.14495,23.81532,84.01025563316045,265.69327607038474,,,False,False
85_4,56.14495,23.90541,79.06616934564319,256.2200807473295,,,False,False
85_5,56.14495,23.9955,72.51204562390761,246.7468427421099,,,False,False
85_6,56.14495,24.08559,65.59179905140334,237.2735616995089,,,False,False
85_7,56.14495,24.17568,59.1415428297535,227.80023726520773,,,False,False
85_8,56.14495,24.26577,53.73401987781381,218.32686908579345,,,False,False
85_9,56.14495,24.35586,49.05048343018687,208.8534568087548,,,False,False
85_10,56.14495,24.44595,44.36851611005417,199.39040226917743,,,False,False
85_11,56.14495,24.53604,39.68899100058358,189.97664904785665,,,False,False
85_12,56.14495,24.62613,36.21063615137035,180.62320587483828,,,False,False
85_13,56.14495,24.71622,32.420491317760046,171.33997023318167,,,False,False
85_14,56.14495,24.80631,28.182480481437555,162.13902318010182,,,False,False
85_15,56.14495,24.8964,25.547253431030345,153.03523057989216,,,False,False
85_16,56.14495,24.98649,23.139671152653143,144.0470384670341,,,False,False
85_17,56.14495,25.07658,21.930730972493404,135.1975308577687,,,False,False
85_18,56.14495,25.16667,22.155654728475746,126.51584104675398,,,False,False
85_19,56.14495,25.25676,22.857775773928942,118.03903351932712,,,False,False
85_20,56.14495,25.34685,21.777103603981548,109.81459673691757,,,False,False
85_21,56.14495,25.43694,22.0094575118214,101.90368903620411,,,False,False
85_22,56.14495,25.52703,17.46695860102352,94.38521676550845,,,False,False
85_23,56.14495,25.61712,13.165433376135054,87.36060185903177,,,False,False
85_24,56.14495,25.70721,12.69027906750486,80.95854427184295,,,False,False
85_25,56.14495,25.7973,15.609203255163282,75.33797037693998,,,False,False
85_26,56.14495,25.88739,11.25237045805,70.68559745702066,,,False,False
85_27,56.14495,25.97748,8.999491725573428,67.20286376462744,,,False,False
85_28,56.14495,26.06757,6.201326830359498,61.746754461931616,,,False,False
85_29,56.14495,26.15766,1.4912204531352733,52.402603321420095,6.0,5-10 m,True,True
85_30,56.14495,26.24775,3.399379302974412,43.341730925196906,56.0,>40 m,True,False
85_31,56.14495,26.33784,10.292897279132871,34.78631168353621,97.0,>40 m,True,False
85_32,56.14495,26.42793,19.319835113014253,27.21737977199685,85.0,>40 m,True,False
85_33,56.14495,26.51802,26.26590427579939,21.6862280140808,86.0,>40 m,True,False
85_34,56.14495,26.60811,19.885344904437687,19.02516709650078,76.0,>40 m,True,False
85_35,56.14495,26.6982,11.56930702506576,21.27816236846411,56.0,>40 m,True,False
85_36,56.14495,26.78829,4.9230391697802185,27.25269923653558,56.0,>40 m,True,False
85_37,56.14495,26.87838,1.0890010951198954,35.09719034800864,,,False,False
85_38,56.14495,26.96847,3.04575459728945,43.81868554334936,,,False,False
85_39,56.14495,27.05856,6.689768643210739,52.98594607343755,12.0,10-20 m,True,False
85_40,56.14495,27.14865,1.7134149048717549,62.4028861314255,1.0,0-5 m,True,True
85_41,56.14495,27.23874,8.145688510274926,71.9716191709555,,,False,False
85_42,56.14495,27.32883,18.1141738396777,81.62207286319921,,,False,False
85_43,56.14495,27.41892,27.65650899425345,91.27734515409378,,,False,False
85_44,56.14495,27.50901,36.983572210256845,100.92615339496189,,,False,False
85_45,56.14495,27.5991,46.58126391716403,110.57503218122788,,,False,False
85_46,56.14495,27.68919,56.2456040920207,120.2239818249506,,,False,False
85_47,56.14495,27.77928,65.94111075621113,129.88375668713022,,,False,False
85_48,56.14495,27.86937,75.70930044540559,139.5859412983772,,,False,False
85_49,56.14495,27.95946,85.52658752804969,149.32487907983034,,,False,False
85_50,56.14495,28.04955,95.3778531328864,159.09384520630886,,,False,False
85_51,56.14495,28.13964,105.25359403728676,168.88765218393524,,,False,False
85_52,56.14495,28.22973,115.14754694021644,178.70223783725356,,,False,False
85_53,56.14495,28.31982,125.05542067144758,188.53437806002523,,,False,False
85_54,56.14495,28.40991,134.9741788032265,198.38148268786068,,,False,False
85_55,56.14495,28.5,144.90161340604564,208.2414479016616,,,False,False
85_56,56.14495,28.59009,154.8360811353127,218.11254780784645,,,False,False
85_57,56.14495,28.68018,164.77633396719455,227.99335364040823,,,False,False
85_58,56.14495,28.77027,174.72140728267755,237.88267274790311,,,False,False
85_59,56.14495,28.86036,184.6705438775385,247.7795019591663,,,False,False
85_60,56.14495,28.95045,194.62314114529565,257.6829915394224,,,False,False
85_61,56.14495,29.04054,204.5787135977641,267.5924170434748,,,False,False
85_62,56.14495,29.13063,214.53686577267203,277.5071571252633,,,False,False
85_63,56.14495,29.22072,224.49727232162232,287.4266758879513,,,False,False
85_64,56.14495,29.31081,234.4596631541838,297.35050872949523,,,False,False
85_65,56.14495,29.4009,244.42381220239304,307.27825090407094,,,False,False
85_66,56.14495,29.49099,254.38930892244557,317.2095482117647,,,False,False
85_67,56.14495,29.58108,264.35505466224004,327.1440893695533,,,False,False
85_68,56.14495,29.67117,274.3209222887341,337.08159972048054,,,False,False
85_69,56.14495,29.76126,284.2869120617495,347.02183601555595,,,False,False
85_70,56.14495,29.85135,294.25302423983254,356.9645820612502,,,False,False
85_71,56.14495,29.94144,304.2192590802628,366.9096450699269,,,False,False
85_72,56.14495,30.03153,314.1856168390448,376.85685258443897,,,False,False
85_73,56.14495,30.12162,324.15209777090865,386.8060498743939,,,False,False
85_74,56.14495,30.21171,334.1187021293001,396.7570977219136,,,False,False
85_75,56.14495,30.3018,344.08543016639175,406.7098705306981,,,False,False
85_76,56.14495,30.39189,354.05228577500736,416.6642547046629,,,False,False
85_77,56.14495,30.48198,364.0198158559288,426.62014725246775,,,False,False
86_0,56.24606,23.54505,94.77303927197852,297.3406079641572,,,False,False
86_1,56.24606,23.63514,88.29249407191197,287.86553318314105,,,False,False
86_2,56.24606,23.72523,81.8582664876374,278.3904084249798,,,False,False
86_3,56.24606,23.81532,75.54740787373233,268.9152333353232,,,False,False
86_4,56.24606,23.90541,70.01497975353529,259.44000756073547,,,False,False
86_5,56.24606,23.9955,65.2097094365313,249.9647307486981,,,False,False
86_6,56.24606,24.08559,58.204392848165234,240.48940254761456,,,False,False
86_7,56.24606,24.17568,51.28140031390629,231.02666126205327,,,False,False
86_8,56.24606,24.26577,44.97533923946977,221.60771050544272,,,False,False
86_9,56.24606,24.35586,39.99207017877612,212.23955495927288,,,False,False
86_10,56.24606,24.44595,35.316623647932126,202.9292464976917,,,False,False
86_11,56.24606,24.53604,30.640955931862,193.6851451068285,,,False,False
86_12,56.24606,24.62613,26.34698862485198,184.5172205069724,,,False,False
86_13,56.24606,24.71622,23.207729003878896,175.4374353368462,,,False,False
86_14,56.24606,24.80631,18.87931142102637,166.46023420262156,,,False,False
86_15,56.24606,24.8964,15.641939474150456,157.60317009242914,,,False,False
86_16,56.24606,24.98649,13.232685377942335,148.88770835951607,,,False,False
86_17,56.24606,25.07658,11.735886492745545,140.34025813885435,,,False,False
86_18,56.24606,25.16667,11.968279178354484,131.99348984797598,,,False,False
86_19,56.24606,25.25676,12.858759283662618,123.88800073727973,,,False,False
86_20,56.24606,25.34685,11.705588627074365,116.07437820662088,,,False,False
86_21,56.24606,25.43694,11.845076689184475,108.61566260891954,,,False,False
86_22,56.24606,25.52703,11.274678455534056,101.59009090095728,,,False,False
86_23,56.24606,25.61712,3.5004626513187067,95.09375213885092,,,False,False
86_24,56.24606,25.70721,2.700896683759968,89.24233733279058,,,False,False
86_25,56.24606,25.7973,6.762434327305984,84.17049989965388,,,False,False
86_26,56.24606,25.88739,13.00427228352296,79.00088664234661,,,False,False
86_27,56.24606,25.97748,14.636499227295284,69.11287231422602,,,False,False
86_28,56.24606,26.06757,10.22956108188058,59.25471957507488,,,False,False
86_29,56.24606,26.15766,6.140931677997672,49.44436725339233,,,False,False
86_30,56.24606,26.24775,2.954755470049464,39.71734473894263,33.0,20-40 m,True,False
86_31,56.24606,26.33784,8.223582940311028,30.15452281879095,73.0,>40 m,True,False
86_32,56.24606,26.42793,12.627485848756164,20.981806207009964,96.0,>40 m,True,False
86_33,56.24606,26.51802,18.752190684368497,13.049818072753672,90.0,>40 m,True,False
86_34,56.24606,26.60811,25.60542095952411,8.963639394134836,81.0,>40 m,True,False
86_35,56.24606,26.6982,16.88427470808378,13.090807538993372,70.0,>40 m,True,False
86_36,56.24606,26.78829,9.13734906724888,21.48335653774428,35.0,20-40 m,True,False
86_37,56.24606,26.87838,6.253389676877852,30.835863311753307,24.0,20-40 m,True,False
86_38,56.24606,26.96847,2.480694278403382,40.4683707950658,,,False,False
86_39,56.24606,27.05856,6.7632041006808965,50.12567168637155,16.0,10-20 m,True,False
86_40,56.24606,27.14865,3.2441310860702632,59.77679515018454,4.0,0-5 m,True,True
86_41,56.24606,27.23874,5.431106159202192,69.4272558300168,,,False,False
86_42,56.24606,27.32883,15.0969800187687,79.07779287788316,,,False,False
86_43,56.24606,27.41892,24.8241903075617,88.73570621610453,,,False,False
86_44,56.24606,27.50901,34.68724109952314,98.44787648708667,,,False,False
86_45,56.24606,27.5991,44.602304658167526,108.20882311878972,,,False,False
86_46,56.24606,27.68919,54.54109265219076,118.00647588659278,,,False,False
86_47,56.24606,27.77928,64.49269760510299,127.8324254803631,,,False,False
86_48,56.24606,27.86937,74.45203222200611,137.68064188632297,,,False,False
86_49,56.24606,27.95946,84.41562152427656,147.54669295473968,,,False,False
86_50,56.24606,28.04955,94.3796204463411,157.42725048029948,,,False,False
86_51,56.24606,28.13964,104.3437385494213,167.31976805661566,,,False,False
86_52,56.24606,28.22973,114.30797611486872,177.22226509794606,,,False,False
86_53,56.24606,28.31982,124.272333422799,187.13317847353423,,,False,False
86_54,56.24606,28.40991,134.23681075209464,197.0512583608352,,,False,False
86_55,56.24606,28.5,144.20140838039987,206.9754937121652,,,False,False
86_56,56.24606,28.59009,154.1661265841123,216.9050579800277,,,False,False
86_57,56.24606,28.68018,164.13096563839497,226.83926896995507,,,False,False
86_58,56.24606,28.77027,174.09592581715495,236.77755871788307,,,False,False
86_59,56.24606,28.86036,184.06100739305583,246.71945059409552,,,False,False
86_60,56.24606,28.95045,194.0269478101252,256.6645416923768,,,False,False
86_61,56.24606,29.04054,203.99455188903053,266.6124891361003,,,False,False
86_62,56.24606,29.13063,213.9636095704507,276.562999322703,,,False,False
86_63,56.24606,29.22072,223.9339447488499,286.5158193974022,,,False,False
86_64,56.24606,29.31081,233.90541136567973,296.4707304357917,,,False,False
86_65,56.24606,29.4009,243.87788727444848,306.42754194915875,,,False,False
86_66,56.24606,29.49099,253.8512695492413,316.38608742279905,,,False,False
86_67,56.24606,29.58108,263.8254708556217,326.3462206679359,,,False,False
86_68,56.24606,29.67117,273.800416613497,336.30781281937686,,,False,False
86_69,56.24606,29.76126,283.7760427575104,346.2707498495558,,,False,False
86_70,56.24606,29.85135,293.7522939531358,356.23493049829415,,,False,False
86_71,56.24606,29.94144,303.729122163889,366.20026453945286,,,False,False
86_72,56.24606,30.03153,313.7064854916081,376.1666713222543,,,False,False
86_73,56.24606,30.12162,323.68434723097914,386.1340785378471,,,False,False
86_74,56.24606,30.21171,333.6626750935024,396.102421171565,,,False,False
86_75,56.24606,30.3018,343.64144056654027,406.0716406091178,,,False,False
86_76,56.24606,30.39189,353.620618380752,416.04168387093387,,,False,False
86_77,56.24606,30.48198,363.6001860651704,426.0125029537822,,,False,False
87_0,56.34717,23.54505,87.36943120929395,300.5616307894353,,,False,False
87_1,56.34717,23.63514,80.434061661326,291.0845306171502,,,False,False
87_2,56.34717,23.72523,73.98054254234944,281.6073721705911,,,False,False
87_3,56.34717,23.81532,67.55163734906864,272.1301550991504,,,False,False
87_4,56.34717,23.90541,61.352280845301,262.66825308153454,,,False,False
87_5,56.34717,23.9955,56.20101063064532,253.24550568484983,,,False,False
87_6,56.34717,24.08559,50.931590047387125,243.86661319597945,,,False,False
87_7,56.34717,24.17568,43.91251975599113,234.53685131854527,,,False,False
87_8,56.34717,24.26577,36.976938948980525,225.26233987037784,,,False,False
87_9,56.34717,24.35586,30.95544526685497,216.0502101385388,,,False,False
87_10,56.34717,24.44595,26.261397706826944,206.9088111246332,,,False,False
87_11,56.34717,24.53604,21.592262783165456,197.84796469570432,,,False,False
87_12,56.34717,24.62613,16.922928786197396,188.8792822864815,,,False,False
87_13,56.34717,24.71622,14.002442557563969,180.01655899466007,,,False,False
87_14,56.34717,24.80631,9.670174986516022,171.27626463962093,,,False,False
87_15,56.34717,24.8964,5.734971803606412,162.67815539285857,,,False,False
87_16,56.34717,24.98649,3.324067320661149,154.24603331275296,,,False,False
87_17,56.34717,25.07658,1.541415064640926,146.00868312511264,,,False,False
87_18,56.34717,25.16667,1.7812765707145168,138.00101304101327,,,False,False
87_19,56.34717,25.25676,2.858206814401456,130.26541393744952,,,False,False
87_20,56.34717,25.34685,2.244765477811383,122.85331943266496,,,False,False
87_21,56.34717,25.43694,1.692245922475112,115.82688311262662,,,False,False
87_22,56.34717,25.52703,2.155126569958062,109.26056713527218,,,False,False
87_23,56.34717,25.61712,1.5649779867966325,103.24223628314256,132.0,>40 m,True,False
87_24,56.34717,25.70721,5.624495837974041,94.0294585245372,13.0,10-20 m,True,False
87_25,56.34717,25.7973,0.3968837163089989,84.73824272855471,,,False,False
87_26,56.34717,25.88739,4.165579298037584,75.62180985756025,,,False,False
87_27,56.34717,25.97748,5.51930258118896,66.75186461647239,,,False,False
87_28,56.34717,26.06757,4.453901546533914,58.24119709922474,,,False,False
87_29,56.34717,26.15766,1.1534637577375826,48.44548601576528,,,False,False
87_30,56.34717,26.24775,0.8532576141410118,38.46787713449156,,,False,False
87_31,56.34717,26.33784,0.7249201877238599,28.490217647466118,,,False,False
87_32,56.34717,26.42793,4.933438838043284,18.512626454763552,90.0,>40 m,True,False
87_33,56.34717,26.51802,14.718421251369437,8.535779824986742,88.0,>40 m,True,False
87_34,56.34717,26.60811,24.32135126034365,0.6909562419866118,76.0,>40 m,True,False
87_35,56.34717,26.6982,14.348389424103308,8.967860718429295,72.0,>40 m,True,False
87_36,56.34717,26.78829,4.3997677037606575,18.621562935571475,63.0,>40 m,True,False
87_37,56.34717,26.87838,0.3459893767853658,28.273574167505156,,,False,False
87_38,56.34717,26.96847,6.10841947902518,37.92566721095248,26.0,20-40 m,True,False
87_39,56.34717,27.05856,8.678704906201478,47.58260683970588,14.0,10-20 m,True,False
87_40,56.34717,27.14865,5.8238599755254254,57.31982210803293,7.0,5-10 m,True,True
87_41,56.34717,27.23874,4.139364526999642,67.12817887016693,,,False,False
87_42,56.34717,27.32883,14.104331863724015,76.98053856341531,,,False,False
87_43,56.34717,27.41892,24.078708689859518,86.86197358340664,,,False,False
87_44,56.34717,27.50901,34.0561260453202,96.76361673786975,,,False,False
87_45,56.34717,27.5991,44.034604610201,106.67987749479973,,,False,False
87_46,56.34717,27.68919,54.013627720528525,116.60705994222836,,,False,False
87_47,56.34717,27.77928,63.99300113591858,126.5426244555501,,,False,False
87_48,56.34717,27.86937,73.9726355778227,136.4847690900108,,,False,False
87_49,56.34717,27.95946,83.95248434892314,146.43218028504566,,,False,False
87_50,56.34717,28.04955,93.93252071403954,156.3838781362428,,,False,False
87_51,56.34717,28.13964,103.91272831419464,166.33911691970772,,,False,False
87_52,56.34717,28.22973,113.89309662017448,176.29731916665898,,,False,False
87_53,56.34717,28.31982,123.8736185837136,186.2580308014994,,,False,False
87_54,56.34717,28.40991,133.8542893393792,196.22088989524704,,,False,False
87_55,56.34717,28.5,143.83510544686783,206.1856044491559,,,False,False
87_56,56.34717,28.59009,153.81606442825253,216.1519363058251,,,False,False
87_57,56.34717,28.68018,163.79716447442053,226.11968930401292,,,False,False
87_58,56.34717,28.77027,173.77840425264327,236.0887004269489,,,False,False
87_59,56.34717,28.86036,183.75978277686212,246.058833097707,,,False,False
87_60,56.34717,28.95045,193.7412993180673,256.0299720379479,,,False,False
87_61,56.34717,29.04054,203.722953341016,266.00201928082714,,,False,False
87_62,56.34717,29.13063,213.70474445867765,275.9748910468105,,,False,False
87_63,56.34717,29.22072,223.68667239888225,285.94851527220004,,,False,False
87_64,56.34717,29.31081,233.66873697950533,295.92282963667,,,False,False
87_65,56.34717,29.4009,243.6509380897656,305.8977799761559,,,False,False
87_66,56.34717,29.49099,253.63327567591912,315.87331899603265,,,False,False
87_67,56.34717,29.58108,263.61574973022186,325.8494052203746,,,False,False
87_68,56.34717,29.67117,273.5983602822899,335.82600212824894,,,False,False
87_69,56.34717,29.76126,283.58110739229767,345.8030774393586,,,False,False
87_70,56.34717,29.85135,293.56399114555023,355.78060251973227,,,False,False
87_71,56.34717,29.94144,303.5470116481457,365.7585518846029,,,False,False
87_72,56.34717,30.03153,313.53016902343944,375.736902780386,,,False,False
87_73,56.34717,30.12162,323.5134634091856,385.715634831501,,,False,False
87_74,56.34717,30.21171,333.496894955174,395.6947297405635,,,False,False
87_75,56.34717,30.3018,343.4804638212955,405.6741710328008,,,False,False
87_76,56.34717,30.39189,353.46417017591585,415.653943837234,,,False,False
87_77,56.34717,30.48198,363.4480141945362,425.6340346986353,,,False,False
88_0,56.44828,23.54505,80.55957231858375,303.7757573724232,,,False,False
88_1,56.44828,23.63514,73.03453909436237,294.31517664772184,,,False,False
88_2,56.44828,23.72523,66.10597268216196,284.8895658939684,,,False,False
88_3,56.44828,23.81532,59.67485691870557,275.50252653094947,,,False,False
88_4,56.44828,23.90541,53.2512984178441,266.1581523251559,,,False,False
88_5,56.44828,23.9955,47.25001798430305,256.8611128412716,,,False,False
88_6,56.44828,24.08559,42.73917413812144,247.61675354677055,,,False,False
88_7,56.44828,24.17568,36.66000387810961,238.43121630045528,,,False,False
88_8,56.44828,24.26577,29.63662464527315,229.3115848400097,,,False,False
88_9,56.44828,24.35586,22.67841220506996,220.266060965387,,,False,False
88_10,56.44828,24.44595,17.202819866504097,211.30417841952556,,,False,False
88_11,56.44828,24.53604,12.540207689140844,202.4370630057656,,,False,False
88_12,56.44828,24.62613,7.877418619569005,193.6777492274024,,,False,False
88_13,56.44828,24.71622,4.268841341746089,185.0415655904064,,,False,False
88_14,56.44828,24.80631,0.4579136762012843,176.54660243733224,,,False,False
88_15,56.44828,24.8964,3.857242588532481,168.2142772855471,34.0,20-40 m,True,False
88_16,56.44828,24.98649,6.583723441634055,160.0700121904543,45.0,>40 m,True,False
88_17,56.44828,25.07658,8.652703814379917,152.14403397064345,55.0,>40 m,True,False
88_18,56.44828,25.16667,8.405373504843176,144.4722983826842,62.0,>40 m,True,False
88_19,56.44828,25.25676,7.276615303876027,137.09751900144917,69.0,>40 m,True,False
88_20,56.44828,25.34685,6.980346146784402,130.06348613628555,74.0,>40 m,True,False
88_21,56.44828,25.43694,8.45602256906143,120.24905726253157,75.0,>40 m,True,False
88_22,56.44828,25.52703,7.870129028229117,110.4635142615966,78.0,>40 m,True,False
88_23,56.44828,25.61712,10.411428347375445,100.71531308734546,76.0,>40 m,True,False
88_24,56.44828,25.70721,13.567320149828484,91.0164927497914,53.0,>40 m,True,False
88_25,56.44828,25.7973,8.536824525638004,81.38475442571345,41.0,>40 m,True,False
88_26,56.44828,25.88739,4.386591193763182,71.84713285899676,44.0,>40 m,True,False
88_27,56.44828,25.97748,3.100978209970013,62.44682559729864,203.0,>40 m,True,False
88_28,56.44828,26.06757,0.5226479927930988,53.25666336195189,2.0,0-5 m,True,True
88_29,56.44828,26.15766,0.4095257570446235,44.40739103704905,,,False,False
88_30,56.44828,26.24775,1.1320142024534208,36.15032494212465,26.0,20-40 m,True,False
88_31,56.44828,26.33784,0.2719294071628825,28.99600780204577,,,False,False
88_32,56.44828,26.42793,7.571792413038048,20.54751253017646,73.0,>40 m,True,False
88_33,56.44828,26.51802,16.578294203402255,10.91248796102238,96.0,>40 m,True,False
88_34,56.44828,26.60811,25.81106893986069,1.2773773805040265,79.0,>40 m,True,False
88_35,56.44828,26.6982,17.010605488721048,6.427312463556263,70.0,>40 m,True,False
88_36,56.44828,26.78829,8.723989099814158,16.31718674982268,64.0,>40 m,True,False
88_37,56.44828,26.87838,4.100766479218572,26.274143363586123,58.0,>40 m,True,False
88_38,56.44828,26.96847,8.544629787688873,36.24304085082945,28.0,20-40 m,True,False
88_39,56.44828,27.05856,0.873407458315527,46.21623519117684,,,False,False
88_40,56.44828,27.14865,3.059189418144233,56.19150645981306,2.0,0-5 m,True,True
88_41,56.44828,27.23874,6.592552808860616,66.16797318686244,,,False,False
88_42,56.44828,27.32883,15.864368590117614,76.14521591872783,,,False,False
88_43,56.44828,27.41892,25.334803058206187,86.12300967782302,,,False,False
88_44,56.44828,27.50901,35.08461614780273,96.10122302715854,,,False,False
88_45,56.44828,27.5991,44.93477561498313,106.07977408451976,,,False,False
88_46,56.44828,27.68919,54.80620274087734,116.05860922226344,,,False,False
88_47,56.44828,27.77928,64.67781135220979,126.03769188346666,,,False,False
88_48,56.44828,27.86937,74.56522722977265,136.01699632026464,,,False,False
88_49,56.44828,27.95946,84.47452911662178,145.99650389978046,,,False,False
88_50,56.44828,28.04955,94.39886640126792,155.97620082788498,,,False,False
88_51,56.44828,28.13964,104.3339862302888,165.95607669414892,,,False,False
88_52,56.44828,28.22973,114.2771107959136,175.9361235119072,,,False,False
88_53,56.44828,28.31982,124.22634976146148,185.91633506746268,,,False,False
88_54,56.44828,28.40991,134.1803724984308,195.89670646819576,,,False,False
88_55,56.44828,28.5,144.13821544385658,205.877233822084,,,False,False
88_56,56.44828,28.59009,154.0991638275714,215.8579140061124,,,False,False
88_57,56.44828,28.68018,164.06267632528863,225.83874449609897,,,False,False
88_58,56.44828,28.77027,174.02833551104965,235.8197232396988,,,False,False
88_59,56.44828,28.86036,183.99581436579277,245.80084856037416,,,False,False
88_60,56.44828,28.95045,193.96485308626865,255.78211908381425,,,False,False
88_61,56.44828,29.04054,203.93524268059235,265.76353368096136,,,False,False
88_62,56.44828,29.13063,213.9068131421802,275.745091423378,,,False,False
88_63,56.44828,29.22072,223.8794247782508,285.7267915479949,,,False,False
88_64,56.44828,29.31081,233.8529617533099,295.70863342897405,,,False,False
88_65,56.44828,29.4009,243.82732721476543,305.69061655509955,,,False,False
88_66,56.44828,29.49099,253.80243956624523,315.672740511446,,,False,False
88_67,56.44828,29.58108,263.7782295853584,325.655004964423,,,False,False
88_68,56.44828,29.67117,273.75463817084494,335.63740964948323,,,False,False
88_69,56.44828,29.76126,283.7316145644504,345.6199543609647,,,False,False
88_70,56.44828,29.85135,293.7091149347959,355.60263894363584,,,False,False
88_71,56.44828,29.94144,303.68710124011926,365.58546328563295,,,False,False
88_72,56.44828,30.03153,313.6655403078602,375.56842731252016,,,False,False
88_73,56.44828,30.12162,323.644403084346,385.5515309822688,,,False,False
88_74,56.44828,30.21171,333.62366401900914,395.5347742809979,,,False,False
88_75,56.44828,30.3018,343.6033005558256,405.5181572193521,,,False,False
88_76,56.44828,30.39189,353.58329271078253,415.5016798293823,,,False,False
88_77,56.44828,30.48198,363.5636227189039,425.4853421618857,,,False,False
89_0,56.54939,23.54505,73.89961245491915,307.1462110360001,,,False,False
89_1,56.54939,23.63514,66.28271031380001,297.7904895498947,,,False,False
89_2,56.54939,23.72523,58.711275428315965,288.47613016368587,,,False,False
89_3,56.54939,23.81532,51.793463669241234,279.2072844616378,,,False,False
89_4,56.54939,23.90541,45.37543652426045,269.98865250157365,,,False,False
89_5,56.54939,23.9955,38.9572491836197,260.82557159459265,,,False,False
89_6,56.54939,24.08559,33.35181978590923,251.7241217119925,,,False,False
89_7,56.54939,24.17568,28.72504198724876,242.69125091349773,,,False,False
89_8,56.54939,24.26577,22.39495187593274,233.73492487808744,,,False,False
89_9,56.54939,24.35586,15.36505841600251,224.8643054094135,,,False,False
89_10,56.54939,24.44595,8.385856784509723,216.0899636664873,,,False,False
89_11,56.54939,24.53604,3.484772267669768,207.4241347909233,,,False,False
89_12,56.54939,24.62613,1.1714818059897931,198.88102146403077,8.0,5-10 m,True,True
89_13,56.54939,24.71622,5.827890639566338,190.4771545368341,30.0,20-40 m,True,False
89_14,56.54939,24.80631,8.339362314736563,182.23181888556732,10.0,10-20 m,True,False
89_15,56.54939,24.8964,13.065920136295418,174.16755145961102,62.0,>40 m,True,False
89_16,56.54939,24.98649,16.486822784291515,166.3107151359062,92.0,>40 m,True,False
89_17,56.54939,25.07658,18.846490643677623,158.51017663302792,126.0,>40 m,True,False
89_18,56.54939,25.16667,18.59169145553192,148.56669598938882,131.0,>40 m,True,False
89_19,56.54939,25.25676,17.410554226001363,138.62775262691457,126.0,>40 m,True,False
89_20,56.54939,25.34685,16.9404954689367,128.69442561540615,111.0,>40 m,True,False
89_21,56.54939,25.43694,18.596249247723943,118.76815442637316,97.0,>40 m,True,False
89_22,56.54939,25.52703,18.02880761864352,108.85090251546566,87.0,>40 m,True,False
89_23,56.54939,25.61712,20.14928821711552,98.94541850749968,85.0,>40 m,True,False
89_24,56.54939,25.70721,21.640129053483022,89.05567005053275,91.0,>40 m,True,False
89_25,56.54939,25.7973,18.050992882363087,79.18759905407018,86.0,>40 m,True,False
89_26,56.54939,25.88739,11.680895156512728,69.35051252917741,87.0,>40 m,True,False
89_27,56.54939,25.97748,10.18848840668043,59.559826582218,86.0,>40 m,True,False
89_28,56.54939,26.06757,8.378549346526206,49.842966145311145,90.0,>40 m,True,False
89_29,56.54939,26.15766,7.0751070229800375,40.25352127032936,67.0,>40 m,True,False
89_30,56.54939,26.24775,6.353918274629046,30.910426400281533,100.0,>40 m,True,False
89_31,56.54939,26.33784,3.8533584654528834,22.128130776785603,95.0,>40 m,True,False
89_32,56.54939,26.42793,9.059535985325446,14.931596501377976,161.0,>40 m,True,False
89_33,56.54939,26.51802,18.291971619478524,9.705228675566335,63.0,>40 m,True,False
89_34,56.54939,26.60811,28.03994971913328,1.7536562525185082,76.0,>40 m,True,False
89_35,56.54939,26.6982,22.85342585099573,6.288746946465155,62.0,>40 m,True,False
89_36,56.54939,26.78829,16.16162784124351,16.26693232285221,59.0,>40 m,True,False
89_37,56.54939,26.87838,14.04018649670029,26.24524436472101,41.0,>40 m,True,False
89_38,56.54939,26.96847,10.726134084562794,36.22368336648941,32.0,20-40 m,True,False
89_39,56.54939,27.05856,4.369593658952453,46.202249621346034,13.0,10-20 m,True,False
89_40,56.54939,27.14865,1.978609371381264,56.18094342124196,1.0,0-5 m,True,True
89_41,56.54939,27.23874,7.794825829320347,66.15976505688843,,,False,False
89_42,56.54939,27.32883,17.633641792718553,76.13871481775625,,,False,False
89_43,56.54939,27.41892,27.568989503960843,86.1177929920708,,,False,False
89_44,56.54939,27.50901,37.52768749524085,96.0969998668101,,,False,False
89_45,56.54939,27.5991,47.390938140705664,106.07633572770158,,,False,False
89_46,56.54939,27.68919,56.86091644973936,116.05580085921927,,,False,False
89_47,56.54939,27.77928,66.48027160003755,126.03539554458112,,,False,False
89_48,56.54939,27.86937,76.19249888060104,136.0151200657426,,,False,False
89_49,56.54939,27.95946,85.966172144766,145.99497470340745,,,False,False
89_50,56.54939,28.04955,95.78252423989892,155.97495973699978,,,False,False
89_51,56.54939,28.13964,105.62969436958134,165.95507544468947,,,False,False
89_52,56.54939,28.22973,115.49777017073389,175.9353221033673,,,False,False
89_53,56.54939,28.31982,125.36888862765925,185.91569998865492,,,False,False
89_54,56.54939,28.40991,135.24116642920512,195.89620937489744,,,False,False
89_55,56.54939,28.5,145.12529232286613,205.87685053516293,,,False,False
89_56,56.54939,28.59009,155.02193133468143,215.85762374123053,,,False,False
89_57,56.54939,28.68018,164.9288551257204,225.83852926360635,,,False,False
89_58,56.54939,28.77027,174.844338356417,235.8195673715022,,,False,False
89_59,56.54939,28.86036,184.76702473932767,245.80073833284135,,,False,False
89_60,56.54939,28.95045,194.69583362513745,255.78204241425544,,,False,False
89_61,56.54939,29.04054,204.6298935318014,265.76347988108176,,,False,False
89_62,56.54939,29.13063,214.56849398508453,275.7450509973595,,,False,False
89_63,56.54939,29.22072,224.5110500547608,285.7267560258275,,,False,False
89_64,56.54939,29.31081,234.4570758529212,295.70859522791744,,,False,False
89_65,56.54939,29.4009,244.4061644630748,305.69056886376285,,,False,False
89_66,56.54939,29.49099,254.35797255287665,315.6726771921843,,,False,False
89_67,56.54939,29.58108,264.312208444863,325.65492047069307,,,False,False
89_68,56.54939,29.67117,274.2686227723927,335.6372989554848,,,False,False
89_69,56.54939,29.76126,284.2270010907359,345.6198129014423,,,False,False
89_70,56.54939,29.85135,294.18715798261434,355.60246256212565,,,False,False
89_71,56.54939,29.94144,304.148932317434,365.58524818977634,,,False,False
89_72,56.54939,30.03153,314.11218340932083,375.5681700353123,,,False,False
89_73,56.54939,30.12162,324.07678788143136,385.5512283483248,,,False,False
89_74,56.54939,30.21171,334.0426370896879,395.534423377073,,,False,False
89_75,56.54939,30.3018,344.0096349929665,405.51775536849016,,,False,False
89_76,56.54939,30.39189,353.97769638205125,415.5012245681705,,,False,False
89_77,56.54939,30.48198,363.9467453988533,425.48483122037504,,,False,False
