cell_id,ev_Antes,ev_Despues,pa_Antes,pa_Despues,tasa_antes,tasa_despues,delta_tasa,esperado,exceso
0_0,0,0,72,37,0.0,0.0,0.0,0.0,0.0
0_1,0,0,72,37,0.0,0.0,0.0,0.0,0.0
0_10,0,0,72,41,0.0,0.0,0.0,0.0,0.0
0_11,0,0,72,36,0.0,0.0,0.0,0.0,0.0
0_12,0,0,72,36,0.0,0.0,0.0,0.0,0.0
0_13,0,0,72,36,0.0,0.0,0.0,0.0,0.0
0_14,0,0,143,66,0.0,0.0,0.0,0.0,0.0
0_15,0,0,72,36,0.0,0.0,0.0,0.0,0.0
0_16,0,0,73,36,0.0,0.0,0.0,0.0,0.0
0_17,0,0,72,36,0.0,0.0,0.0,0.0,0.0
0_18,0,0,72,37,0.0,0.0,0.0,0.0,0.0
0_19,0,0,72,36,0.0,0.0,0.0,0.0,0.0
0_2,0,0,73,41,0.0,0.0,0.0,0.0,0.0
0_20,0,0,72,36,0.0,0.0,0.0,0.0,0.0
0_21,0,0,72,36,0.0,0.0,0.0,0.0,0.0
0_22,0,0,148,106,0.0,0.0,0.0,0.0,0.0
0_23,0,0,148,106,0.0,0.0,0.0,0.0,0.0
0_24,0,0,223,137,0.0,0.0,0.0,0.0,0.0
0_25,0,0,148,106,0.0,0.0,0.0,0.0,0.0
0_26,0,0,148,106,0.0,0.0,0.0,0.0,0.0
0_27,0,0,148,106,0.0,0.0,0.0,0.0,0.0
0_28,0,0,148,111,0.0,0.0,0.0,0.0,0.0
0_29,0,0,148,106,0.0,0.0,0.0,0.0,0.0
0_3,0,0,73,41,0.0,0.0,0.0,0.0,0.0
0_30,0,0,148,106,0.0,0.0,0.0,0.0,0.0
0_31,0,0,220,135,0.0,0.0,0.0,0.0,0.0
0_32,0,0,148,105,0.0,0.0,0.0,0.0,0.0
0_33,0,0,149,105,0.0,0.0,0.0,0.0,0.0
0_34,0,0,149,105,0.0,0.0,0.0,0.0,0.0
0_35,0,0,148,106,0.0,0.0,0.0,0.0,0.0
0_36,0,0,148,143,0.0,0.0,0.0,0.0,0.0
0_37,0,0,148,139,0.0,0.0,0.0,0.0,0.0
0_38,0,0,148,104,0.0,0.0,0.0,0.0,0.0
0_39,0,0,148,104,0.0,0.0,0.0,0.0,0.0
0_4,0,0,73,41,0.0,0.0,0.0,0.0,0.0
0_40,0,0,148,104,0.0,0.0,0.0,0.0,0.0
0_41,0,0,222,134,0.0,0.0,0.0,0.0,0.0
0_42,0,0,147,103,0.0,0.0,0.0,0.0,0.0
0_43,0,0,147,103,0.0,0.0,0.0,0.0,0.0
0_44,0,0,148,108,0.0,0.0,0.0,0.0,0.0
0_45,0,0,148,113,0.0,0.0,0.0,0.0,0.0
0_46,0,0,148,144,0.0,0.0,0.0,0.0,0.0
0_47,0,0,149,144,0.0,0.0,0.0,0.0,0.0
0_48,0,0,291,202,0.0,0.0,0.0,0.0,0.0
0_49,0,0,219,173,0.0,0.0,0.0,0.0,0.0
0_5,0,0,73,41,0.0,0.0,0.0,0.0,0.0
0_50,0,0,219,173,0.0,0.0,0.0,0.0,0.0
0_51,0,0,220,173,0.0,0.0,0.0,0.0,0.0
0_52,0,0,219,174,0.0,0.0,0.0,0.0,0.0
0_53,0,0,219,177,0.0,0.0,0.0,0.0,0.0
0_54,0,0,219,208,0.0,0.0,0.0,0.0,0.0
0_55,0,0,219,174,0.0,0.0,0.0,0.0,0.0
0_56,0,0,215,173,0.0,0.0,0.0,0.0,0.0
0_57,0,0,148,138,0.0,0.0,0.0,0.0,0.0
0_58,0,0,222,168,0.0,0.0,0.0,0.0,0.0
0_59,0,0,222,168,0.0,0.0,0.0,0.0,0.0
0_6,0,0,144,68,0.0,0.0,0.0,0.0,0.0
0_60,0,0,148,138,0.0,0.0,0.0,0.0,0.0
0_61,0,0,148,175,0.0,0.0,0.0,0.0,0.0
0_62,0,0,148,139,0.0,0.0,0.0,0.0,0.0
0_63,0,0,149,144,0.0,0.0,0.0,0.0,0.0
0_64,0,0,220,173,0.0,0.0,0.0,0.0,0.0
0_65,0,0,150,140,0.0,0.0,0.0,0.0,0.0
0_66,0,0,149,140,0.0,0.0,0.0,0.0,0.0
0_67,0,0,148,140,0.0,0.0,0.0,0.0,0.0
0_68,0,0,148,140,0.0,0.0,0.0,0.0,0.0
0_69,0,0,148,140,0.0,0.0,0.0,0.0,0.0
0_7,0,0,72,36,0.0,0.0,0.0,0.0,0.0
0_70,0,0,148,144,0.0,0.0,0.0,0.0,0.0
0_71,0,0,148,144,0.0,0.0,0.0,0.0,0.0
0_72,0,0,148,140,0.0,0.0,0.0,0.0,0.0
0_73,0,0,148,140,0.0,0.0,0.0,0.0,0.0
0_74,0,0,148,140,0.0,0.0,0.0,0.0,0.0
0_75,0,0,148,105,0.0,0.0,0.0,0.0,0.0
0_76,0,0,223,135,0.0,0.0,0.0,0.0,0.0
0_77,0,0,149,105,0.0,0.0,0.0,0.0,0.0
0_8,0,0,72,36,0.0,0.0,0.0,0.0,0.0
0_9,0,0,72,36,0.0,0.0,0.0,0.0,0.0
10_0,0,0,77,40,0.0,0.0,0.0,0.0,0.0
10_1,0,0,77,40,0.0,0.0,0.0,0.0,0.0
10_10,0,0,149,67,0.0,0.0,0.0,0.0,0.0
10_11,0,0,149,67,0.0,0.0,0.0,0.0,0.0
10_12,0,0,149,67,0.0,0.0,0.0,0.0,0.0
10_13,0,0,149,67,0.0,0.0,0.0,0.0,0.0
10_14,0,0,149,67,0.0,0.0,0.0,0.0,0.0
10_15,0,0,150,67,0.0,0.0,0.0,0.0,0.0
10_16,0,0,222,99,0.0,0.0,0.0,0.0,0.0
10_17,0,0,149,102,0.0,0.0,0.0,0.0,0.0
10_18,0,0,149,137,0.0,0.0,0.0,0.0,0.0
10_19,0,0,149,137,0.0,0.0,0.0,0.0,0.0
10_2,0,0,77,40,0.0,0.0,0.0,0.0,0.0
10_20,0,0,149,141,0.0,0.0,0.0,0.0,0.0
10_21,0,0,149,141,0.0,0.0,0.0,0.0,0.0
10_22,0,0,149,137,0.0,0.0,0.0,0.0,0.0
10_23,0,0,149,137,0.0,0.0,0.0,0.0,0.0
10_24,0,0,149,137,0.0,0.0,0.0,0.0,0.0
10_25,0,0,149,137,0.0,0.0,0.0,0.0,0.0
10_26,0,0,224,168,0.0,0.0,0.0,0.0,0.0
10_27,0,0,149,137,0.0,0.0,0.0,0.0,0.0
10_28,0,0,149,137,0.0,0.0,0.0,0.0,0.0
10_29,0,0,149,137,0.0,0.0,0.0,0.0,0.0
10_3,0,0,77,44,0.0,0.0,0.0,0.0,0.0
10_30,0,0,149,137,0.0,0.0,0.0,0.0,0.0
10_31,0,0,149,137,0.0,0.0,0.0,0.0,0.0
10_32,0,0,150,137,0.0,0.0,0.0,0.0,0.0
10_33,0,0,223,169,0.0,0.0,0.0,0.0,0.0
10_34,0,0,221,164,0.0,0.0,0.0,0.0,0.0
10_35,0,0,149,137,0.0,0.0,0.0,0.0,0.0
10_36,0,0,149,137,0.0,0.0,0.0,0.0,0.0
10_37,0,0,149,137,0.0,0.0,0.0,0.0,0.0
10_38,0,0,149,175,0.0,0.0,0.0,0.0,0.0
10_39,0,0,149,136,0.0,0.0,0.0,0.0,0.0
10_4,0,0,149,67,0.0,0.0,0.0,0.0,0.0
10_40,0,0,149,136,0.0,0.0,0.0,0.0,0.0
10_41,0,0,149,136,0.0,0.0,0.0,0.0,0.0
10_42,0,0,149,171,0.0,0.0,0.0,0.0,0.0
10_43,0,0,224,171,0.0,0.0,0.0,0.0,0.0
10_44,0,0,149,140,0.0,0.0,0.0,0.0,0.0
10_45,0,0,149,176,0.0,0.0,0.0,0.0,0.0
10_46,0,0,150,176,0.0,0.0,0.0,0.0,0.0
10_47,0,0,221,204,0.0,0.0,0.0,0.0,0.0
10_48,0,0,221,204,0.0,0.0,0.0,0.0,0.0
10_49,0,0,221,204,0.0,0.0,0.0,0.0,0.0
10_5,0,0,149,67,0.0,0.0,0.0,0.0,0.0
10_50,0,0,223,204,0.0,0.0,0.0,0.0,0.0
10_51,0,0,294,236,0.0,0.0,0.0,0.0,0.0
10_52,0,0,221,204,0.0,0.0,0.0,0.0,0.0
10_53,1,1,221,204,0.004524886877828055,0.004901960784313725,0.0003770739064856707,0.9230769230769231,0.07692307692307687
10_54,0,0,221,204,0.0,0.0,0.0,0.0,0.0
10_55,1,1,221,243,0.004524886877828055,0.00411522633744856,-0.0004096605403794947,1.0995475113122173,-0.09954751131221728
10_56,0,0,221,239,0.0,0.0,0.0,0.0,0.0
10_57,2,0,221,205,0.00904977375565611,0.0,-0.00904977375565611,1.8552036199095023,-1.8552036199095023
10_58,3,3,221,205,0.013574660633484163,0.014634146341463415,0.0010594857079792522,2.7828054298642533,0.21719457013574672
10_59,6,6,221,277,0.027149321266968326,0.021660649819494584,-0.005488671447473743,7.520361990950226,-1.5203619909502262
10_6,0,0,149,67,0.0,0.0,0.0,0.0,0.0
10_60,3,7,295,271,0.010169491525423728,0.025830258302583026,0.0156607667771593,2.7559322033898304,4.244067796610169
10_61,5,1,221,206,0.02262443438914027,0.0048543689320388345,-0.017770065457101435,4.660633484162896,-3.6606334841628962
10_62,2,3,293,240,0.006825938566552901,0.0125,0.0056740614334471,1.6382252559726962,1.3617747440273038
10_63,4,3,221,207,0.01809954751131222,0.014492753623188406,-0.003606793888123813,3.7466063348416294,-0.7466063348416294
10_64,0,3,221,207,0.0,0.014492753623188406,0.014492753623188406,0.0,3.0
10_65,0,2,148,140,0.0,0.014285714285714285,0.014285714285714285,0.0,2.0
10_66,1,4,148,140,0.006756756756756757,0.02857142857142857,0.021814671814671813,0.945945945945946,3.054054054054054
10_67,5,7,149,140,0.03355704697986577,0.05,0.01644295302013423,4.697986577181208,2.302013422818792
10_68,5,3,148,140,0.033783783783783786,0.02142857142857143,-0.012355212355212357,4.72972972972973,-1.7297297297297298
10_69,5,7,148,140,0.033783783783783786,0.05,0.016216216216216217,4.72972972972973,2.27027027027027
10_7,0,0,149,67,0.0,0.0,0.0,0.0,0.0
10_70,20,19,148,140,0.13513513513513514,0.1357142857142857,0.0005791505791505613,18.91891891891892,0.0810810810810807
10_71,0,0,148,140,0.0,0.0,0.0,0.0,0.0
10_72,0,0,148,144,0.0,0.0,0.0,0.0,0.0
10_73,0,0,148,140,0.0,0.0,0.0,0.0,0.0
10_74,0,0,148,140,0.0,0.0,0.0,0.0,0.0
10_75,0,0,223,208,0.0,0.0,0.0,0.0,0.0
10_76,0,0,223,208,0.0,0.0,0.0,0.0,0.0
10_77,0,0,298,238,0.0,0.0,0.0,0.0,0.0
10_8,0,0,224,98,0.0,0.0,0.0,0.0,0.0
10_9,0,0,150,70,0.0,0.0,0.0,0.0,0.0
11_0,0,0,77,40,0.0,0.0,0.0,0.0,0.0
11_1,0,0,77,40,0.0,0.0,0.0,0.0,0.0
11_10,0,0,149,67,0.0,0.0,0.0,0.0,0.0
11_11,0,0,149,67,0.0,0.0,0.0,0.0,0.0
11_12,0,0,149,67,0.0,0.0,0.0,0.0,0.0
11_13,0,0,149,67,0.0,0.0,0.0,0.0,0.0
11_14,0,0,149,67,0.0,0.0,0.0,0.0,0.0
11_15,0,0,150,67,0.0,0.0,0.0,0.0,0.0
11_16,0,0,222,99,0.0,0.0,0.0,0.0,0.0
11_17,0,0,149,102,0.0,0.0,0.0,0.0,0.0
11_18,0,0,149,137,0.0,0.0,0.0,0.0,0.0
11_19,0,0,149,137,0.0,0.0,0.0,0.0,0.0
11_2,0,0,77,40,0.0,0.0,0.0,0.0,0.0
11_20,0,0,149,141,0.0,0.0,0.0,0.0,0.0
11_21,0,0,149,141,0.0,0.0,0.0,0.0,0.0
11_22,0,0,149,137,0.0,0.0,0.0,0.0,0.0
11_23,0,0,149,137,0.0,0.0,0.0,0.0,0.0
11_24,0,0,149,137,0.0,0.0,0.0,0.0,0.0
11_25,0,0,149,137,0.0,0.0,0.0,0.0,0.0
11_26,0,0,224,168,0.0,0.0,0.0,0.0,0.0
11_27,0,0,149,137,0.0,0.0,0.0,0.0,0.0
11_28,0,0,149,137,0.0,0.0,0.0,0.0,0.0
11_29,0,0,149,137,0.0,0.0,0.0,0.0,0.0
11_3,0,0,77,44,0.0,0.0,0.0,0.0,0.0
11_30,0,0,149,137,0.0,0.0,0.0,0.0,0.0
11_31,0,0,149,137,0.0,0.0,0.0,0.0,0.0
11_32,0,0,149,137,0.0,0.0,0.0,0.0,0.0
11_33,0,0,223,169,0.0,0.0,0.0,0.0,0.0
11_34,0,0,149,137,0.0,0.0,0.0,0.0,0.0
11_35,0,0,149,137,0.0,0.0,0.0,0.0,0.0
11_36,0,0,149,137,0.0,0.0,0.0,0.0,0.0
11_37,0,0,149,137,0.0,0.0,0.0,0.0,0.0
11_38,0,0,149,175,0.0,0.0,0.0,0.0,0.0
11_39,0,0,149,171,0.0,0.0,0.0,0.0,0.0
11_4,0,0,149,67,0.0,0.0,0.0,0.0,0.0
11_40,0,0,149,136,0.0,0.0,0.0,0.0,0.0
11_41,0,0,149,136,0.0,0.0,0.0,0.0,0.0
11_42,0,0,149,171,0.0,0.0,0.0,0.0,0.0
11_43,0,0,224,171,0.0,0.0,0.0,0.0,0.0
11_44,0,0,149,140,0.0,0.0,0.0,0.0,0.0
11_45,0,0,149,176,0.0,0.0,0.0,0.0,0.0
11_46,0,0,153,177,0.0,0.0,0.0,0.0,0.0
11_47,0,0,221,204,0.0,0.0,0.0,0.0,0.0
11_48,0,0,221,204,0.0,0.0,0.0,0.0,0.0
11_49,0,0,221,204,0.0,0.0,0.0,0.0,0.0
11_5,0,0,149,67,0.0,0.0,0.0,0.0,0.0
11_50,0,0,223,209,0.0,0.0,0.0,0.0,0.0
11_51,2,1,293,236,0.006825938566552901,0.00423728813559322,-0.0025886504309596808,1.6109215017064846,-0.6109215017064846
11_52,0,0,221,204,0.0,0.0,0.0,0.0,0.0
11_53,4,5,221,204,0.01809954751131222,0.024509803921568627,0.006410256410256408,3.6923076923076925,1.3076923076923075
11_54,8,9,221,204,0.03619909502262444,0.04411764705882353,0.007918552036199095,7.384615384615385,1.615384615384615
11_55,5,4,221,208,0.02262443438914027,0.019230769230769232,-0.003393665158371039,4.705882352941177,-0.7058823529411766
11_56,0,1,221,239,0.0,0.0041841004184100415,0.0041841004184100415,0.0,1.0
11_57,1,1,221,205,0.004524886877828055,0.004878048780487805,0.00035316190265975017,0.9276018099547512,0.07239819004524883
11_58,9,9,221,205,0.04072398190045249,0.04390243902439024,0.0031784571239377515,8.34841628959276,0.6515837104072393
11_59,4,5,221,277,0.01809954751131222,0.018050541516245487,-4.900599506673167e-05,5.013574660633485,-0.013574660633485003
11_6,0,0,149,67,0.0,0.0,0.0,0.0,0.0
11_60,8,3,295,236,0.02711864406779661,0.012711864406779662,-0.014406779661016948,6.3999999999999995,-3.3999999999999995
11_61,3,2,296,241,0.010135135135135136,0.008298755186721992,-0.001836379948413144,2.4425675675675675,-0.44256756756756754
11_62,3,2,293,240,0.010238907849829351,0.008333333333333333,-0.001905574516496018,2.4573378839590445,-0.4573378839590445
11_63,3,6,222,207,0.013513513513513514,0.028985507246376812,0.015471993732863298,2.7972972972972974,3.2027027027027026
11_64,3,2,222,207,0.013513513513513514,0.00966183574879227,-0.003851677764721244,2.7972972972972974,-0.7972972972972974
11_65,2,4,221,207,0.00904977375565611,0.01932367149758454,0.01027389774192843,1.8733031674208147,2.126696832579185
11_66,6,4,221,207,0.027149321266968326,0.01932367149758454,-0.007825649769383786,5.619909502262444,-1.619909502262444
11_67,2,7,222,207,0.009009009009009009,0.033816425120772944,0.024807416111763937,1.864864864864865,5.135135135135135
11_68,17,17,294,239,0.05782312925170068,0.07112970711297072,0.013306577861270034,13.819727891156463,3.1802721088435373
11_69,18,16,221,207,0.08144796380090498,0.07729468599033816,-0.004153277810566819,16.85972850678733,-0.8597285067873308
11_7,0,0,149,67,0.0,0.0,0.0,0.0,0.0
11_70,18,13,242,247,0.0743801652892562,0.05263157894736842,-0.021748586341887782,18.371900826446282,-5.371900826446282
11_71,6,7,223,209,0.026905829596412557,0.03349282296650718,0.006586993370094621,5.623318385650225,1.376681614349775
11_72,0,0,296,242,0.0,0.0,0.0,0.0,0.0
11_73,0,0,224,212,0.0,0.0,0.0,0.0,0.0
11_74,0,0,224,208,0.0,0.0,0.0,0.0,0.0
11_75,0,0,223,208,0.0,0.0,0.0,0.0,0.0
11_76,0,0,223,208,0.0,0.0,0.0,0.0,0.0
11_77,0,0,223,208,0.0,0.0,0.0,0.0,0.0
11_8,0,0,224,98,0.0,0.0,0.0,0.0,0.0
11_9,0,0,224,98,0.0,0.0,0.0,0.0,0.0
12_0,0,0,77,40,0.0,0.0,0.0,0.0,0.0
12_1,0,0,77,40,0.0,0.0,0.0,0.0,0.0
12_10,0,0,149,67,0.0,0.0,0.0,0.0,0.0
12_11,0,0,149,67,0.0,0.0,0.0,0.0,0.0
12_12,0,0,149,67,0.0,0.0,0.0,0.0,0.0
12_13,0,0,149,67,0.0,0.0,0.0,0.0,0.0
12_14,0,0,149,67,0.0,0.0,0.0,0.0,0.0
12_15,0,0,150,67,0.0,0.0,0.0,0.0,0.0
12_16,0,0,223,99,0.0,0.0,0.0,0.0,0.0
12_17,0,0,149,102,0.0,0.0,0.0,0.0,0.0
12_18,0,0,149,137,0.0,0.0,0.0,0.0,0.0
12_19,0,0,149,137,0.0,0.0,0.0,0.0,0.0
12_2,0,0,77,40,0.0,0.0,0.0,0.0,0.0
12_20,0,0,149,137,0.0,0.0,0.0,0.0,0.0
12_21,0,0,149,141,0.0,0.0,0.0,0.0,0.0
12_22,0,0,149,137,0.0,0.0,0.0,0.0,0.0
12_23,0,0,149,137,0.0,0.0,0.0,0.0,0.0
12_24,0,0,149,137,0.0,0.0,0.0,0.0,0.0
12_25,0,0,149,137,0.0,0.0,0.0,0.0,0.0
12_26,0,0,224,168,0.0,0.0,0.0,0.0,0.0
12_27,0,0,149,137,0.0,0.0,0.0,0.0,0.0
12_28,0,0,149,137,0.0,0.0,0.0,0.0,0.0
12_29,0,0,149,137,0.0,0.0,0.0,0.0,0.0
12_3,0,0,77,44,0.0,0.0,0.0,0.0,0.0
12_30,0,0,149,137,0.0,0.0,0.0,0.0,0.0
12_31,0,0,149,137,0.0,0.0,0.0,0.0,0.0
12_32,0,0,149,137,0.0,0.0,0.0,0.0,0.0
12_33,0,0,223,169,0.0,0.0,0.0,0.0,0.0
12_34,0,0,149,137,0.0,0.0,0.0,0.0,0.0
12_35,0,0,149,137,0.0,0.0,0.0,0.0,0.0
12_36,0,0,149,137,0.0,0.0,0.0,0.0,0.0
12_37,0,0,149,137,0.0,0.0,0.0,0.0,0.0
12_38,0,0,149,141,0.0,0.0,0.0,0.0,0.0
12_39,0,0,149,171,0.0,0.0,0.0,0.0,0.0
12_4,0,0,149,71,0.0,0.0,0.0,0.0,0.0
12_40,0,0,149,136,0.0,0.0,0.0,0.0,0.0
12_41,0,0,149,136,0.0,0.0,0.0,0.0,0.0
12_42,0,0,149,171,0.0,0.0,0.0,0.0,0.0
12_43,0,0,224,171,0.0,0.0,0.0,0.0,0.0
12_44,0,0,149,142,0.0,0.0,0.0,0.0,0.0
12_45,0,0,149,176,0.0,0.0,0.0,0.0,0.0
12_46,0,0,221,204,0.0,0.0,0.0,0.0,0.0
12_47,0,0,221,204,0.0,0.0,0.0,0.0,0.0
12_48,0,0,221,204,0.0,0.0,0.0,0.0,0.0
12_49,0,1,221,204,0.0,0.004901960784313725,0.004901960784313725,0.0,1.0
12_5,0,0,149,67,0.0,0.0,0.0,0.0,0.0
12_50,8,5,295,236,0.02711864406779661,0.0211864406779661,-0.005932203389830509,6.3999999999999995,-1.3999999999999995
12_51,5,15,293,231,0.017064846416382253,0.06493506493506493,0.04787021851868267,3.9419795221843006,11.058020477815699
12_52,12,10,221,204,0.05429864253393665,0.049019607843137254,-0.005279034690799399,11.076923076923077,-1.0769230769230766
12_53,1,6,221,204,0.004524886877828055,0.029411764705882353,0.024886877828054297,0.9230769230769231,5.076923076923077
12_54,1,3,221,204,0.004524886877828055,0.014705882352941176,0.01018099547511312,0.9230769230769231,2.0769230769230766
12_55,5,9,221,208,0.02262443438914027,0.04326923076923077,0.020644796380090497,4.705882352941177,4.294117647058823
12_56,3,1,221,239,0.013574660633484163,0.0041841004184100415,-0.009390560215074121,3.244343891402715,-2.244343891402715
12_57,12,9,221,205,0.05429864253393665,0.04390243902439024,-0.010396203509546412,11.131221719457013,-2.131221719457013
12_58,31,46,221,205,0.14027149321266968,0.22439024390243903,0.08411875068976934,28.755656108597286,17.244343891402714
12_59,36,40,221,277,0.16289592760180996,0.1444043321299639,-0.018491595471846062,45.12217194570136,-5.122171945701361
12_6,0,0,149,67,0.0,0.0,0.0,0.0,0.0
12_60,13,12,221,206,0.058823529411764705,0.05825242718446602,-0.0005711022272986838,12.117647058823529,-0.117647058823529
12_61,11,5,367,270,0.02997275204359673,0.018518518518518517,-0.011454233525078211,8.092643051771116,-3.092643051771116
12_62,5,4,292,235,0.017123287671232876,0.01702127659574468,-0.00010201107548819463,4.023972602739726,-0.023972602739726234
12_63,5,3,222,207,0.02252252252252252,0.014492753623188406,-0.008029768899334115,4.662162162162162,-1.6621621621621623
12_64,7,5,221,207,0.03167420814479638,0.024154589371980676,-0.0075196187728157025,6.5565610859728505,-1.5565610859728505
12_65,5,7,296,276,0.016891891891891893,0.025362318840579712,0.008470426948687819,4.662162162162162,2.3378378378378377
12_66,11,7,296,276,0.037162162162162164,0.025362318840579712,-0.011799843321582452,10.256756756756758,-3.256756756756758
12_67,22,24,298,315,0.0738255033557047,0.0761904761904762,0.002364972834771495,23.255033557046982,0.7449664429530181
12_68,23,19,370,308,0.062162162162162166,0.06168831168831169,-0.00047385047385047757,19.145945945945947,-0.14594594594594668
12_69,29,23,296,276,0.09797297297297297,0.08333333333333333,-0.014639639639639643,27.04054054054054,-4.04054054054054
12_7,0,0,149,67,0.0,0.0,0.0,0.0,0.0
12_70,22,24,296,281,0.07432432432432433,0.08540925266903915,0.01108492834471482,20.885135135135137,3.114864864864863
12_71,18,15,296,276,0.060810810810810814,0.05434782608695652,-0.006462984723854294,16.783783783783786,-1.783783783783786
12_72,11,6,369,305,0.02981029810298103,0.019672131147540985,-0.010138166955440044,9.092140921409214,-3.0921409214092144
12_73,0,0,296,279,0.0,0.0,0.0,0.0,0.0
12_74,0,0,297,275,0.0,0.0,0.0,0.0,0.0
12_75,0,0,296,275,0.0,0.0,0.0,0.0,0.0
12_76,0,0,223,208,0.0,0.0,0.0,0.0,0.0
12_77,0,0,223,208,0.0,0.0,0.0,0.0,0.0
12_8,0,0,149,67,0.0,0.0,0.0,0.0,0.0
12_9,0,0,224,98,0.0,0.0,0.0,0.0,0.0
13_0,0,0,77,40,0.0,0.0,0.0,0.0,0.0
13_1,0,0,77,40,0.0,0.0,0.0,0.0,0.0
13_10,0,0,149,67,0.0,0.0,0.0,0.0,0.0
13_11,0,0,149,67,0.0,0.0,0.0,0.0,0.0
13_12,0,0,149,67,0.0,0.0,0.0,0.0,0.0
13_13,0,0,149,67,0.0,0.0,0.0,0.0,0.0
13_14,0,0,149,67,0.0,0.0,0.0,0.0,0.0
13_15,0,0,150,72,0.0,0.0,0.0,0.0,0.0
13_16,0,0,223,99,0.0,0.0,0.0,0.0,0.0
13_17,0,0,149,102,0.0,0.0,0.0,0.0,0.0
13_18,0,0,149,102,0.0,0.0,0.0,0.0,0.0
13_19,0,0,149,137,0.0,0.0,0.0,0.0,0.0
13_2,0,0,77,40,0.0,0.0,0.0,0.0,0.0
13_20,0,0,149,137,0.0,0.0,0.0,0.0,0.0
13_21,0,0,149,141,0.0,0.0,0.0,0.0,0.0
13_22,0,0,149,137,0.0,0.0,0.0,0.0,0.0
13_23,0,0,149,137,0.0,0.0,0.0,0.0,0.0
13_24,0,0,149,137,0.0,0.0,0.0,0.0,0.0
13_25,0,0,149,137,0.0,0.0,0.0,0.0,0.0
13_26,0,0,224,168,0.0,0.0,0.0,0.0,0.0
13_27,0,0,149,137,0.0,0.0,0.0,0.0,0.0
13_28,0,0,149,137,0.0,0.0,0.0,0.0,0.0
13_29,0,0,149,137,0.0,0.0,0.0,0.0,0.0
13_3,0,0,77,40,0.0,0.0,0.0,0.0,0.0
13_30,0,0,149,137,0.0,0.0,0.0,0.0,0.0
13_31,0,0,149,137,0.0,0.0,0.0,0.0,0.0
13_32,0,0,149,137,0.0,0.0,0.0,0.0,0.0
13_33,0,0,223,169,0.0,0.0,0.0,0.0,0.0
13_34,0,0,149,137,0.0,0.0,0.0,0.0,0.0
13_35,0,0,149,137,0.0,0.0,0.0,0.0,0.0
13_36,0,0,149,137,0.0,0.0,0.0,0.0,0.0
13_37,0,0,149,137,0.0,0.0,0.0,0.0,0.0
13_38,0,0,149,141,0.0,0.0,0.0,0.0,0.0
13_39,0,0,149,171,0.0,0.0,0.0,0.0,0.0
13_4,0,0,149,71,0.0,0.0,0.0,0.0,0.0
13_40,0,0,149,136,0.0,0.0,0.0,0.0,0.0
13_41,0,0,149,136,0.0,0.0,0.0,0.0,0.0
13_42,0,0,149,171,0.0,0.0,0.0,0.0,0.0
13_43,0,0,223,166,0.0,0.0,0.0,0.0,0.0
13_44,0,0,223,166,0.0,0.0,0.0,0.0,0.0
13_45,0,0,149,176,0.0,0.0,0.0,0.0,0.0
13_46,0,0,221,204,0.0,0.0,0.0,0.0,0.0
13_47,0,0,221,204,0.0,0.0,0.0,0.0,0.0
13_48,1,0,221,204,0.004524886877828055,0.0,-0.004524886877828055,0.9230769230769231,-0.9230769230769231
13_49,10,4,221,204,0.04524886877828054,0.0196078431372549,-0.02564102564102564,9.23076923076923,-5.23076923076923
13_5,0,0,149,67,0.0,0.0,0.0,0.0,0.0
13_50,9,3,295,236,0.030508474576271188,0.012711864406779662,-0.017796610169491526,7.2,-4.2
13_51,5,8,221,204,0.02262443438914027,0.0392156862745098,0.016591251885369532,4.615384615384615,3.384615384615385
13_52,16,26,221,204,0.07239819004524888,0.12745098039215685,0.05505279034690798,14.76923076923077,11.23076923076923
13_53,19,12,221,204,0.08597285067873303,0.058823529411764705,-0.027149321266968326,17.53846153846154,-5.53846153846154
13_54,12,15,221,204,0.05429864253393665,0.07352941176470588,0.019230769230769232,11.076923076923077,3.9230769230769234
13_55,9,4,221,208,0.04072398190045249,0.019230769230769232,-0.021493212669683258,8.470588235294118,-4.470588235294118
13_56,7,11,221,243,0.03167420814479638,0.04526748971193416,0.01359328156713778,7.69683257918552,3.3031674208144803
13_57,8,16,221,205,0.03619909502262444,0.07804878048780488,0.04184968546518044,7.420814479638009,8.57918552036199
13_58,39,31,221,205,0.17647058823529413,0.15121951219512195,-0.025251076040172182,36.1764705882353,-5.176470588235297
13_59,13,14,221,277,0.058823529411764705,0.05054151624548736,-0.008282013166277344,16.294117647058822,-2.2941176470588225
13_6,0,0,149,67,0.0,0.0,0.0,0.0,0.0
13_60,13,8,296,275,0.04391891891891892,0.02909090909090909,-0.01482800982800983,12.077702702702704,-4.0777027027027035
13_61,2,8,443,339,0.004514672686230248,0.02359882005899705,0.019084147372766803,1.530474040632054,6.469525959367946
13_62,9,8,296,276,0.030405405405405407,0.028985507246376812,-0.0014198981590285951,8.391891891891893,-0.391891891891893
13_63,15,6,297,276,0.050505050505050504,0.021739130434782608,-0.028765920070267896,13.93939393939394,-7.9393939393939394
13_64,18,7,296,276,0.060810810810810814,0.025362318840579712,-0.0354484919702311,16.783783783783786,-9.783783783783786
13_65,16,12,296,276,0.05405405405405406,0.043478260869565216,-0.010575793184488841,14.91891891891892,-2.9189189189189193
13_66,19,21,296,276,0.06418918918918919,0.07608695652173914,0.01189776733254995,17.716216216216214,3.283783783783786
13_67,17,12,370,342,0.04594594594594595,0.03508771929824561,-0.010858226647700336,15.713513513513515,-3.713513513513515
13_68,24,20,369,337,0.06504065040650407,0.05934718100890208,-0.005693469397601993,21.918699186991873,-1.9186991869918728
13_69,33,20,296,276,0.11148648648648649,0.07246376811594203,-0.039022718370544454,30.77027027027027,-10.77027027027027
13_7,0,0,149,67,0.0,0.0,0.0,0.0,0.0
13_70,6,8,296,281,0.02027027027027027,0.028469750889679714,0.008199480619409442,5.6959459459459465,2.3040540540540535
13_71,4,3,296,276,0.013513513513513514,0.010869565217391304,-0.0026439482961222102,3.72972972972973,-0.7297297297297298
13_72,3,2,369,305,0.008130081300813009,0.006557377049180328,-0.0015727042516326811,2.4796747967479678,-0.47967479674796776
13_73,0,0,296,279,0.0,0.0,0.0,0.0,0.0
13_74,0,0,297,275,0.0,0.0,0.0,0.0,0.0
13_75,0,0,296,275,0.0,0.0,0.0,0.0,0.0
13_76,0,0,296,275,0.0,0.0,0.0,0.0,0.0
13_77,0,0,296,275,0.0,0.0,0.0,0.0,0.0
13_8,0,0,149,67,0.0,0.0,0.0,0.0,0.0
13_9,0,0,224,98,0.0,0.0,0.0,0.0,0.0
14_0,0,0,77,40,0.0,0.0,0.0,0.0,0.0
14_1,0,0,77,40,0.0,0.0,0.0,0.0,0.0
14_10,0,0,149,67,0.0,0.0,0.0,0.0,0.0
14_11,0,0,149,67,0.0,0.0,0.0,0.0,0.0
14_12,0,0,149,67,0.0,0.0,0.0,0.0,0.0
14_13,0,0,149,67,0.0,0.0,0.0,0.0,0.0
14_14,0,0,149,67,0.0,0.0,0.0,0.0,0.0
14_15,0,0,222,99,0.0,0.0,0.0,0.0,0.0
14_16,0,0,222,94,0.0,0.0,0.0,0.0,0.0
14_17,0,0,149,102,0.0,0.0,0.0,0.0,0.0
14_18,0,0,149,102,0.0,0.0,0.0,0.0,0.0
14_19,0,0,149,137,0.0,0.0,0.0,0.0,0.0
14_2,0,0,77,40,0.0,0.0,0.0,0.0,0.0
14_20,0,0,149,137,0.0,0.0,0.0,0.0,0.0
14_21,0,0,149,141,0.0,0.0,0.0,0.0,0.0
14_22,0,0,149,137,0.0,0.0,0.0,0.0,0.0
14_23,0,0,149,137,0.0,0.0,0.0,0.0,0.0
14_24,0,0,149,137,0.0,0.0,0.0,0.0,0.0
14_25,0,0,149,137,0.0,0.0,0.0,0.0,0.0
14_26,0,0,224,168,0.0,0.0,0.0,0.0,0.0
14_27,0,0,224,168,0.0,0.0,0.0,0.0,0.0
14_28,0,0,149,137,0.0,0.0,0.0,0.0,0.0
14_29,0,0,149,137,0.0,0.0,0.0,0.0,0.0
14_3,0,0,77,40,0.0,0.0,0.0,0.0,0.0
14_30,0,0,149,137,0.0,0.0,0.0,0.0,0.0
14_31,0,0,149,137,0.0,0.0,0.0,0.0,0.0
14_32,0,0,149,137,0.0,0.0,0.0,0.0,0.0
14_33,0,0,223,169,0.0,0.0,0.0,0.0,0.0
14_34,0,0,149,137,0.0,0.0,0.0,0.0,0.0
14_35,0,0,149,137,0.0,0.0,0.0,0.0,0.0
14_36,0,0,149,137,0.0,0.0,0.0,0.0,0.0
14_37,0,0,149,137,0.0,0.0,0.0,0.0,0.0
14_38,0,0,149,141,0.0,0.0,0.0,0.0,0.0
14_39,0,0,149,175,0.0,0.0,0.0,0.0,0.0
14_4,0,0,149,71,0.0,0.0,0.0,0.0,0.0
14_40,0,0,149,136,0.0,0.0,0.0,0.0,0.0
14_41,0,0,149,141,0.0,0.0,0.0,0.0,0.0
14_42,0,0,149,171,0.0,0.0,0.0,0.0,0.0
14_43,0,0,149,136,0.0,0.0,0.0,0.0,0.0
14_44,0,0,223,166,0.0,0.0,0.0,0.0,0.0
14_45,0,0,148,135,0.0,0.0,0.0,0.0,0.0
14_46,13,4,148,135,0.08783783783783784,0.02962962962962963,-0.05820820820820821,11.858108108108109,-7.858108108108109
14_47,4,3,148,135,0.02702702702702703,0.022222222222222223,-0.0048048048048048055,3.6486486486486487,-0.6486486486486487
14_48,0,0,148,135,0.0,0.0,0.0,0.0,0.0
14_49,2,0,148,135,0.013513513513513514,0.0,-0.013513513513513514,1.8243243243243243,-1.8243243243243243
14_5,0,0,149,67,0.0,0.0,0.0,0.0,0.0
14_50,5,1,295,236,0.01694915254237288,0.00423728813559322,-0.012711864406779662,4.0,-3.0
14_51,3,1,222,204,0.013513513513513514,0.004901960784313725,-0.008611552729199789,2.756756756756757,-1.756756756756757
14_52,5,5,221,204,0.02262443438914027,0.024509803921568627,0.0018853695324283562,4.615384615384615,0.384615384615385
14_53,9,12,221,204,0.04072398190045249,0.058823529411764705,0.018099547511312215,8.307692307692308,3.6923076923076916
14_54,26,18,237,240,0.10970464135021098,0.075,-0.03470464135021098,26.329113924050635,-8.329113924050635
14_55,17,11,369,302,0.04607046070460705,0.03642384105960265,-0.0096466196450044,13.913279132791327,-2.9132791327913274
14_56,37,18,296,312,0.125,0.057692307692307696,-0.0673076923076923,39.0,-21.0
14_57,17,12,297,274,0.05723905723905724,0.043795620437956206,-0.013443436801101036,15.683501683501685,-3.683501683501685
14_58,26,18,296,311,0.08783783783783784,0.05787781350482315,-0.029960024333014694,27.31756756756757,-9.317567567567568
14_59,13,12,296,346,0.04391891891891892,0.03468208092485549,-0.009236837994063433,15.195945945945947,-3.1959459459459474
14_6,0,0,149,67,0.0,0.0,0.0,0.0,0.0
14_60,11,12,296,275,0.037162162162162164,0.04363636363636364,0.006474201474201476,10.219594594594595,1.7804054054054053
14_61,24,7,443,339,0.05417607223476298,0.02064896755162242,-0.03352710468314056,18.36568848758465,-11.365688487584649
14_62,7,19,297,276,0.02356902356902357,0.06884057971014493,0.045271556141121355,6.505050505050505,12.494949494949495
14_63,13,9,297,276,0.04377104377104377,0.03260869565217391,-0.011162348118869861,12.080808080808081,-3.0808080808080813
14_64,9,6,296,276,0.030405405405405407,0.021739130434782608,-0.008666274970622799,8.391891891891893,-2.391891891891893
14_65,5,10,296,276,0.016891891891891893,0.036231884057971016,0.019339992166079123,4.662162162162162,5.337837837837838
14_66,7,11,296,276,0.02364864864864865,0.03985507246376811,0.016206423815119463,6.527027027027027,4.472972972972973
14_67,4,1,369,308,0.01084010840108401,0.003246753246753247,-0.007593355154330764,3.3387533875338753,-2.3387533875338753
14_68,10,6,297,310,0.03367003367003367,0.01935483870967742,-0.01431519496035625,10.437710437710438,-4.437710437710438
14_69,14,17,296,276,0.0472972972972973,0.06159420289855073,0.014296905601253428,13.054054054054054,3.9459459459459456
14_7,0,0,149,67,0.0,0.0,0.0,0.0,0.0
14_70,7,8,296,281,0.02364864864864865,0.028469750889679714,0.004821102241031064,6.645270270270271,1.354729729729729
14_71,6,3,296,281,0.02027027027027027,0.010676156583629894,-0.009594113686640378,5.6959459459459465,-2.6959459459459465
14_72,1,3,369,305,0.0027100271002710027,0.009836065573770493,0.00712603847349949,0.8265582655826558,2.1734417344173442
14_73,0,0,296,279,0.0,0.0,0.0,0.0,0.0
14_74,0,0,297,275,0.0,0.0,0.0,0.0,0.0
14_75,0,0,296,275,0.0,0.0,0.0,0.0,0.0
14_76,0,0,296,275,0.0,0.0,0.0,0.0,0.0
14_77,0,0,296,275,0.0,0.0,0.0,0.0,0.0
14_8,0,0,149,67,0.0,0.0,0.0,0.0,0.0
14_9,0,0,224,98,0.0,0.0,0.0,0.0,0.0
15_0,0,0,77,40,0.0,0.0,0.0,0.0,0.0
15_1,0,0,77,40,0.0,0.0,0.0,0.0,0.0
15_10,0,0,149,67,0.0,0.0,0.0,0.0,0.0
15_11,0,0,149,67,0.0,0.0,0.0,0.0,0.0
15_12,0,0,149,67,0.0,0.0,0.0,0.0,0.0
15_13,0,0,149,67,0.0,0.0,0.0,0.0,0.0
15_14,0,0,149,67,0.0,0.0,0.0,0.0,0.0
15_15,0,0,222,99,0.0,0.0,0.0,0.0,0.0
15_16,0,0,150,67,0.0,0.0,0.0,0.0,0.0
15_17,0,0,149,102,0.0,0.0,0.0,0.0,0.0
15_18,0,0,149,102,0.0,0.0,0.0,0.0,0.0
15_19,0,0,149,137,0.0,0.0,0.0,0.0,0.0
15_2,0,0,77,40,0.0,0.0,0.0,0.0,0.0
15_20,0,0,149,137,0.0,0.0,0.0,0.0,0.0
15_21,0,0,149,141,0.0,0.0,0.0,0.0,0.0
15_22,0,0,149,137,0.0,0.0,0.0,0.0,0.0
15_23,0,0,149,137,0.0,0.0,0.0,0.0,0.0
15_24,0,0,149,137,0.0,0.0,0.0,0.0,0.0
15_25,0,0,149,137,0.0,0.0,0.0,0.0,0.0
15_26,0,0,149,137,0.0,0.0,0.0,0.0,0.0
15_27,0,0,224,168,0.0,0.0,0.0,0.0,0.0
15_28,0,0,149,137,0.0,0.0,0.0,0.0,0.0
15_29,0,0,149,137,0.0,0.0,0.0,0.0,0.0
15_3,0,0,77,40,0.0,0.0,0.0,0.0,0.0
15_30,0,0,149,137,0.0,0.0,0.0,0.0,0.0
15_31,0,0,149,137,0.0,0.0,0.0,0.0,0.0
15_32,0,0,150,144,0.0,0.0,0.0,0.0,0.0
15_33,0,0,223,169,0.0,0.0,0.0,0.0,0.0
15_34,0,0,150,137,0.0,0.0,0.0,0.0,0.0
15_35,0,0,149,137,0.0,0.0,0.0,0.0,0.0
15_36,0,0,149,137,0.0,0.0,0.0,0.0,0.0
15_37,0,0,149,137,0.0,0.0,0.0,0.0,0.0
15_38,0,0,149,137,0.0,0.0,0.0,0.0,0.0
15_39,0,0,149,175,0.0,0.0,0.0,0.0,0.0
15_4,0,0,149,71,0.0,0.0,0.0,0.0,0.0
15_40,0,0,149,136,0.0,0.0,0.0,0.0,0.0
15_41,0,0,149,171,0.0,0.0,0.0,0.0,0.0
15_42,0,0,149,171,0.0,0.0,0.0,0.0,0.0
15_43,0,0,149,136,0.0,0.0,0.0,0.0,0.0
15_44,0,0,223,166,0.0,0.0,0.0,0.0,0.0
15_45,1,1,148,135,0.006756756756756757,0.007407407407407408,0.0006506506506506506,0.9121621621621622,0.08783783783783783
15_46,3,0,148,135,0.02027027027027027,0.0,-0.02027027027027027,2.736486486486487,-2.736486486486487
15_47,1,3,148,135,0.006756756756756757,0.022222222222222223,0.015465465465465466,0.9121621621621622,2.0878378378378377
15_48,0,2,148,135,0.0,0.014814814814814815,0.014814814814814815,0.0,2.0
15_49,1,2,222,202,0.0045045045045045045,0.009900990099009901,0.005396485594505397,0.9099099099099099,1.09009009009009
15_5,0,0,149,67,0.0,0.0,0.0,0.0,0.0
15_50,2,5,296,234,0.006756756756756757,0.021367521367521368,0.01461076461076461,1.5810810810810811,3.418918918918919
15_51,7,4,224,236,0.03125,0.01694915254237288,-0.014300847457627119,7.375,-3.375
15_52,11,6,223,203,0.04932735426008968,0.029556650246305417,-0.019770704013784265,10.013452914798206,-4.013452914798206
15_53,23,9,223,208,0.1031390134529148,0.04326923076923077,-0.059869782683684036,21.45291479820628,-12.45291479820628
15_54,23,24,223,203,0.1031390134529148,0.11822660098522167,0.015087587532306865,20.937219730941706,3.062780269058294
15_55,3,13,369,302,0.008130081300813009,0.04304635761589404,0.03491627631508103,2.4552845528455287,10.544715447154472
15_56,8,17,296,312,0.02702702702702703,0.05448717948717949,0.02746015246015246,8.432432432432433,8.567567567567567
15_57,11,6,297,308,0.037037037037037035,0.01948051948051948,-0.017556517556517555,11.407407407407407,-5.4074074074074066
15_58,6,4,296,311,0.02027027027027027,0.012861736334405145,-0.007408533935865127,6.304054054054054,-2.3040540540540544
15_59,6,9,296,310,0.02027027027027027,0.02903225806451613,0.008761987794245859,6.283783783783784,2.716216216216216
15_6,0,0,149,67,0.0,0.0,0.0,0.0,0.0
15_60,12,7,296,275,0.04054054054054054,0.025454545454545455,-0.015085995085995087,11.14864864864865,-4.148648648648649
15_61,11,9,442,339,0.024886877828054297,0.02654867256637168,0.001661794738317384,8.436651583710407,0.5633484162895925
15_62,13,11,297,276,0.04377104377104377,0.03985507246376811,-0.0039159713072756605,12.080808080808081,-1.0808080808080813
15_63,5,14,297,276,0.016835016835016835,0.050724637681159424,0.03388962084614259,4.646464646464646,9.353535353535353
15_64,5,7,296,276,0.016891891891891893,0.025362318840579712,0.008470426948687819,4.662162162162162,2.3378378378378377
15_65,8,11,296,276,0.02702702702702703,0.03985507246376811,0.012828045436741084,7.45945945945946,3.5405405405405403
15_66,6,6,296,276,0.02027027027027027,0.021739130434782608,0.0014688601645123367,5.594594594594595,0.40540540540540526
15_67,8,5,369,308,0.02168021680216802,0.016233766233766232,-0.005446450568401789,6.677506775067751,-1.6775067750677506
15_68,3,9,297,310,0.010101010101010102,0.02903225806451613,0.01893124796350603,3.1313131313131315,5.8686868686868685
15_69,10,6,296,276,0.033783783783783786,0.021739130434782608,-0.012044653349001178,9.324324324324325,-3.3243243243243246
15_7,0,0,149,67,0.0,0.0,0.0,0.0,0.0
15_70,4,5,296,276,0.013513513513513514,0.018115942028985508,0.004602428515471994,3.72972972972973,1.2702702702702702
15_71,11,10,296,281,0.037162162162162164,0.03558718861209965,-0.0015749735500625167,10.442567567567568,-0.44256756756756843
15_72,3,4,369,305,0.008130081300813009,0.013114754098360656,0.004984672797547647,2.4796747967479678,1.5203252032520322
15_73,2,0,369,309,0.005420054200542005,0.0,-0.005420054200542005,1.6747967479674797,-1.6747967479674797
15_74,0,0,297,275,0.0,0.0,0.0,0.0,0.0
15_75,0,0,296,275,0.0,0.0,0.0,0.0,0.0
15_76,0,0,296,275,0.0,0.0,0.0,0.0,0.0
15_77,0,0,296,275,0.0,0.0,0.0,0.0,0.0
15_8,0,0,149,67,0.0,0.0,0.0,0.0,0.0
15_9,0,0,224,98,0.0,0.0,0.0,0.0,0.0
16_0,0,0,77,40,0.0,0.0,0.0,0.0,0.0
16_1,0,0,77,40,0.0,0.0,0.0,0.0,0.0
16_10,0,0,224,98,0.0,0.0,0.0,0.0,0.0
16_11,0,0,149,67,0.0,0.0,0.0,0.0,0.0
16_12,0,0,149,67,0.0,0.0,0.0,0.0,0.0
16_13,0,0,149,67,0.0,0.0,0.0,0.0,0.0
16_14,0,0,149,67,0.0,0.0,0.0,0.0,0.0
16_15,0,0,222,99,0.0,0.0,0.0,0.0,0.0
16_16,0,0,150,67,0.0,0.0,0.0,0.0,0.0
16_17,0,0,149,102,0.0,0.0,0.0,0.0,0.0
16_18,0,0,149,102,0.0,0.0,0.0,0.0,0.0
16_19,0,0,149,102,0.0,0.0,0.0,0.0,0.0
16_2,0,0,77,40,0.0,0.0,0.0,0.0,0.0
16_20,0,0,149,137,0.0,0.0,0.0,0.0,0.0
16_21,0,0,149,141,0.0,0.0,0.0,0.0,0.0
16_22,0,0,149,141,0.0,0.0,0.0,0.0,0.0
16_23,0,0,149,137,0.0,0.0,0.0,0.0,0.0
16_24,0,0,149,137,0.0,0.0,0.0,0.0,0.0
16_25,0,0,149,137,0.0,0.0,0.0,0.0,0.0
16_26,0,0,149,137,0.0,0.0,0.0,0.0,0.0
16_27,0,0,224,168,0.0,0.0,0.0,0.0,0.0
16_28,0,0,149,137,0.0,0.0,0.0,0.0,0.0
16_29,0,0,149,137,0.0,0.0,0.0,0.0,0.0
16_3,0,0,149,67,0.0,0.0,0.0,0.0,0.0
16_30,0,0,149,137,0.0,0.0,0.0,0.0,0.0
16_31,0,0,149,137,0.0,0.0,0.0,0.0,0.0
16_32,0,0,222,169,0.0,0.0,0.0,0.0,0.0
16_33,0,0,221,164,0.0,0.0,0.0,0.0,0.0
16_34,0,0,150,137,0.0,0.0,0.0,0.0,0.0
16_35,0,0,149,137,0.0,0.0,0.0,0.0,0.0
16_36,0,0,149,137,0.0,0.0,0.0,0.0,0.0
16_37,0,0,149,137,0.0,0.0,0.0,0.0,0.0
16_38,0,0,149,137,0.0,0.0,0.0,0.0,0.0
16_39,0,0,149,175,0.0,0.0,0.0,0.0,0.0
16_4,0,0,149,71,0.0,0.0,0.0,0.0,0.0
16_40,0,0,149,144,0.0,0.0,0.0,0.0,0.0
16_41,0,0,149,171,0.0,0.0,0.0,0.0,0.0
16_42,0,0,149,136,0.0,0.0,0.0,0.0,0.0
16_43,0,0,149,136,0.0,0.0,0.0,0.0,0.0
16_44,0,0,298,233,0.0,0.0,0.0,0.0,0.0
16_45,0,0,224,202,0.0,0.0,0.0,0.0,0.0
16_46,0,4,223,202,0.0,0.019801980198019802,0.019801980198019802,0.0,4.0
16_47,7,4,223,202,0.03139013452914798,0.019801980198019802,-0.01158815433112818,6.3408071748878925,-2.3408071748878925
16_48,8,7,223,202,0.03587443946188341,0.034653465346534656,-0.001220974115348751,7.246636771300448,-0.24663677130044803
16_49,12,12,224,207,0.05357142857142857,0.057971014492753624,0.0043995859213250554,11.089285714285714,0.9107142857142865
16_5,0,0,149,67,0.0,0.0,0.0,0.0,0.0
16_50,8,5,296,234,0.02702702702702703,0.021367521367521368,-0.005659505659505661,6.324324324324325,-1.3243243243243246
16_51,8,5,224,236,0.03571428571428571,0.0211864406779661,-0.014527845036319612,8.428571428571429,-3.428571428571429
16_52,15,7,223,203,0.06726457399103139,0.034482758620689655,-0.032781815370341735,13.654708520179373,-6.654708520179373
16_53,15,10,223,208,0.06726457399103139,0.04807692307692308,-0.01918765091410831,13.991031390134529,-3.9910313901345287
16_54,14,8,223,208,0.06278026905829596,0.038461538461538464,-0.0243187305967575,13.058295964125561,-5.058295964125561
16_55,8,4,296,233,0.02702702702702703,0.017167381974248927,-0.009859645052778102,6.297297297297297,-2.2972972972972974
16_56,7,5,223,208,0.03139013452914798,0.02403846153846154,-0.007351672990686443,6.5291479820627805,-1.5291479820627805
16_57,5,2,224,239,0.022321428571428572,0.008368200836820083,-0.013953227734608489,5.334821428571429,-3.334821428571429
16_58,4,0,223,240,0.017937219730941704,0.0,-0.017937219730941704,4.304932735426009,-4.304932735426009
16_59,7,8,223,240,0.03139013452914798,0.03333333333333333,0.0019431988041853504,7.533632286995516,0.4663677130044839
16_6,0,0,149,67,0.0,0.0,0.0,0.0,0.0
16_60,1,4,296,275,0.0033783783783783786,0.014545454545454545,0.011167076167076167,0.9290540540540541,3.070945945945946
16_61,10,3,442,339,0.02262443438914027,0.008849557522123894,-0.013774876867016377,7.669683257918551,-4.669683257918551
16_62,9,6,297,276,0.030303030303030304,0.021739130434782608,-0.008563899868247696,8.363636363636363,-2.3636363636363633
16_63,13,5,297,276,0.04377104377104377,0.018115942028985508,-0.025655101742058265,12.080808080808081,-7.080808080808081
16_64,9,5,296,276,0.030405405405405407,0.018115942028985508,-0.0122894633764199,8.391891891891893,-3.391891891891893
16_65,6,3,296,276,0.02027027027027027,0.010869565217391304,-0.009400705052878967,5.594594594594595,-2.5945945945945947
16_66,9,4,296,276,0.030405405405405407,0.014492753623188406,-0.015912651782217,8.391891891891893,-4.391891891891893
16_67,8,8,369,308,0.02168021680216802,0.025974025974025976,0.004293809171857954,6.677506775067751,1.3224932249322494
16_68,5,11,297,310,0.016835016835016835,0.035483870967741936,0.0186488541327251,5.218855218855219,5.781144781144781
16_69,5,5,296,276,0.016891891891891893,0.018115942028985508,0.001224050137093615,4.662162162162162,0.3378378378378377
16_7,0,0,149,67,0.0,0.0,0.0,0.0,0.0
16_70,10,12,296,276,0.033783783783783786,0.043478260869565216,0.00969447708578143,9.324324324324325,2.6756756756756754
16_71,15,10,296,281,0.05067567567567568,0.03558718861209965,-0.015088487063576031,14.239864864864865,-4.239864864864865
16_72,10,4,369,305,0.02710027100271003,0.013114754098360656,-0.013985516904349373,8.26558265582656,-4.2655826558265595
16_73,3,4,369,309,0.008130081300813009,0.012944983818770227,0.004814902517957218,2.51219512195122,1.48780487804878
16_74,0,0,297,275,0.0,0.0,0.0,0.0,0.0
16_75,0,0,296,275,0.0,0.0,0.0,0.0,0.0
16_76,0,0,296,275,0.0,0.0,0.0,0.0,0.0
16_77,0,0,296,275,0.0,0.0,0.0,0.0,0.0
16_8,0,0,149,67,0.0,0.0,0.0,0.0,0.0
16_9,0,0,224,98,0.0,0.0,0.0,0.0,0.0
17_0,0,0,77,40,0.0,0.0,0.0,0.0,0.0
17_1,0,0,77,40,0.0,0.0,0.0,0.0,0.0
17_10,0,0,224,98,0.0,0.0,0.0,0.0,0.0
17_11,0,0,149,67,0.0,0.0,0.0,0.0,0.0
17_12,0,0,149,67,0.0,0.0,0.0,0.0,0.0
17_13,0,0,149,67,0.0,0.0,0.0,0.0,0.0
17_14,0,0,149,67,0.0,0.0,0.0,0.0,0.0
17_15,0,0,222,99,0.0,0.0,0.0,0.0,0.0
17_16,0,0,150,67,0.0,0.0,0.0,0.0,0.0
17_17,0,0,150,102,0.0,0.0,0.0,0.0,0.0
17_18,0,0,149,102,0.0,0.0,0.0,0.0,0.0
17_19,0,0,149,102,0.0,0.0,0.0,0.0,0.0
17_2,0,0,77,40,0.0,0.0,0.0,0.0,0.0
17_20,0,0,149,137,0.0,0.0,0.0,0.0,0.0
17_21,0,0,149,137,0.0,0.0,0.0,0.0,0.0
17_22,0,0,149,141,0.0,0.0,0.0,0.0,0.0
17_23,0,0,149,137,0.0,0.0,0.0,0.0,0.0
17_24,0,0,149,137,0.0,0.0,0.0,0.0,0.0
17_25,0,0,149,137,0.0,0.0,0.0,0.0,0.0
17_26,0,0,149,137,0.0,0.0,0.0,0.0,0.0
17_27,0,0,224,168,0.0,0.0,0.0,0.0,0.0
17_28,0,0,149,137,0.0,0.0,0.0,0.0,0.0
17_29,0,0,149,137,0.0,0.0,0.0,0.0,0.0
17_3,0,0,149,67,0.0,0.0,0.0,0.0,0.0
17_30,0,0,149,137,0.0,0.0,0.0,0.0,0.0
17_31,0,0,149,137,0.0,0.0,0.0,0.0,0.0
17_32,0,0,222,169,0.0,0.0,0.0,0.0,0.0
17_33,0,0,149,137,0.0,0.0,0.0,0.0,0.0
17_34,0,0,150,137,0.0,0.0,0.0,0.0,0.0
17_35,0,0,149,137,0.0,0.0,0.0,0.0,0.0
17_36,0,0,149,137,0.0,0.0,0.0,0.0,0.0
17_37,0,0,149,137,0.0,0.0,0.0,0.0,0.0
17_38,0,0,149,137,0.0,0.0,0.0,0.0,0.0
17_39,0,0,224,242,0.0,0.0,0.0,0.0,0.0
17_4,0,0,149,71,0.0,0.0,0.0,0.0,0.0
17_40,0,0,225,238,0.0,0.0,0.0,0.0,0.0
17_41,0,0,224,238,0.0,0.0,0.0,0.0,0.0
17_42,0,0,224,203,0.0,0.0,0.0,0.0,0.0
17_43,0,1,224,203,0.0,0.0049261083743842365,0.0049261083743842365,0.0,1.0
17_44,0,0,298,233,0.0,0.0,0.0,0.0,0.0
17_45,1,2,224,202,0.004464285714285714,0.009900990099009901,0.005436704384724187,0.9017857142857142,1.0982142857142858
17_46,1,0,223,202,0.004484304932735426,0.0,-0.004484304932735426,0.905829596412556,-0.905829596412556
17_47,3,1,223,202,0.013452914798206279,0.0049504950495049506,-0.008502419748701327,2.7174887892376685,-1.7174887892376685
17_48,6,2,223,202,0.026905829596412557,0.009900990099009901,-0.017004839497402655,5.434977578475337,-3.434977578475337
17_49,4,3,296,234,0.013513513513513514,0.01282051282051282,-0.0006930006930006942,3.1621621621621623,-0.16216216216216228
17_5,0,0,149,71,0.0,0.0,0.0,0.0,0.0
17_50,2,3,295,229,0.006779661016949152,0.013100436681222707,0.006320775664273554,1.5525423728813559,1.4474576271186441
17_51,3,3,224,236,0.013392857142857142,0.012711864406779662,-0.0006809927360774803,3.1607142857142856,-0.1607142857142856
17_52,9,13,223,203,0.04035874439461883,0.06403940886699508,0.023680664472376246,8.192825112107624,4.807174887892376
17_53,13,8,223,203,0.05829596412556054,0.03940886699507389,-0.018887097130486648,11.83408071748879,-3.8340807174887903
17_54,17,15,223,208,0.07623318385650224,0.07211538461538461,-0.004117799241117631,15.856502242152466,-0.856502242152466
17_55,8,2,296,233,0.02702702702702703,0.008583690987124463,-0.018443336039902565,6.297297297297297,-4.297297297297297
17_56,8,3,296,237,0.02702702702702703,0.012658227848101266,-0.014368799178925763,6.405405405405406,-3.405405405405406
17_57,7,3,224,239,0.03125,0.012552301255230125,-0.018697698744769876,7.46875,-4.46875
17_58,7,4,223,240,0.03139013452914798,0.016666666666666666,-0.014723467862481316,7.533632286995516,-3.533632286995516
17_59,6,9,223,205,0.026905829596412557,0.04390243902439024,0.016996609427977684,5.515695067264574,3.4843049327354256
17_6,0,0,149,67,0.0,0.0,0.0,0.0,0.0
17_60,7,5,223,205,0.03139013452914798,0.024390243902439025,-0.006999890626708957,6.434977578475336,-1.434977578475336
17_61,7,7,297,235,0.02356902356902357,0.029787234042553193,0.0062182104735296236,5.538720538720539,1.461279461279461
17_62,8,9,298,235,0.026845637583892617,0.03829787234042553,0.011452234756532915,6.308724832214765,2.6912751677852347
17_63,6,5,223,205,0.026905829596412557,0.024390243902439025,-0.002515585693973532,5.515695067264574,-0.5156950672645744
17_64,3,13,223,205,0.013452914798206279,0.06341463414634146,0.04996171934813519,2.757847533632287,10.242152466367713
17_65,9,4,296,276,0.030405405405405407,0.014492753623188406,-0.015912651782217,8.391891891891893,-4.391891891891893
17_66,6,4,297,276,0.020202020202020204,0.014492753623188406,-0.005709266578831798,5.575757575757576,-1.5757575757575761
17_67,8,8,369,308,0.02168021680216802,0.025974025974025976,0.004293809171857954,6.677506775067751,1.3224932249322494
17_68,2,5,297,310,0.006734006734006734,0.016129032258064516,0.009395025524057781,2.0875420875420874,2.9124579124579126
17_69,9,12,296,276,0.030405405405405407,0.043478260869565216,0.013072855464159809,8.391891891891893,3.608108108108107
17_7,0,0,149,67,0.0,0.0,0.0,0.0,0.0
17_70,21,20,296,276,0.07094594594594594,0.07246376811594203,0.0015178221699960887,19.58108108108108,0.4189189189189193
17_71,9,10,296,281,0.030405405405405407,0.03558718861209965,0.00518178320669424,8.54391891891892,1.4560810810810807
17_72,4,6,296,276,0.013513513513513514,0.021739130434782608,0.008225616921269094,3.72972972972973,2.27027027027027
17_73,6,3,369,309,0.016260162601626018,0.009708737864077669,-0.006551424737548349,5.02439024390244,-2.02439024390244
17_74,0,0,297,275,0.0,0.0,0.0,0.0,0.0
17_75,0,0,297,274,0.0,0.0,0.0,0.0,0.0
17_76,0,0,221,206,0.0,0.0,0.0,0.0,0.0
17_77,0,0,221,206,0.0,0.0,0.0,0.0,0.0
17_8,0,0,149,67,0.0,0.0,0.0,0.0,0.0
17_9,0,0,149,67,0.0,0.0,0.0,0.0,0.0
18_0,0,0,77,40,0.0,0.0,0.0,0.0,0.0
18_1,0,0,77,40,0.0,0.0,0.0,0.0,0.0
18_10,0,0,224,98,0.0,0.0,0.0,0.0,0.0
18_11,0,0,149,67,0.0,0.0,0.0,0.0,0.0
18_12,0,0,149,67,0.0,0.0,0.0,0.0,0.0
18_13,0,0,149,67,0.0,0.0,0.0,0.0,0.0
18_14,0,0,150,72,0.0,0.0,0.0,0.0,0.0
18_15,0,0,222,99,0.0,0.0,0.0,0.0,0.0
18_16,0,0,149,102,0.0,0.0,0.0,0.0,0.0
18_17,0,0,150,102,0.0,0.0,0.0,0.0,0.0
18_18,0,0,149,102,0.0,0.0,0.0,0.0,0.0
18_19,0,0,149,102,0.0,0.0,0.0,0.0,0.0
18_2,0,0,77,40,0.0,0.0,0.0,0.0,0.0
18_20,0,0,149,137,0.0,0.0,0.0,0.0,0.0
18_21,0,0,149,137,0.0,0.0,0.0,0.0,0.0
18_22,0,0,149,141,0.0,0.0,0.0,0.0,0.0
18_23,0,0,149,137,0.0,0.0,0.0,0.0,0.0
18_24,0,0,149,137,0.0,0.0,0.0,0.0,0.0
18_25,0,0,149,137,0.0,0.0,0.0,0.0,0.0
18_26,0,0,149,137,0.0,0.0,0.0,0.0,0.0
18_27,0,0,224,168,0.0,0.0,0.0,0.0,0.0
18_28,0,0,149,137,0.0,0.0,0.0,0.0,0.0
18_29,0,0,149,137,0.0,0.0,0.0,0.0,0.0
18_3,0,0,149,67,0.0,0.0,0.0,0.0,0.0
18_30,0,0,149,137,0.0,0.0,0.0,0.0,0.0
18_31,0,0,149,137,0.0,0.0,0.0,0.0,0.0
18_32,0,0,222,169,0.0,0.0,0.0,0.0,0.0
18_33,0,0,149,137,0.0,0.0,0.0,0.0,0.0
18_34,0,0,225,208,0.0,0.0,0.0,0.0,0.0
18_35,0,0,224,205,0.0,0.0,0.0,0.0,0.0
18_36,0,0,224,205,0.0,0.0,0.0,0.0,0.0
18_37,0,0,224,210,0.0,0.0,0.0,0.0,0.0
18_38,0,0,297,234,0.0,0.0,0.0,0.0,0.0
18_39,0,0,224,208,0.0,0.0,0.0,0.0,0.0
18_4,0,0,149,67,0.0,0.0,0.0,0.0,0.0
18_40,0,0,225,238,0.0,0.0,0.0,0.0,0.0
18_41,0,2,224,238,0.0,0.008403361344537815,0.008403361344537815,0.0,2.0
18_42,0,2,224,203,0.0,0.009852216748768473,0.009852216748768473,0.0,2.0
18_43,1,2,224,203,0.004464285714285714,0.009852216748768473,0.005387931034482759,0.90625,1.09375
18_44,1,0,298,233,0.003355704697986577,0.0,-0.003355704697986577,0.7818791946308725,-0.7818791946308725
18_45,1,2,299,233,0.0033444816053511705,0.008583690987124463,0.005239209381773293,0.7792642140468228,1.220735785953177
18_46,1,0,223,202,0.004484304932735426,0.0,-0.004484304932735426,0.905829596412556,-0.905829596412556
18_47,6,1,223,202,0.026905829596412557,0.0049504950495049506,-0.021955334546907606,5.434977578475337,-4.434977578475337
18_48,9,7,223,202,0.04035874439461883,0.034653465346534656,-0.005705279048084176,8.152466367713004,-1.1524663677130036
18_49,5,8,296,234,0.016891891891891893,0.03418803418803419,0.0172961422961423,3.952702702702703,4.0472972972972965
18_5,0,0,149,71,0.0,0.0,0.0,0.0,0.0
18_50,7,6,223,202,0.03139013452914798,0.0297029702970297,-0.0016871642321182809,6.3408071748878925,-0.3408071748878925
18_51,5,12,224,236,0.022321428571428572,0.05084745762711865,0.028526029055690075,5.267857142857143,6.732142857142857
18_52,8,3,223,203,0.03587443946188341,0.014778325123152709,-0.0210961143387307,7.2825112107623315,-4.2825112107623315
18_53,6,8,223,203,0.026905829596412557,0.03940886699507389,0.012503037398661335,5.461883408071749,2.538116591928251
18_54,18,6,223,208,0.08071748878923767,0.028846153846153848,-0.05187133494308382,16.789237668161434,-10.789237668161434
18_55,20,3,223,203,0.08968609865470852,0.014778325123152709,-0.07490777353155581,18.206278026905828,-15.206278026905828
18_56,8,3,296,237,0.02702702702702703,0.012658227848101266,-0.014368799178925763,6.405405405405406,-3.405405405405406
18_57,7,2,224,243,0.03125,0.00823045267489712,-0.02301954732510288,7.59375,-5.59375
18_58,4,6,224,240,0.017857142857142856,0.025,0.007142857142857145,4.285714285714286,1.7142857142857144
18_59,6,4,223,205,0.026905829596412557,0.01951219512195122,-0.007393634474461338,5.515695067264574,-1.5156950672645744
18_6,0,0,149,67,0.0,0.0,0.0,0.0,0.0
18_60,3,3,223,205,0.013452914798206279,0.014634146341463415,0.0011812315432571368,2.757847533632287,0.24215246636771282
18_61,8,4,223,205,0.03587443946188341,0.01951219512195122,-0.016362244339932188,7.354260089686099,-3.3542600896860986
18_62,6,9,298,235,0.020134228187919462,0.03829787234042553,0.01816364415250607,4.731543624161073,4.268456375838927
18_63,4,7,223,205,0.017937219730941704,0.03414634146341464,0.016209121732472933,3.6771300448430493,3.3228699551569507
18_64,10,5,223,205,0.04484304932735426,0.024390243902439025,-0.020452805424915232,9.192825112107624,-4.192825112107624
18_65,9,11,223,205,0.04035874439461883,0.05365853658536585,0.01329979219074702,8.27354260089686,2.72645739910314
18_66,12,15,224,210,0.05357142857142857,0.07142857142857142,0.017857142857142856,11.25,3.75
18_67,5,5,295,237,0.01694915254237288,0.02109704641350211,0.0041478938711292275,4.016949152542373,0.9830508474576272
18_68,10,5,224,239,0.044642857142857144,0.02092050209205021,-0.023722355050806936,10.669642857142858,-5.669642857142858
18_69,10,6,223,205,0.04484304932735426,0.02926829268292683,-0.015574756644427427,9.192825112107624,-3.1928251121076237
18_7,0,0,149,67,0.0,0.0,0.0,0.0,0.0
18_70,4,8,221,207,0.01809954751131222,0.03864734299516908,0.02054779548385686,3.7466063348416294,4.25339366515837
18_71,8,4,221,212,0.03619909502262444,0.018867924528301886,-0.01733117049432255,7.67420814479638,-3.6742081447963804
18_72,10,3,221,207,0.04524886877828054,0.014492753623188406,-0.030756115155092134,9.366515837104073,-6.366515837104073
18_73,5,3,294,236,0.017006802721088437,0.012711864406779662,-0.004294938314308775,4.013605442176871,-1.0136054421768712
18_74,0,0,221,206,0.0,0.0,0.0,0.0,0.0
18_75,0,0,222,206,0.0,0.0,0.0,0.0,0.0
18_76,0,0,221,206,0.0,0.0,0.0,0.0,0.0
18_77,0,0,222,211,0.0,0.0,0.0,0.0,0.0
18_8,0,0,149,67,0.0,0.0,0.0,0.0,0.0
18_9,0,0,149,67,0.0,0.0,0.0,0.0,0.0
19_0,0,0,77,40,0.0,0.0,0.0,0.0,0.0
19_1,0,0,77,40,0.0,0.0,0.0,0.0,0.0
19_10,0,0,224,98,0.0,0.0,0.0,0.0,0.0
19_11,0,0,149,67,0.0,0.0,0.0,0.0,0.0
19_12,0,0,149,67,0.0,0.0,0.0,0.0,0.0
19_13,0,0,149,67,0.0,0.0,0.0,0.0,0.0
19_14,0,0,220,99,0.0,0.0,0.0,0.0,0.0
19_15,0,0,221,99,0.0,0.0,0.0,0.0,0.0
19_16,0,0,149,102,0.0,0.0,0.0,0.0,0.0
19_17,0,0,150,102,0.0,0.0,0.0,0.0,0.0
19_18,0,0,149,102,0.0,0.0,0.0,0.0,0.0
19_19,0,0,149,102,0.0,0.0,0.0,0.0,0.0
19_2,0,0,77,40,0.0,0.0,0.0,0.0,0.0
19_20,0,0,149,137,0.0,0.0,0.0,0.0,0.0
19_21,0,0,149,137,0.0,0.0,0.0,0.0,0.0
19_22,0,0,149,141,0.0,0.0,0.0,0.0,0.0
19_23,0,0,149,137,0.0,0.0,0.0,0.0,0.0
19_24,0,0,149,137,0.0,0.0,0.0,0.0,0.0
19_25,0,0,149,137,0.0,0.0,0.0,0.0,0.0
19_26,0,0,149,137,0.0,0.0,0.0,0.0,0.0
19_27,0,0,224,168,0.0,0.0,0.0,0.0,0.0
19_28,0,0,149,137,0.0,0.0,0.0,0.0,0.0
19_29,0,0,224,206,0.0,0.0,0.0,0.0,0.0
19_3,0,0,149,67,0.0,0.0,0.0,0.0,0.0
19_30,0,0,224,206,0.0,0.0,0.0,0.0,0.0
19_31,0,0,224,206,0.0,0.0,0.0,0.0,0.0
19_32,0,0,297,238,0.0,0.0,0.0,0.0,0.0
19_33,0,0,224,206,0.0,0.0,0.0,0.0,0.0
19_34,0,0,225,239,0.0,0.0,0.0,0.0,0.0
19_35,0,0,224,205,0.0,0.0,0.0,0.0,0.0
19_36,0,0,224,205,0.0,0.0,0.0,0.0,0.0
19_37,0,0,224,210,0.0,0.0,0.0,0.0,0.0
19_38,0,0,297,234,0.0,0.0,0.0,0.0,0.0
19_39,0,0,297,238,0.0,0.0,0.0,0.0,0.0
19_4,0,0,149,67,0.0,0.0,0.0,0.0,0.0
19_40,0,0,225,238,0.0,0.0,0.0,0.0,0.0
19_41,0,0,224,238,0.0,0.0,0.0,0.0,0.0
19_42,0,0,224,203,0.0,0.0,0.0,0.0,0.0
19_43,0,4,224,203,0.0,0.019704433497536946,0.019704433497536946,0.0,4.0
19_44,0,0,224,203,0.0,0.0,0.0,0.0,0.0
19_45,0,3,299,233,0.0,0.012875536480686695,0.012875536480686695,0.0,3.0
19_46,4,0,223,202,0.017937219730941704,0.0,-0.017937219730941704,3.623318385650224,-3.623318385650224
19_47,5,1,223,202,0.02242152466367713,0.0049504950495049506,-0.017471029614172177,4.5291479820627805,-3.5291479820627805
19_48,2,1,223,202,0.008968609865470852,0.0049504950495049506,-0.004018114815965901,1.811659192825112,-0.811659192825112
19_49,7,2,296,234,0.02364864864864865,0.008547008547008548,-0.015101640101640102,5.533783783783784,-3.533783783783784
19_5,0,0,149,71,0.0,0.0,0.0,0.0,0.0
19_50,3,9,223,202,0.013452914798206279,0.04455445544554455,0.031101540647338274,2.7174887892376685,6.2825112107623315
19_51,1,1,224,236,0.004464285714285714,0.00423728813559322,-0.00022699757869249371,1.0535714285714286,-0.0535714285714286
19_52,4,5,223,203,0.017937219730941704,0.024630541871921183,0.00669332214097948,3.6412556053811658,1.3587443946188342
19_53,6,2,223,203,0.026905829596412557,0.009852216748768473,-0.017053612847644083,5.461883408071749,-3.461883408071749
19_54,9,5,223,208,0.04035874439461883,0.02403846153846154,-0.016320282856157293,8.394618834080717,-3.394618834080717
19_55,15,6,223,203,0.06726457399103139,0.029556650246305417,-0.03770792374472597,13.654708520179373,-7.654708520179373
19_56,5,4,296,237,0.016891891891891893,0.016877637130801686,-1.4254761090206486e-05,4.003378378378379,-0.0033783783783789545
19_57,6,1,224,243,0.026785714285714284,0.00411522633744856,-0.022670487948265726,6.508928571428571,-5.508928571428571
19_58,5,7,224,240,0.022321428571428572,0.029166666666666667,0.006845238095238095,5.357142857142858,1.6428571428571423
19_59,4,11,223,205,0.017937219730941704,0.05365853658536585,0.035721316854424146,3.6771300448430493,7.322869955156951
19_6,0,0,149,67,0.0,0.0,0.0,0.0,0.0
19_60,10,6,223,205,0.04484304932735426,0.02926829268292683,-0.015574756644427427,9.192825112107624,-3.1928251121076237
19_61,20,27,223,205,0.08968609865470852,0.13170731707317074,0.04202121841846222,18.385650224215247,8.614349775784753
19_62,10,14,298,235,0.03355704697986577,0.059574468085106386,0.026017421105240614,7.885906040268456,6.114093959731544
19_63,3,7,224,205,0.013392857142857142,0.03414634146341464,0.020753484320557493,2.745535714285714,4.2544642857142865
19_64,13,9,148,136,0.08783783783783784,0.0661764705882353,-0.021661367249602548,11.945945945945947,-2.9459459459459474
19_65,4,9,148,136,0.02702702702702703,0.0661764705882353,0.039149443561208266,3.675675675675676,5.324324324324325
19_66,4,5,221,168,0.01809954751131222,0.02976190476190476,0.011662357250592541,3.040723981900453,1.9592760180995472
19_67,2,2,220,163,0.00909090909090909,0.012269938650306749,0.0031790295593976583,1.4818181818181817,0.5181818181818183
19_68,7,4,148,170,0.0472972972972973,0.023529411764705882,-0.023767885532591418,8.04054054054054,-4.04054054054054
19_69,4,3,148,170,0.02702702702702703,0.01764705882352941,-0.009379968203497617,4.594594594594595,-1.5945945945945947
19_7,0,0,149,67,0.0,0.0,0.0,0.0,0.0
19_70,5,5,148,136,0.033783783783783786,0.03676470588235294,0.0029809220985691567,4.594594594594595,0.40540540540540526
19_71,5,6,148,141,0.033783783783783786,0.0425531914893617,0.008769407705577915,4.763513513513514,1.236486486486486
19_72,4,5,148,141,0.02702702702702703,0.03546099290780142,0.008433965880774393,3.810810810810811,1.189189189189189
19_73,5,3,221,165,0.02262443438914027,0.01818181818181818,-0.00444261620732209,3.733031674208145,-0.7330316742081449
19_74,0,0,148,135,0.0,0.0,0.0,0.0,0.0
19_75,0,0,221,206,0.0,0.0,0.0,0.0,0.0
19_76,0,0,221,206,0.0,0.0,0.0,0.0,0.0
19_77,0,0,222,211,0.0,0.0,0.0,0.0,0.0
19_8,0,0,149,67,0.0,0.0,0.0,0.0,0.0
19_9,0,0,149,67,0.0,0.0,0.0,0.0,0.0
1_0,0,0,72,37,0.0,0.0,0.0,0.0,0.0
1_1,0,0,72,37,0.0,0.0,0.0,0.0,0.0
1_10,0,0,145,73,0.0,0.0,0.0,0.0,0.0
1_11,0,0,145,73,0.0,0.0,0.0,0.0,0.0
1_12,0,0,145,68,0.0,0.0,0.0,0.0,0.0
1_13,0,0,72,36,0.0,0.0,0.0,0.0,0.0
1_14,0,0,143,66,0.0,0.0,0.0,0.0,0.0
1_15,0,0,72,36,0.0,0.0,0.0,0.0,0.0
1_16,0,0,73,36,0.0,0.0,0.0,0.0,0.0
1_17,0,0,149,106,0.0,0.0,0.0,0.0,0.0
1_18,0,0,148,107,0.0,0.0,0.0,0.0,0.0
1_19,0,0,148,110,0.0,0.0,0.0,0.0,0.0
1_2,0,0,73,41,0.0,0.0,0.0,0.0,0.0
1_20,0,0,148,106,0.0,0.0,0.0,0.0,0.0
1_21,0,0,148,106,0.0,0.0,0.0,0.0,0.0
1_22,0,0,148,106,0.0,0.0,0.0,0.0,0.0
1_23,0,0,148,106,0.0,0.0,0.0,0.0,0.0
1_24,0,0,223,137,0.0,0.0,0.0,0.0,0.0
1_25,0,0,148,106,0.0,0.0,0.0,0.0,0.0
1_26,0,0,148,106,0.0,0.0,0.0,0.0,0.0
1_27,0,0,148,106,0.0,0.0,0.0,0.0,0.0
1_28,0,0,148,111,0.0,0.0,0.0,0.0,0.0
1_29,0,0,148,106,0.0,0.0,0.0,0.0,0.0
1_3,0,0,73,41,0.0,0.0,0.0,0.0,0.0
1_30,0,0,148,106,0.0,0.0,0.0,0.0,0.0
1_31,0,0,220,135,0.0,0.0,0.0,0.0,0.0
1_32,0,0,148,105,0.0,0.0,0.0,0.0,0.0
1_33,0,0,148,105,0.0,0.0,0.0,0.0,0.0
1_34,0,0,149,105,0.0,0.0,0.0,0.0,0.0
1_35,0,0,148,106,0.0,0.0,0.0,0.0,0.0
1_36,0,0,148,109,0.0,0.0,0.0,0.0,0.0
1_37,0,0,148,139,0.0,0.0,0.0,0.0,0.0
1_38,0,0,148,104,0.0,0.0,0.0,0.0,0.0
1_39,0,0,148,104,0.0,0.0,0.0,0.0,0.0
1_4,0,0,73,41,0.0,0.0,0.0,0.0,0.0
1_40,0,0,148,104,0.0,0.0,0.0,0.0,0.0
1_41,0,0,222,134,0.0,0.0,0.0,0.0,0.0
1_42,0,0,147,103,0.0,0.0,0.0,0.0,0.0
1_43,0,0,147,103,0.0,0.0,0.0,0.0,0.0
1_44,0,0,148,108,0.0,0.0,0.0,0.0,0.0
1_45,0,0,148,113,0.0,0.0,0.0,0.0,0.0
1_46,0,0,148,144,0.0,0.0,0.0,0.0,0.0
1_47,0,0,149,144,0.0,0.0,0.0,0.0,0.0
1_48,0,0,291,202,0.0,0.0,0.0,0.0,0.0
1_49,0,0,219,173,0.0,0.0,0.0,0.0,0.0
1_5,0,0,73,41,0.0,0.0,0.0,0.0,0.0
1_50,0,0,219,173,0.0,0.0,0.0,0.0,0.0
1_51,0,0,148,137,0.0,0.0,0.0,0.0,0.0
1_52,0,0,148,137,0.0,0.0,0.0,0.0,0.0
1_53,0,0,148,141,0.0,0.0,0.0,0.0,0.0
1_54,0,0,148,172,0.0,0.0,0.0,0.0,0.0
1_55,0,0,148,138,0.0,0.0,0.0,0.0,0.0
1_56,0,0,148,138,0.0,0.0,0.0,0.0,0.0
1_57,0,0,148,138,0.0,0.0,0.0,0.0,0.0
1_58,0,0,148,138,0.0,0.0,0.0,0.0,0.0
1_59,0,0,222,168,0.0,0.0,0.0,0.0,0.0
1_6,0,0,145,68,0.0,0.0,0.0,0.0,0.0
1_60,0,0,148,138,0.0,0.0,0.0,0.0,0.0
1_61,0,0,148,175,0.0,0.0,0.0,0.0,0.0
1_62,0,0,148,139,0.0,0.0,0.0,0.0,0.0
1_63,0,0,220,173,0.0,0.0,0.0,0.0,0.0
1_64,0,0,219,168,0.0,0.0,0.0,0.0,0.0
1_65,0,0,150,140,0.0,0.0,0.0,0.0,0.0
1_66,0,0,149,140,0.0,0.0,0.0,0.0,0.0
1_67,0,0,148,140,0.0,0.0,0.0,0.0,0.0
1_68,0,0,148,140,0.0,0.0,0.0,0.0,0.0
1_69,0,0,148,140,0.0,0.0,0.0,0.0,0.0
1_7,0,0,145,68,0.0,0.0,0.0,0.0,0.0
1_70,0,0,148,140,0.0,0.0,0.0,0.0,0.0
1_71,0,0,148,144,0.0,0.0,0.0,0.0,0.0
1_72,0,0,148,140,0.0,0.0,0.0,0.0,0.0
1_73,0,0,148,140,0.0,0.0,0.0,0.0,0.0
1_74,0,0,148,140,0.0,0.0,0.0,0.0,0.0
1_75,0,0,148,140,0.0,0.0,0.0,0.0,0.0
1_76,0,0,223,135,0.0,0.0,0.0,0.0,0.0
1_77,0,0,149,105,0.0,0.0,0.0,0.0,0.0
1_8,0,0,145,68,0.0,0.0,0.0,0.0,0.0
1_9,0,0,145,68,0.0,0.0,0.0,0.0,0.0
20_0,0,0,79,40,0.0,0.0,0.0,0.0,0.0
20_1,0,0,151,75,0.0,0.0,0.0,0.0,0.0
20_10,0,0,224,98,0.0,0.0,0.0,0.0,0.0
20_11,0,0,149,67,0.0,0.0,0.0,0.0,0.0
20_12,0,0,149,67,0.0,0.0,0.0,0.0,0.0
20_13,0,0,149,67,0.0,0.0,0.0,0.0,0.0
20_14,0,0,222,99,0.0,0.0,0.0,0.0,0.0
20_15,0,0,149,68,0.0,0.0,0.0,0.0,0.0
20_16,0,0,149,102,0.0,0.0,0.0,0.0,0.0
20_17,0,0,150,102,0.0,0.0,0.0,0.0,0.0
20_18,0,0,149,102,0.0,0.0,0.0,0.0,0.0
20_19,0,0,149,102,0.0,0.0,0.0,0.0,0.0
20_2,0,0,151,75,0.0,0.0,0.0,0.0,0.0
20_20,0,0,149,102,0.0,0.0,0.0,0.0,0.0
20_21,0,0,149,137,0.0,0.0,0.0,0.0,0.0
20_22,0,0,149,141,0.0,0.0,0.0,0.0,0.0
20_23,0,0,180,187,0.0,0.0,0.0,0.0,0.0
20_24,0,0,224,206,0.0,0.0,0.0,0.0,0.0
20_25,0,0,224,206,0.0,0.0,0.0,0.0,0.0
20_26,0,0,224,206,0.0,0.0,0.0,0.0,0.0
20_27,0,0,299,237,0.0,0.0,0.0,0.0,0.0
20_28,0,0,300,237,0.0,0.0,0.0,0.0,0.0
20_29,0,0,224,206,0.0,0.0,0.0,0.0,0.0
20_3,0,0,223,102,0.0,0.0,0.0,0.0,0.0
20_30,0,0,224,206,0.0,0.0,0.0,0.0,0.0
20_31,0,0,225,211,0.0,0.0,0.0,0.0,0.0
20_32,0,0,297,238,0.0,0.0,0.0,0.0,0.0
20_33,0,0,224,206,0.0,0.0,0.0,0.0,0.0
20_34,0,0,225,239,0.0,0.0,0.0,0.0,0.0
20_35,0,0,224,205,0.0,0.0,0.0,0.0,0.0
20_36,0,0,224,205,0.0,0.0,0.0,0.0,0.0
20_37,0,0,224,210,0.0,0.0,0.0,0.0,0.0
20_38,0,0,224,205,0.0,0.0,0.0,0.0,0.0
20_39,0,0,297,238,0.0,0.0,0.0,0.0,0.0
20_4,0,0,222,102,0.0,0.0,0.0,0.0,0.0
20_40,0,0,225,277,0.0,0.0,0.0,0.0,0.0
20_41,0,0,225,238,0.0,0.0,0.0,0.0,0.0
20_42,0,0,224,203,0.0,0.0,0.0,0.0,0.0
20_43,0,0,224,203,0.0,0.0,0.0,0.0,0.0
20_44,3,3,224,203,0.013392857142857142,0.014778325123152709,0.0013854679802955665,2.71875,0.28125
20_45,2,5,299,233,0.006688963210702341,0.02145922746781116,0.014770264257108819,1.5585284280936456,3.441471571906354
20_46,2,0,223,202,0.008968609865470852,0.0,-0.008968609865470852,1.811659192825112,-1.811659192825112
20_47,2,1,223,202,0.008968609865470852,0.0049504950495049506,-0.004018114815965901,1.811659192825112,-0.811659192825112
20_48,6,3,223,202,0.026905829596412557,0.01485148514851485,-0.012054344447897707,5.434977578475337,-2.434977578475337
20_49,5,1,296,234,0.016891891891891893,0.004273504273504274,-0.012618387618387619,3.952702702702703,-2.952702702702703
20_5,0,0,149,71,0.0,0.0,0.0,0.0,0.0
20_50,7,1,223,202,0.03139013452914798,0.0049504950495049506,-0.02643963947964303,6.3408071748878925,-5.3408071748878925
20_51,2,4,224,236,0.008928571428571428,0.01694915254237288,0.008020581113801453,2.107142857142857,1.8928571428571428
20_52,2,7,224,230,0.008928571428571428,0.030434782608695653,0.021506211180124225,2.0535714285714284,4.946428571428571
20_53,13,10,223,203,0.05829596412556054,0.04926108374384237,-0.009034880381718173,11.83408071748879,-1.8340807174887903
20_54,10,4,223,208,0.04484304932735426,0.019230769230769232,-0.025612280096585026,9.327354260089686,-5.327354260089686
20_55,8,5,223,203,0.03587443946188341,0.024630541871921183,-0.011243897589962224,7.2825112107623315,-2.2825112107623315
20_56,10,3,296,233,0.033783783783783786,0.012875536480686695,-0.02090824730309709,7.871621621621622,-4.871621621621622
20_57,8,5,223,242,0.03587443946188341,0.02066115702479339,-0.015213282437090019,8.681614349775785,-3.681614349775785
20_58,3,5,170,190,0.01764705882352941,0.02631578947368421,0.008668730650154798,3.3529411764705883,1.6470588235294117
20_59,5,7,148,136,0.033783783783783786,0.051470588235294115,0.01768680445151033,4.594594594594595,2.4054054054054053
20_6,0,0,149,67,0.0,0.0,0.0,0.0,0.0
20_60,2,4,148,136,0.013513513513513514,0.029411764705882353,0.01589825119236884,1.837837837837838,2.1621621621621623
20_61,7,11,148,136,0.0472972972972973,0.08088235294117647,0.033585055643879175,6.4324324324324325,4.5675675675675675
20_62,4,7,148,136,0.02702702702702703,0.051470588235294115,0.024443561208267087,3.675675675675676,3.324324324324324
20_63,10,9,149,136,0.06711409395973154,0.0661764705882353,-0.000937623371496249,9.12751677852349,-0.1275167785234892
20_64,24,13,148,136,0.16216216216216217,0.09558823529411764,-0.06657392686804453,22.054054054054056,-9.054054054054056
20_65,1,2,148,136,0.006756756756756757,0.014705882352941176,0.00794912559618442,0.918918918918919,1.0810810810810811
20_66,4,2,221,168,0.01809954751131222,0.011904761904761904,-0.006194785606550315,3.040723981900453,-1.0407239819004528
20_67,1,4,148,136,0.006756756756756757,0.029411764705882353,0.022655007949125595,0.918918918918919,3.081081081081081
20_68,5,4,148,136,0.033783783783783786,0.029411764705882353,-0.004372019077901433,4.594594594594595,-0.5945945945945947
20_69,5,4,148,170,0.033783783783783786,0.023529411764705882,-0.010254372019077904,5.743243243243244,-1.7432432432432439
20_7,0,0,149,67,0.0,0.0,0.0,0.0,0.0
20_70,6,2,148,136,0.04054054054054054,0.014705882352941176,-0.025834658187599367,5.513513513513514,-3.513513513513514
20_71,5,2,148,141,0.033783783783783786,0.014184397163120567,-0.01959938662066322,4.763513513513514,-2.763513513513514
20_72,0,0,148,141,0.0,0.0,0.0,0.0,0.0
20_73,0,0,221,165,0.0,0.0,0.0,0.0,0.0
20_74,0,0,148,135,0.0,0.0,0.0,0.0,0.0
20_75,0,0,149,135,0.0,0.0,0.0,0.0,0.0
20_76,0,0,148,135,0.0,0.0,0.0,0.0,0.0
20_77,0,0,148,135,0.0,0.0,0.0,0.0,0.0
20_8,0,0,149,67,0.0,0.0,0.0,0.0,0.0
20_9,0,0,149,67,0.0,0.0,0.0,0.0,0.0
21_0,0,0,79,40,0.0,0.0,0.0,0.0,0.0
21_1,0,0,151,75,0.0,0.0,0.0,0.0,0.0
21_10,0,0,334,188,0.0,0.0,0.0,0.0,0.0
21_11,0,0,224,98,0.0,0.0,0.0,0.0,0.0
21_12,0,0,149,67,0.0,0.0,0.0,0.0,0.0
21_13,0,0,149,67,0.0,0.0,0.0,0.0,0.0
21_14,0,0,222,99,0.0,0.0,0.0,0.0,0.0
21_15,0,0,149,67,0.0,0.0,0.0,0.0,0.0
21_16,0,0,149,102,0.0,0.0,0.0,0.0,0.0
21_17,0,0,150,102,0.0,0.0,0.0,0.0,0.0
21_18,0,0,225,170,0.0,0.0,0.0,0.0,0.0
21_19,0,0,225,170,0.0,0.0,0.0,0.0,0.0
21_2,0,0,151,75,0.0,0.0,0.0,0.0,0.0
21_20,0,0,225,175,0.0,0.0,0.0,0.0,0.0
21_21,0,0,297,235,0.0,0.0,0.0,0.0,0.0
21_22,0,0,297,239,0.0,0.0,0.0,0.0,0.0
21_23,0,0,225,210,0.0,0.0,0.0,0.0,0.0
21_24,0,0,224,206,0.0,0.0,0.0,0.0,0.0
21_25,0,0,224,206,0.0,0.0,0.0,0.0,0.0
21_26,0,0,224,206,0.0,0.0,0.0,0.0,0.0
21_27,0,0,224,206,0.0,0.0,0.0,0.0,0.0
21_28,0,0,300,237,0.0,0.0,0.0,0.0,0.0
21_29,0,0,224,206,0.0,0.0,0.0,0.0,0.0
21_3,0,0,223,102,0.0,0.0,0.0,0.0,0.0
21_30,0,0,224,206,0.0,0.0,0.0,0.0,0.0
21_31,0,0,297,238,0.0,0.0,0.0,0.0,0.0
21_32,0,0,296,233,0.0,0.0,0.0,0.0,0.0
21_33,0,0,224,206,0.0,0.0,0.0,0.0,0.0
21_34,0,0,225,239,0.0,0.0,0.0,0.0,0.0
21_35,0,0,225,205,0.0,0.0,0.0,0.0,0.0
21_36,0,0,224,205,0.0,0.0,0.0,0.0,0.0
21_37,0,0,224,210,0.0,0.0,0.0,0.0,0.0
21_38,0,0,224,205,0.0,0.0,0.0,0.0,0.0
21_39,0,0,297,234,0.0,0.0,0.0,0.0,0.0
21_4,0,0,223,102,0.0,0.0,0.0,0.0,0.0
21_40,1,2,224,277,0.004464285714285714,0.007220216606498195,0.002755930892212481,1.2366071428571428,0.7633928571428572
21_41,14,21,225,203,0.06222222222222222,0.10344827586206896,0.041226053639846744,12.63111111111111,8.36888888888889
21_42,1,0,224,203,0.004464285714285714,0.0,-0.004464285714285714,0.90625,-0.90625
21_43,3,1,224,203,0.013392857142857142,0.0049261083743842365,-0.008466748768472906,2.71875,-1.71875
21_44,6,5,224,203,0.026785714285714284,0.024630541871921183,-0.002155172413793101,5.4375,-0.4375
21_45,2,1,299,233,0.006688963210702341,0.004291845493562232,-0.0023971177171401093,1.5585284280936456,-0.5585284280936456
21_46,1,4,224,202,0.004464285714285714,0.019801980198019802,0.015337694483734088,0.9017857142857142,3.0982142857142856
21_47,6,7,223,202,0.026905829596412557,0.034653465346534656,0.007747635750122099,5.434977578475337,1.565022421524663
21_48,5,3,223,202,0.02242152466367713,0.01485148514851485,-0.007570039515162278,4.5291479820627805,-1.5291479820627805
21_49,3,1,296,234,0.010135135135135136,0.004273504273504274,-0.005861630861630862,2.371621621621622,-1.371621621621622
21_5,0,0,223,142,0.0,0.0,0.0,0.0,0.0
21_50,6,4,223,202,0.026905829596412557,0.019801980198019802,-0.007103849398392755,5.434977578475337,-1.434977578475337
21_51,0,3,223,236,0.0,0.012711864406779662,0.012711864406779662,0.0,3.0
21_52,3,7,223,235,0.013452914798206279,0.029787234042553193,0.016334319244346914,3.1614349775784754,3.8385650224215246
21_53,16,14,148,135,0.10810810810810811,0.1037037037037037,-0.004404404404404413,14.594594594594595,-0.5945945945945947
21_54,25,12,148,140,0.16891891891891891,0.08571428571428572,-0.0832046332046332,23.64864864864865,-11.64864864864865
21_55,22,19,148,140,0.14864864864864866,0.1357142857142857,-0.012934362934362953,20.81081081081081,-1.8108108108108105
21_56,21,10,221,165,0.09502262443438914,0.06060606060606061,-0.03441656382832853,15.678733031674208,-5.6787330316742075
21_57,7,9,148,143,0.0472972972972973,0.06293706293706294,0.015639765639765643,6.763513513513514,2.236486486486486
21_58,8,5,149,171,0.053691275167785234,0.029239766081871343,-0.02445150908591389,9.181208053691275,-4.181208053691275
21_59,3,6,148,136,0.02027027027027027,0.04411764705882353,0.02384737678855326,2.756756756756757,3.243243243243243
21_6,0,0,223,138,0.0,0.0,0.0,0.0,0.0
21_60,5,5,148,136,0.033783783783783786,0.03676470588235294,0.0029809220985691567,4.594594594594595,0.40540540540540526
21_61,12,4,148,136,0.08108108108108109,0.029411764705882353,-0.05166931637519873,11.027027027027028,-7.027027027027028
21_62,6,7,148,136,0.04054054054054054,0.051470588235294115,0.010930047694753572,5.513513513513514,1.486486486486486
21_63,4,12,149,136,0.026845637583892617,0.08823529411764706,0.061389656533754444,3.651006711409396,8.348993288590604
21_64,3,5,148,136,0.02027027027027027,0.03676470588235294,0.01649443561208267,2.756756756756757,2.243243243243243
21_65,1,4,148,136,0.006756756756756757,0.029411764705882353,0.022655007949125595,0.918918918918919,3.081081081081081
21_66,5,9,221,168,0.02262443438914027,0.05357142857142857,0.030946994182288298,3.8009049773755654,5.199095022624435
21_67,4,3,148,136,0.02702702702702703,0.022058823529411766,-0.004968203497615262,3.675675675675676,-0.6756756756756759
21_68,3,6,148,136,0.02027027027027027,0.04411764705882353,0.02384737678855326,2.756756756756757,3.243243243243243
21_69,5,4,148,170,0.033783783783783786,0.023529411764705882,-0.010254372019077904,5.743243243243244,-1.7432432432432439
21_7,0,0,223,138,0.0,0.0,0.0,0.0,0.0
21_70,7,4,148,136,0.0472972972972973,0.029411764705882353,-0.017885532591414947,6.4324324324324325,-2.4324324324324325
21_71,16,13,148,136,0.10810810810810811,0.09558823529411764,-0.012519872813990474,14.702702702702704,-1.7027027027027035
21_72,0,4,148,141,0.0,0.028368794326241134,0.028368794326241134,0.0,4.0
21_73,0,0,221,165,0.0,0.0,0.0,0.0,0.0
21_74,0,0,221,165,0.0,0.0,0.0,0.0,0.0
21_75,0,0,149,135,0.0,0.0,0.0,0.0,0.0
21_76,0,0,148,135,0.0,0.0,0.0,0.0,0.0
21_77,0,0,148,135,0.0,0.0,0.0,0.0,0.0
21_8,0,0,223,138,0.0,0.0,0.0,0.0,0.0
21_9,0,0,223,142,0.0,0.0,0.0,0.0,0.0
22_0,0,0,79,40,0.0,0.0,0.0,0.0,0.0
22_1,0,0,151,75,0.0,0.0,0.0,0.0,0.0
22_10,0,0,297,168,0.0,0.0,0.0,0.0,0.0
22_11,0,0,298,168,0.0,0.0,0.0,0.0,0.0
22_12,0,0,223,137,0.0,0.0,0.0,0.0,0.0
22_13,0,0,299,204,0.0,0.0,0.0,0.0,0.0
22_14,0,0,372,236,0.0,0.0,0.0,0.0,0.0
22_15,0,0,299,204,0.0,0.0,0.0,0.0,0.0
22_16,0,0,243,198,0.0,0.0,0.0,0.0,0.0
22_17,0,0,226,203,0.0,0.0,0.0,0.0,0.0
22_18,0,0,226,170,0.0,0.0,0.0,0.0,0.0
22_19,0,0,225,170,0.0,0.0,0.0,0.0,0.0
22_2,0,0,151,75,0.0,0.0,0.0,0.0,0.0
22_20,0,0,225,175,0.0,0.0,0.0,0.0,0.0
22_21,0,0,224,205,0.0,0.0,0.0,0.0,0.0
22_22,0,0,297,235,0.0,0.0,0.0,0.0,0.0
22_23,0,0,225,210,0.0,0.0,0.0,0.0,0.0
22_24,0,0,225,206,0.0,0.0,0.0,0.0,0.0
22_25,0,0,224,206,0.0,0.0,0.0,0.0,0.0
22_26,0,0,224,206,0.0,0.0,0.0,0.0,0.0
22_27,0,0,224,206,0.0,0.0,0.0,0.0,0.0
22_28,0,0,300,237,0.0,0.0,0.0,0.0,0.0
22_29,0,0,224,206,0.0,0.0,0.0,0.0,0.0
22_3,0,0,223,102,0.0,0.0,0.0,0.0,0.0
22_30,0,0,224,206,0.0,0.0,0.0,0.0,0.0
22_31,0,0,297,238,0.0,0.0,0.0,0.0,0.0
22_32,0,0,224,206,0.0,0.0,0.0,0.0,0.0
22_33,0,0,224,206,0.0,0.0,0.0,0.0,0.0
22_34,0,0,224,239,0.0,0.0,0.0,0.0,0.0
22_35,0,0,225,239,0.0,0.0,0.0,0.0,0.0
22_36,0,0,224,205,0.0,0.0,0.0,0.0,0.0
22_37,0,0,224,210,0.0,0.0,0.0,0.0,0.0
22_38,2,2,224,205,0.008928571428571428,0.00975609756097561,0.0008275261324041817,1.8303571428571428,0.1696428571428572
22_39,1,0,297,234,0.003367003367003367,0.0,-0.003367003367003367,0.7878787878787878,-0.7878787878787878
22_4,0,0,223,102,0.0,0.0,0.0,0.0,0.0
22_40,1,4,224,277,0.004464285714285714,0.01444043321299639,0.009976147498710676,1.2366071428571428,2.763392857142857
22_41,8,6,225,238,0.035555555555555556,0.025210084033613446,-0.01034547152194211,8.462222222222222,-2.4622222222222216
22_42,2,2,224,203,0.008928571428571428,0.009852216748768473,0.0009236453201970449,1.8125,0.1875
22_43,3,3,224,203,0.013392857142857142,0.014778325123152709,0.0013854679802955665,2.71875,0.28125
22_44,1,3,224,203,0.004464285714285714,0.014778325123152709,0.010314039408866995,0.90625,2.09375
22_45,2,4,298,233,0.006711409395973154,0.017167381974248927,0.010455972578275772,1.563758389261745,2.436241610738255
22_46,6,10,224,202,0.026785714285714284,0.04950495049504951,0.022719236209335223,5.410714285714286,4.589285714285714
22_47,11,0,148,134,0.07432432432432433,0.0,-0.07432432432432433,9.95945945945946,-9.95945945945946
22_48,3,3,149,139,0.020134228187919462,0.02158273381294964,0.0014485056250301796,2.798657718120805,0.201342281879195
22_49,4,3,221,166,0.01809954751131222,0.018072289156626505,-2.725835468571358e-05,3.0045248868778285,-0.004524886877828482
22_5,0,0,223,142,0.0,0.0,0.0,0.0,0.0
22_50,3,3,148,134,0.02027027027027027,0.022388059701492536,0.0021177894312222646,2.7162162162162162,0.28378378378378377
22_51,1,4,148,134,0.006756756756756757,0.029850746268656716,0.02309398951189996,0.9054054054054055,3.0945945945945947
22_52,3,5,148,168,0.02027027027027027,0.02976190476190476,0.009491634491634489,3.4054054054054057,1.5945945945945943
22_53,5,6,148,135,0.033783783783783786,0.044444444444444446,0.01066066066066066,4.560810810810811,1.4391891891891886
22_54,9,11,148,135,0.060810810810810814,0.08148148148148149,0.020670670670670674,8.20945945945946,2.7905405405405403
22_55,12,8,148,140,0.08108108108108109,0.05714285714285714,-0.023938223938223945,11.351351351351353,-3.3513513513513526
22_56,5,4,221,165,0.02262443438914027,0.024242424242424242,0.0016179898532839715,3.733031674208145,0.26696832579185514
22_57,9,2,148,171,0.060810810810810814,0.011695906432748537,-0.04911490437806228,10.39864864864865,-8.39864864864865
22_58,2,4,149,171,0.013422818791946308,0.023391812865497075,0.009968994073550766,2.295302013422819,1.7046979865771812
22_59,3,4,148,136,0.02027027027027027,0.029411764705882353,0.009141494435612081,2.756756756756757,1.243243243243243
22_6,0,0,223,138,0.0,0.0,0.0,0.0,0.0
22_60,6,4,148,136,0.04054054054054054,0.029411764705882353,-0.01112877583465819,5.513513513513514,-1.513513513513514
22_61,7,5,148,136,0.0472972972972973,0.03676470588235294,-0.010532591414944358,6.4324324324324325,-1.4324324324324325
22_62,1,10,148,136,0.006756756756756757,0.07352941176470588,0.06677265500794913,0.918918918918919,9.08108108108108
22_63,1,10,149,136,0.006711409395973154,0.07352941176470588,0.06681800236873273,0.912751677852349,9.087248322147651
22_64,0,2,148,136,0.0,0.014705882352941176,0.014705882352941176,0.0,2.0
22_65,3,5,148,136,0.02027027027027027,0.03676470588235294,0.01649443561208267,2.756756756756757,2.243243243243243
22_66,3,9,221,168,0.013574660633484163,0.05357142857142857,0.039996767937944405,2.2805429864253393,6.719457013574661
22_67,1,4,148,136,0.006756756756756757,0.029411764705882353,0.022655007949125595,0.918918918918919,3.081081081081081
22_68,4,3,148,136,0.02702702702702703,0.022058823529411766,-0.004968203497615262,3.675675675675676,-0.6756756756756759
22_69,3,0,148,170,0.02027027027027027,0.0,-0.02027027027027027,3.445945945945946,-3.445945945945946
22_7,0,0,223,138,0.0,0.0,0.0,0.0,0.0
22_70,6,3,148,136,0.04054054054054054,0.022058823529411766,-0.018481717011128777,5.513513513513514,-2.513513513513514
22_71,3,5,148,136,0.02027027027027027,0.03676470588235294,0.01649443561208267,2.756756756756757,2.243243243243243
22_72,3,3,148,141,0.02027027027027027,0.02127659574468085,0.0010063254744105792,2.8581081081081083,0.14189189189189166
22_73,1,2,148,136,0.006756756756756757,0.014705882352941176,0.00794912559618442,0.918918918918919,1.0810810810810811
22_74,0,0,221,165,0.0,0.0,0.0,0.0,0.0
22_75,0,0,149,135,0.0,0.0,0.0,0.0,0.0
22_76,0,0,149,135,0.0,0.0,0.0,0.0,0.0
22_77,0,0,148,135,0.0,0.0,0.0,0.0,0.0
22_8,0,0,223,138,0.0,0.0,0.0,0.0,0.0
22_9,0,0,297,172,0.0,0.0,0.0,0.0,0.0
23_0,0,0,79,40,0.0,0.0,0.0,0.0,0.0
23_1,0,0,151,75,0.0,0.0,0.0,0.0,0.0
23_10,0,0,299,204,0.0,0.0,0.0,0.0,0.0
23_11,0,0,374,235,0.0,0.0,0.0,0.0,0.0
23_12,0,0,299,204,0.0,0.0,0.0,0.0,0.0
23_13,0,0,300,204,0.0,0.0,0.0,0.0,0.0
23_14,0,0,372,236,0.0,0.0,0.0,0.0,0.0
23_15,0,0,299,204,0.0,0.0,0.0,0.0,0.0
23_16,0,0,299,275,0.0,0.0,0.0,0.0,0.0
23_17,0,0,299,273,0.0,0.0,0.0,0.0,0.0
23_18,0,0,300,240,0.0,0.0,0.0,0.0,0.0
23_19,0,0,299,240,0.0,0.0,0.0,0.0,0.0
23_2,0,0,151,75,0.0,0.0,0.0,0.0,0.0
23_20,0,0,299,245,0.0,0.0,0.0,0.0,0.0
23_21,0,0,298,275,0.0,0.0,0.0,0.0,0.0
23_22,0,0,297,235,0.0,0.0,0.0,0.0,0.0
23_23,0,0,224,210,0.0,0.0,0.0,0.0,0.0
23_24,0,0,225,206,0.0,0.0,0.0,0.0,0.0
23_25,0,0,224,206,0.0,0.0,0.0,0.0,0.0
23_26,0,0,224,206,0.0,0.0,0.0,0.0,0.0
23_27,0,0,224,206,0.0,0.0,0.0,0.0,0.0
23_28,0,0,300,237,0.0,0.0,0.0,0.0,0.0
23_29,0,0,225,206,0.0,0.0,0.0,0.0,0.0
23_3,0,0,223,102,0.0,0.0,0.0,0.0,0.0
23_30,0,0,224,206,0.0,0.0,0.0,0.0,0.0
23_31,0,0,297,238,0.0,0.0,0.0,0.0,0.0
23_32,0,0,224,206,0.0,0.0,0.0,0.0,0.0
23_33,0,0,224,206,0.0,0.0,0.0,0.0,0.0
23_34,0,0,224,207,0.0,0.0,0.0,0.0,0.0
23_35,0,0,225,239,0.0,0.0,0.0,0.0,0.0
23_36,0,0,224,205,0.0,0.0,0.0,0.0,0.0
23_37,0,2,224,210,0.0,0.009523809523809525,0.009523809523809525,0.0,2.0
23_38,4,0,224,210,0.017857142857142856,0.0,-0.017857142857142856,3.75,-3.75
23_39,1,1,297,234,0.003367003367003367,0.004273504273504274,0.0009065009065009071,0.7878787878787878,0.21212121212121215
23_4,0,0,223,102,0.0,0.0,0.0,0.0,0.0
23_40,3,1,224,243,0.013392857142857142,0.00411522633744856,-0.009277630805408582,3.2544642857142856,-2.2544642857142856
23_41,2,3,149,134,0.013422818791946308,0.022388059701492536,0.008965240909546228,1.7986577181208054,1.2013422818791946
23_42,4,2,148,134,0.02702702702702703,0.014925373134328358,-0.01210165389269867,3.621621621621622,-1.621621621621622
23_43,5,10,148,134,0.033783783783783786,0.07462686567164178,0.040843081887858,4.527027027027027,5.472972972972973
23_44,2,2,148,134,0.013513513513513514,0.014925373134328358,0.0014118596208148437,1.810810810810811,0.18918918918918903
23_45,3,1,148,134,0.02027027027027027,0.007462686567164179,-0.012807583703106092,2.7162162162162162,-1.7162162162162162
23_46,3,9,149,134,0.020134228187919462,0.06716417910447761,0.04702995091655815,2.697986577181208,6.302013422818792
23_47,2,4,148,134,0.013513513513513514,0.029850746268656716,0.0163372327551432,1.810810810810811,2.189189189189189
23_48,3,2,221,166,0.013574660633484163,0.012048192771084338,-0.0015264678623998253,2.253393665158371,-0.25339366515837103
23_49,4,0,220,161,0.01818181818181818,0.0,-0.01818181818181818,2.9272727272727272,-2.9272727272727272
23_5,0,0,223,142,0.0,0.0,0.0,0.0,0.0
23_50,1,1,148,134,0.006756756756756757,0.007462686567164179,0.0007059298104074218,0.9054054054054055,0.09459459459459452
23_51,4,2,148,134,0.02702702702702703,0.014925373134328358,-0.01210165389269867,3.621621621621622,-1.621621621621622
23_52,4,3,148,168,0.02702702702702703,0.017857142857142856,-0.009169884169884172,4.54054054054054,-1.5405405405405403
23_53,0,3,148,135,0.0,0.022222222222222223,0.022222222222222223,0.0,3.0
23_54,2,4,148,135,0.013513513513513514,0.02962962962962963,0.016116116116116116,1.8243243243243243,2.1756756756756754
23_55,4,2,148,140,0.02702702702702703,0.014285714285714285,-0.012741312741312743,3.783783783783784,-1.7837837837837842
23_56,8,17,221,165,0.03619909502262444,0.10303030303030303,0.06683120800767858,5.972850678733032,11.027149321266968
23_57,7,8,221,200,0.03167420814479638,0.04,0.008325791855203622,6.334841628959276,1.6651583710407243
23_58,3,5,149,136,0.020134228187919462,0.03676470588235294,0.01663047769443348,2.7382550335570466,2.2617449664429534
23_59,4,5,148,136,0.02702702702702703,0.03676470588235294,0.009737678855325914,3.675675675675676,1.3243243243243241
23_6,0,0,223,142,0.0,0.0,0.0,0.0,0.0
23_60,4,3,148,136,0.02702702702702703,0.022058823529411766,-0.004968203497615262,3.675675675675676,-0.6756756756756759
23_61,4,6,148,136,0.02702702702702703,0.04411764705882353,0.017090620031796504,3.675675675675676,2.324324324324324
23_62,1,6,148,136,0.006756756756756757,0.04411764705882353,0.037360890302066775,0.918918918918919,5.081081081081081
23_63,5,2,149,136,0.03355704697986577,0.014705882352941176,-0.018851164626924596,4.563758389261745,-2.5637583892617446
23_64,3,7,148,136,0.02027027027027027,0.051470588235294115,0.031200317965023844,2.756756756756757,4.243243243243243
23_65,3,3,149,141,0.020134228187919462,0.02127659574468085,0.0011423675567613888,2.838926174496644,0.16107382550335592
23_66,1,6,221,168,0.004524886877828055,0.03571428571428571,0.031189398836457657,0.7601809954751132,5.239819004524887
23_67,0,0,148,136,0.0,0.0,0.0,0.0,0.0
23_68,6,3,148,136,0.04054054054054054,0.022058823529411766,-0.018481717011128777,5.513513513513514,-2.513513513513514
23_69,5,1,148,170,0.033783783783783786,0.0058823529411764705,-0.027901430842607315,5.743243243243244,-4.743243243243244
23_7,0,0,223,138,0.0,0.0,0.0,0.0,0.0
23_70,2,2,148,136,0.013513513513513514,0.014705882352941176,0.001192368839427662,1.837837837837838,0.16216216216216206
23_71,4,3,148,136,0.02702702702702703,0.022058823529411766,-0.004968203497615262,3.675675675675676,-0.6756756756756759
23_72,2,3,148,141,0.013513513513513514,0.02127659574468085,0.007763082231167336,1.9054054054054055,1.0945945945945945
23_73,2,3,148,136,0.013513513513513514,0.022058823529411766,0.008545310015898252,1.837837837837838,1.162162162162162
23_74,0,0,221,165,0.0,0.0,0.0,0.0,0.0
23_75,0,0,149,135,0.0,0.0,0.0,0.0,0.0
23_76,0,0,149,135,0.0,0.0,0.0,0.0,0.0
23_77,0,0,148,135,0.0,0.0,0.0,0.0,0.0
23_8,0,0,298,205,0.0,0.0,0.0,0.0,0.0
23_9,0,0,373,239,0.0,0.0,0.0,0.0,0.0
24_0,0,0,79,40,0.0,0.0,0.0,0.0,0.0
24_1,0,0,151,75,0.0,0.0,0.0,0.0,0.0
24_10,0,0,299,204,0.0,0.0,0.0,0.0,0.0
24_11,0,0,374,235,0.0,0.0,0.0,0.0,0.0
24_12,0,0,299,204,0.0,0.0,0.0,0.0,0.0
24_13,0,0,300,209,0.0,0.0,0.0,0.0,0.0
24_14,0,0,371,236,0.0,0.0,0.0,0.0,0.0
24_15,0,0,299,204,0.0,0.0,0.0,0.0,0.0
24_16,0,0,299,275,0.0,0.0,0.0,0.0,0.0
24_17,0,0,299,273,0.0,0.0,0.0,0.0,0.0
24_18,0,0,300,273,0.0,0.0,0.0,0.0,0.0
24_19,0,0,299,240,0.0,0.0,0.0,0.0,0.0
24_2,0,0,214,130,0.0,0.0,0.0,0.0,0.0
24_20,0,0,299,245,0.0,0.0,0.0,0.0,0.0
24_21,0,0,298,240,0.0,0.0,0.0,0.0,0.0
24_22,0,0,371,305,0.0,0.0,0.0,0.0,0.0
24_23,0,0,298,280,0.0,0.0,0.0,0.0,0.0
24_24,0,0,299,276,0.0,0.0,0.0,0.0,0.0
24_25,0,0,298,276,0.0,0.0,0.0,0.0,0.0
24_26,0,0,372,311,0.0,0.0,0.0,0.0,0.0
24_27,0,0,298,277,0.0,0.0,0.0,0.0,0.0
24_28,0,0,299,237,0.0,0.0,0.0,0.0,0.0
24_29,0,0,225,206,0.0,0.0,0.0,0.0,0.0
24_3,0,0,301,174,0.0,0.0,0.0,0.0,0.0
24_30,0,0,224,206,0.0,0.0,0.0,0.0,0.0
24_31,0,0,297,238,0.0,0.0,0.0,0.0,0.0
24_32,0,0,224,206,0.0,0.0,0.0,0.0,0.0
24_33,0,0,224,206,0.0,0.0,0.0,0.0,0.0
24_34,0,0,224,206,0.0,0.0,0.0,0.0,0.0
24_35,0,0,148,169,0.0,0.0,0.0,0.0,0.0
24_36,0,0,148,135,0.0,0.0,0.0,0.0,0.0
24_37,1,2,148,135,0.006756756756756757,0.014814814814814815,0.008058058058058058,0.9121621621621622,1.0878378378378377
24_38,4,0,148,140,0.02702702702702703,0.0,-0.02702702702702703,3.783783783783784,-3.783783783783784
24_39,4,2,221,164,0.01809954751131222,0.012195121951219513,-0.005904425560092706,2.9683257918552037,-0.9683257918552037
24_4,0,0,299,205,0.0,0.0,0.0,0.0,0.0
24_40,8,1,221,198,0.03619909502262444,0.005050505050505051,-0.031148589972119386,7.167420814479638,-6.167420814479638
24_41,3,1,149,134,0.020134228187919462,0.007462686567164179,-0.012671541620755282,2.697986577181208,-1.697986577181208
24_42,1,9,148,134,0.006756756756756757,0.06716417910447761,0.060407422347720854,0.9054054054054055,8.094594594594595
24_43,3,1,148,134,0.02027027027027027,0.007462686567164179,-0.012807583703106092,2.7162162162162162,-1.7162162162162162
24_44,2,3,148,134,0.013513513513513514,0.022388059701492536,0.008874546187979022,1.810810810810811,1.189189189189189
24_45,0,2,148,134,0.0,0.014925373134328358,0.014925373134328358,0.0,2.0
24_46,1,1,149,134,0.006711409395973154,0.007462686567164179,0.0007512771711910247,0.8993288590604027,0.10067114093959728
24_47,3,2,148,134,0.02027027027027027,0.014925373134328358,-0.0053448971359419135,2.7162162162162162,-0.7162162162162162
24_48,1,0,221,166,0.004524886877828055,0.0,-0.004524886877828055,0.7511312217194571,-0.7511312217194571
24_49,1,3,148,134,0.006756756756756757,0.022388059701492536,0.01563130294473578,0.9054054054054055,2.0945945945945947
24_5,0,0,372,234,0.0,0.0,0.0,0.0,0.0
24_50,1,1,148,134,0.006756756756756757,0.007462686567164179,0.0007059298104074218,0.9054054054054055,0.09459459459459452
24_51,6,4,148,134,0.04054054054054054,0.029850746268656716,-0.010689794271883827,5.4324324324324325,-1.4324324324324325
24_52,2,4,148,168,0.013513513513513514,0.023809523809523808,0.010296010296010294,2.27027027027027,1.7297297297297298
24_53,3,2,148,135,0.02027027027027027,0.014814814814814815,-0.005455455455455456,2.736486486486487,-0.7364864864864868
24_54,1,2,148,135,0.006756756756756757,0.014814814814814815,0.008058058058058058,0.9121621621621622,1.0878378378378377
24_55,1,3,148,140,0.006756756756756757,0.02142857142857143,0.014671814671814672,0.945945945945946,2.054054054054054
24_56,10,5,148,135,0.06756756756756757,0.037037037037037035,-0.030530530530530536,9.121621621621623,-4.121621621621623
24_57,2,6,221,200,0.00904977375565611,0.03,0.020950226244343888,1.809954751131222,4.190045248868778
24_58,0,7,149,136,0.0,0.051470588235294115,0.051470588235294115,0.0,7.0
24_59,1,8,149,136,0.006711409395973154,0.058823529411764705,0.05211212001579155,0.912751677852349,7.087248322147651
24_6,0,0,300,209,0.0,0.0,0.0,0.0,0.0
24_60,3,10,148,136,0.02027027027027027,0.07352941176470588,0.05325914149443561,2.756756756756757,7.243243243243243
24_61,5,6,148,136,0.033783783783783786,0.04411764705882353,0.010333863275039747,4.594594594594595,1.4054054054054053
24_62,2,9,148,136,0.013513513513513514,0.0661764705882353,0.05266295707472178,1.837837837837838,7.162162162162162
24_63,2,4,149,136,0.013422818791946308,0.029411764705882353,0.015988945913936042,1.825503355704698,2.174496644295302
24_64,3,6,149,136,0.020134228187919462,0.04411764705882353,0.02398341887090407,2.7382550335570466,3.2617449664429534
24_65,4,2,197,164,0.02030456852791878,0.012195121951219513,-0.008109446576699268,3.32994923857868,-1.32994923857868
24_66,2,3,220,168,0.00909090909090909,0.017857142857142856,0.008766233766233766,1.5272727272727271,1.4727272727272729
24_67,1,3,148,136,0.006756756756756757,0.022058823529411766,0.015302066772655009,0.918918918918919,2.081081081081081
24_68,1,4,148,136,0.006756756756756757,0.029411764705882353,0.022655007949125595,0.918918918918919,3.081081081081081
24_69,1,2,148,170,0.006756756756756757,0.011764705882352941,0.005007949125596184,1.1486486486486487,0.8513513513513513
24_7,0,0,300,205,0.0,0.0,0.0,0.0,0.0
24_70,3,3,148,170,0.02027027027027027,0.01764705882352941,-0.00262321144674086,3.445945945945946,-0.44594594594594605
24_71,1,6,148,136,0.006756756756756757,0.04411764705882353,0.037360890302066775,0.918918918918919,5.081081081081081
24_72,5,6,148,141,0.033783783783783786,0.0425531914893617,0.008769407705577915,4.763513513513514,1.236486486486486
24_73,3,4,148,136,0.02027027027027027,0.029411764705882353,0.009141494435612081,2.756756756756757,1.243243243243243
24_74,0,1,221,165,0.0,0.006060606060606061,0.006060606060606061,0.0,1.0
24_75,0,0,148,135,0.0,0.0,0.0,0.0,0.0
24_76,0,0,149,135,0.0,0.0,0.0,0.0,0.0
24_77,0,0,148,135,0.0,0.0,0.0,0.0,0.0
24_8,0,0,298,205,0.0,0.0,0.0,0.0,0.0
24_9,0,0,373,239,0.0,0.0,0.0,0.0,0.0
25_0,0,0,227,137,0.0,0.0,0.0,0.0,0.0
25_1,0,0,228,142,0.0,0.0,0.0,0.0,0.0
25_10,0,0,299,204,0.0,0.0,0.0,0.0,0.0
25_11,0,0,374,235,0.0,0.0,0.0,0.0,0.0
25_12,0,0,299,204,0.0,0.0,0.0,0.0,0.0
25_13,0,0,372,236,0.0,0.0,0.0,0.0,0.0
25_14,0,0,371,231,0.0,0.0,0.0,0.0,0.0
25_15,0,0,299,204,0.0,0.0,0.0,0.0,0.0
25_16,0,0,299,275,0.0,0.0,0.0,0.0,0.0
25_17,0,0,299,239,0.0,0.0,0.0,0.0,0.0
25_18,0,0,300,273,0.0,0.0,0.0,0.0,0.0
25_19,0,0,299,240,0.0,0.0,0.0,0.0,0.0
25_2,0,0,228,142,0.0,0.0,0.0,0.0,0.0
25_20,0,0,299,245,0.0,0.0,0.0,0.0,0.0
25_21,0,0,299,245,0.0,0.0,0.0,0.0,0.0
25_22,0,0,371,305,0.0,0.0,0.0,0.0,0.0
25_23,0,0,298,280,0.0,0.0,0.0,0.0,0.0
25_24,0,0,299,276,0.0,0.0,0.0,0.0,0.0
25_25,0,0,298,276,0.0,0.0,0.0,0.0,0.0
25_26,0,0,372,311,0.0,0.0,0.0,0.0,0.0
25_27,0,0,298,277,0.0,0.0,0.0,0.0,0.0
25_28,0,0,371,307,0.0,0.0,0.0,0.0,0.0
25_29,0,0,248,242,0.0,0.0,0.0,0.0,0.0
25_3,0,0,301,174,0.0,0.0,0.0,0.0,0.0
25_30,0,0,223,212,0.0,0.0,0.0,0.0,0.0
25_31,0,0,295,239,0.0,0.0,0.0,0.0,0.0
25_32,0,0,222,207,0.0,0.0,0.0,0.0,0.0
25_33,0,0,221,207,0.0,0.0,0.0,0.0,0.0
25_34,0,0,148,136,0.0,0.0,0.0,0.0,0.0
25_35,0,1,148,169,0.0,0.005917159763313609,0.005917159763313609,0.0,1.0
25_36,0,1,148,135,0.0,0.007407407407407408,0.007407407407407408,0.0,1.0
25_37,3,3,148,135,0.02027027027027027,0.022222222222222223,0.0019519519519519517,2.736486486486487,0.26351351351351315
25_38,1,0,148,140,0.006756756756756757,0.0,-0.006756756756756757,0.945945945945946,-0.945945945945946
25_39,4,1,177,184,0.022598870056497175,0.005434782608695652,-0.017164087447801523,4.15819209039548,-3.15819209039548
25_4,0,0,299,205,0.0,0.0,0.0,0.0,0.0
25_40,2,1,221,199,0.00904977375565611,0.005025125628140704,-0.004024648127515406,1.8009049773755659,-0.8009049773755659
25_41,2,4,149,134,0.013422818791946308,0.029850746268656716,0.01642792747671041,1.7986577181208054,2.2013422818791946
25_42,3,2,148,134,0.02027027027027027,0.014925373134328358,-0.0053448971359419135,2.7162162162162162,-0.7162162162162162
25_43,0,1,148,134,0.0,0.007462686567164179,0.007462686567164179,0.0,1.0
25_44,1,3,148,134,0.006756756756756757,0.022388059701492536,0.01563130294473578,0.9054054054054055,2.0945945945945947
25_45,4,1,148,134,0.02702702702702703,0.007462686567164179,-0.01956434045986285,3.621621621621622,-2.621621621621622
25_46,5,2,149,134,0.03355704697986577,0.014925373134328358,-0.018631673845537412,4.496644295302014,-2.496644295302014
25_47,1,3,148,134,0.006756756756756757,0.022388059701492536,0.01563130294473578,0.9054054054054055,2.0945945945945947
25_48,1,3,221,166,0.004524886877828055,0.018072289156626505,0.01354740227879845,0.7511312217194571,2.248868778280543
25_49,1,3,148,134,0.006756756756756757,0.022388059701492536,0.01563130294473578,0.9054054054054055,2.0945945945945947
25_5,0,0,372,234,0.0,0.0,0.0,0.0,0.0
25_50,1,0,148,134,0.006756756756756757,0.0,-0.006756756756756757,0.9054054054054055,-0.9054054054054055
25_51,2,1,148,134,0.013513513513513514,0.007462686567164179,-0.006050826946349335,1.810810810810811,-0.810810810810811
25_52,3,2,148,168,0.02027027027027027,0.011904761904761904,-0.008365508365508367,3.4054054054054057,-1.4054054054054057
25_53,2,4,148,135,0.013513513513513514,0.02962962962962963,0.016116116116116116,1.8243243243243243,2.1756756756756754
25_54,1,1,148,135,0.006756756756756757,0.007407407407407408,0.0006506506506506506,0.9121621621621622,0.08783783783783783
25_55,4,7,148,140,0.02702702702702703,0.05,0.022972972972972974,3.783783783783784,3.216216216216216
25_56,5,12,148,135,0.033783783783783786,0.08888888888888889,0.05510510510510511,4.560810810810811,7.439189189189189
25_57,2,7,221,200,0.00904977375565611,0.035,0.025950226244343892,1.809954751131222,5.190045248868778
25_58,3,3,148,136,0.02027027027027027,0.022058823529411766,0.0017885532591414947,2.756756756756757,0.24324324324324298
25_59,3,18,149,136,0.020134228187919462,0.1323529411764706,0.11221871298855113,2.7382550335570466,15.261744966442954
25_6,0,0,299,209,0.0,0.0,0.0,0.0,0.0
25_60,8,16,148,136,0.05405405405405406,0.11764705882352941,0.06359300476947535,7.351351351351352,8.64864864864865
25_61,6,4,148,136,0.04054054054054054,0.029411764705882353,-0.01112877583465819,5.513513513513514,-1.513513513513514
25_62,6,3,148,136,0.04054054054054054,0.022058823529411766,-0.018481717011128777,5.513513513513514,-2.513513513513514
25_63,2,2,149,136,0.013422818791946308,0.014705882352941176,0.0012830635609948678,1.825503355704698,0.17449664429530198
25_64,5,4,149,136,0.03355704697986577,0.029411764705882353,-0.004145282273983419,4.563758389261745,-0.5637583892617446
25_65,6,3,221,168,0.027149321266968326,0.017857142857142856,-0.00929217840982547,4.5610859728506785,-1.5610859728506785
25_66,4,2,211,162,0.018957345971563982,0.012345679012345678,-0.006611666959218304,3.071090047393365,-1.071090047393365
25_67,1,1,148,136,0.006756756756756757,0.007352941176470588,0.000596184419713831,0.918918918918919,0.08108108108108103
25_68,0,1,148,136,0.0,0.007352941176470588,0.007352941176470588,0.0,1.0
25_69,1,2,148,158,0.006756756756756757,0.012658227848101266,0.0059014710913445085,1.0675675675675675,0.9324324324324325
25_7,0,0,300,205,0.0,0.0,0.0,0.0,0.0
25_70,1,3,148,170,0.006756756756756757,0.01764705882352941,0.010890302066772654,1.1486486486486487,1.8513513513513513
25_71,2,2,148,136,0.013513513513513514,0.014705882352941176,0.001192368839427662,1.837837837837838,0.16216216216216206
25_72,3,1,148,141,0.02027027027027027,0.0070921985815602835,-0.013178071688709988,2.8581081081081083,-1.8581081081081083
25_73,2,1,148,141,0.013513513513513514,0.0070921985815602835,-0.006421314931953231,1.9054054054054055,-0.9054054054054055
25_74,0,0,221,165,0.0,0.0,0.0,0.0,0.0
25_75,0,0,148,135,0.0,0.0,0.0,0.0,0.0
25_76,0,0,149,135,0.0,0.0,0.0,0.0,0.0
25_77,0,0,148,135,0.0,0.0,0.0,0.0,0.0
25_8,0,0,298,205,0.0,0.0,0.0,0.0,0.0
25_9,0,0,373,239,0.0,0.0,0.0,0.0,0.0
26_0,0,0,227,137,0.0,0.0,0.0,0.0,0.0
26_1,0,0,227,137,0.0,0.0,0.0,0.0,0.0
26_10,0,0,299,204,0.0,0.0,0.0,0.0,0.0
26_11,0,0,374,235,0.0,0.0,0.0,0.0,0.0
26_12,0,0,372,235,0.0,0.0,0.0,0.0,0.0
26_13,0,0,372,236,0.0,0.0,0.0,0.0,0.0
26_14,0,0,299,204,0.0,0.0,0.0,0.0,0.0
26_15,0,0,299,204,0.0,0.0,0.0,0.0,0.0
26_16,0,0,299,275,0.0,0.0,0.0,0.0,0.0
26_17,0,0,299,239,0.0,0.0,0.0,0.0,0.0
26_18,0,0,300,273,0.0,0.0,0.0,0.0,0.0
26_19,0,0,299,240,0.0,0.0,0.0,0.0,0.0
26_2,0,0,227,137,0.0,0.0,0.0,0.0,0.0
26_20,0,0,299,240,0.0,0.0,0.0,0.0,0.0
26_21,0,0,299,245,0.0,0.0,0.0,0.0,0.0
26_22,0,0,371,305,0.0,0.0,0.0,0.0,0.0
26_23,0,0,371,304,0.0,0.0,0.0,0.0,0.0
26_24,0,0,223,206,0.0,0.0,0.0,0.0,0.0
26_25,0,0,222,206,0.0,0.0,0.0,0.0,0.0
26_26,1,1,296,241,0.0033783783783783786,0.004149377593360996,0.0007709992149826173,0.8141891891891893,0.18581081081081074
26_27,0,0,222,207,0.0,0.0,0.0,0.0,0.0
26_28,0,0,222,207,0.0,0.0,0.0,0.0,0.0
26_29,0,0,223,207,0.0,0.0,0.0,0.0,0.0
26_3,0,0,228,142,0.0,0.0,0.0,0.0,0.0
26_30,0,0,295,239,0.0,0.0,0.0,0.0,0.0
26_31,0,0,294,239,0.0,0.0,0.0,0.0,0.0
26_32,0,1,222,207,0.0,0.004830917874396135,0.004830917874396135,0.0,1.0
26_33,0,1,222,243,0.0,0.00411522633744856,0.00411522633744856,0.0,1.0
26_34,0,1,222,207,0.0,0.004830917874396135,0.004830917874396135,0.0,1.0
26_35,1,2,222,240,0.0045045045045045045,0.008333333333333333,0.0038288288288288288,1.0810810810810811,0.9189189189189189
26_36,2,2,222,206,0.009009009009009009,0.009708737864077669,0.0006997288550686601,1.8558558558558558,0.14414414414414423
26_37,3,1,222,206,0.013513513513513514,0.0048543689320388345,-0.00865914458147468,2.7837837837837838,-1.7837837837837838
26_38,2,1,222,211,0.009009009009009009,0.004739336492890996,-0.004269672516118013,1.9009009009009008,-0.9009009009009008
26_39,4,3,212,240,0.018867924528301886,0.0125,-0.006367924528301885,4.528301886792453,-1.5283018867924527
26_4,0,0,228,173,0.0,0.0,0.0,0.0,0.0
26_40,5,2,221,164,0.02262443438914027,0.012195121951219513,-0.010429312437920758,3.710407239819004,-1.7104072398190042
26_41,2,0,149,134,0.013422818791946308,0.0,-0.013422818791946308,1.7986577181208054,-1.7986577181208054
26_42,2,0,149,134,0.013422818791946308,0.0,-0.013422818791946308,1.7986577181208054,-1.7986577181208054
26_43,2,0,148,134,0.013513513513513514,0.0,-0.013513513513513514,1.810810810810811,-1.810810810810811
26_44,5,0,148,134,0.033783783783783786,0.0,-0.033783783783783786,4.527027027027027,-4.527027027027027
26_45,1,1,148,134,0.006756756756756757,0.007462686567164179,0.0007059298104074218,0.9054054054054055,0.09459459459459452
26_46,2,1,149,134,0.013422818791946308,0.007462686567164179,-0.0059601322247821295,1.7986577181208054,-0.7986577181208054
26_47,9,2,149,134,0.06040268456375839,0.014925373134328358,-0.04547731142943003,8.093959731543624,-6.093959731543624
26_48,0,2,221,166,0.0,0.012048192771084338,0.012048192771084338,0.0,2.0
26_49,3,4,148,134,0.02027027027027027,0.029850746268656716,0.009580475998386444,2.7162162162162162,1.2837837837837838
26_5,0,0,299,202,0.0,0.0,0.0,0.0,0.0
26_50,3,0,148,134,0.02027027027027027,0.0,-0.02027027027027027,2.7162162162162162,-2.7162162162162162
26_51,5,2,148,134,0.033783783783783786,0.014925373134328358,-0.018858410649455426,4.527027027027027,-2.527027027027027
26_52,3,4,148,168,0.02027027027027027,0.023809523809523808,0.003539253539253537,3.4054054054054057,0.5945945945945943
26_53,3,3,148,168,0.02027027027027027,0.017857142857142856,-0.0024131274131274152,3.4054054054054057,-0.4054054054054057
26_54,2,6,148,135,0.013513513513513514,0.044444444444444446,0.030930930930930932,1.8243243243243243,4.175675675675675
26_55,10,4,148,140,0.06756756756756757,0.02857142857142857,-0.038996138996139004,9.45945945945946,-5.45945945945946
26_56,8,10,148,136,0.05405405405405406,0.07352941176470588,0.019475357710651828,7.351351351351352,2.6486486486486482
26_57,8,9,221,200,0.03619909502262444,0.045,0.00880090497737556,7.239819004524888,1.7601809954751122
26_58,4,10,148,136,0.02702702702702703,0.07352941176470588,0.046502384737678856,3.675675675675676,6.324324324324325
26_59,5,9,149,136,0.03355704697986577,0.0661764705882353,0.03261942360836952,4.563758389261745,4.436241610738255
26_6,0,0,293,206,0.0,0.0,0.0,0.0,0.0
26_60,4,7,148,136,0.02702702702702703,0.051470588235294115,0.024443561208267087,3.675675675675676,3.324324324324324
26_61,3,4,148,136,0.02027027027027027,0.029411764705882353,0.009141494435612081,2.756756756756757,1.243243243243243
26_62,4,2,148,136,0.02702702702702703,0.014705882352941176,-0.012321144674085852,3.675675675675676,-1.6756756756756759
26_63,3,1,148,136,0.02027027027027027,0.007352941176470588,-0.012917329093799683,2.756756756756757,-1.756756756756757
26_64,7,7,149,136,0.04697986577181208,0.051470588235294115,0.004490722463482033,6.3892617449664435,0.6107382550335565
26_65,3,1,221,168,0.013574660633484163,0.005952380952380952,-0.007622279681103211,2.2805429864253393,-1.2805429864253393
26_66,4,3,148,136,0.02702702702702703,0.022058823529411766,-0.004968203497615262,3.675675675675676,-0.6756756756756759
26_67,3,1,148,136,0.02027027027027027,0.007352941176470588,-0.012917329093799683,2.756756756756757,-1.756756756756757
26_68,3,2,148,136,0.02027027027027027,0.014705882352941176,-0.005564387917329095,2.756756756756757,-0.756756756756757
26_69,2,2,148,136,0.013513513513513514,0.014705882352941176,0.001192368839427662,1.837837837837838,0.16216216216216206
26_7,0,0,300,205,0.0,0.0,0.0,0.0,0.0
26_70,1,2,148,170,0.006756756756756757,0.011764705882352941,0.005007949125596184,1.1486486486486487,0.8513513513513513
26_71,0,0,148,136,0.0,0.0,0.0,0.0,0.0
26_72,0,0,148,136,0.0,0.0,0.0,0.0,0.0
26_73,0,0,148,141,0.0,0.0,0.0,0.0,0.0
26_74,0,0,221,165,0.0,0.0,0.0,0.0,0.0
26_75,0,0,148,135,0.0,0.0,0.0,0.0,0.0
26_76,0,0,149,135,0.0,0.0,0.0,0.0,0.0
26_77,0,0,148,135,0.0,0.0,0.0,0.0,0.0
26_8,0,0,298,206,0.0,0.0,0.0,0.0,0.0
26_9,0,0,373,239,0.0,0.0,0.0,0.0,0.0
27_0,0,0,227,137,0.0,0.0,0.0,0.0,0.0
27_1,0,0,227,137,0.0,0.0,0.0,0.0,0.0
27_10,0,0,226,172,0.0,0.0,0.0,0.0,0.0
27_11,0,0,277,195,0.0,0.0,0.0,0.0,0.0
27_12,0,0,374,235,0.0,0.0,0.0,0.0,0.0
27_13,0,0,372,236,0.0,0.0,0.0,0.0,0.0
27_14,0,0,299,204,0.0,0.0,0.0,0.0,0.0
27_15,0,0,299,275,0.0,0.0,0.0,0.0,0.0
27_16,0,0,299,275,0.0,0.0,0.0,0.0,0.0
27_17,0,0,299,239,0.0,0.0,0.0,0.0,0.0
27_18,0,0,223,238,0.0,0.0,0.0,0.0,0.0
27_19,0,0,223,205,0.0,0.0,0.0,0.0,0.0
27_2,0,0,227,137,0.0,0.0,0.0,0.0,0.0
27_20,0,0,223,205,0.0,0.0,0.0,0.0,0.0
27_21,0,0,223,210,0.0,0.0,0.0,0.0,0.0
27_22,5,3,222,205,0.02252252252252252,0.014634146341463415,-0.007888376181059106,4.617117117117117,-1.6171171171171173
27_23,3,5,295,235,0.010169491525423728,0.02127659574468085,0.011107104219257122,2.389830508474576,2.610169491525424
27_24,0,0,223,206,0.0,0.0,0.0,0.0,0.0
27_25,0,0,223,206,0.0,0.0,0.0,0.0,0.0
27_26,0,0,296,241,0.0,0.0,0.0,0.0,0.0
27_27,0,4,222,207,0.0,0.01932367149758454,0.01932367149758454,0.0,4.0
27_28,1,1,222,207,0.0045045045045045045,0.004830917874396135,0.00032641336989163057,0.9324324324324325,0.06756756756756754
27_29,2,1,223,207,0.008968609865470852,0.004830917874396135,-0.004137691991074717,1.8565022421524664,-0.8565022421524664
27_3,0,0,228,142,0.0,0.0,0.0,0.0,0.0
27_30,0,1,295,239,0.0,0.0041841004184100415,0.0041841004184100415,0.0,1.0
27_31,0,1,222,207,0.0,0.004830917874396135,0.004830917874396135,0.0,1.0
27_32,0,1,222,207,0.0,0.004830917874396135,0.004830917874396135,0.0,1.0
27_33,1,1,222,243,0.0045045045045045045,0.00411522633744856,-0.00038927816705594444,1.0945945945945945,-0.09459459459459452
27_34,2,3,222,207,0.009009009009009009,0.014492753623188406,0.005483744614179397,1.864864864864865,1.135135135135135
27_35,1,4,222,240,0.0045045045045045045,0.016666666666666666,0.012162162162162163,1.0810810810810811,2.918918918918919
27_36,3,2,222,206,0.013513513513513514,0.009708737864077669,-0.003804775649435845,2.7837837837837838,-0.7837837837837838
27_37,2,3,222,206,0.009009009009009009,0.014563106796116505,0.005554097787107496,1.8558558558558558,1.1441441441441442
27_38,3,2,222,211,0.013513513513513514,0.009478672985781991,-0.004034840527731523,2.8513513513513513,-0.8513513513513513
27_39,4,4,222,241,0.018018018018018018,0.016597510373443983,-0.0014205076445740344,4.342342342342342,-0.3423423423423424
27_4,0,0,228,178,0.0,0.0,0.0,0.0,0.0
27_40,2,3,295,235,0.006779661016949152,0.01276595744680851,0.005986296429859358,1.5932203389830508,1.4067796610169492
27_41,2,2,222,205,0.009009009009009009,0.00975609756097561,0.0007470885519666008,1.8468468468468469,0.15315315315315314
27_42,1,1,223,205,0.004484304932735426,0.004878048780487805,0.00039374384775237893,0.9192825112107623,0.08071748878923768
27_43,3,3,296,240,0.010135135135135136,0.0125,0.002364864864864865,2.4324324324324325,0.5675675675675675
27_44,5,2,222,205,0.02252252252252252,0.00975609756097561,-0.012766424961546912,4.617117117117117,-2.6171171171171173
27_45,1,0,152,145,0.006578947368421052,0.0,-0.006578947368421052,0.9539473684210525,-0.9539473684210525
27_46,1,2,148,134,0.006756756756756757,0.014925373134328358,0.0081686163775716,0.9054054054054055,1.0945945945945945
27_47,5,3,150,139,0.03333333333333333,0.02158273381294964,-0.011750599520383691,4.633333333333333,-1.6333333333333329
27_48,4,2,221,166,0.01809954751131222,0.012048192771084338,-0.006051354740227881,3.0045248868778285,-1.0045248868778285
27_49,4,4,148,134,0.02702702702702703,0.029850746268656716,0.0028237192416296873,3.621621621621622,0.37837837837837807
27_5,0,0,299,202,0.0,0.0,0.0,0.0,0.0
27_50,5,2,148,134,0.033783783783783786,0.014925373134328358,-0.018858410649455426,4.527027027027027,-2.527027027027027
27_51,6,4,148,134,0.04054054054054054,0.029850746268656716,-0.010689794271883827,5.4324324324324325,-1.4324324324324325
27_52,8,5,148,134,0.05405405405405406,0.03731343283582089,-0.016740621218233165,7.243243243243244,-2.243243243243244
27_53,3,5,148,168,0.02027027027027027,0.02976190476190476,0.009491634491634489,3.4054054054054057,1.5945945945945943
27_54,5,10,148,135,0.033783783783783786,0.07407407407407407,0.040290290290290284,4.560810810810811,5.439189189189189
27_55,4,6,148,140,0.02702702702702703,0.04285714285714286,0.01583011583011583,3.783783783783784,2.216216216216216
27_56,5,5,148,175,0.033783783783783786,0.02857142857142857,-0.005212355212355215,5.912162162162162,-0.9121621621621623
27_57,5,6,221,200,0.02262443438914027,0.03,0.007375565610859728,4.524886877828054,1.4751131221719458
27_58,3,7,148,136,0.02027027027027027,0.051470588235294115,0.031200317965023844,2.756756756756757,4.243243243243243
27_59,3,5,149,136,0.020134228187919462,0.03676470588235294,0.01663047769443348,2.7382550335570466,2.2617449664429534
27_6,0,0,226,177,0.0,0.0,0.0,0.0,0.0
27_60,2,2,148,136,0.013513513513513514,0.014705882352941176,0.001192368839427662,1.837837837837838,0.16216216216216206
27_61,2,1,148,136,0.013513513513513514,0.007352941176470588,-0.006160572337042926,1.837837837837838,-0.8378378378378379
27_62,3,11,148,136,0.02027027027027027,0.08088235294117647,0.0606120826709062,2.756756756756757,8.243243243243242
27_63,3,2,148,136,0.02027027027027027,0.014705882352941176,-0.005564387917329095,2.756756756756757,-0.756756756756757
27_64,1,3,149,136,0.006711409395973154,0.022058823529411766,0.015347414133438611,0.912751677852349,2.087248322147651
27_65,5,3,221,168,0.02262443438914027,0.017857142857142856,-0.004767291531997415,3.8009049773755654,-0.8009049773755654
27_66,5,7,148,136,0.033783783783783786,0.051470588235294115,0.01768680445151033,4.594594594594595,2.4054054054054053
27_67,3,2,148,136,0.02027027027027027,0.014705882352941176,-0.005564387917329095,2.756756756756757,-0.756756756756757
27_68,1,2,148,136,0.006756756756756757,0.014705882352941176,0.00794912559618442,0.918918918918919,1.0810810810810811
27_69,2,1,148,136,0.013513513513513514,0.007352941176470588,-0.006160572337042926,1.837837837837838,-0.8378378378378379
27_7,0,0,227,173,0.0,0.0,0.0,0.0,0.0
27_70,0,0,148,170,0.0,0.0,0.0,0.0,0.0
27_71,0,0,148,136,0.0,0.0,0.0,0.0,0.0
27_72,0,0,148,136,0.0,0.0,0.0,0.0,0.0
27_73,0,0,148,141,0.0,0.0,0.0,0.0,0.0
27_74,0,0,221,165,0.0,0.0,0.0,0.0,0.0
27_75,0,0,221,165,0.0,0.0,0.0,0.0,0.0
27_76,0,0,149,135,0.0,0.0,0.0,0.0,0.0
27_77,0,0,148,135,0.0,0.0,0.0,0.0,0.0
27_8,0,0,234,183,0.0,0.0,0.0,0.0,0.0
27_9,0,0,300,207,0.0,0.0,0.0,0.0,0.0
28_0,0,0,227,137,0.0,0.0,0.0,0.0,0.0
28_1,0,0,227,137,0.0,0.0,0.0,0.0,0.0
28_10,0,0,226,172,0.0,0.0,0.0,0.0,0.0
28_11,0,0,226,172,0.0,0.0,0.0,0.0,0.0
28_12,0,0,150,137,0.0,0.0,0.0,0.0,0.0
28_13,0,0,150,137,0.0,0.0,0.0,0.0,0.0
28_14,0,0,150,137,0.0,0.0,0.0,0.0,0.0
28_15,0,0,150,173,0.0,0.0,0.0,0.0,0.0
28_16,0,0,150,137,0.0,0.0,0.0,0.0,0.0
28_17,0,0,223,204,0.0,0.0,0.0,0.0,0.0
28_18,0,0,223,238,0.0,0.0,0.0,0.0,0.0
28_19,0,0,223,205,0.0,0.0,0.0,0.0,0.0
28_2,0,0,227,137,0.0,0.0,0.0,0.0,0.0
28_20,0,0,223,205,0.0,0.0,0.0,0.0,0.0
28_21,0,0,223,210,0.0,0.0,0.0,0.0,0.0
28_22,6,3,222,205,0.02702702702702703,0.014634146341463415,-0.012392880685563613,5.540540540540541,-2.5405405405405412
28_23,1,2,295,235,0.003389830508474576,0.00851063829787234,0.005120807789397764,0.7966101694915254,1.2033898305084745
28_24,3,2,222,206,0.013513513513513514,0.009708737864077669,-0.003804775649435845,2.7837837837837838,-0.7837837837837838
28_25,1,3,223,210,0.004484304932735426,0.014285714285714285,0.009801409352978858,0.9417040358744394,2.0582959641255605
28_26,1,2,296,241,0.0033783783783783786,0.008298755186721992,0.004920376808343613,0.8141891891891893,1.1858108108108107
28_27,0,0,222,207,0.0,0.0,0.0,0.0,0.0
28_28,1,0,222,207,0.0045045045045045045,0.0,-0.0045045045045045045,0.9324324324324325,-0.9324324324324325
28_29,0,0,223,207,0.0,0.0,0.0,0.0,0.0
28_3,0,0,228,137,0.0,0.0,0.0,0.0,0.0
28_30,4,5,296,239,0.013513513513513514,0.02092050209205021,0.007406988578536694,3.22972972972973,1.7702702702702702
28_31,13,10,222,207,0.05855855855855856,0.04830917874396135,-0.010249379814597205,12.121621621621621,-2.121621621621621
28_32,0,1,222,243,0.0,0.00411522633744856,0.00411522633744856,0.0,1.0
28_33,1,4,222,243,0.0045045045045045045,0.01646090534979424,0.011956400845289736,1.0945945945945945,2.9054054054054053
28_34,3,4,222,207,0.013513513513513514,0.01932367149758454,0.005810157984071026,2.7972972972972974,1.2027027027027026
28_35,1,2,222,240,0.0045045045045045045,0.008333333333333333,0.0038288288288288288,1.0810810810810811,0.9189189189189189
28_36,2,2,222,240,0.009009009009009009,0.008333333333333333,-0.0006756756756756757,2.1621621621621623,-0.16216216216216228
28_37,3,3,222,206,0.013513513513513514,0.014563106796116505,0.001049593282602991,2.7837837837837838,0.21621621621621623
28_38,4,5,222,211,0.018018018018018018,0.023696682464454975,0.005678664446436957,3.8018018018018016,1.1981981981981984
28_39,2,5,222,246,0.009009009009009009,0.02032520325203252,0.011316194243023511,2.2162162162162162,2.7837837837837838
28_4,0,0,228,178,0.0,0.0,0.0,0.0,0.0
28_40,2,0,295,235,0.006779661016949152,0.0,-0.006779661016949152,1.5932203389830508,-1.5932203389830508
28_41,5,2,222,205,0.02252252252252252,0.00975609756097561,-0.012766424961546912,4.617117117117117,-2.6171171171171173
28_42,5,2,223,205,0.02242152466367713,0.00975609756097561,-0.012665427102701519,4.596412556053812,-2.596412556053812
28_43,4,3,296,240,0.013513513513513514,0.0125,-0.0010135135135135136,3.2432432432432434,-0.24324324324324342
28_44,5,2,222,205,0.02252252252252252,0.00975609756097561,-0.012766424961546912,4.617117117117117,-2.6171171171171173
28_45,1,5,222,205,0.0045045045045045045,0.024390243902439025,0.01988573939793452,0.9234234234234234,4.076576576576577
28_46,7,9,222,205,0.03153153153153153,0.04390243902439024,0.012370907492858713,6.463963963963963,2.5360360360360366
28_47,11,9,296,237,0.037162162162162164,0.0379746835443038,0.0008125213821416344,8.807432432432433,0.19256756756756666
28_48,21,27,294,232,0.07142857142857142,0.11637931034482758,0.04495073891625616,16.57142857142857,10.42857142857143
28_49,37,47,222,205,0.16666666666666666,0.22926829268292684,0.06260162601626018,34.166666666666664,12.833333333333336
28_5,0,0,299,202,0.0,0.0,0.0,0.0,0.0
28_50,5,7,222,241,0.02252252252252252,0.029045643153526972,0.00652312063100445,5.427927927927928,1.5720720720720722
28_51,4,4,148,134,0.02702702702702703,0.029850746268656716,0.0028237192416296873,3.621621621621622,0.37837837837837807
28_52,5,8,148,134,0.033783783783783786,0.05970149253731343,0.025917708753529646,4.527027027027027,3.472972972972973
28_53,4,6,148,168,0.02702702702702703,0.03571428571428571,0.008687258687258684,4.54054054054054,1.4594594594594597
28_54,9,4,148,135,0.060810810810810814,0.02962962962962963,-0.031181181181181183,8.20945945945946,-4.20945945945946
28_55,6,6,148,135,0.04054054054054054,0.044444444444444446,0.0039039039039039033,5.472972972972974,0.5270270270270263
28_56,8,2,148,175,0.05405405405405406,0.011428571428571429,-0.04262548262548263,9.45945945945946,-7.45945945945946
28_57,12,10,221,165,0.05429864253393665,0.06060606060606061,0.006307418072123955,8.959276018099548,1.0407239819004523
28_58,3,3,221,165,0.013574660633484163,0.01818181818181818,0.004607157548334018,2.239819004524887,0.7601809954751131
28_59,2,6,149,136,0.013422818791946308,0.04411764705882353,0.030694828266877222,1.825503355704698,4.174496644295302
28_6,0,0,299,206,0.0,0.0,0.0,0.0,0.0
28_60,5,5,148,136,0.033783783783783786,0.03676470588235294,0.0029809220985691567,4.594594594594595,0.40540540540540526
28_61,3,4,148,136,0.02027027027027027,0.029411764705882353,0.009141494435612081,2.756756756756757,1.243243243243243
28_62,8,19,148,136,0.05405405405405406,0.13970588235294118,0.08565182829888712,7.351351351351352,11.64864864864865
28_63,6,10,148,136,0.04054054054054054,0.07352941176470588,0.03298887122416534,5.513513513513514,4.486486486486486
28_64,1,9,149,136,0.006711409395973154,0.0661764705882353,0.05946506119226214,0.912751677852349,8.087248322147651
28_65,8,3,221,168,0.03619909502262444,0.017857142857142856,-0.01834195216548158,6.081447963800906,-3.0814479638009056
28_66,2,2,148,136,0.013513513513513514,0.014705882352941176,0.001192368839427662,1.837837837837838,0.16216216216216206
28_67,4,7,148,136,0.02702702702702703,0.051470588235294115,0.024443561208267087,3.675675675675676,3.324324324324324
28_68,2,1,148,136,0.013513513513513514,0.007352941176470588,-0.006160572337042926,1.837837837837838,-0.8378378378378379
28_69,0,0,148,136,0.0,0.0,0.0,0.0,0.0
28_7,0,0,227,177,0.0,0.0,0.0,0.0,0.0
28_70,0,0,148,170,0.0,0.0,0.0,0.0,0.0
28_71,0,0,148,136,0.0,0.0,0.0,0.0,0.0
28_72,0,0,148,136,0.0,0.0,0.0,0.0,0.0
28_73,0,0,148,141,0.0,0.0,0.0,0.0,0.0
28_74,0,0,148,136,0.0,0.0,0.0,0.0,0.0
28_75,0,0,221,165,0.0,0.0,0.0,0.0,0.0
28_76,0,0,149,135,0.0,0.0,0.0,0.0,0.0
28_77,0,0,149,114,0.0,0.0,0.0,0.0,0.0
28_8,0,0,300,207,0.0,0.0,0.0,0.0,0.0
28_9,0,0,286,196,0.0,0.0,0.0,0.0,0.0
29_0,0,0,227,137,0.0,0.0,0.0,0.0,0.0
29_1,0,0,227,137,0.0,0.0,0.0,0.0,0.0
29_10,0,0,150,137,0.0,0.0,0.0,0.0,0.0
29_11,0,0,150,137,0.0,0.0,0.0,0.0,0.0
29_12,0,0,150,137,0.0,0.0,0.0,0.0,0.0
29_13,0,0,150,137,0.0,0.0,0.0,0.0,0.0
29_14,0,0,150,137,0.0,0.0,0.0,0.0,0.0
29_15,0,0,150,173,0.0,0.0,0.0,0.0,0.0
29_16,0,0,150,137,0.0,0.0,0.0,0.0,0.0
29_17,0,0,150,137,0.0,0.0,0.0,0.0,0.0
29_18,0,0,150,171,0.0,0.0,0.0,0.0,0.0
29_19,0,0,150,171,0.0,0.0,0.0,0.0,0.0
29_2,0,0,227,137,0.0,0.0,0.0,0.0,0.0
29_20,0,0,150,138,0.0,0.0,0.0,0.0,0.0
29_21,0,1,150,143,0.0,0.006993006993006993,0.006993006993006993,0.0,1.0
29_22,1,0,222,205,0.0045045045045045045,0.0,-0.0045045045045045045,0.9234234234234234,-0.9234234234234234
29_23,2,1,295,235,0.006779661016949152,0.00425531914893617,-0.002524341868012982,1.5932203389830508,-0.5932203389830508
29_24,2,1,222,206,0.009009009009009009,0.0048543689320388345,-0.004154640076970174,1.8558558558558558,-0.8558558558558558
29_25,2,1,297,241,0.006734006734006734,0.004149377593360996,-0.002584629140645738,1.6228956228956228,-0.6228956228956228
29_26,0,1,296,237,0.0,0.004219409282700422,0.004219409282700422,0.0,1.0
29_27,0,0,222,207,0.0,0.0,0.0,0.0,0.0
29_28,0,0,222,207,0.0,0.0,0.0,0.0,0.0
29_29,0,0,222,207,0.0,0.0,0.0,0.0,0.0
29_3,0,0,228,137,0.0,0.0,0.0,0.0,0.0
29_30,1,1,296,239,0.0033783783783783786,0.0041841004184100415,0.0008057220400316629,0.8074324324324325,0.19256756756756754
29_31,7,5,222,207,0.03153153153153153,0.024154589371980676,-0.007376942159550853,6.527027027027026,-1.5270270270270263
29_32,42,61,222,243,0.1891891891891892,0.25102880658436216,0.06183961739517296,45.972972972972975,15.027027027027025
29_33,18,15,222,207,0.08108108108108109,0.07246376811594203,-0.008617312965139054,16.783783783783786,-1.783783783783786
29_34,10,1,222,207,0.04504504504504504,0.004830917874396135,-0.04021412717064891,9.324324324324325,-8.324324324324325
29_35,3,2,222,207,0.013513513513513514,0.00966183574879227,-0.003851677764721244,2.7972972972972974,-0.7972972972972974
29_36,5,8,222,240,0.02252252252252252,0.03333333333333333,0.010810810810810811,5.405405405405405,2.5945945945945947
29_37,11,11,222,206,0.04954954954954955,0.05339805825242718,0.0038485087028776316,10.207207207207206,0.7927927927927936
29_38,25,25,222,208,0.11261261261261261,0.1201923076923077,0.007579695079695081,23.423423423423422,1.5765765765765778
29_39,9,5,222,246,0.04054054054054054,0.02032520325203252,-0.020215337288508023,9.972972972972974,-4.972972972972974
29_4,0,0,228,178,0.0,0.0,0.0,0.0,0.0
29_40,0,1,295,235,0.0,0.00425531914893617,0.00425531914893617,0.0,1.0
29_41,3,3,222,205,0.013513513513513514,0.014634146341463415,0.0011206328279499012,2.7702702702702706,0.22972972972972938
29_42,2,6,223,209,0.008968609865470852,0.028708133971291867,0.019739524105821013,1.8744394618834082,4.125560538116591
29_43,2,2,296,240,0.006756756756756757,0.008333333333333333,0.001576576576576576,1.6216216216216217,0.3783783783783783
29_44,2,2,222,205,0.009009009009009009,0.00975609756097561,0.0007470885519666008,1.8468468468468469,0.15315315315315314
29_45,4,2,222,205,0.018018018018018018,0.00975609756097561,-0.008261920457042408,3.6936936936936937,-1.6936936936936937
29_46,4,6,222,205,0.018018018018018018,0.02926829268292683,0.011250274664908813,3.6936936936936937,2.3063063063063063
29_47,12,8,296,237,0.04054054054054054,0.03375527426160337,-0.00678526627893717,9.608108108108109,-1.6081081081081088
29_48,8,7,222,205,0.036036036036036036,0.03414634146341464,-0.001889694572621399,7.387387387387387,-0.3873873873873874
29_49,5,7,222,220,0.02252252252252252,0.031818181818181815,0.009295659295659293,4.954954954954955,2.045045045045045
29_5,0,0,226,173,0.0,0.0,0.0,0.0,0.0
29_50,7,11,222,241,0.03153153153153153,0.04564315352697095,0.014111621995439423,7.5990990990990985,3.4009009009009015
29_51,9,11,222,205,0.04054054054054054,0.05365853658536585,0.01311799604482531,8.31081081081081,2.6891891891891895
29_52,5,5,222,205,0.02252252252252252,0.024390243902439025,0.0018677213799165038,4.617117117117117,0.38288288288288275
29_53,7,6,222,239,0.03153153153153153,0.02510460251046025,-0.006426929021071278,7.536036036036036,-1.5360360360360357
29_54,6,4,222,206,0.02702702702702703,0.019417475728155338,-0.00760955129887169,5.5675675675675675,-1.5675675675675675
29_55,2,0,222,206,0.009009009009009009,0.0,-0.009009009009009009,1.8558558558558558,-1.8558558558558558
29_56,1,5,221,246,0.004524886877828055,0.02032520325203252,0.015800316374204464,1.1131221719457014,3.8868778280542986
29_57,2,1,160,141,0.0125,0.0070921985815602835,-0.005407801418439717,1.7625000000000002,-0.7625000000000002
29_58,6,7,221,165,0.027149321266968326,0.04242424242424243,0.0152749211572741,4.479638009049774,2.520361990950226
29_59,3,2,149,136,0.020134228187919462,0.014705882352941176,-0.0054283458349782855,2.7382550335570466,-0.7382550335570466
29_6,0,0,224,167,0.0,0.0,0.0,0.0,0.0
29_60,5,2,148,136,0.033783783783783786,0.014705882352941176,-0.01907790143084261,4.594594594594595,-2.5945945945945947
29_61,2,7,148,136,0.013513513513513514,0.051470588235294115,0.0379570747217806,1.837837837837838,5.162162162162162
29_62,4,7,148,136,0.02702702702702703,0.051470588235294115,0.024443561208267087,3.675675675675676,3.324324324324324
29_63,6,4,148,136,0.04054054054054054,0.029411764705882353,-0.01112877583465819,5.513513513513514,-1.513513513513514
29_64,6,7,150,141,0.04,0.04964539007092199,0.009645390070921987,5.64,1.3600000000000003
29_65,3,1,221,168,0.013574660633484163,0.005952380952380952,-0.007622279681103211,2.2805429864253393,-1.2805429864253393
29_66,5,3,148,136,0.033783783783783786,0.022058823529411766,-0.01172496025437202,4.594594594594595,-1.5945945945945947
29_67,0,1,148,136,0.0,0.007352941176470588,0.007352941176470588,0.0,1.0
29_68,0,0,148,136,0.0,0.0,0.0,0.0,0.0
29_69,0,0,148,136,0.0,0.0,0.0,0.0,0.0
29_7,0,0,151,138,0.0,0.0,0.0,0.0,0.0
29_70,0,0,148,170,0.0,0.0,0.0,0.0,0.0
29_71,0,0,148,136,0.0,0.0,0.0,0.0,0.0
29_72,0,0,148,136,0.0,0.0,0.0,0.0,0.0
29_73,0,0,148,141,0.0,0.0,0.0,0.0,0.0
29_74,0,0,148,136,0.0,0.0,0.0,0.0,0.0
29_75,0,0,221,165,0.0,0.0,0.0,0.0,0.0
29_76,0,0,148,135,0.0,0.0,0.0,0.0,0.0
29_77,0,0,149,100,0.0,0.0,0.0,0.0,0.0
29_8,0,0,225,172,0.0,0.0,0.0,0.0,0.0
29_9,0,0,149,137,0.0,0.0,0.0,0.0,0.0
2_0,0,0,72,36,0.0,0.0,0.0,0.0,0.0
2_1,0,0,72,37,0.0,0.0,0.0,0.0,0.0
2_10,0,0,145,68,0.0,0.0,0.0,0.0,0.0
2_11,0,0,199,100,0.0,0.0,0.0,0.0,0.0
2_12,0,0,221,103,0.0,0.0,0.0,0.0,0.0
2_13,0,0,221,103,0.0,0.0,0.0,0.0,0.0
2_14,0,0,293,133,0.0,0.0,0.0,0.0,0.0
2_15,0,0,221,103,0.0,0.0,0.0,0.0,0.0
2_16,0,0,221,138,0.0,0.0,0.0,0.0,0.0
2_17,0,0,223,143,0.0,0.0,0.0,0.0,0.0
2_18,0,0,241,158,0.0,0.0,0.0,0.0,0.0
2_19,0,0,148,110,0.0,0.0,0.0,0.0,0.0
2_2,0,0,73,41,0.0,0.0,0.0,0.0,0.0
2_20,0,0,148,106,0.0,0.0,0.0,0.0,0.0
2_21,0,0,148,106,0.0,0.0,0.0,0.0,0.0
2_22,0,0,148,106,0.0,0.0,0.0,0.0,0.0
2_23,0,0,148,106,0.0,0.0,0.0,0.0,0.0
2_24,0,0,223,137,0.0,0.0,0.0,0.0,0.0
2_25,0,0,148,106,0.0,0.0,0.0,0.0,0.0
2_26,0,0,148,106,0.0,0.0,0.0,0.0,0.0
2_27,0,0,148,106,0.0,0.0,0.0,0.0,0.0
2_28,0,0,148,111,0.0,0.0,0.0,0.0,0.0
2_29,0,0,148,106,0.0,0.0,0.0,0.0,0.0
2_3,0,0,73,41,0.0,0.0,0.0,0.0,0.0
2_30,0,0,148,106,0.0,0.0,0.0,0.0,0.0
2_31,0,0,220,135,0.0,0.0,0.0,0.0,0.0
2_32,0,0,148,105,0.0,0.0,0.0,0.0,0.0
2_33,0,0,148,105,0.0,0.0,0.0,0.0,0.0
2_34,0,0,149,105,0.0,0.0,0.0,0.0,0.0
2_35,0,0,148,106,0.0,0.0,0.0,0.0,0.0
2_36,0,0,148,109,0.0,0.0,0.0,0.0,0.0
2_37,0,0,148,139,0.0,0.0,0.0,0.0,0.0
2_38,0,0,148,104,0.0,0.0,0.0,0.0,0.0
2_39,0,0,148,104,0.0,0.0,0.0,0.0,0.0
2_4,0,0,73,41,0.0,0.0,0.0,0.0,0.0
2_40,0,0,148,104,0.0,0.0,0.0,0.0,0.0
2_41,0,0,222,134,0.0,0.0,0.0,0.0,0.0
2_42,0,0,222,134,0.0,0.0,0.0,0.0,0.0
2_43,0,0,147,103,0.0,0.0,0.0,0.0,0.0
2_44,0,0,148,108,0.0,0.0,0.0,0.0,0.0
2_45,0,0,76,73,0.0,0.0,0.0,0.0,0.0
2_46,0,0,76,109,0.0,0.0,0.0,0.0,0.0
2_47,0,0,148,137,0.0,0.0,0.0,0.0,0.0
2_48,0,0,149,137,0.0,0.0,0.0,0.0,0.0
2_49,0,0,148,137,0.0,0.0,0.0,0.0,0.0
2_5,0,0,145,68,0.0,0.0,0.0,0.0,0.0
2_50,0,0,148,137,0.0,0.0,0.0,0.0,0.0
2_51,0,0,148,137,0.0,0.0,0.0,0.0,0.0
2_52,0,0,148,137,0.0,0.0,0.0,0.0,0.0
2_53,0,0,148,141,0.0,0.0,0.0,0.0,0.0
2_54,0,0,148,176,0.0,0.0,0.0,0.0,0.0
2_55,0,0,148,138,0.0,0.0,0.0,0.0,0.0
2_56,0,0,148,138,0.0,0.0,0.0,0.0,0.0
2_57,0,0,148,138,0.0,0.0,0.0,0.0,0.0
2_58,0,0,148,138,0.0,0.0,0.0,0.0,0.0
2_59,0,0,222,168,0.0,0.0,0.0,0.0,0.0
2_6,0,0,145,68,0.0,0.0,0.0,0.0,0.0
2_60,0,0,148,138,0.0,0.0,0.0,0.0,0.0
2_61,0,0,148,175,0.0,0.0,0.0,0.0,0.0
2_62,0,0,148,139,0.0,0.0,0.0,0.0,0.0
2_63,0,0,220,173,0.0,0.0,0.0,0.0,0.0
2_64,0,0,148,140,0.0,0.0,0.0,0.0,0.0
2_65,0,0,149,140,0.0,0.0,0.0,0.0,0.0
2_66,0,0,149,140,0.0,0.0,0.0,0.0,0.0
2_67,0,0,148,140,0.0,0.0,0.0,0.0,0.0
2_68,0,0,148,140,0.0,0.0,0.0,0.0,0.0
2_69,0,0,148,140,0.0,0.0,0.0,0.0,0.0
2_7,0,0,145,68,0.0,0.0,0.0,0.0,0.0
2_70,0,0,148,140,0.0,0.0,0.0,0.0,0.0
2_71,0,0,148,144,0.0,0.0,0.0,0.0,0.0
2_72,0,0,148,140,0.0,0.0,0.0,0.0,0.0
2_73,0,0,148,140,0.0,0.0,0.0,0.0,0.0
2_74,0,0,148,140,0.0,0.0,0.0,0.0,0.0
2_75,0,0,148,140,0.0,0.0,0.0,0.0,0.0
2_76,0,0,223,135,0.0,0.0,0.0,0.0,0.0
2_77,0,0,149,105,0.0,0.0,0.0,0.0,0.0
2_8,0,0,145,68,0.0,0.0,0.0,0.0,0.0
2_9,0,0,145,68,0.0,0.0,0.0,0.0,0.0
30_0,0,0,207,132,0.0,0.0,0.0,0.0,0.0
30_1,0,0,151,102,0.0,0.0,0.0,0.0,0.0
30_10,0,0,150,137,0.0,0.0,0.0,0.0,0.0
30_11,0,0,150,137,0.0,0.0,0.0,0.0,0.0
30_12,0,0,150,137,0.0,0.0,0.0,0.0,0.0
30_13,0,0,150,137,0.0,0.0,0.0,0.0,0.0
30_14,0,0,150,137,0.0,0.0,0.0,0.0,0.0
30_15,0,0,150,173,0.0,0.0,0.0,0.0,0.0
30_16,0,0,150,137,0.0,0.0,0.0,0.0,0.0
30_17,0,0,150,137,0.0,0.0,0.0,0.0,0.0
30_18,0,0,150,150,0.0,0.0,0.0,0.0,0.0
30_19,0,0,150,171,0.0,0.0,0.0,0.0,0.0
30_2,0,0,151,102,0.0,0.0,0.0,0.0,0.0
30_20,1,0,150,138,0.006666666666666667,0.0,-0.006666666666666667,0.92,-0.92
30_21,0,0,150,143,0.0,0.0,0.0,0.0,0.0
30_22,0,0,150,143,0.0,0.0,0.0,0.0,0.0
30_23,2,2,222,168,0.009009009009009009,0.011904761904761904,0.002895752895752895,1.5135135135135136,0.4864864864864864
30_24,1,3,149,139,0.006711409395973154,0.02158273381294964,0.014871324416976486,0.9328859060402684,2.0671140939597317
30_25,2,2,224,174,0.008928571428571428,0.011494252873563218,0.00256568144499179,1.5535714285714284,0.4464285714285716
30_26,0,0,149,140,0.0,0.0,0.0,0.0,0.0
30_27,0,0,222,207,0.0,0.0,0.0,0.0,0.0
30_28,0,0,222,207,0.0,0.0,0.0,0.0,0.0
30_29,0,0,222,207,0.0,0.0,0.0,0.0,0.0
30_3,0,0,152,138,0.0,0.0,0.0,0.0,0.0
30_30,0,2,296,239,0.0,0.008368200836820083,0.008368200836820083,0.0,2.0
30_31,3,6,222,207,0.013513513513513514,0.028985507246376812,0.015471993732863298,2.7972972972972974,3.2027027027027026
30_32,10,4,222,243,0.04504504504504504,0.01646090534979424,-0.028584139695250803,10.945945945945946,-6.945945945945946
30_33,13,16,222,207,0.05855855855855856,0.07729468599033816,0.018736127431779603,12.121621621621621,3.878378378378379
30_34,4,2,222,207,0.018018018018018018,0.00966183574879227,-0.008356182269225748,3.72972972972973,-1.7297297297297298
30_35,3,2,222,207,0.013513513513513514,0.00966183574879227,-0.003851677764721244,2.7972972972972974,-0.7972972972972974
30_36,1,2,222,240,0.0045045045045045045,0.008333333333333333,0.0038288288288288288,1.0810810810810811,0.9189189189189189
30_37,6,11,222,206,0.02702702702702703,0.05339805825242718,0.026371031225400153,5.5675675675675675,5.4324324324324325
30_38,11,25,222,206,0.04954954954954955,0.12135922330097088,0.07180967375142133,10.207207207207206,14.792792792792794
30_39,4,8,222,246,0.018018018018018018,0.032520325203252036,0.014502307185234018,4.4324324324324325,3.5675675675675675
30_4,0,0,152,143,0.0,0.0,0.0,0.0,0.0
30_40,3,1,295,235,0.010169491525423728,0.00425531914893617,-0.005914172376487558,2.389830508474576,-1.3898305084745761
30_41,4,3,295,235,0.013559322033898305,0.01276595744680851,-0.0007933645870897947,3.1864406779661016,-0.18644067796610164
30_42,5,1,296,240,0.016891891891891893,0.004166666666666667,-0.012725225225225227,4.054054054054054,-3.0540540540540544
30_43,5,4,296,236,0.016891891891891893,0.01694915254237288,5.726065048098847e-05,3.986486486486487,0.013513513513513153
30_44,6,1,222,205,0.02702702702702703,0.004878048780487805,-0.022148978246539223,5.540540540540541,-4.540540540540541
30_45,7,2,222,205,0.03153153153153153,0.00975609756097561,-0.021775433970555917,6.463963963963963,-4.463963963963963
30_46,5,5,222,205,0.02252252252252252,0.024390243902439025,0.0018677213799165038,4.617117117117117,0.38288288288288275
30_47,7,9,296,237,0.02364864864864865,0.0379746835443038,0.014326034895655149,5.60472972972973,3.39527027027027
30_48,6,3,222,205,0.02702702702702703,0.014634146341463415,-0.012392880685563613,5.540540540540541,-2.5405405405405412
30_49,8,5,222,241,0.036036036036036036,0.02074688796680498,-0.015289148069231057,8.684684684684685,-3.684684684684685
30_5,0,0,152,138,0.0,0.0,0.0,0.0,0.0
30_50,4,6,222,241,0.018018018018018018,0.024896265560165973,0.0068782475421479555,4.342342342342342,1.6576576576576576
30_51,9,9,222,205,0.04054054054054054,0.04390243902439024,0.0033618984838496985,8.31081081081081,0.6891891891891895
30_52,4,9,222,205,0.018018018018018018,0.04390243902439024,0.025884421006372223,3.6936936936936937,5.306306306306306
30_53,6,7,222,239,0.02702702702702703,0.029288702928870293,0.0022616759018432644,6.45945945945946,0.5405405405405403
30_54,7,5,222,206,0.03153153153153153,0.024271844660194174,-0.007259686871337354,6.495495495495495,-1.4954954954954953
30_55,6,2,222,206,0.02702702702702703,0.009708737864077669,-0.01731828916294936,5.5675675675675675,-3.5675675675675675
30_56,9,5,222,246,0.04054054054054054,0.02032520325203252,-0.020215337288508023,9.972972972972974,-4.972972972972974
30_57,4,4,222,206,0.018018018018018018,0.019417475728155338,0.0013994577101373203,3.7117117117117115,0.28828828828828845
30_58,6,8,295,236,0.020338983050847456,0.03389830508474576,0.013559322033898306,4.8,3.2
30_59,5,0,223,207,0.02242152466367713,0.0,-0.02242152466367713,4.641255605381166,-4.641255605381166
30_6,0,0,223,167,0.0,0.0,0.0,0.0,0.0
30_60,3,4,297,242,0.010101010101010102,0.01652892561983471,0.006427915518824609,2.4444444444444446,1.5555555555555554
30_61,1,1,222,207,0.0045045045045045045,0.004830917874396135,0.00032641336989163057,0.9324324324324325,0.06756756756756754
30_62,1,2,221,207,0.004524886877828055,0.00966183574879227,0.005136948870964215,0.9366515837104074,1.0633484162895925
30_63,0,2,148,136,0.0,0.014705882352941176,0.014705882352941176,0.0,2.0
30_64,2,1,222,168,0.009009009009009009,0.005952380952380952,-0.003056628056628057,1.5135135135135136,-0.5135135135135136
30_65,6,6,221,163,0.027149321266968326,0.03680981595092025,0.009660494683951922,4.425339366515837,1.5746606334841626
30_66,0,2,148,136,0.0,0.014705882352941176,0.014705882352941176,0.0,2.0
30_67,0,0,148,136,0.0,0.0,0.0,0.0,0.0
30_68,0,0,148,136,0.0,0.0,0.0,0.0,0.0
30_69,0,0,148,136,0.0,0.0,0.0,0.0,0.0
30_7,0,0,150,138,0.0,0.0,0.0,0.0,0.0
30_70,0,0,148,170,0.0,0.0,0.0,0.0,0.0
30_71,0,0,148,170,0.0,0.0,0.0,0.0,0.0
30_72,0,0,148,136,0.0,0.0,0.0,0.0,0.0
30_73,0,0,148,141,0.0,0.0,0.0,0.0,0.0
30_74,0,0,148,136,0.0,0.0,0.0,0.0,0.0
30_75,0,0,221,165,0.0,0.0,0.0,0.0,0.0
30_76,0,0,148,135,0.0,0.0,0.0,0.0,0.0
30_77,0,0,224,135,0.0,0.0,0.0,0.0,0.0
30_8,0,0,225,172,0.0,0.0,0.0,0.0,0.0
30_9,0,0,149,137,0.0,0.0,0.0,0.0,0.0
31_0,0,0,151,102,0.0,0.0,0.0,0.0,0.0
31_1,0,0,151,102,0.0,0.0,0.0,0.0,0.0
31_10,0,0,150,137,0.0,0.0,0.0,0.0,0.0
31_11,0,0,150,137,0.0,0.0,0.0,0.0,0.0
31_12,0,0,150,137,0.0,0.0,0.0,0.0,0.0
31_13,0,0,150,137,0.0,0.0,0.0,0.0,0.0
31_14,0,0,150,137,0.0,0.0,0.0,0.0,0.0
31_15,0,0,150,173,0.0,0.0,0.0,0.0,0.0
31_16,0,0,150,137,0.0,0.0,0.0,0.0,0.0
31_17,0,0,150,137,0.0,0.0,0.0,0.0,0.0
31_18,0,0,150,137,0.0,0.0,0.0,0.0,0.0
31_19,0,0,150,171,0.0,0.0,0.0,0.0,0.0
31_2,0,0,151,102,0.0,0.0,0.0,0.0,0.0
31_20,1,0,150,138,0.006666666666666667,0.0,-0.006666666666666667,0.92,-0.92
31_21,0,0,150,138,0.0,0.0,0.0,0.0,0.0
31_22,0,0,150,143,0.0,0.0,0.0,0.0,0.0
31_23,0,0,222,168,0.0,0.0,0.0,0.0,0.0
31_24,1,1,182,157,0.005494505494505495,0.006369426751592357,0.0008749212570868621,0.8626373626373627,0.13736263736263732
31_25,3,8,224,174,0.013392857142857142,0.04597701149425287,0.03258415435139573,2.330357142857143,5.669642857142858
31_26,11,9,149,140,0.0738255033557047,0.06428571428571428,-0.009539789069990423,10.335570469798657,-1.3355704697986575
31_27,0,0,149,140,0.0,0.0,0.0,0.0,0.0
31_28,4,2,149,140,0.026845637583892617,0.014285714285714285,-0.012559923298178332,3.7583892617449663,-1.7583892617449663
31_29,0,0,149,140,0.0,0.0,0.0,0.0,0.0
31_3,0,0,152,138,0.0,0.0,0.0,0.0,0.0
31_30,0,1,150,140,0.0,0.007142857142857143,0.007142857142857143,0.0,1.0
31_31,2,0,149,140,0.013422818791946308,0.0,-0.013422818791946308,1.8791946308724832,-1.8791946308724832
31_32,2,2,188,226,0.010638297872340425,0.008849557522123894,-0.0017887403502165316,2.404255319148936,-0.4042553191489362
31_33,3,2,222,207,0.013513513513513514,0.00966183574879227,-0.003851677764721244,2.7972972972972974,-0.7972972972972974
31_34,3,3,222,207,0.013513513513513514,0.014492753623188406,0.0009792401096748917,2.7972972972972974,0.20270270270270263
31_35,0,0,222,207,0.0,0.0,0.0,0.0,0.0
31_36,2,4,222,240,0.009009009009009009,0.016666666666666666,0.0076576576576576575,2.1621621621621623,1.8378378378378377
31_37,4,4,222,206,0.018018018018018018,0.019417475728155338,0.0013994577101373203,3.7117117117117115,0.28828828828828845
31_38,3,2,222,241,0.013513513513513514,0.008298755186721992,-0.0052147583267915226,3.256756756756757,-1.256756756756757
31_39,4,5,222,246,0.018018018018018018,0.02032520325203252,0.002307185234014502,4.4324324324324325,0.5675675675675675
31_4,0,0,152,143,0.0,0.0,0.0,0.0,0.0
31_40,4,3,222,206,0.018018018018018018,0.014563106796116505,-0.0034549112219015125,3.7117117117117115,-0.7117117117117115
31_41,7,4,295,235,0.023728813559322035,0.01702127659574468,-0.006707536963577353,5.576271186440678,-1.5762711864406782
31_42,5,2,297,240,0.016835016835016835,0.008333333333333333,-0.008501683501683501,4.040404040404041,-2.0404040404040407
31_43,6,8,223,206,0.026905829596412557,0.038834951456310676,0.011929121859898119,5.542600896860987,2.4573991031390134
31_44,7,4,222,205,0.03153153153153153,0.01951219512195122,-0.01201933640958031,6.463963963963963,-2.4639639639639634
31_45,7,1,222,205,0.03153153153153153,0.004878048780487805,-0.026653482751043723,6.463963963963963,-5.463963963963963
31_46,9,5,222,205,0.04054054054054054,0.024390243902439025,-0.016150296638101518,8.31081081081081,-3.3108108108108105
31_47,3,5,296,237,0.010135135135135136,0.02109704641350211,0.010961911278366973,2.402027027027027,2.597972972972973
31_48,6,7,222,205,0.02702702702702703,0.03414634146341464,0.007119314436387608,5.540540540540541,1.4594594594594588
31_49,4,6,222,241,0.018018018018018018,0.024896265560165973,0.0068782475421479555,4.342342342342342,1.6576576576576576
31_5,0,0,152,138,0.0,0.0,0.0,0.0,0.0
31_50,9,9,222,205,0.04054054054054054,0.04390243902439024,0.0033618984838496985,8.31081081081081,0.6891891891891895
31_51,9,8,222,205,0.04054054054054054,0.03902439024390244,-0.0015161502966381038,8.31081081081081,-0.3108108108108105
31_52,10,5,222,205,0.04504504504504504,0.024390243902439025,-0.020654801142606018,9.234234234234235,-4.2342342342342345
31_53,6,5,222,239,0.02702702702702703,0.02092050209205021,-0.00610652493497682,6.45945945945946,-1.4594594594594597
31_54,6,8,222,214,0.02702702702702703,0.037383177570093455,0.010356150543066427,5.783783783783784,2.216216216216216
31_55,7,1,222,206,0.03153153153153153,0.0048543689320388345,-0.026677162599492696,6.495495495495495,-5.495495495495495
31_56,2,3,222,246,0.009009009009009009,0.012195121951219513,0.0031861129422105037,2.2162162162162162,0.7837837837837838
31_57,4,6,222,206,0.018018018018018018,0.02912621359223301,0.011108195574214993,3.7117117117117115,2.2882882882882885
31_58,5,3,295,236,0.01694915254237288,0.012711864406779662,-0.0042372881355932195,4.0,-1.0
31_59,7,7,222,211,0.03153153153153153,0.03317535545023697,0.0016438239187054407,6.653153153153153,0.3468468468468471
31_6,0,0,223,167,0.0,0.0,0.0,0.0,0.0
31_60,2,5,297,242,0.006734006734006734,0.02066115702479339,0.013927150290786654,1.6296296296296295,3.3703703703703702
31_61,0,3,222,207,0.0,0.014492753623188406,0.014492753623188406,0.0,3.0
31_62,1,1,222,207,0.0045045045045045045,0.004830917874396135,0.00032641336989163057,0.9324324324324325,0.06756756756756754
31_63,0,0,222,207,0.0,0.0,0.0,0.0,0.0
31_64,0,0,295,239,0.0,0.0,0.0,0.0,0.0
31_65,0,0,223,207,0.0,0.0,0.0,0.0,0.0
31_66,0,0,222,207,0.0,0.0,0.0,0.0,0.0
31_67,0,0,222,207,0.0,0.0,0.0,0.0,0.0
31_68,0,0,222,174,0.0,0.0,0.0,0.0,0.0
31_69,0,0,148,136,0.0,0.0,0.0,0.0,0.0
31_7,0,0,150,138,0.0,0.0,0.0,0.0,0.0
31_70,0,0,148,136,0.0,0.0,0.0,0.0,0.0
31_71,0,0,148,170,0.0,0.0,0.0,0.0,0.0
31_72,0,0,223,171,0.0,0.0,0.0,0.0,0.0
31_73,0,0,223,176,0.0,0.0,0.0,0.0,0.0
31_74,0,0,223,176,0.0,0.0,0.0,0.0,0.0
31_75,0,0,370,235,0.0,0.0,0.0,0.0,0.0
31_76,0,0,223,170,0.0,0.0,0.0,0.0,0.0
31_77,0,0,224,135,0.0,0.0,0.0,0.0,0.0
31_8,0,0,225,172,0.0,0.0,0.0,0.0,0.0
31_9,0,0,149,137,0.0,0.0,0.0,0.0,0.0
32_0,0,0,151,102,0.0,0.0,0.0,0.0,0.0
32_1,0,0,151,102,0.0,0.0,0.0,0.0,0.0
32_10,0,0,150,137,0.0,0.0,0.0,0.0,0.0
32_11,0,0,150,137,0.0,0.0,0.0,0.0,0.0
32_12,0,0,150,137,0.0,0.0,0.0,0.0,0.0
32_13,0,0,150,137,0.0,0.0,0.0,0.0,0.0
32_14,0,0,150,173,0.0,0.0,0.0,0.0,0.0
32_15,0,0,150,173,0.0,0.0,0.0,0.0,0.0
32_16,0,0,150,137,0.0,0.0,0.0,0.0,0.0
32_17,0,0,150,137,0.0,0.0,0.0,0.0,0.0
32_18,0,0,150,137,0.0,0.0,0.0,0.0,0.0
32_19,0,0,150,171,0.0,0.0,0.0,0.0,0.0
32_2,0,0,151,102,0.0,0.0,0.0,0.0,0.0
32_20,0,0,150,138,0.0,0.0,0.0,0.0,0.0
32_21,0,0,150,138,0.0,0.0,0.0,0.0,0.0
32_22,0,0,150,143,0.0,0.0,0.0,0.0,0.0
32_23,0,0,150,143,0.0,0.0,0.0,0.0,0.0
32_24,0,0,222,168,0.0,0.0,0.0,0.0,0.0
32_25,0,1,224,174,0.0,0.005747126436781609,0.005747126436781609,0.0,1.0
32_26,1,0,149,140,0.006711409395973154,0.0,-0.006711409395973154,0.9395973154362416,-0.9395973154362416
32_27,0,1,149,140,0.0,0.007142857142857143,0.007142857142857143,0.0,1.0
32_28,26,24,149,140,0.174496644295302,0.17142857142857143,-0.003068072866730581,24.42953020134228,-0.42953020134228126
32_29,0,1,149,140,0.0,0.007142857142857143,0.007142857142857143,0.0,1.0
32_3,0,0,152,138,0.0,0.0,0.0,0.0,0.0
32_30,1,1,150,140,0.006666666666666667,0.007142857142857143,0.00047619047619047554,0.9333333333333333,0.06666666666666665
32_31,1,0,149,140,0.006711409395973154,0.0,-0.006711409395973154,0.9395973154362416,-0.9395973154362416
32_32,0,3,149,176,0.0,0.017045454545454544,0.017045454545454544,0.0,3.0
32_33,3,5,149,140,0.020134228187919462,0.03571428571428571,0.01558005752636625,2.8187919463087248,2.1812080536912752
32_34,0,3,149,140,0.0,0.02142857142857143,0.02142857142857143,0.0,3.0
32_35,2,3,149,140,0.013422818791946308,0.02142857142857143,0.00800575263662512,1.8791946308724832,1.1208053691275168
32_36,2,3,149,173,0.013422818791946308,0.017341040462427744,0.0039182216704814355,2.3221476510067114,0.6778523489932886
32_37,2,3,151,139,0.013245033112582781,0.02158273381294964,0.00833770070036686,1.8410596026490067,1.1589403973509933
32_38,2,2,222,241,0.009009009009009009,0.008298755186721992,-0.0007102538222870172,2.171171171171171,-0.1711711711711712
32_39,3,2,222,211,0.013513513513513514,0.009478672985781991,-0.004034840527731523,2.8513513513513513,-0.8513513513513513
32_4,0,0,152,143,0.0,0.0,0.0,0.0,0.0
32_40,2,2,222,206,0.009009009009009009,0.009708737864077669,0.0006997288550686601,1.8558558558558558,0.14414414414414423
32_41,2,1,295,235,0.006779661016949152,0.00425531914893617,-0.002524341868012982,1.5932203389830508,-0.5932203389830508
32_42,4,4,296,240,0.013513513513513514,0.016666666666666666,0.003153153153153152,3.2432432432432434,0.7567567567567566
32_43,4,2,223,205,0.017937219730941704,0.00975609756097561,-0.008181122169966094,3.6771300448430493,-1.6771300448430493
32_44,3,6,222,205,0.013513513513513514,0.02926829268292683,0.015754779169413317,2.7702702702702706,3.2297297297297294
32_45,10,8,222,205,0.04504504504504504,0.03902439024390244,-0.006020654801142604,9.234234234234235,-1.2342342342342345
32_46,8,5,223,205,0.03587443946188341,0.024390243902439025,-0.011484195559444382,7.354260089686099,-2.3542600896860986
32_47,5,8,296,237,0.016891891891891893,0.03375527426160337,0.01686338236971148,4.003378378378379,3.996621621621621
32_48,9,4,223,205,0.04035874439461883,0.01951219512195122,-0.020846549272667613,8.27354260089686,-4.27354260089686
32_49,4,3,222,241,0.018018018018018018,0.012448132780082987,-0.005569885237935031,4.342342342342342,-1.3423423423423424
32_5,0,0,152,143,0.0,0.0,0.0,0.0,0.0
32_50,9,9,222,205,0.04054054054054054,0.04390243902439024,0.0033618984838496985,8.31081081081081,0.6891891891891895
32_51,4,7,222,205,0.018018018018018018,0.03414634146341464,0.01612832344539662,3.6936936936936937,3.3063063063063063
32_52,8,4,222,205,0.036036036036036036,0.01951219512195122,-0.016523840914084816,7.387387387387387,-3.3873873873873874
32_53,5,3,222,239,0.02252252252252252,0.012552301255230125,-0.009970221267292396,5.382882882882883,-2.3828828828828827
32_54,3,4,222,239,0.013513513513513514,0.016736401673640166,0.0032228881601266517,3.22972972972973,0.7702702702702702
32_55,8,5,222,220,0.036036036036036036,0.022727272727272728,-0.013308763308763308,7.927927927927928,-2.9279279279279278
32_56,3,5,222,246,0.013513513513513514,0.02032520325203252,0.006811689738519006,3.3243243243243246,1.6756756756756754
32_57,3,3,222,211,0.013513513513513514,0.014218009478672985,0.0007044959651594709,2.8513513513513513,0.14864864864864868
32_58,3,6,295,236,0.010169491525423728,0.025423728813559324,0.015254237288135596,2.4,3.6
32_59,2,4,296,242,0.006756756756756757,0.01652892561983471,0.009772168863077954,1.6351351351351353,2.364864864864865
32_6,0,0,223,167,0.0,0.0,0.0,0.0,0.0
32_60,4,3,297,238,0.013468013468013467,0.012605042016806723,-0.0008629714512067444,3.2053872053872055,-0.20538720538720545
32_61,3,7,222,207,0.013513513513513514,0.033816425120772944,0.02030291160725943,2.7972972972972974,4.202702702702703
32_62,0,1,222,207,0.0,0.004830917874396135,0.004830917874396135,0.0,1.0
32_63,0,0,222,207,0.0,0.0,0.0,0.0,0.0
32_64,0,0,295,239,0.0,0.0,0.0,0.0,0.0
32_65,0,0,223,207,0.0,0.0,0.0,0.0,0.0
32_66,0,0,277,235,0.0,0.0,0.0,0.0,0.0
32_67,0,0,297,242,0.0,0.0,0.0,0.0,0.0
32_68,0,0,297,242,0.0,0.0,0.0,0.0,0.0
32_69,0,0,297,206,0.0,0.0,0.0,0.0,0.0
32_7,0,0,150,142,0.0,0.0,0.0,0.0,0.0
32_70,0,0,297,206,0.0,0.0,0.0,0.0,0.0
32_71,0,0,297,240,0.0,0.0,0.0,0.0,0.0
32_72,0,0,297,206,0.0,0.0,0.0,0.0,0.0
32_73,0,0,297,206,0.0,0.0,0.0,0.0,0.0
32_74,0,0,297,211,0.0,0.0,0.0,0.0,0.0
32_75,0,0,370,235,0.0,0.0,0.0,0.0,0.0
32_76,0,0,242,185,0.0,0.0,0.0,0.0,0.0
32_77,0,0,224,135,0.0,0.0,0.0,0.0,0.0
32_8,0,0,225,172,0.0,0.0,0.0,0.0,0.0
32_9,0,0,150,137,0.0,0.0,0.0,0.0,0.0
33_0,0,0,151,102,0.0,0.0,0.0,0.0,0.0
33_1,0,0,151,102,0.0,0.0,0.0,0.0,0.0
33_10,0,0,150,137,0.0,0.0,0.0,0.0,0.0
33_11,0,0,150,137,0.0,0.0,0.0,0.0,0.0
33_12,0,0,150,137,0.0,0.0,0.0,0.0,0.0
33_13,0,0,150,137,0.0,0.0,0.0,0.0,0.0
33_14,0,0,150,173,0.0,0.0,0.0,0.0,0.0
33_15,0,0,150,137,0.0,0.0,0.0,0.0,0.0
33_16,0,0,150,137,0.0,0.0,0.0,0.0,0.0
33_17,0,0,150,137,0.0,0.0,0.0,0.0,0.0
33_18,0,0,150,137,0.0,0.0,0.0,0.0,0.0
33_19,0,0,150,171,0.0,0.0,0.0,0.0,0.0
33_2,0,0,151,102,0.0,0.0,0.0,0.0,0.0
33_20,0,0,150,138,0.0,0.0,0.0,0.0,0.0
33_21,0,0,150,138,0.0,0.0,0.0,0.0,0.0
33_22,0,0,150,143,0.0,0.0,0.0,0.0,0.0
33_23,0,0,149,138,0.0,0.0,0.0,0.0,0.0
33_24,0,0,222,172,0.0,0.0,0.0,0.0,0.0
33_25,0,0,224,174,0.0,0.0,0.0,0.0,0.0
33_26,1,0,150,140,0.006666666666666667,0.0,-0.006666666666666667,0.9333333333333333,-0.9333333333333333
33_27,2,1,149,140,0.013422818791946308,0.007142857142857143,-0.006279961649089166,1.8791946308724832,-0.8791946308724832
33_28,2,3,149,140,0.013422818791946308,0.02142857142857143,0.00800575263662512,1.8791946308724832,1.1208053691275168
33_29,3,3,149,140,0.020134228187919462,0.02142857142857143,0.001294343240651967,2.8187919463087248,0.18120805369127524
33_3,0,0,152,138,0.0,0.0,0.0,0.0,0.0
33_30,2,5,150,140,0.013333333333333334,0.03571428571428571,0.022380952380952376,1.8666666666666667,3.1333333333333333
33_31,1,1,150,142,0.006666666666666667,0.007042253521126761,0.00037558685446009363,0.9466666666666668,0.05333333333333323
33_32,2,0,149,176,0.013422818791946308,0.0,-0.013422818791946308,2.3624161073825505,-2.3624161073825505
33_33,5,2,149,140,0.03355704697986577,0.014285714285714285,-0.01927133269415149,4.697986577181208,-2.697986577181208
33_34,0,2,149,140,0.0,0.014285714285714285,0.014285714285714285,0.0,2.0
33_35,3,0,149,140,0.020134228187919462,0.0,-0.020134228187919462,2.8187919463087248,-2.8187919463087248
33_36,2,0,149,173,0.013422818791946308,0.0,-0.013422818791946308,2.3221476510067114,-2.3221476510067114
33_37,1,2,149,173,0.006711409395973154,0.011560693641618497,0.004849284245645342,1.1610738255033557,0.8389261744966443
33_38,2,3,149,139,0.013422818791946308,0.02158273381294964,0.008159915021003333,1.8657718120805369,1.1342281879194631
33_39,2,3,149,144,0.013422818791946308,0.020833333333333332,0.007410514541387024,1.9328859060402683,1.0671140939597317
33_4,0,0,152,138,0.0,0.0,0.0,0.0,0.0
33_40,0,1,149,139,0.0,0.007194244604316547,0.007194244604316547,0.0,1.0
33_41,0,2,222,168,0.0,0.011904761904761904,0.011904761904761904,0.0,2.0
33_42,2,3,223,173,0.008968609865470852,0.017341040462427744,0.008372430596956892,1.5515695067264574,1.4484304932735426
33_43,4,1,223,205,0.017937219730941704,0.004878048780487805,-0.013059170950453898,3.6771300448430493,-2.6771300448430493
33_44,5,4,222,205,0.02252252252252252,0.01951219512195122,-0.003010327400571302,4.617117117117117,-0.6171171171171173
33_45,2,2,222,205,0.009009009009009009,0.00975609756097561,0.0007470885519666008,1.8468468468468469,0.15315315315315314
33_46,4,8,223,210,0.017937219730941704,0.0380952380952381,0.020158018364296395,3.7668161434977576,4.233183856502242
33_47,9,2,293,237,0.030716723549488054,0.008438818565400843,-0.02227790498408721,7.279863481228669,-5.279863481228669
33_48,12,7,223,205,0.053811659192825115,0.03414634146341464,-0.019665317729410478,11.031390134529149,-4.031390134529149
33_49,9,9,222,241,0.04054054054054054,0.03734439834024896,-0.003196142200291581,9.77027027027027,-0.7702702702702702
33_5,0,0,152,143,0.0,0.0,0.0,0.0,0.0
33_50,11,7,222,205,0.04954954954954955,0.03414634146341464,-0.015403208086134913,10.157657657657658,-3.1576576576576585
33_51,3,9,222,205,0.013513513513513514,0.04390243902439024,0.030388925510876727,2.7702702702702706,6.22972972972973
33_52,4,6,222,205,0.018018018018018018,0.02926829268292683,0.011250274664908813,3.6936936936936937,2.3063063063063063
33_53,3,6,222,205,0.013513513513513514,0.02926829268292683,0.015754779169413317,2.7702702702702706,3.2297297297297294
33_54,1,7,222,239,0.0045045045045045045,0.029288702928870293,0.02478419842436579,1.0765765765765765,5.923423423423424
33_55,9,8,222,241,0.04054054054054054,0.03319502074688797,-0.007345519793652576,9.77027027027027,-1.7702702702702702
33_56,4,7,222,244,0.018018018018018018,0.028688524590163935,0.010670506572145917,4.396396396396397,2.603603603603603
33_57,3,4,222,211,0.013513513513513514,0.018957345971563982,0.005443832458050468,2.8513513513513513,1.1486486486486487
33_58,12,18,295,236,0.04067796610169491,0.07627118644067797,0.03559322033898306,9.6,8.4
33_59,0,1,296,242,0.0,0.004132231404958678,0.004132231404958678,0.0,1.0
33_6,0,0,225,167,0.0,0.0,0.0,0.0,0.0
33_60,0,0,223,207,0.0,0.0,0.0,0.0,0.0
33_61,0,0,294,278,0.0,0.0,0.0,0.0,0.0
33_62,0,0,297,278,0.0,0.0,0.0,0.0,0.0
33_63,0,0,298,278,0.0,0.0,0.0,0.0,0.0
33_64,0,0,370,310,0.0,0.0,0.0,0.0,0.0
33_65,0,0,298,278,0.0,0.0,0.0,0.0,0.0
33_66,0,0,297,278,0.0,0.0,0.0,0.0,0.0
33_67,0,0,297,242,0.0,0.0,0.0,0.0,0.0
33_68,0,0,297,242,0.0,0.0,0.0,0.0,0.0
33_69,0,0,297,206,0.0,0.0,0.0,0.0,0.0
33_7,0,0,297,201,0.0,0.0,0.0,0.0,0.0
33_70,0,0,297,206,0.0,0.0,0.0,0.0,0.0
33_71,0,0,297,240,0.0,0.0,0.0,0.0,0.0
33_72,0,0,297,206,0.0,0.0,0.0,0.0,0.0
33_73,0,0,297,206,0.0,0.0,0.0,0.0,0.0
33_74,0,0,297,211,0.0,0.0,0.0,0.0,0.0
33_75,0,0,444,270,0.0,0.0,0.0,0.0,0.0
33_76,0,0,444,270,0.0,0.0,0.0,0.0,0.0
33_77,0,0,345,190,0.0,0.0,0.0,0.0,0.0
33_8,0,0,225,168,0.0,0.0,0.0,0.0,0.0
33_9,0,0,150,137,0.0,0.0,0.0,0.0,0.0
34_0,0,0,151,102,0.0,0.0,0.0,0.0,0.0
34_1,0,0,151,102,0.0,0.0,0.0,0.0,0.0
34_10,0,0,149,137,0.0,0.0,0.0,0.0,0.0
34_11,0,0,150,137,0.0,0.0,0.0,0.0,0.0
34_12,0,0,150,137,0.0,0.0,0.0,0.0,0.0
34_13,0,0,150,137,0.0,0.0,0.0,0.0,0.0
34_14,0,0,150,173,0.0,0.0,0.0,0.0,0.0
34_15,0,0,150,137,0.0,0.0,0.0,0.0,0.0
34_16,0,0,150,137,0.0,0.0,0.0,0.0,0.0
34_17,0,0,150,137,0.0,0.0,0.0,0.0,0.0
34_18,0,0,150,137,0.0,0.0,0.0,0.0,0.0
34_19,0,0,150,171,0.0,0.0,0.0,0.0,0.0
34_2,0,0,151,102,0.0,0.0,0.0,0.0,0.0
34_20,0,0,150,138,0.0,0.0,0.0,0.0,0.0
34_21,0,0,150,138,0.0,0.0,0.0,0.0,0.0
34_22,0,0,150,143,0.0,0.0,0.0,0.0,0.0
34_23,0,0,149,138,0.0,0.0,0.0,0.0,0.0
34_24,0,0,292,203,0.0,0.0,0.0,0.0,0.0
34_25,0,0,223,173,0.0,0.0,0.0,0.0,0.0
34_26,0,0,150,140,0.0,0.0,0.0,0.0,0.0
34_27,0,0,149,140,0.0,0.0,0.0,0.0,0.0
34_28,0,0,149,140,0.0,0.0,0.0,0.0,0.0
34_29,1,1,149,140,0.006711409395973154,0.007142857142857143,0.0004314477468839884,0.9395973154362416,0.06040268456375841
34_3,0,0,151,138,0.0,0.0,0.0,0.0,0.0
34_30,4,8,149,140,0.026845637583892617,0.05714285714285714,0.030297219558964524,3.7583892617449663,4.241610738255034
34_31,1,1,150,176,0.006666666666666667,0.005681818181818182,-0.0009848484848484851,1.1733333333333333,-0.17333333333333334
34_32,1,1,149,176,0.006711409395973154,0.005681818181818182,-0.0010295912141549722,1.1812080536912752,-0.18120805369127524
34_33,2,0,149,140,0.013422818791946308,0.0,-0.013422818791946308,1.8791946308724832,-1.8791946308724832
34_34,2,0,149,140,0.013422818791946308,0.0,-0.013422818791946308,1.8791946308724832,-1.8791946308724832
34_35,1,2,149,140,0.006711409395973154,0.014285714285714285,0.007574304889741131,0.9395973154362416,1.0604026845637584
34_36,0,4,149,140,0.0,0.02857142857142857,0.02857142857142857,0.0,4.0
34_37,2,1,149,173,0.013422818791946308,0.005780346820809248,-0.00764247197113706,2.3221476510067114,-1.3221476510067114
34_38,2,0,149,139,0.013422818791946308,0.0,-0.013422818791946308,1.8657718120805369,-1.8657718120805369
34_39,0,0,149,144,0.0,0.0,0.0,0.0,0.0
34_4,0,0,152,138,0.0,0.0,0.0,0.0,0.0
34_40,1,1,149,144,0.006711409395973154,0.006944444444444444,0.00023303504847128984,0.9664429530201342,0.033557046979865834
34_41,3,4,222,168,0.013513513513513514,0.023809523809523808,0.010296010296010294,2.27027027027027,1.7297297297297298
34_42,2,2,223,173,0.008968609865470852,0.011560693641618497,0.0025920837761476447,1.5515695067264574,0.44843049327354256
34_43,1,2,150,138,0.006666666666666667,0.014492753623188406,0.00782608695652174,0.92,1.08
34_44,1,2,149,138,0.006711409395973154,0.014492753623188406,0.007781344227215252,0.9261744966442953,1.0738255033557047
34_45,1,4,149,138,0.006711409395973154,0.028985507246376812,0.022274097850403657,0.9261744966442953,3.073825503355705
34_46,5,3,149,138,0.03355704697986577,0.021739130434782608,-0.011817916545083164,4.630872483221476,-1.6308724832214763
34_47,4,4,149,138,0.026845637583892617,0.028985507246376812,0.002139869662484195,3.704697986577181,0.2953020134228188
34_48,4,5,223,205,0.017937219730941704,0.024390243902439025,0.0064530241714973215,3.6771300448430493,1.3228699551569507
34_49,5,3,222,241,0.02252252252252252,0.012448132780082987,-0.010074389742439535,5.427927927927928,-2.4279279279279278
34_5,0,0,152,143,0.0,0.0,0.0,0.0,0.0
34_50,7,4,222,205,0.03153153153153153,0.01951219512195122,-0.01201933640958031,6.463963963963963,-2.4639639639639634
34_51,3,3,222,205,0.013513513513513514,0.014634146341463415,0.0011206328279499012,2.7702702702702706,0.22972972972972938
34_52,5,2,222,205,0.02252252252252252,0.00975609756097561,-0.012766424961546912,4.617117117117117,-2.6171171171171173
34_53,7,6,222,205,0.03153153153153153,0.02926829268292683,-0.0022632388486046977,6.463963963963963,-0.46396396396396344
34_54,3,5,222,239,0.013513513513513514,0.02092050209205021,0.007406988578536694,3.22972972972973,1.7702702702702702
34_55,6,12,222,241,0.02702702702702703,0.04979253112033195,0.022765504093304918,6.513513513513514,5.486486486486486
34_56,3,5,297,277,0.010101010101010102,0.018050541516245487,0.007949531415235385,2.797979797979798,2.202020202020202
34_57,3,3,297,282,0.010101010101010102,0.010638297872340425,0.0005372877713303234,2.8484848484848486,0.15151515151515138
34_58,1,0,444,342,0.0022522522522522522,0.0,-0.0022522522522522522,0.7702702702702703,-0.7702702702702703
34_59,0,0,444,342,0.0,0.0,0.0,0.0,0.0
34_6,0,0,152,138,0.0,0.0,0.0,0.0,0.0
34_60,0,0,298,278,0.0,0.0,0.0,0.0,0.0
34_61,0,0,297,278,0.0,0.0,0.0,0.0,0.0
34_62,0,0,297,278,0.0,0.0,0.0,0.0,0.0
34_63,0,0,299,283,0.0,0.0,0.0,0.0,0.0
34_64,0,0,370,310,0.0,0.0,0.0,0.0,0.0
34_65,0,0,298,278,0.0,0.0,0.0,0.0,0.0
34_66,0,0,297,278,0.0,0.0,0.0,0.0,0.0
34_67,0,0,297,242,0.0,0.0,0.0,0.0,0.0
34_68,0,0,297,242,0.0,0.0,0.0,0.0,0.0
34_69,0,0,297,206,0.0,0.0,0.0,0.0,0.0
34_7,0,0,297,201,0.0,0.0,0.0,0.0,0.0
34_70,0,0,297,206,0.0,0.0,0.0,0.0,0.0
34_71,0,0,297,240,0.0,0.0,0.0,0.0,0.0
34_72,0,0,297,206,0.0,0.0,0.0,0.0,0.0
34_73,0,0,297,206,0.0,0.0,0.0,0.0,0.0
34_74,0,0,297,211,0.0,0.0,0.0,0.0,0.0
34_75,0,0,371,241,0.0,0.0,0.0,0.0,0.0
34_76,0,0,444,270,0.0,0.0,0.0,0.0,0.0
34_77,0,0,298,170,0.0,0.0,0.0,0.0,0.0
34_8,0,0,151,137,0.0,0.0,0.0,0.0,0.0
34_9,0,0,151,137,0.0,0.0,0.0,0.0,0.0
35_0,0,0,151,102,0.0,0.0,0.0,0.0,0.0
35_1,0,0,151,102,0.0,0.0,0.0,0.0,0.0
35_10,0,0,149,137,0.0,0.0,0.0,0.0,0.0
35_11,0,0,150,137,0.0,0.0,0.0,0.0,0.0
35_12,0,0,150,137,0.0,0.0,0.0,0.0,0.0
35_13,0,0,150,137,0.0,0.0,0.0,0.0,0.0
35_14,0,0,150,173,0.0,0.0,0.0,0.0,0.0
35_15,0,0,150,137,0.0,0.0,0.0,0.0,0.0
35_16,0,0,150,137,0.0,0.0,0.0,0.0,0.0
35_17,0,0,150,137,0.0,0.0,0.0,0.0,0.0
35_18,0,0,150,137,0.0,0.0,0.0,0.0,0.0
35_19,0,0,150,171,0.0,0.0,0.0,0.0,0.0
35_2,0,0,151,102,0.0,0.0,0.0,0.0,0.0
35_20,0,0,150,171,0.0,0.0,0.0,0.0,0.0
35_21,0,0,150,138,0.0,0.0,0.0,0.0,0.0
35_22,0,0,150,143,0.0,0.0,0.0,0.0,0.0
35_23,0,0,149,143,0.0,0.0,0.0,0.0,0.0
35_24,0,0,296,203,0.0,0.0,0.0,0.0,0.0
35_25,0,0,149,140,0.0,0.0,0.0,0.0,0.0
35_26,0,0,150,140,0.0,0.0,0.0,0.0,0.0
35_27,0,0,149,140,0.0,0.0,0.0,0.0,0.0
35_28,1,1,149,140,0.006711409395973154,0.007142857142857143,0.0004314477468839884,0.9395973154362416,0.06040268456375841
35_29,3,2,149,140,0.020134228187919462,0.014285714285714285,-0.0058485139022051765,2.8187919463087248,-0.8187919463087248
35_3,0,0,151,138,0.0,0.0,0.0,0.0,0.0
35_30,0,1,149,140,0.0,0.007142857142857143,0.007142857142857143,0.0,1.0
35_31,3,5,150,176,0.02,0.028409090909090908,0.008409090909090908,3.52,1.48
35_32,1,0,149,140,0.006711409395973154,0.0,-0.006711409395973154,0.9395973154362416,-0.9395973154362416
35_33,2,0,149,140,0.013422818791946308,0.0,-0.013422818791946308,1.8791946308724832,-1.8791946308724832
35_34,0,4,149,140,0.0,0.02857142857142857,0.02857142857142857,0.0,4.0
35_35,0,1,149,140,0.0,0.007142857142857143,0.007142857142857143,0.0,1.0
35_36,0,1,149,140,0.0,0.007142857142857143,0.007142857142857143,0.0,1.0
35_37,0,0,149,173,0.0,0.0,0.0,0.0,0.0
35_38,2,2,149,139,0.013422818791946308,0.014388489208633094,0.0009656704166867858,1.8657718120805369,0.13422818791946312
35_39,0,3,149,139,0.0,0.02158273381294964,0.02158273381294964,0.0,3.0
35_4,0,0,152,138,0.0,0.0,0.0,0.0,0.0
35_40,2,2,149,144,0.013422818791946308,0.013888888888888888,0.0004660700969425797,1.9328859060402683,0.06711409395973167
35_41,0,0,222,172,0.0,0.0,0.0,0.0,0.0
35_42,0,3,296,203,0.0,0.014778325123152709,0.014778325123152709,0.0,3.0
35_43,3,3,150,138,0.02,0.021739130434782608,0.0017391304347826077,2.7600000000000002,0.23999999999999977
35_44,1,5,149,138,0.006711409395973154,0.036231884057971016,0.02952047466199786,0.9261744966442953,4.073825503355705
35_45,3,5,149,138,0.020134228187919462,0.036231884057971016,0.016097655870051554,2.7785234899328857,2.2214765100671143
35_46,4,9,149,138,0.026845637583892617,0.06521739130434782,0.038371753720455204,3.704697986577181,5.295302013422819
35_47,0,6,149,138,0.0,0.043478260869565216,0.043478260869565216,0.0,6.0
35_48,4,4,150,174,0.02666666666666667,0.022988505747126436,-0.003678160919540232,4.640000000000001,-0.6400000000000006
35_49,0,4,149,174,0.0,0.022988505747126436,0.022988505747126436,0.0,4.0
35_5,0,0,152,143,0.0,0.0,0.0,0.0,0.0
35_50,1,2,149,138,0.006711409395973154,0.014492753623188406,0.007781344227215252,0.9261744966442953,1.0738255033557047
35_51,3,1,224,209,0.013392857142857142,0.004784688995215311,-0.008608168147641832,2.799107142857143,-1.7991071428571428
35_52,3,6,224,245,0.013392857142857142,0.024489795918367346,0.011096938775510204,3.28125,2.71875
35_53,2,1,297,276,0.006734006734006734,0.0036231884057971015,-0.0031108183282096322,1.8585858585858586,-0.8585858585858586
35_54,1,2,297,310,0.003367003367003367,0.0064516129032258064,0.0030846095362224396,1.0437710437710437,0.9562289562289563
35_55,3,0,297,312,0.010101010101010102,0.0,-0.010101010101010102,3.151515151515152,-3.151515151515152
35_56,0,1,297,277,0.0,0.0036101083032490976,0.0036101083032490976,0.0,1.0
35_57,1,1,297,282,0.003367003367003367,0.0035460992907801418,0.0001790959237767749,0.9494949494949495,0.0505050505050505
35_58,0,0,371,312,0.0,0.0,0.0,0.0,0.0
35_59,0,0,444,342,0.0,0.0,0.0,0.0,0.0
35_6,0,0,152,138,0.0,0.0,0.0,0.0,0.0
35_60,0,0,298,278,0.0,0.0,0.0,0.0,0.0
35_61,0,0,298,278,0.0,0.0,0.0,0.0,0.0
35_62,0,0,297,278,0.0,0.0,0.0,0.0,0.0
35_63,0,0,371,310,0.0,0.0,0.0,0.0,0.0
35_64,0,0,369,308,0.0,0.0,0.0,0.0,0.0
35_65,0,0,298,278,0.0,0.0,0.0,0.0,0.0
35_66,0,0,297,278,0.0,0.0,0.0,0.0,0.0
35_67,0,0,297,242,0.0,0.0,0.0,0.0,0.0
35_68,0,0,297,242,0.0,0.0,0.0,0.0,0.0
35_69,0,0,297,206,0.0,0.0,0.0,0.0,0.0
35_7,0,0,297,201,0.0,0.0,0.0,0.0,0.0
35_70,0,0,297,206,0.0,0.0,0.0,0.0,0.0
35_71,0,0,297,240,0.0,0.0,0.0,0.0,0.0
35_72,0,0,297,206,0.0,0.0,0.0,0.0,0.0
35_73,0,0,297,206,0.0,0.0,0.0,0.0,0.0
35_74,0,0,297,211,0.0,0.0,0.0,0.0,0.0
35_75,0,0,371,241,0.0,0.0,0.0,0.0,0.0
35_76,0,0,444,240,0.0,0.0,0.0,0.0,0.0
35_77,0,0,297,170,0.0,0.0,0.0,0.0,0.0
35_8,0,0,150,137,0.0,0.0,0.0,0.0,0.0
35_9,0,0,151,137,0.0,0.0,0.0,0.0,0.0
36_0,0,0,151,102,0.0,0.0,0.0,0.0,0.0
36_1,0,0,151,102,0.0,0.0,0.0,0.0,0.0
36_10,0,0,149,137,0.0,0.0,0.0,0.0,0.0
36_11,0,0,150,137,0.0,0.0,0.0,0.0,0.0
36_12,0,0,150,137,0.0,0.0,0.0,0.0,0.0
36_13,0,0,150,137,0.0,0.0,0.0,0.0,0.0
36_14,0,0,150,173,0.0,0.0,0.0,0.0,0.0
36_15,0,0,150,137,0.0,0.0,0.0,0.0,0.0
36_16,0,0,150,137,0.0,0.0,0.0,0.0,0.0
36_17,0,0,150,137,0.0,0.0,0.0,0.0,0.0
36_18,0,0,150,137,0.0,0.0,0.0,0.0,0.0
36_19,0,0,150,137,0.0,0.0,0.0,0.0,0.0
36_2,0,0,151,102,0.0,0.0,0.0,0.0,0.0
36_20,0,0,150,171,0.0,0.0,0.0,0.0,0.0
36_21,0,0,150,138,0.0,0.0,0.0,0.0,0.0
36_22,0,0,150,141,0.0,0.0,0.0,0.0,0.0
36_23,0,0,149,143,0.0,0.0,0.0,0.0,0.0
36_24,0,0,296,203,0.0,0.0,0.0,0.0,0.0
36_25,0,0,149,140,0.0,0.0,0.0,0.0,0.0
36_26,0,0,150,140,0.0,0.0,0.0,0.0,0.0
36_27,0,0,149,140,0.0,0.0,0.0,0.0,0.0
36_28,0,0,149,140,0.0,0.0,0.0,0.0,0.0
36_29,0,0,149,140,0.0,0.0,0.0,0.0,0.0
36_3,0,0,151,138,0.0,0.0,0.0,0.0,0.0
36_30,1,0,149,140,0.006711409395973154,0.0,-0.006711409395973154,0.9395973154362416,-0.9395973154362416
36_31,2,1,150,176,0.013333333333333334,0.005681818181818182,-0.007651515151515152,2.3466666666666667,-1.3466666666666667
36_32,1,2,149,140,0.006711409395973154,0.014285714285714285,0.007574304889741131,0.9395973154362416,1.0604026845637584
36_33,1,1,149,140,0.006711409395973154,0.007142857142857143,0.0004314477468839884,0.9395973154362416,0.06040268456375841
36_34,0,4,149,140,0.0,0.02857142857142857,0.02857142857142857,0.0,4.0
36_35,0,1,149,140,0.0,0.007142857142857143,0.007142857142857143,0.0,1.0
36_36,1,2,149,140,0.006711409395973154,0.014285714285714285,0.007574304889741131,0.9395973154362416,1.0604026845637584
36_37,0,2,149,173,0.0,0.011560693641618497,0.011560693641618497,0.0,2.0
36_38,1,2,149,139,0.006711409395973154,0.014388489208633094,0.00767707981265994,0.9328859060402684,1.0671140939597317
36_39,0,0,149,139,0.0,0.0,0.0,0.0,0.0
36_4,0,0,152,138,0.0,0.0,0.0,0.0,0.0
36_40,2,0,149,144,0.013422818791946308,0.0,-0.013422818791946308,1.9328859060402683,-1.9328859060402683
36_41,3,2,223,178,0.013452914798206279,0.011235955056179775,-0.0022169597420265037,2.3946188340807177,-0.39461883408071774
36_42,2,1,296,199,0.006756756756756757,0.005025125628140704,-0.0017316311286160535,1.3445945945945947,-0.34459459459459474
36_43,1,5,150,138,0.006666666666666667,0.036231884057971016,0.029565217391304348,0.92,4.08
36_44,1,0,149,138,0.006711409395973154,0.0,-0.006711409395973154,0.9261744966442953,-0.9261744966442953
36_45,6,7,149,138,0.040268456375838924,0.050724637681159424,0.0104561813053205,5.557046979865771,1.4429530201342287
36_46,2,7,225,209,0.008888888888888889,0.03349282296650718,0.024603934077618288,1.8577777777777778,5.142222222222222
36_47,2,3,224,209,0.008928571428571428,0.014354066985645933,0.005425495557074505,1.8660714285714284,1.1339285714285716
36_48,4,3,225,245,0.017777777777777778,0.012244897959183673,-0.005532879818594105,4.355555555555555,-1.3555555555555552
36_49,2,2,224,209,0.008928571428571428,0.009569377990430622,0.0006408065618591936,1.8660714285714284,0.13392857142857162
36_5,0,0,152,143,0.0,0.0,0.0,0.0,0.0
36_50,2,0,224,209,0.008928571428571428,0.0,-0.008928571428571428,1.8660714285714284,-1.8660714285714284
36_51,2,7,224,209,0.008928571428571428,0.03349282296650718,0.02456425153793575,1.8660714285714284,5.133928571428571
36_52,7,2,224,245,0.03125,0.00816326530612245,-0.02308673469387755,7.65625,-5.65625
36_53,0,1,224,209,0.0,0.004784688995215311,0.004784688995215311,0.0,1.0
36_54,0,0,224,243,0.0,0.0,0.0,0.0,0.0
36_55,0,0,224,210,0.0,0.0,0.0,0.0,0.0
36_56,0,0,224,210,0.0,0.0,0.0,0.0,0.0
36_57,0,0,224,215,0.0,0.0,0.0,0.0,0.0
36_58,0,0,371,316,0.0,0.0,0.0,0.0,0.0
36_59,0,0,444,342,0.0,0.0,0.0,0.0,0.0
36_6,0,0,152,138,0.0,0.0,0.0,0.0,0.0
36_60,0,0,297,278,0.0,0.0,0.0,0.0,0.0
36_61,0,0,298,278,0.0,0.0,0.0,0.0,0.0
36_62,0,0,297,278,0.0,0.0,0.0,0.0,0.0
36_63,0,0,371,310,0.0,0.0,0.0,0.0,0.0
36_64,0,0,297,278,0.0,0.0,0.0,0.0,0.0
36_65,0,0,298,278,0.0,0.0,0.0,0.0,0.0
36_66,0,0,298,278,0.0,0.0,0.0,0.0,0.0
36_67,0,0,297,242,0.0,0.0,0.0,0.0,0.0
36_68,0,0,297,242,0.0,0.0,0.0,0.0,0.0
36_69,0,0,297,206,0.0,0.0,0.0,0.0,0.0
36_7,0,0,297,201,0.0,0.0,0.0,0.0,0.0
36_70,0,0,297,206,0.0,0.0,0.0,0.0,0.0
36_71,0,0,297,240,0.0,0.0,0.0,0.0,0.0
36_72,0,0,297,240,0.0,0.0,0.0,0.0,0.0
36_73,0,0,297,206,0.0,0.0,0.0,0.0,0.0
36_74,0,0,297,211,0.0,0.0,0.0,0.0,0.0
36_75,0,0,371,236,0.0,0.0,0.0,0.0,0.0
36_76,0,0,518,270,0.0,0.0,0.0,0.0,0.0
36_77,0,0,297,170,0.0,0.0,0.0,0.0,0.0
36_8,0,0,150,137,0.0,0.0,0.0,0.0,0.0
36_9,0,0,151,137,0.0,0.0,0.0,0.0,0.0
37_0,0,0,151,102,0.0,0.0,0.0,0.0,0.0
37_1,0,0,151,102,0.0,0.0,0.0,0.0,0.0
37_10,0,0,149,137,0.0,0.0,0.0,0.0,0.0
37_11,0,0,150,137,0.0,0.0,0.0,0.0,0.0
37_12,0,0,150,137,0.0,0.0,0.0,0.0,0.0
37_13,0,0,150,173,0.0,0.0,0.0,0.0,0.0
37_14,0,0,150,173,0.0,0.0,0.0,0.0,0.0
37_15,0,0,150,137,0.0,0.0,0.0,0.0,0.0
37_16,0,0,150,137,0.0,0.0,0.0,0.0,0.0
37_17,0,0,150,137,0.0,0.0,0.0,0.0,0.0
37_18,0,0,150,137,0.0,0.0,0.0,0.0,0.0
37_19,0,0,150,137,0.0,0.0,0.0,0.0,0.0
37_2,0,0,151,102,0.0,0.0,0.0,0.0,0.0
37_20,0,0,150,171,0.0,0.0,0.0,0.0,0.0
37_21,0,0,150,138,0.0,0.0,0.0,0.0,0.0
37_22,0,0,150,138,0.0,0.0,0.0,0.0,0.0
37_23,0,0,150,143,0.0,0.0,0.0,0.0,0.0
37_24,0,0,296,203,0.0,0.0,0.0,0.0,0.0
37_25,0,0,222,169,0.0,0.0,0.0,0.0,0.0
37_26,0,0,150,140,0.0,0.0,0.0,0.0,0.0
37_27,0,0,149,140,0.0,0.0,0.0,0.0,0.0
37_28,0,0,149,140,0.0,0.0,0.0,0.0,0.0
37_29,0,0,149,140,0.0,0.0,0.0,0.0,0.0
37_3,0,0,151,138,0.0,0.0,0.0,0.0,0.0
37_30,1,0,149,140,0.006711409395973154,0.0,-0.006711409395973154,0.9395973154362416,-0.9395973154362416
37_31,3,1,150,176,0.02,0.005681818181818182,-0.014318181818181818,3.52,-2.52
37_32,1,3,149,140,0.006711409395973154,0.02142857142857143,0.014717162032598274,0.9395973154362416,2.0604026845637584
37_33,0,1,149,140,0.0,0.007142857142857143,0.007142857142857143,0.0,1.0
37_34,2,0,149,140,0.013422818791946308,0.0,-0.013422818791946308,1.8791946308724832,-1.8791946308724832
37_35,0,0,149,140,0.0,0.0,0.0,0.0,0.0
37_36,0,2,149,140,0.0,0.014285714285714285,0.014285714285714285,0.0,2.0
37_37,0,0,149,173,0.0,0.0,0.0,0.0,0.0
37_38,2,0,149,139,0.013422818791946308,0.0,-0.013422818791946308,1.8657718120805369,-1.8657718120805369
37_39,4,2,149,139,0.026845637583892617,0.014388489208633094,-0.012457148375259523,3.7315436241610738,-1.7315436241610738
37_4,0,0,152,138,0.0,0.0,0.0,0.0,0.0
37_40,3,1,149,144,0.020134228187919462,0.006944444444444444,-0.013189783743475018,2.8993288590604025,-1.8993288590604025
37_41,9,7,372,279,0.024193548387096774,0.025089605734767026,0.0008960573476702524,6.75,0.25
37_42,3,4,297,239,0.010101010101010102,0.016736401673640166,0.006635391572630064,2.4141414141414144,1.5858585858585856
37_43,4,9,225,209,0.017777777777777778,0.0430622009569378,0.025284423179160024,3.7155555555555555,5.2844444444444445
37_44,7,8,225,209,0.03111111111111111,0.03827751196172249,0.007166400850611376,6.502222222222222,1.4977777777777783
37_45,6,9,224,209,0.026785714285714284,0.0430622009569378,0.016276486671223517,5.598214285714286,3.4017857142857144
37_46,19,11,225,209,0.08444444444444445,0.05263157894736842,-0.03181286549707603,17.64888888888889,-6.648888888888891
37_47,1,5,224,209,0.004464285714285714,0.023923444976076555,0.019459159261790843,0.9330357142857142,4.066964285714286
37_48,2,4,225,245,0.008888888888888889,0.0163265306122449,0.0074376417233560106,2.1777777777777776,1.8222222222222224
37_49,7,7,225,209,0.03111111111111111,0.03349282296650718,0.002381711855396068,6.502222222222222,0.4977777777777783
37_5,0,0,152,143,0.0,0.0,0.0,0.0,0.0
37_50,9,17,224,209,0.04017857142857143,0.08133971291866028,0.04116114149008885,8.397321428571429,8.602678571428571
37_51,0,0,224,209,0.0,0.0,0.0,0.0,0.0
37_52,0,0,224,245,0.0,0.0,0.0,0.0,0.0
37_53,0,0,224,209,0.0,0.0,0.0,0.0,0.0
37_54,0,0,224,243,0.0,0.0,0.0,0.0,0.0
37_55,0,0,224,243,0.0,0.0,0.0,0.0,0.0
37_56,0,0,224,210,0.0,0.0,0.0,0.0,0.0
37_57,0,0,224,215,0.0,0.0,0.0,0.0,0.0
37_58,0,0,372,280,0.0,0.0,0.0,0.0,0.0
37_59,0,0,371,276,0.0,0.0,0.0,0.0,0.0
37_6,0,0,152,147,0.0,0.0,0.0,0.0,0.0
37_60,0,0,224,211,0.0,0.0,0.0,0.0,0.0
37_61,0,0,225,211,0.0,0.0,0.0,0.0,0.0
37_62,0,0,224,211,0.0,0.0,0.0,0.0,0.0
37_63,0,0,240,249,0.0,0.0,0.0,0.0,0.0
37_64,0,0,298,278,0.0,0.0,0.0,0.0,0.0
37_65,0,0,297,278,0.0,0.0,0.0,0.0,0.0
37_66,0,0,298,278,0.0,0.0,0.0,0.0,0.0
37_67,0,0,297,278,0.0,0.0,0.0,0.0,0.0
37_68,0,0,297,222,0.0,0.0,0.0,0.0,0.0
37_69,0,0,297,206,0.0,0.0,0.0,0.0,0.0
37_7,0,0,299,201,0.0,0.0,0.0,0.0,0.0
37_70,0,0,297,206,0.0,0.0,0.0,0.0,0.0
37_71,0,0,297,206,0.0,0.0,0.0,0.0,0.0
37_72,0,0,297,240,0.0,0.0,0.0,0.0,0.0
37_73,0,0,297,206,0.0,0.0,0.0,0.0,0.0
37_74,0,0,297,211,0.0,0.0,0.0,0.0,0.0
37_75,0,0,297,211,0.0,0.0,0.0,0.0,0.0
37_76,0,0,518,270,0.0,0.0,0.0,0.0,0.0
37_77,0,0,297,170,0.0,0.0,0.0,0.0,0.0
37_8,0,0,150,137,0.0,0.0,0.0,0.0,0.0
37_9,0,0,151,137,0.0,0.0,0.0,0.0,0.0
38_0,0,0,151,102,0.0,0.0,0.0,0.0,0.0
38_1,0,0,151,102,0.0,0.0,0.0,0.0,0.0
38_10,0,0,149,137,0.0,0.0,0.0,0.0,0.0
38_11,0,0,149,137,0.0,0.0,0.0,0.0,0.0
38_12,0,0,150,137,0.0,0.0,0.0,0.0,0.0
38_13,0,0,150,173,0.0,0.0,0.0,0.0,0.0
38_14,0,0,150,145,0.0,0.0,0.0,0.0,0.0
38_15,0,0,150,137,0.0,0.0,0.0,0.0,0.0
38_16,0,0,150,137,0.0,0.0,0.0,0.0,0.0
38_17,0,0,150,137,0.0,0.0,0.0,0.0,0.0
38_18,0,0,150,137,0.0,0.0,0.0,0.0,0.0
38_19,0,0,150,137,0.0,0.0,0.0,0.0,0.0
38_2,0,0,151,102,0.0,0.0,0.0,0.0,0.0
38_20,0,0,150,171,0.0,0.0,0.0,0.0,0.0
38_21,0,0,150,138,0.0,0.0,0.0,0.0,0.0
38_22,0,0,150,138,0.0,0.0,0.0,0.0,0.0
38_23,0,0,150,143,0.0,0.0,0.0,0.0,0.0
38_24,0,0,223,173,0.0,0.0,0.0,0.0,0.0
38_25,0,0,222,169,0.0,0.0,0.0,0.0,0.0
38_26,0,0,150,140,0.0,0.0,0.0,0.0,0.0
38_27,0,0,150,140,0.0,0.0,0.0,0.0,0.0
38_28,3,0,149,140,0.020134228187919462,0.0,-0.020134228187919462,2.8187919463087248,-2.8187919463087248
38_29,0,0,149,140,0.0,0.0,0.0,0.0,0.0
38_3,0,0,151,138,0.0,0.0,0.0,0.0,0.0
38_30,0,3,149,140,0.0,0.02142857142857143,0.02142857142857143,0.0,3.0
38_31,3,3,150,176,0.02,0.017045454545454544,-0.0029545454545454562,3.52,-0.52
38_32,3,3,149,140,0.020134228187919462,0.02142857142857143,0.001294343240651967,2.8187919463087248,0.18120805369127524
38_33,0,0,149,140,0.0,0.0,0.0,0.0,0.0
38_34,1,1,149,140,0.006711409395973154,0.007142857142857143,0.0004314477468839884,0.9395973154362416,0.06040268456375841
38_35,0,3,155,148,0.0,0.02027027027027027,0.02027027027027027,0.0,3.0
38_36,7,1,224,210,0.03125,0.004761904761904762,-0.026488095238095238,6.5625,-5.5625
38_37,4,1,224,243,0.017857142857142856,0.00411522633744856,-0.013741916519694296,4.339285714285714,-3.3392857142857144
38_38,10,3,224,209,0.044642857142857144,0.014354066985645933,-0.030288790157211212,9.330357142857142,-6.330357142857142
38_39,7,4,224,209,0.03125,0.019138755980861243,-0.012111244019138757,6.53125,-2.53125
38_4,0,0,152,138,0.0,0.0,0.0,0.0,0.0
38_40,11,9,224,214,0.049107142857142856,0.04205607476635514,-0.007051068090787718,10.508928571428571,-1.5089285714285712
38_41,10,11,372,279,0.026881720430107527,0.03942652329749104,0.01254480286738351,7.5,3.5
38_42,16,11,297,239,0.05387205387205387,0.04602510460251046,-0.007846949269543407,12.875420875420875,-1.8754208754208754
38_43,6,3,224,209,0.026785714285714284,0.014354066985645933,-0.012431647300068351,5.598214285714286,-2.5982142857142856
38_44,8,11,225,209,0.035555555555555556,0.05263157894736842,0.017076023391812863,7.431111111111111,3.568888888888889
38_45,9,4,224,209,0.04017857142857143,0.019138755980861243,-0.02103981544771019,8.397321428571429,-4.397321428571429
38_46,4,2,225,209,0.017777777777777778,0.009569377990430622,-0.008208399787347156,3.7155555555555555,-1.7155555555555555
38_47,1,7,224,209,0.004464285714285714,0.03349282296650718,0.029028537252221466,0.9330357142857142,6.066964285714286
38_48,0,0,224,245,0.0,0.0,0.0,0.0,0.0
38_49,4,1,225,209,0.017777777777777778,0.004784688995215311,-0.012993088782562466,3.7155555555555555,-2.7155555555555555
38_5,0,0,152,138,0.0,0.0,0.0,0.0,0.0
38_50,0,1,224,209,0.0,0.004784688995215311,0.004784688995215311,0.0,1.0
38_51,0,0,224,209,0.0,0.0,0.0,0.0,0.0
38_52,0,0,224,245,0.0,0.0,0.0,0.0,0.0
38_53,0,0,224,209,0.0,0.0,0.0,0.0,0.0
38_54,0,0,224,209,0.0,0.0,0.0,0.0,0.0
38_55,0,0,224,243,0.0,0.0,0.0,0.0,0.0
38_56,0,0,224,210,0.0,0.0,0.0,0.0,0.0
38_57,0,0,224,215,0.0,0.0,0.0,0.0,0.0
38_58,0,0,372,280,0.0,0.0,0.0,0.0,0.0
38_59,0,0,424,291,0.0,0.0,0.0,0.0,0.0
38_6,0,0,226,177,0.0,0.0,0.0,0.0,0.0
38_60,0,0,224,211,0.0,0.0,0.0,0.0,0.0
38_61,0,0,225,211,0.0,0.0,0.0,0.0,0.0
38_62,0,0,224,211,0.0,0.0,0.0,0.0,0.0
38_63,0,0,224,211,0.0,0.0,0.0,0.0,0.0
38_64,0,0,225,211,0.0,0.0,0.0,0.0,0.0
38_65,0,0,224,211,0.0,0.0,0.0,0.0,0.0
38_66,0,0,225,211,0.0,0.0,0.0,0.0,0.0
38_67,0,0,224,211,0.0,0.0,0.0,0.0,0.0
38_68,0,0,224,139,0.0,0.0,0.0,0.0,0.0
38_69,0,0,297,206,0.0,0.0,0.0,0.0,0.0
38_7,0,0,299,197,0.0,0.0,0.0,0.0,0.0
38_70,0,0,297,206,0.0,0.0,0.0,0.0,0.0
38_71,0,0,297,206,0.0,0.0,0.0,0.0,0.0
38_72,0,0,297,206,0.0,0.0,0.0,0.0,0.0
38_73,0,0,222,137,0.0,0.0,0.0,0.0,0.0
38_74,0,0,222,137,0.0,0.0,0.0,0.0,0.0
38_75,0,0,222,142,0.0,0.0,0.0,0.0,0.0
38_76,0,0,370,172,0.0,0.0,0.0,0.0,0.0
38_77,0,0,222,102,0.0,0.0,0.0,0.0,0.0
38_8,0,0,223,166,0.0,0.0,0.0,0.0,0.0
38_9,0,0,151,137,0.0,0.0,0.0,0.0,0.0
39_0,0,0,151,102,0.0,0.0,0.0,0.0,0.0
39_1,0,0,151,102,0.0,0.0,0.0,0.0,0.0
39_10,0,0,150,137,0.0,0.0,0.0,0.0,0.0
39_11,0,0,149,137,0.0,0.0,0.0,0.0,0.0
39_12,0,0,150,137,0.0,0.0,0.0,0.0,0.0
39_13,1,0,150,173,0.006666666666666667,0.0,-0.006666666666666667,1.1533333333333333,-1.1533333333333333
39_14,0,0,150,137,0.0,0.0,0.0,0.0,0.0
39_15,0,0,150,137,0.0,0.0,0.0,0.0,0.0
39_16,0,0,150,137,0.0,0.0,0.0,0.0,0.0
39_17,0,0,150,137,0.0,0.0,0.0,0.0,0.0
39_18,0,0,150,137,0.0,0.0,0.0,0.0,0.0
39_19,0,0,150,137,0.0,0.0,0.0,0.0,0.0
39_2,0,0,151,138,0.0,0.0,0.0,0.0,0.0
39_20,0,0,150,171,0.0,0.0,0.0,0.0,0.0
39_21,0,0,150,138,0.0,0.0,0.0,0.0,0.0
39_22,0,0,150,138,0.0,0.0,0.0,0.0,0.0
39_23,0,0,150,147,0.0,0.0,0.0,0.0,0.0
39_24,0,0,223,173,0.0,0.0,0.0,0.0,0.0
39_25,0,0,222,169,0.0,0.0,0.0,0.0,0.0
39_26,0,0,149,140,0.0,0.0,0.0,0.0,0.0
39_27,0,0,150,140,0.0,0.0,0.0,0.0,0.0
39_28,2,1,149,140,0.013422818791946308,0.007142857142857143,-0.006279961649089166,1.8791946308724832,-0.8791946308724832
39_29,5,4,149,140,0.03355704697986577,0.02857142857142857,-0.004985618408437201,4.697986577181208,-0.6979865771812079
39_3,0,0,151,138,0.0,0.0,0.0,0.0,0.0
39_30,0,5,221,245,0.0,0.02040816326530612,0.02040816326530612,0.0,5.0
39_31,3,4,225,245,0.013333333333333334,0.0163265306122449,0.0029931972789115652,3.266666666666667,0.733333333333333
39_32,0,3,225,209,0.0,0.014354066985645933,0.014354066985645933,0.0,3.0
39_33,10,5,224,209,0.044642857142857144,0.023923444976076555,-0.02071941216678059,9.330357142857142,-4.330357142857142
39_34,6,10,224,209,0.026785714285714284,0.04784688995215311,0.021061175666438826,5.598214285714286,4.401785714285714
39_35,10,9,224,245,0.044642857142857144,0.036734693877551024,-0.00790816326530612,10.9375,-1.9375
39_36,4,9,224,210,0.017857142857142856,0.04285714285714286,0.025,3.75,5.25
39_37,7,8,224,243,0.03125,0.03292181069958848,0.0016718106995884802,7.59375,0.40625
39_38,4,4,224,243,0.017857142857142856,0.01646090534979424,-0.001396237507348616,4.339285714285714,-0.3392857142857144
39_39,2,4,224,209,0.008928571428571428,0.019138755980861243,0.010210184552289815,1.8660714285714284,2.1339285714285716
39_4,0,0,152,138,0.0,0.0,0.0,0.0,0.0
39_40,7,7,224,214,0.03125,0.03271028037383177,0.0014602803738317724,6.6875,0.3125
39_41,8,3,372,284,0.021505376344086023,0.01056338028169014,-0.010941996062395883,6.107526881720431,-3.107526881720431
39_42,10,8,297,244,0.03367003367003367,0.03278688524590164,-0.0008831484241320284,8.215488215488215,-0.2154882154882145
39_43,4,2,224,209,0.017857142857142856,0.009569377990430622,-0.008287764866712235,3.7321428571428568,-1.7321428571428568
39_44,9,5,225,209,0.04,0.023923444976076555,-0.016076555023923446,8.36,-3.3599999999999994
39_45,2,3,224,209,0.008928571428571428,0.014354066985645933,0.005425495557074505,1.8660714285714284,1.1339285714285716
39_46,2,3,225,209,0.008888888888888889,0.014354066985645933,0.0054651780967570444,1.8577777777777778,1.1422222222222222
39_47,2,4,225,209,0.008888888888888889,0.019138755980861243,0.010249867091972354,1.8577777777777778,2.1422222222222222
39_48,2,0,224,245,0.008928571428571428,0.0,-0.008928571428571428,2.1875,-2.1875
39_49,0,0,225,209,0.0,0.0,0.0,0.0,0.0
39_5,0,0,152,138,0.0,0.0,0.0,0.0,0.0
39_50,0,0,224,209,0.0,0.0,0.0,0.0,0.0
39_51,0,0,224,209,0.0,0.0,0.0,0.0,0.0
39_52,0,0,224,245,0.0,0.0,0.0,0.0,0.0
39_53,0,0,224,245,0.0,0.0,0.0,0.0,0.0
39_54,0,0,224,209,0.0,0.0,0.0,0.0,0.0
39_55,0,0,224,243,0.0,0.0,0.0,0.0,0.0
39_56,0,0,224,210,0.0,0.0,0.0,0.0,0.0
39_57,0,0,224,210,0.0,0.0,0.0,0.0,0.0
39_58,0,0,298,250,0.0,0.0,0.0,0.0,0.0
39_59,0,0,371,275,0.0,0.0,0.0,0.0,0.0
39_6,0,0,226,177,0.0,0.0,0.0,0.0,0.0
39_60,0,0,224,211,0.0,0.0,0.0,0.0,0.0
39_61,0,0,225,211,0.0,0.0,0.0,0.0,0.0
39_62,0,0,224,211,0.0,0.0,0.0,0.0,0.0
39_63,0,0,224,211,0.0,0.0,0.0,0.0,0.0
39_64,0,0,225,211,0.0,0.0,0.0,0.0,0.0
39_65,0,0,224,211,0.0,0.0,0.0,0.0,0.0
39_66,0,0,224,211,0.0,0.0,0.0,0.0,0.0
39_67,0,0,149,142,0.0,0.0,0.0,0.0,0.0
39_68,0,0,149,70,0.0,0.0,0.0,0.0,0.0
39_69,0,0,149,70,0.0,0.0,0.0,0.0,0.0
39_7,0,0,152,137,0.0,0.0,0.0,0.0,0.0
39_70,0,0,149,70,0.0,0.0,0.0,0.0,0.0
39_71,0,0,149,70,0.0,0.0,0.0,0.0,0.0
39_72,0,0,149,70,0.0,0.0,0.0,0.0,0.0
39_73,0,0,149,70,0.0,0.0,0.0,0.0,0.0
39_74,0,0,217,134,0.0,0.0,0.0,0.0,0.0
39_75,0,0,296,172,0.0,0.0,0.0,0.0,0.0
39_76,0,0,370,168,0.0,0.0,0.0,0.0,0.0
39_77,0,0,222,102,0.0,0.0,0.0,0.0,0.0
39_8,0,0,223,166,0.0,0.0,0.0,0.0,0.0
39_9,0,0,151,137,0.0,0.0,0.0,0.0,0.0
3_0,0,0,73,36,0.0,0.0,0.0,0.0,0.0
3_1,0,0,73,42,0.0,0.0,0.0,0.0,0.0
3_10,0,0,221,103,0.0,0.0,0.0,0.0,0.0
3_11,0,0,221,108,0.0,0.0,0.0,0.0,0.0
3_12,0,0,221,103,0.0,0.0,0.0,0.0,0.0
3_13,0,0,221,103,0.0,0.0,0.0,0.0,0.0
3_14,0,0,293,133,0.0,0.0,0.0,0.0,0.0
3_15,0,0,221,103,0.0,0.0,0.0,0.0,0.0
3_16,0,0,221,103,0.0,0.0,0.0,0.0,0.0
3_17,0,0,295,170,0.0,0.0,0.0,0.0,0.0
3_18,0,0,293,167,0.0,0.0,0.0,0.0,0.0
3_19,0,0,221,177,0.0,0.0,0.0,0.0,0.0
3_2,0,0,73,41,0.0,0.0,0.0,0.0,0.0
3_20,0,0,221,173,0.0,0.0,0.0,0.0,0.0
3_21,0,0,221,173,0.0,0.0,0.0,0.0,0.0
3_22,0,0,221,173,0.0,0.0,0.0,0.0,0.0
3_23,0,0,221,173,0.0,0.0,0.0,0.0,0.0
3_24,0,0,235,156,0.0,0.0,0.0,0.0,0.0
3_25,0,0,148,108,0.0,0.0,0.0,0.0,0.0
3_26,0,0,148,106,0.0,0.0,0.0,0.0,0.0
3_27,0,0,148,106,0.0,0.0,0.0,0.0,0.0
3_28,0,0,148,111,0.0,0.0,0.0,0.0,0.0
3_29,0,0,148,106,0.0,0.0,0.0,0.0,0.0
3_3,0,0,73,41,0.0,0.0,0.0,0.0,0.0
3_30,0,0,148,106,0.0,0.0,0.0,0.0,0.0
3_31,0,0,220,135,0.0,0.0,0.0,0.0,0.0
3_32,0,0,219,135,0.0,0.0,0.0,0.0,0.0
3_33,0,0,148,105,0.0,0.0,0.0,0.0,0.0
3_34,0,0,149,105,0.0,0.0,0.0,0.0,0.0
3_35,0,0,148,106,0.0,0.0,0.0,0.0,0.0
3_36,0,0,148,110,0.0,0.0,0.0,0.0,0.0
3_37,0,0,148,143,0.0,0.0,0.0,0.0,0.0
3_38,0,0,148,104,0.0,0.0,0.0,0.0,0.0
3_39,0,0,76,69,0.0,0.0,0.0,0.0,0.0
3_4,0,0,73,41,0.0,0.0,0.0,0.0,0.0
3_40,0,0,76,69,0.0,0.0,0.0,0.0,0.0
3_41,0,0,76,69,0.0,0.0,0.0,0.0,0.0
3_42,0,0,150,99,0.0,0.0,0.0,0.0,0.0
3_43,0,0,75,68,0.0,0.0,0.0,0.0,0.0
3_44,0,0,76,73,0.0,0.0,0.0,0.0,0.0
3_45,0,0,76,109,0.0,0.0,0.0,0.0,0.0
3_46,0,0,76,109,0.0,0.0,0.0,0.0,0.0
3_47,0,0,148,137,0.0,0.0,0.0,0.0,0.0
3_48,0,0,149,137,0.0,0.0,0.0,0.0,0.0
3_49,0,0,149,137,0.0,0.0,0.0,0.0,0.0
3_5,0,0,145,68,0.0,0.0,0.0,0.0,0.0
3_50,0,0,148,137,0.0,0.0,0.0,0.0,0.0
3_51,0,0,148,137,0.0,0.0,0.0,0.0,0.0
3_52,0,0,148,137,0.0,0.0,0.0,0.0,0.0
3_53,0,0,148,137,0.0,0.0,0.0,0.0,0.0
3_54,0,0,148,176,0.0,0.0,0.0,0.0,0.0
3_55,0,0,148,138,0.0,0.0,0.0,0.0,0.0
3_56,0,0,148,138,0.0,0.0,0.0,0.0,0.0
3_57,0,0,148,138,0.0,0.0,0.0,0.0,0.0
3_58,0,0,148,138,0.0,0.0,0.0,0.0,0.0
3_59,0,0,222,168,0.0,0.0,0.0,0.0,0.0
3_6,0,0,221,103,0.0,0.0,0.0,0.0,0.0
3_60,0,0,148,175,0.0,0.0,0.0,0.0,0.0
3_61,0,0,148,175,0.0,0.0,0.0,0.0,0.0
3_62,0,0,148,139,0.0,0.0,0.0,0.0,0.0
3_63,0,0,220,173,0.0,0.0,0.0,0.0,0.0
3_64,0,0,148,140,0.0,0.0,0.0,0.0,0.0
3_65,0,0,149,140,0.0,0.0,0.0,0.0,0.0
3_66,0,0,149,140,0.0,0.0,0.0,0.0,0.0
3_67,0,0,148,140,0.0,0.0,0.0,0.0,0.0
3_68,0,0,148,140,0.0,0.0,0.0,0.0,0.0
3_69,0,0,148,140,0.0,0.0,0.0,0.0,0.0
3_7,0,0,296,134,0.0,0.0,0.0,0.0,0.0
3_70,0,0,148,140,0.0,0.0,0.0,0.0,0.0
3_71,0,0,148,144,0.0,0.0,0.0,0.0,0.0
3_72,0,0,148,140,0.0,0.0,0.0,0.0,0.0
3_73,0,0,148,140,0.0,0.0,0.0,0.0,0.0
3_74,0,0,148,140,0.0,0.0,0.0,0.0,0.0
3_75,0,0,148,140,0.0,0.0,0.0,0.0,0.0
3_76,0,0,223,135,0.0,0.0,0.0,0.0,0.0
3_77,0,0,149,105,0.0,0.0,0.0,0.0,0.0
3_8,0,0,221,103,0.0,0.0,0.0,0.0,0.0
3_9,0,0,221,103,0.0,0.0,0.0,0.0,0.0
40_0,0,0,215,135,0.0,0.0,0.0,0.0,0.0
40_1,0,0,215,168,0.0,0.0,0.0,0.0,0.0
40_10,0,0,151,137,0.0,0.0,0.0,0.0,0.0
40_11,0,2,149,137,0.0,0.014598540145985401,0.014598540145985401,0.0,2.0
40_12,0,0,150,137,0.0,0.0,0.0,0.0,0.0
40_13,1,0,150,173,0.006666666666666667,0.0,-0.006666666666666667,1.1533333333333333,-1.1533333333333333
40_14,0,1,150,137,0.0,0.0072992700729927005,0.0072992700729927005,0.0,1.0
40_15,0,0,150,137,0.0,0.0,0.0,0.0,0.0
40_16,0,1,150,137,0.0,0.0072992700729927005,0.0072992700729927005,0.0,1.0
40_17,0,0,150,137,0.0,0.0,0.0,0.0,0.0
40_18,0,0,150,137,0.0,0.0,0.0,0.0,0.0
40_19,0,0,150,137,0.0,0.0,0.0,0.0,0.0
40_2,0,0,215,204,0.0,0.0,0.0,0.0,0.0
40_20,0,0,150,171,0.0,0.0,0.0,0.0,0.0
40_21,1,0,150,171,0.006666666666666667,0.0,-0.006666666666666667,1.1400000000000001,-1.1400000000000001
40_22,4,2,150,138,0.02666666666666667,0.014492753623188406,-0.012173913043478262,3.68,-1.6800000000000002
40_23,1,6,224,178,0.004464285714285714,0.033707865168539325,0.029243579454253613,0.7946428571428571,5.205357142857143
40_24,0,0,223,169,0.0,0.0,0.0,0.0,0.0
40_25,0,1,297,238,0.0,0.004201680672268907,0.004201680672268907,0.0,1.0
40_26,0,0,224,209,0.0,0.0,0.0,0.0,0.0
40_27,5,3,225,209,0.022222222222222223,0.014354066985645933,-0.00786815523657629,4.644444444444445,-1.6444444444444448
40_28,2,2,224,209,0.008928571428571428,0.009569377990430622,0.0006408065618591936,1.8660714285714284,0.13392857142857162
40_29,11,3,225,209,0.04888888888888889,0.014354066985645933,-0.03453482190324296,10.217777777777778,-7.217777777777778
40_3,0,0,151,138,0.0,0.0,0.0,0.0,0.0
40_30,1,8,224,245,0.004464285714285714,0.0326530612244898,0.028188775510204087,1.09375,6.90625
40_31,11,4,224,209,0.049107142857142856,0.019138755980861243,-0.029968386876281613,10.263392857142858,-6.263392857142858
40_32,14,4,225,209,0.06222222222222222,0.019138755980861243,-0.043083466241360974,13.004444444444443,-9.004444444444443
40_33,6,5,224,209,0.026785714285714284,0.023923444976076555,-0.0028622693096377293,5.598214285714286,-0.5982142857142856
40_34,4,1,224,209,0.017857142857142856,0.004784688995215311,-0.013072453861927544,3.7321428571428568,-2.7321428571428568
40_35,8,4,224,245,0.03571428571428571,0.0163265306122449,-0.019387755102040813,8.75,-4.75
40_36,1,4,224,215,0.004464285714285714,0.018604651162790697,0.014140365448504983,0.9598214285714285,3.0401785714285716
40_37,0,5,224,210,0.0,0.023809523809523808,0.023809523809523808,0.0,5.0
40_38,3,2,224,243,0.013392857142857142,0.00823045267489712,-0.005162404467960022,3.2544642857142856,-1.2544642857142856
40_39,5,0,224,209,0.022321428571428572,0.0,-0.022321428571428572,4.665178571428571,-4.665178571428571
40_4,0,0,151,138,0.0,0.0,0.0,0.0,0.0
40_40,8,6,224,213,0.03571428571428571,0.028169014084507043,-0.007545271629778669,7.607142857142857,-1.6071428571428568
40_41,5,8,372,279,0.013440860215053764,0.02867383512544803,0.015232974910394265,3.75,4.25
40_42,7,10,371,273,0.018867924528301886,0.03663003663003663,0.017762112101734746,5.150943396226415,4.849056603773585
40_43,2,13,224,209,0.008928571428571428,0.06220095693779904,0.05327238550922761,1.8660714285714284,11.133928571428571
40_44,9,3,225,209,0.04,0.014354066985645933,-0.02564593301435407,8.36,-5.359999999999999
40_45,7,3,224,209,0.03125,0.014354066985645933,-0.01689593301435407,6.53125,-3.53125
40_46,4,3,224,209,0.017857142857142856,0.014354066985645933,-0.003503075871496923,3.7321428571428568,-0.7321428571428568
40_47,2,5,225,238,0.008888888888888889,0.02100840336134454,0.01211951447245565,2.1155555555555554,2.8844444444444446
40_48,1,0,224,245,0.004464285714285714,0.0,-0.004464285714285714,1.09375,-1.09375
40_49,0,0,225,209,0.0,0.0,0.0,0.0,0.0
40_5,0,0,152,138,0.0,0.0,0.0,0.0,0.0
40_50,0,0,224,209,0.0,0.0,0.0,0.0,0.0
40_51,0,0,224,209,0.0,0.0,0.0,0.0,0.0
40_52,0,0,224,209,0.0,0.0,0.0,0.0,0.0
40_53,0,0,224,245,0.0,0.0,0.0,0.0,0.0
40_54,0,0,224,209,0.0,0.0,0.0,0.0,0.0
40_55,0,0,224,243,0.0,0.0,0.0,0.0,0.0
40_56,0,0,224,210,0.0,0.0,0.0,0.0,0.0
40_57,0,0,224,210,0.0,0.0,0.0,0.0,0.0
40_58,0,0,298,250,0.0,0.0,0.0,0.0,0.0
40_59,0,0,371,275,0.0,0.0,0.0,0.0,0.0
40_6,0,0,226,177,0.0,0.0,0.0,0.0,0.0
40_60,0,0,224,214,0.0,0.0,0.0,0.0,0.0
40_61,0,0,149,142,0.0,0.0,0.0,0.0,0.0
40_62,0,0,149,142,0.0,0.0,0.0,0.0,0.0
40_63,0,0,149,142,0.0,0.0,0.0,0.0,0.0
40_64,0,0,150,142,0.0,0.0,0.0,0.0,0.0
40_65,0,0,149,142,0.0,0.0,0.0,0.0,0.0
40_66,0,0,149,142,0.0,0.0,0.0,0.0,0.0
40_67,0,0,149,142,0.0,0.0,0.0,0.0,0.0
40_68,0,0,149,70,0.0,0.0,0.0,0.0,0.0
40_69,0,0,149,70,0.0,0.0,0.0,0.0,0.0
40_7,0,0,152,137,0.0,0.0,0.0,0.0,0.0
40_70,0,0,149,70,0.0,0.0,0.0,0.0,0.0
40_71,0,0,149,70,0.0,0.0,0.0,0.0,0.0
40_72,0,0,149,70,0.0,0.0,0.0,0.0,0.0
40_73,0,0,149,70,0.0,0.0,0.0,0.0,0.0
40_74,0,0,149,70,0.0,0.0,0.0,0.0,0.0
40_75,0,0,223,105,0.0,0.0,0.0,0.0,0.0
40_76,0,0,223,105,0.0,0.0,0.0,0.0,0.0
40_77,0,0,149,70,0.0,0.0,0.0,0.0,0.0
40_8,0,0,225,166,0.0,0.0,0.0,0.0,0.0
40_9,0,0,151,137,0.0,0.0,0.0,0.0,0.0
41_0,0,0,215,135,0.0,0.0,0.0,0.0,0.0
41_1,0,0,215,168,0.0,0.0,0.0,0.0,0.0
41_10,1,0,151,137,0.006622516556291391,0.0,-0.006622516556291391,0.9072847682119205,-0.9072847682119205
41_11,0,0,149,137,0.0,0.0,0.0,0.0,0.0
41_12,0,1,149,137,0.0,0.0072992700729927005,0.0072992700729927005,0.0,1.0
41_13,1,1,150,173,0.006666666666666667,0.005780346820809248,-0.0008863198458574188,1.1533333333333333,-0.15333333333333332
41_14,2,2,150,137,0.013333333333333334,0.014598540145985401,0.0012652068126520668,1.8266666666666669,0.17333333333333312
41_15,1,0,150,137,0.006666666666666667,0.0,-0.006666666666666667,0.9133333333333334,-0.9133333333333334
41_16,5,1,150,137,0.03333333333333333,0.0072992700729927005,-0.026034063260340634,4.566666666666666,-3.5666666666666664
41_17,0,1,150,137,0.0,0.0072992700729927005,0.0072992700729927005,0.0,1.0
41_18,0,1,150,137,0.0,0.0072992700729927005,0.0072992700729927005,0.0,1.0
41_19,0,0,150,137,0.0,0.0,0.0,0.0,0.0
41_2,0,0,215,204,0.0,0.0,0.0,0.0,0.0
41_20,0,0,225,207,0.0,0.0,0.0,0.0,0.0
41_21,2,1,225,241,0.008888888888888889,0.004149377593360996,-0.004739511295527893,2.1422222222222222,-1.1422222222222222
41_22,0,2,225,208,0.0,0.009615384615384616,0.009615384615384616,0.0,2.0
41_23,4,2,299,248,0.013377926421404682,0.008064516129032258,-0.005313410292372424,3.317725752508361,-1.3177257525083612
41_24,3,1,298,243,0.010067114093959731,0.00411522633744856,-0.005951887756511171,2.4463087248322144,-1.4463087248322144
41_25,8,7,297,251,0.026936026936026935,0.027888446215139442,0.0009524192791125069,6.76094276094276,0.23905723905723963
41_26,7,2,224,209,0.03125,0.009569377990430622,-0.021680622009569377,6.53125,-4.53125
41_27,6,5,225,209,0.02666666666666667,0.023923444976076555,-0.0027432216905901134,5.573333333333333,-0.5733333333333333
41_28,6,7,224,209,0.026785714285714284,0.03349282296650718,0.006707108680792894,5.598214285714286,1.4017857142857144
41_29,3,12,225,209,0.013333333333333334,0.05741626794258373,0.0440829346092504,2.7866666666666666,9.213333333333333
41_3,0,0,215,204,0.0,0.0,0.0,0.0,0.0
41_30,3,4,225,245,0.013333333333333334,0.0163265306122449,0.0029931972789115652,3.266666666666667,0.733333333333333
41_31,4,5,224,209,0.017857142857142856,0.023923444976076555,0.006066302118933699,3.7321428571428568,1.2678571428571432
41_32,4,5,225,209,0.017777777777777778,0.023923444976076555,0.006145667198298777,3.7155555555555555,1.2844444444444445
41_33,5,7,224,209,0.022321428571428572,0.03349282296650718,0.011171394395078606,4.665178571428571,2.334821428571429
41_34,4,6,224,209,0.017857142857142856,0.028708133971291867,0.01085099111414901,3.7321428571428568,2.2678571428571432
41_35,5,0,224,245,0.022321428571428572,0.0,-0.022321428571428572,5.46875,-5.46875
41_36,2,1,224,245,0.008928571428571428,0.004081632653061225,-0.004846938775510203,2.1875,-1.1875
41_37,1,2,224,210,0.004464285714285714,0.009523809523809525,0.005059523809523811,0.9375,1.0625
41_38,0,2,224,243,0.0,0.00823045267489712,0.00823045267489712,0.0,2.0
41_39,1,5,224,209,0.004464285714285714,0.023923444976076555,0.019459159261790843,0.9330357142857142,4.066964285714286
41_4,0,0,215,204,0.0,0.0,0.0,0.0,0.0
41_40,8,9,298,244,0.026845637583892617,0.036885245901639344,0.010039608317746727,6.550335570469798,2.449664429530202
41_41,7,6,298,248,0.02348993288590604,0.024193548387096774,0.0007036155011907325,5.825503355704698,0.17449664429530198
41_42,10,6,371,273,0.026954177897574125,0.02197802197802198,-0.004976155919552146,7.358490566037736,-1.3584905660377364
41_43,7,8,297,239,0.02356902356902357,0.03347280334728033,0.009903779778256763,5.632996632996633,2.3670033670033668
41_44,3,4,225,209,0.013333333333333334,0.019138755980861243,0.005805422647527909,2.7866666666666666,1.2133333333333334
41_45,11,1,224,209,0.049107142857142856,0.004784688995215311,-0.04432245386192755,10.263392857142858,-9.263392857142858
41_46,4,2,224,209,0.017857142857142856,0.009569377990430622,-0.008287764866712235,3.7321428571428568,-1.7321428571428568
41_47,3,7,225,245,0.013333333333333334,0.02857142857142857,0.015238095238095236,3.266666666666667,3.733333333333333
41_48,0,0,224,245,0.0,0.0,0.0,0.0,0.0
41_49,0,0,225,209,0.0,0.0,0.0,0.0,0.0
41_5,0,0,216,204,0.0,0.0,0.0,0.0,0.0
41_50,0,0,224,209,0.0,0.0,0.0,0.0,0.0
41_51,0,0,224,209,0.0,0.0,0.0,0.0,0.0
41_52,0,0,224,209,0.0,0.0,0.0,0.0,0.0
41_53,0,0,224,245,0.0,0.0,0.0,0.0,0.0
41_54,0,0,224,209,0.0,0.0,0.0,0.0,0.0
41_55,0,0,150,142,0.0,0.0,0.0,0.0,0.0
41_56,0,0,149,142,0.0,0.0,0.0,0.0,0.0
41_57,0,0,149,142,0.0,0.0,0.0,0.0,0.0
41_58,0,0,223,177,0.0,0.0,0.0,0.0,0.0
41_59,0,0,223,177,0.0,0.0,0.0,0.0,0.0
41_6,0,0,290,243,0.0,0.0,0.0,0.0,0.0
41_60,0,0,149,142,0.0,0.0,0.0,0.0,0.0
41_61,0,0,149,142,0.0,0.0,0.0,0.0,0.0
41_62,0,0,149,142,0.0,0.0,0.0,0.0,0.0
41_63,0,0,149,142,0.0,0.0,0.0,0.0,0.0
41_64,0,0,150,142,0.0,0.0,0.0,0.0,0.0
41_65,0,0,149,142,0.0,0.0,0.0,0.0,0.0
41_66,0,0,149,142,0.0,0.0,0.0,0.0,0.0
41_67,0,0,149,142,0.0,0.0,0.0,0.0,0.0
41_68,0,0,149,106,0.0,0.0,0.0,0.0,0.0
41_69,0,0,149,70,0.0,0.0,0.0,0.0,0.0
41_7,0,0,216,203,0.0,0.0,0.0,0.0,0.0
41_70,0,0,149,70,0.0,0.0,0.0,0.0,0.0
41_71,0,0,149,70,0.0,0.0,0.0,0.0,0.0
41_72,0,0,149,70,0.0,0.0,0.0,0.0,0.0
41_73,0,0,149,70,0.0,0.0,0.0,0.0,0.0
41_74,0,0,149,70,0.0,0.0,0.0,0.0,0.0
41_75,0,0,223,105,0.0,0.0,0.0,0.0,0.0
41_76,0,0,223,105,0.0,0.0,0.0,0.0,0.0
41_77,0,0,149,75,0.0,0.0,0.0,0.0,0.0
41_8,0,0,283,232,0.0,0.0,0.0,0.0,0.0
41_9,0,0,150,137,0.0,0.0,0.0,0.0,0.0
42_0,0,0,215,135,0.0,0.0,0.0,0.0,0.0
42_1,0,0,215,168,0.0,0.0,0.0,0.0,0.0
42_10,2,5,215,203,0.009302325581395349,0.024630541871921183,0.015328216290525835,1.8883720930232557,3.1116279069767443
42_11,1,0,213,203,0.004694835680751174,0.0,-0.004694835680751174,0.9530516431924883,-0.9530516431924883
42_12,0,2,275,238,0.0,0.008403361344537815,0.008403361344537815,0.0,2.0
42_13,3,2,214,272,0.014018691588785047,0.007352941176470588,-0.006665750412314458,3.8130841121495327,-1.8130841121495327
42_14,3,6,152,144,0.019736842105263157,0.041666666666666664,0.021929824561403508,2.8421052631578947,3.1578947368421053
42_15,4,5,225,208,0.017777777777777778,0.02403846153846154,0.006260683760683762,3.6977777777777776,1.3022222222222224
42_16,2,1,225,208,0.008888888888888889,0.004807692307692308,-0.004081196581196581,1.8488888888888888,-0.8488888888888888
42_17,0,3,225,208,0.0,0.014423076923076924,0.014423076923076924,0.0,3.0
42_18,2,3,225,243,0.008888888888888889,0.012345679012345678,0.0034567901234567894,2.16,0.8399999999999999
42_19,6,1,225,243,0.02666666666666667,0.00411522633744856,-0.02255144032921811,6.48,-5.48
42_2,0,0,215,204,0.0,0.0,0.0,0.0,0.0
42_20,2,3,225,207,0.008888888888888889,0.014492753623188406,0.005603864734299517,1.84,1.16
42_21,4,7,225,241,0.017777777777777778,0.029045643153526972,0.011267865375749194,4.2844444444444445,2.7155555555555555
42_22,3,7,225,208,0.013333333333333334,0.03365384615384615,0.020320512820512816,2.7733333333333334,4.226666666666667
42_23,9,5,299,243,0.030100334448160536,0.0205761316872428,-0.009524202760917738,7.31438127090301,-2.3143812709030103
42_24,4,3,298,243,0.013422818791946308,0.012345679012345678,-0.00107713977960063,3.261744966442953,-0.261744966442953
42_25,2,6,371,273,0.005390835579514825,0.02197802197802198,0.016587186398507155,1.4716981132075473,4.528301886792453
42_26,5,11,297,238,0.016835016835016835,0.046218487394957986,0.02938347055994115,4.006734006734007,6.993265993265993
42_27,2,3,225,209,0.008888888888888889,0.014354066985645933,0.0054651780967570444,1.8577777777777778,1.1422222222222222
42_28,6,4,224,209,0.026785714285714284,0.019138755980861243,-0.007646958304853041,5.598214285714286,-1.5982142857142856
42_29,3,4,224,209,0.013392857142857142,0.019138755980861243,0.005745898838004101,2.799107142857143,1.2008928571428572
42_3,0,0,215,204,0.0,0.0,0.0,0.0,0.0
42_30,6,2,225,245,0.02666666666666667,0.00816326530612245,-0.01850340136054422,6.533333333333334,-4.533333333333334
42_31,4,2,224,209,0.017857142857142856,0.009569377990430622,-0.008287764866712235,3.7321428571428568,-1.7321428571428568
42_32,4,0,225,209,0.017777777777777778,0.0,-0.017777777777777778,3.7155555555555555,-3.7155555555555555
42_33,3,2,224,209,0.013392857142857142,0.009569377990430622,-0.0038234791524265205,2.799107142857143,-0.7991071428571428
42_34,1,2,224,209,0.004464285714285714,0.009569377990430622,0.005105092276144908,0.9330357142857142,1.0669642857142858
42_35,4,7,224,209,0.017857142857142856,0.03349282296650718,0.015635680109364322,3.7321428571428568,3.2678571428571432
42_36,2,2,224,245,0.008928571428571428,0.00816326530612245,-0.0007653061224489784,2.1875,-0.1875
42_37,1,2,224,210,0.004464285714285714,0.009523809523809525,0.005059523809523811,0.9375,1.0625
42_38,2,6,224,243,0.008928571428571428,0.024691358024691357,0.01576278659611993,2.169642857142857,3.830357142857143
42_39,6,3,224,209,0.026785714285714284,0.014354066985645933,-0.012431647300068351,5.598214285714286,-2.5982142857142856
42_4,0,0,215,204,0.0,0.0,0.0,0.0,0.0
42_40,6,6,298,244,0.020134228187919462,0.02459016393442623,0.004455935746506767,4.912751677852349,1.0872483221476514
42_41,4,9,241,225,0.016597510373443983,0.04,0.023402489626556017,3.7344398340248963,5.265560165975104
42_42,18,12,298,244,0.06040268456375839,0.04918032786885246,-0.011222356694905934,14.738255033557047,-2.7382550335570475
42_43,8,5,297,239,0.026936026936026935,0.02092050209205021,-0.006015524843976727,6.437710437710438,-1.4377104377104377
42_44,3,7,225,209,0.013333333333333334,0.03349282296650718,0.020159489633173842,2.7866666666666666,4.213333333333333
42_45,6,6,224,209,0.026785714285714284,0.028708133971291867,0.0019224196855775824,5.598214285714286,0.4017857142857144
42_46,4,3,224,209,0.017857142857142856,0.014354066985645933,-0.003503075871496923,3.7321428571428568,-0.7321428571428568
42_47,2,12,225,245,0.008888888888888889,0.04897959183673469,0.0400907029478458,2.1777777777777776,9.822222222222223
42_48,0,0,224,209,0.0,0.0,0.0,0.0,0.0
42_49,0,0,150,142,0.0,0.0,0.0,0.0,0.0
42_5,0,2,216,208,0.0,0.009615384615384616,0.009615384615384616,0.0,2.0
42_50,0,0,149,142,0.0,0.0,0.0,0.0,0.0
42_51,0,0,149,142,0.0,0.0,0.0,0.0,0.0
42_52,0,0,149,142,0.0,0.0,0.0,0.0,0.0
42_53,0,0,149,178,0.0,0.0,0.0,0.0,0.0
42_54,0,0,149,142,0.0,0.0,0.0,0.0,0.0
42_55,0,0,149,142,0.0,0.0,0.0,0.0,0.0
42_56,0,0,149,142,0.0,0.0,0.0,0.0,0.0
42_57,0,0,149,146,0.0,0.0,0.0,0.0,0.0
42_58,0,0,223,177,0.0,0.0,0.0,0.0,0.0
42_59,0,0,223,177,0.0,0.0,0.0,0.0,0.0
42_6,0,0,290,243,0.0,0.0,0.0,0.0,0.0
42_60,0,0,149,147,0.0,0.0,0.0,0.0,0.0
42_61,0,0,149,142,0.0,0.0,0.0,0.0,0.0
42_62,0,0,149,142,0.0,0.0,0.0,0.0,0.0
42_63,0,0,149,142,0.0,0.0,0.0,0.0,0.0
42_64,0,0,150,142,0.0,0.0,0.0,0.0,0.0
42_65,0,0,149,142,0.0,0.0,0.0,0.0,0.0
42_66,0,0,149,142,0.0,0.0,0.0,0.0,0.0
42_67,0,0,149,142,0.0,0.0,0.0,0.0,0.0
42_68,0,0,149,106,0.0,0.0,0.0,0.0,0.0
42_69,0,0,149,70,0.0,0.0,0.0,0.0,0.0
42_7,0,0,216,208,0.0,0.0,0.0,0.0,0.0
42_70,0,0,149,70,0.0,0.0,0.0,0.0,0.0
42_71,0,0,149,70,0.0,0.0,0.0,0.0,0.0
42_72,0,0,149,70,0.0,0.0,0.0,0.0,0.0
42_73,0,0,149,70,0.0,0.0,0.0,0.0,0.0
42_74,0,0,149,70,0.0,0.0,0.0,0.0,0.0
42_75,0,0,223,105,0.0,0.0,0.0,0.0,0.0
42_76,0,0,223,100,0.0,0.0,0.0,0.0,0.0
42_77,0,0,223,105,0.0,0.0,0.0,0.0,0.0
42_8,2,2,289,232,0.006920415224913495,0.008620689655172414,0.0017002744302589187,1.6055363321799307,0.39446366782006925
42_9,0,3,214,203,0.0,0.014778325123152709,0.014778325123152709,0.0,3.0
43_0,0,0,215,135,0.0,0.0,0.0,0.0,0.0
43_1,0,0,215,135,0.0,0.0,0.0,0.0,0.0
43_10,1,1,290,274,0.0034482758620689655,0.0036496350364963502,0.00020135917442738478,0.9448275862068966,0.05517241379310345
43_11,2,0,288,274,0.006944444444444444,0.0,-0.006944444444444444,1.9027777777777777,-1.9027777777777777
43_12,5,6,350,343,0.014285714285714285,0.01749271137026239,0.003206997084548106,4.8999999999999995,1.1000000000000005
43_13,10,6,289,343,0.03460207612456748,0.01749271137026239,-0.017109364754305086,11.868512110726645,-5.868512110726645
43_14,5,4,289,274,0.01730103806228374,0.014598540145985401,-0.0027024979162983374,4.740484429065744,-0.7404844290657442
43_15,8,6,289,274,0.02768166089965398,0.021897810218978103,-0.005783850680675877,7.58477508650519,-1.5847750865051902
43_16,10,3,290,274,0.034482758620689655,0.010948905109489052,-0.023533853511200603,9.448275862068966,-6.448275862068966
43_17,6,5,289,274,0.020761245674740483,0.01824817518248175,-0.002513070492258733,5.688581314878893,-0.6885813148788928
43_18,7,7,289,274,0.02422145328719723,0.025547445255474453,0.0013259919682772209,6.6366782006920415,0.3633217993079585
43_19,4,7,289,309,0.01384083044982699,0.022653721682847898,0.008812891233020908,4.27681660899654,2.7231833910034604
43_2,0,0,215,204,0.0,0.0,0.0,0.0,0.0
43_20,3,2,225,207,0.013333333333333334,0.00966183574879227,-0.003671497584541064,2.7600000000000002,-0.7600000000000002
43_21,2,0,225,241,0.008888888888888889,0.0,-0.008888888888888889,2.1422222222222222,-2.1422222222222222
43_22,12,4,225,208,0.05333333333333334,0.019230769230769232,-0.034102564102564105,11.093333333333334,-7.093333333333334
43_23,8,3,299,243,0.026755852842809364,0.012345679012345678,-0.014410173830463686,6.501672240802676,-3.5016722408026757
43_24,4,7,224,214,0.017857142857142856,0.03271028037383177,0.014853137516688916,3.821428571428571,3.178571428571429
43_25,3,2,298,243,0.010067114093959731,0.00823045267489712,-0.0018366614190626109,2.4463087248322144,-0.4463087248322144
43_26,9,9,297,238,0.030303030303030304,0.037815126050420166,0.007512095747389862,7.212121212121212,1.787878787878788
43_27,1,0,225,209,0.0044444444444444444,0.0,-0.0044444444444444444,0.9288888888888889,-0.9288888888888889
43_28,1,1,224,209,0.004464285714285714,0.004784688995215311,0.0003204032809295968,0.9330357142857142,0.06696428571428581
43_29,1,5,224,209,0.004464285714285714,0.023923444976076555,0.019459159261790843,0.9330357142857142,4.066964285714286
43_3,0,0,215,204,0.0,0.0,0.0,0.0,0.0
43_30,1,2,225,245,0.0044444444444444444,0.00816326530612245,0.0037188208616780053,1.0888888888888888,0.9111111111111112
43_31,0,3,224,209,0.0,0.014354066985645933,0.014354066985645933,0.0,3.0
43_32,8,5,225,209,0.035555555555555556,0.023923444976076555,-0.011632110579479,7.431111111111111,-2.431111111111111
43_33,7,3,224,209,0.03125,0.014354066985645933,-0.01689593301435407,6.53125,-3.53125
43_34,5,1,224,209,0.022321428571428572,0.004784688995215311,-0.01753673957621326,4.665178571428571,-3.665178571428571
43_35,2,3,224,209,0.008928571428571428,0.014354066985645933,0.005425495557074505,1.8660714285714284,1.1339285714285716
43_36,1,3,224,245,0.004464285714285714,0.012244897959183673,0.007780612244897959,1.09375,1.90625
43_37,2,4,224,210,0.008928571428571428,0.01904761904761905,0.010119047619047621,1.875,2.125
43_38,4,5,224,243,0.017857142857142856,0.0205761316872428,0.002718988830099942,4.339285714285714,0.6607142857142856
43_39,3,3,224,209,0.013392857142857142,0.014354066985645933,0.0009612098427887912,2.799107142857143,0.2008928571428572
43_4,0,0,215,204,0.0,0.0,0.0,0.0,0.0
43_40,6,8,298,244,0.020134228187919462,0.03278688524590164,0.01265265705798218,4.912751677852349,3.0872483221476514
43_41,6,8,224,214,0.026785714285714284,0.037383177570093455,0.010597463284379171,5.732142857142857,2.2678571428571432
43_42,6,7,298,244,0.020134228187919462,0.028688524590163935,0.008554296402244473,4.912751677852349,2.0872483221476514
43_43,3,6,149,142,0.020134228187919462,0.04225352112676056,0.0221192929388411,2.8590604026845634,3.1409395973154366
43_44,3,6,149,142,0.020134228187919462,0.04225352112676056,0.0221192929388411,2.8590604026845634,3.1409395973154366
43_45,4,6,149,142,0.026845637583892617,0.04225352112676056,0.015407883542867946,3.8120805369127515,2.1879194630872485
43_46,4,5,149,142,0.026845637583892617,0.035211267605633804,0.008365630021741188,3.8120805369127515,1.1879194630872485
43_47,4,2,150,178,0.02666666666666667,0.011235955056179775,-0.015430711610486893,4.746666666666667,-2.746666666666667
43_48,0,0,149,142,0.0,0.0,0.0,0.0,0.0
43_49,0,0,149,142,0.0,0.0,0.0,0.0,0.0
43_5,8,12,290,238,0.027586206896551724,0.05042016806722689,0.02283396117067517,6.56551724137931,5.43448275862069
43_50,0,0,149,142,0.0,0.0,0.0,0.0,0.0
43_51,0,0,149,142,0.0,0.0,0.0,0.0,0.0
43_52,0,0,149,142,0.0,0.0,0.0,0.0,0.0
43_53,0,0,149,178,0.0,0.0,0.0,0.0,0.0
43_54,0,0,149,142,0.0,0.0,0.0,0.0,0.0
43_55,0,0,149,142,0.0,0.0,0.0,0.0,0.0
43_56,0,0,149,142,0.0,0.0,0.0,0.0,0.0
43_57,0,0,223,177,0.0,0.0,0.0,0.0,0.0
43_58,0,0,223,173,0.0,0.0,0.0,0.0,0.0
43_59,0,0,223,172,0.0,0.0,0.0,0.0,0.0
43_6,0,0,290,234,0.0,0.0,0.0,0.0,0.0
43_60,0,0,223,177,0.0,0.0,0.0,0.0,0.0
43_61,0,0,149,142,0.0,0.0,0.0,0.0,0.0
43_62,0,0,149,142,0.0,0.0,0.0,0.0,0.0
43_63,0,0,149,142,0.0,0.0,0.0,0.0,0.0
43_64,0,0,150,142,0.0,0.0,0.0,0.0,0.0
43_65,0,0,150,142,0.0,0.0,0.0,0.0,0.0
43_66,0,0,149,142,0.0,0.0,0.0,0.0,0.0
43_67,0,0,149,142,0.0,0.0,0.0,0.0,0.0
43_68,0,0,149,106,0.0,0.0,0.0,0.0,0.0
43_69,0,0,149,70,0.0,0.0,0.0,0.0,0.0
43_7,2,0,216,208,0.009259259259259259,0.0,-0.009259259259259259,1.9259259259259258,-1.9259259259259258
43_70,0,0,149,70,0.0,0.0,0.0,0.0,0.0
43_71,0,0,149,70,0.0,0.0,0.0,0.0,0.0
43_72,0,0,149,70,0.0,0.0,0.0,0.0,0.0
43_73,0,0,149,70,0.0,0.0,0.0,0.0,0.0
43_74,0,0,149,72,0.0,0.0,0.0,0.0,0.0
43_75,0,0,223,105,0.0,0.0,0.0,0.0,0.0
43_76,0,0,149,70,0.0,0.0,0.0,0.0,0.0
43_77,0,0,223,105,0.0,0.0,0.0,0.0,0.0
43_8,3,2,289,232,0.010380622837370242,0.008620689655172414,-0.001759933182197828,2.4083044982698962,-0.40830449826989623
43_9,0,0,271,269,0.0,0.0,0.0,0.0,0.0
44_0,0,0,215,135,0.0,0.0,0.0,0.0,0.0
44_1,0,0,215,135,0.0,0.0,0.0,0.0,0.0
44_10,9,2,290,274,0.03103448275862069,0.0072992700729927005,-0.02373521268562799,8.503448275862068,-6.503448275862068
44_11,5,4,288,279,0.017361111111111112,0.014336917562724014,-0.0030241935483870976,4.84375,-0.84375
44_12,3,5,350,343,0.008571428571428572,0.014577259475218658,0.006005830903790086,2.94,2.06
44_13,8,8,289,307,0.02768166089965398,0.026058631921824105,-0.0016230289778298747,8.498269896193772,-0.49826989619377215
44_14,11,18,289,274,0.03806228373702422,0.06569343065693431,0.027631146919910088,10.429065743944637,7.570934256055363
44_15,2,6,290,274,0.006896551724137931,0.021897810218978103,0.015001258494840172,1.889655172413793,4.110344827586207
44_16,6,3,290,274,0.020689655172413793,0.010948905109489052,-0.009740750062924741,5.6689655172413795,-2.6689655172413795
44_17,5,4,289,274,0.01730103806228374,0.014598540145985401,-0.0027024979162983374,4.740484429065744,-0.7404844290657442
44_18,16,8,289,274,0.05536332179930796,0.029197080291970802,-0.026166241507337158,15.16955017301038,-7.16955017301038
44_19,5,6,290,309,0.017241379310344827,0.019417475728155338,0.0021760964178105108,5.327586206896552,0.6724137931034484
44_2,0,0,215,204,0.0,0.0,0.0,0.0,0.0
44_20,6,2,289,273,0.020761245674740483,0.007326007326007326,-0.013435238348733157,5.667820069204152,-3.6678200692041516
44_21,0,4,289,307,0.0,0.013029315960912053,0.013029315960912053,0.0,4.0
44_22,5,11,289,278,0.01730103806228374,0.039568345323741004,0.022267307261457266,4.809688581314879,6.190311418685121
44_23,5,5,363,309,0.013774104683195593,0.016181229773462782,0.002407125090267189,4.256198347107438,0.7438016528925617
44_24,3,1,289,280,0.010380622837370242,0.0035714285714285713,-0.006809194265941671,2.9065743944636675,-1.9065743944636675
44_25,4,6,362,309,0.011049723756906077,0.019417475728155338,0.008367751971249261,3.414364640883978,2.585635359116022
44_26,6,5,297,238,0.020202020202020204,0.02100840336134454,0.0008063831593243358,4.808080808080809,0.19191919191919116
44_27,6,2,225,209,0.02666666666666667,0.009569377990430622,-0.01709728867623605,5.573333333333333,-3.5733333333333333
44_28,1,6,225,209,0.0044444444444444444,0.028708133971291867,0.02426368952684742,0.9288888888888889,5.071111111111112
44_29,4,3,224,245,0.017857142857142856,0.012244897959183673,-0.005612244897959183,4.375,-1.375
44_3,0,0,215,204,0.0,0.0,0.0,0.0,0.0
44_30,4,1,225,245,0.017777777777777778,0.004081632653061225,-0.013696145124716553,4.355555555555555,-3.355555555555555
44_31,6,2,224,209,0.026785714285714284,0.009569377990430622,-0.017216336295283664,5.598214285714286,-3.5982142857142856
44_32,8,8,225,209,0.035555555555555556,0.03827751196172249,0.002721956406166931,7.431111111111111,0.568888888888889
44_33,9,5,224,209,0.04017857142857143,0.023923444976076555,-0.016255126452494877,8.397321428571429,-3.397321428571429
44_34,8,6,224,209,0.03571428571428571,0.028708133971291867,-0.007006151742993846,7.4642857142857135,-1.4642857142857135
44_35,6,6,224,209,0.026785714285714284,0.028708133971291867,0.0019224196855775824,5.598214285714286,0.4017857142857144
44_36,4,7,224,245,0.017857142857142856,0.02857142857142857,0.010714285714285714,4.375,2.625
44_37,1,4,150,141,0.006666666666666667,0.028368794326241134,0.021702127659574466,0.9400000000000001,3.06
44_38,3,3,149,141,0.020134228187919462,0.02127659574468085,0.0011423675567613888,2.838926174496644,0.16107382550335592
44_39,1,7,149,141,0.006711409395973154,0.04964539007092199,0.042933980674948836,0.9463087248322147,6.053691275167785
44_4,0,0,290,275,0.0,0.0,0.0,0.0,0.0
44_40,7,8,223,176,0.03139013452914798,0.045454545454545456,0.014064410925397473,5.524663677130045,2.475336322869955
44_41,12,4,149,141,0.08053691275167785,0.028368794326241134,-0.05216811842543671,11.355704697986576,-7.355704697986576
44_42,5,5,223,176,0.02242152466367713,0.028409090909090908,0.005987566245413779,3.9461883408071747,1.0538116591928253
44_43,5,3,149,147,0.03355704697986577,0.02040816326530612,-0.013148883714559651,4.932885906040268,-1.9328859060402683
44_44,3,1,149,142,0.020134228187919462,0.007042253521126761,-0.0130919746667927,2.8590604026845634,-1.8590604026845634
44_45,1,0,149,142,0.006711409395973154,0.0,-0.006711409395973154,0.9530201342281879,-0.9530201342281879
44_46,3,4,149,142,0.020134228187919462,0.028169014084507043,0.008034785896587581,2.8590604026845634,1.1409395973154366
44_47,2,2,150,178,0.013333333333333334,0.011235955056179775,-0.0020973782771535592,2.3733333333333335,-0.3733333333333335
44_48,0,0,150,142,0.0,0.0,0.0,0.0,0.0
44_49,0,0,149,142,0.0,0.0,0.0,0.0,0.0
44_5,1,3,363,309,0.0027548209366391185,0.009708737864077669,0.0069539169274385505,0.8512396694214877,2.1487603305785123
44_50,0,0,149,142,0.0,0.0,0.0,0.0,0.0
44_51,0,0,149,142,0.0,0.0,0.0,0.0,0.0
44_52,0,0,149,142,0.0,0.0,0.0,0.0,0.0
44_53,0,0,149,178,0.0,0.0,0.0,0.0,0.0
44_54,0,0,149,178,0.0,0.0,0.0,0.0,0.0
44_55,0,0,149,142,0.0,0.0,0.0,0.0,0.0
44_56,0,0,149,142,0.0,0.0,0.0,0.0,0.0
44_57,0,0,223,177,0.0,0.0,0.0,0.0,0.0
44_58,0,0,149,142,0.0,0.0,0.0,0.0,0.0
44_59,0,0,206,162,0.0,0.0,0.0,0.0,0.0
44_6,2,5,290,274,0.006896551724137931,0.01824817518248175,0.01135162345834382,1.889655172413793,3.110344827586207
44_60,0,0,223,177,0.0,0.0,0.0,0.0,0.0
44_61,0,0,149,142,0.0,0.0,0.0,0.0,0.0
44_62,0,0,149,142,0.0,0.0,0.0,0.0,0.0
44_63,0,0,149,142,0.0,0.0,0.0,0.0,0.0
44_64,0,0,149,142,0.0,0.0,0.0,0.0,0.0
44_65,0,0,150,142,0.0,0.0,0.0,0.0,0.0
44_66,0,0,149,142,0.0,0.0,0.0,0.0,0.0
44_67,0,0,149,142,0.0,0.0,0.0,0.0,0.0
44_68,0,0,149,106,0.0,0.0,0.0,0.0,0.0
44_69,0,0,149,70,0.0,0.0,0.0,0.0,0.0
44_7,1,0,290,279,0.0034482758620689655,0.0,-0.0034482758620689655,0.9620689655172414,-0.9620689655172414
44_70,0,0,149,70,0.0,0.0,0.0,0.0,0.0
44_71,0,0,149,70,0.0,0.0,0.0,0.0,0.0
44_72,0,0,149,70,0.0,0.0,0.0,0.0,0.0
44_73,0,0,149,70,0.0,0.0,0.0,0.0,0.0
44_74,0,0,223,104,0.0,0.0,0.0,0.0,0.0
44_75,0,0,223,101,0.0,0.0,0.0,0.0,0.0
44_76,0,0,149,70,0.0,0.0,0.0,0.0,0.0
44_77,0,0,223,105,0.0,0.0,0.0,0.0,0.0
44_8,2,1,437,338,0.004576659038901602,0.0029585798816568047,-0.0016180791572447972,1.5469107551487413,-0.5469107551487413
44_9,1,2,361,303,0.002770083102493075,0.006600660066006601,0.003830576963513526,0.8393351800554016,1.1606648199445984
45_0,0,0,291,206,0.0,0.0,0.0,0.0,0.0
45_1,0,0,291,206,0.0,0.0,0.0,0.0,0.0
45_10,2,1,290,274,0.006896551724137931,0.0036496350364963502,-0.0032469166876415807,1.889655172413793,-0.8896551724137931
45_11,1,1,351,307,0.002849002849002849,0.003257328990228013,0.00040832614122516403,0.8746438746438747,0.12535612535612528
45_12,3,9,350,338,0.008571428571428572,0.026627218934911243,0.01805579036348267,2.8971428571428572,6.102857142857143
45_13,4,6,288,307,0.013888888888888888,0.019543973941368076,0.005655085052479188,4.263888888888888,1.7361111111111116
45_14,1,7,289,274,0.0034602076124567475,0.025547445255474453,0.022087237643017704,0.9480968858131488,6.051903114186851
45_15,1,3,290,274,0.0034482758620689655,0.010948905109489052,0.007500629247420086,0.9448275862068966,2.0551724137931036
45_16,2,5,289,274,0.006920415224913495,0.01824817518248175,0.011327759957568255,1.8961937716262975,3.1038062283737027
45_17,2,1,289,274,0.006920415224913495,0.0036496350364963502,-0.0032707801884171448,1.8961937716262975,-0.8961937716262975
45_18,1,5,289,274,0.0034602076124567475,0.01824817518248175,0.014787967570025002,0.9480968858131488,4.051903114186851
45_19,1,3,290,309,0.0034482758620689655,0.009708737864077669,0.006260462002008704,1.0655172413793104,1.9344827586206896
45_2,0,0,291,275,0.0,0.0,0.0,0.0,0.0
45_20,6,9,289,273,0.020761245674740483,0.03296703296703297,0.012205787292292485,5.667820069204152,3.3321799307958484
45_21,6,5,289,307,0.020761245674740483,0.016286644951140065,-0.004474600723600418,6.373702422145328,-1.3737024221453282
45_22,3,8,363,342,0.008264462809917356,0.023391812865497075,0.015127350055579719,2.8264462809917354,5.1735537190082646
45_23,5,0,363,305,0.013774104683195593,0.0,-0.013774104683195593,4.201101928374656,-4.201101928374656
45_24,0,4,289,280,0.0,0.014285714285714285,0.014285714285714285,0.0,4.0
45_25,5,4,362,309,0.013812154696132596,0.012944983818770227,-0.000867170877362369,4.267955801104972,-0.2679558011049723
45_26,10,2,361,304,0.027700831024930747,0.006578947368421052,-0.021121883656509695,8.421052631578947,-6.421052631578947
45_27,4,4,288,275,0.013888888888888888,0.014545454545454545,0.0006565656565656573,3.819444444444444,0.1805555555555558
45_28,5,1,289,280,0.01730103806228374,0.0035714285714285713,-0.013729609490855168,4.844290657439447,-3.844290657439447
45_29,2,5,350,344,0.005714285714285714,0.014534883720930232,0.008820598006644517,1.9657142857142857,3.0342857142857143
45_3,0,0,291,275,0.0,0.0,0.0,0.0,0.0
45_30,1,4,289,339,0.0034602076124567475,0.011799410029498525,0.008339202417041777,1.1730103806228374,2.8269896193771626
45_31,3,1,249,247,0.012048192771084338,0.004048582995951417,-0.007999609775132921,2.9759036144578315,-1.9759036144578315
45_32,2,4,149,140,0.013422818791946308,0.02857142857142857,0.015148609779482262,1.8791946308724832,2.120805369127517
45_33,2,3,149,140,0.013422818791946308,0.02142857142857143,0.00800575263662512,1.8791946308724832,1.1208053691275168
45_34,3,6,149,140,0.020134228187919462,0.04285714285714286,0.022722914669223396,2.8187919463087248,3.1812080536912752
45_35,1,4,149,140,0.006711409395973154,0.02857142857142857,0.021860019175455415,0.9395973154362416,3.0604026845637584
45_36,3,2,149,176,0.020134228187919462,0.011363636363636364,-0.008770591824283098,3.5436241610738253,-1.5436241610738253
45_37,2,8,149,141,0.013422818791946308,0.05673758865248227,0.04331476986053596,1.8926174496644295,6.10738255033557
45_38,5,9,149,141,0.03355704697986577,0.06382978723404255,0.030272740254176776,4.731543624161074,4.268456375838926
45_39,7,7,149,141,0.04697986577181208,0.04964539007092199,0.002665524299109906,6.624161073825504,0.3758389261744961
45_4,0,0,291,275,0.0,0.0,0.0,0.0,0.0
45_40,10,5,223,176,0.04484304932735426,0.028409090909090908,-0.01643395841826335,7.8923766816143495,-2.8923766816143495
45_41,5,3,149,141,0.03355704697986577,0.02127659574468085,-0.012280451235184921,4.731543624161074,-1.7315436241610742
45_42,5,4,223,171,0.02242152466367713,0.023391812865497075,0.0009702882018199459,3.834080717488789,0.16591928251121102
45_43,5,7,223,176,0.02242152466367713,0.03977272727272727,0.017351202609050143,3.9461883408071747,3.0538116591928253
45_44,7,2,149,142,0.04697986577181208,0.014084507042253521,-0.03289535872955856,6.671140939597316,-4.671140939597316
45_45,5,5,149,142,0.03355704697986577,0.035211267605633804,0.0016542206257680325,4.76510067114094,0.2348993288590604
45_46,0,1,149,142,0.0,0.007042253521126761,0.007042253521126761,0.0,1.0
45_47,0,1,149,178,0.0,0.0056179775280898875,0.0056179775280898875,0.0,1.0
45_48,0,0,150,142,0.0,0.0,0.0,0.0,0.0
45_49,0,0,149,142,0.0,0.0,0.0,0.0,0.0
45_5,4,3,365,309,0.010958904109589041,0.009708737864077669,-0.0012501662455113721,3.3863013698630136,-0.38630136986301356
45_50,0,0,149,142,0.0,0.0,0.0,0.0,0.0
45_51,0,0,149,142,0.0,0.0,0.0,0.0,0.0
45_52,0,0,149,142,0.0,0.0,0.0,0.0,0.0
45_53,0,0,149,142,0.0,0.0,0.0,0.0,0.0
45_54,0,0,149,178,0.0,0.0,0.0,0.0,0.0
45_55,0,0,149,142,0.0,0.0,0.0,0.0,0.0
45_56,0,0,149,142,0.0,0.0,0.0,0.0,0.0
45_57,0,0,223,177,0.0,0.0,0.0,0.0,0.0
45_58,0,0,149,142,0.0,0.0,0.0,0.0,0.0
45_59,0,0,149,142,0.0,0.0,0.0,0.0,0.0
45_6,3,1,290,274,0.010344827586206896,0.0036496350364963502,-0.006695192549710546,2.8344827586206898,-1.8344827586206898
45_60,0,0,223,177,0.0,0.0,0.0,0.0,0.0
45_61,0,0,149,142,0.0,0.0,0.0,0.0,0.0
45_62,0,0,149,142,0.0,0.0,0.0,0.0,0.0
45_63,0,0,149,142,0.0,0.0,0.0,0.0,0.0
45_64,0,0,149,142,0.0,0.0,0.0,0.0,0.0
45_65,0,0,150,142,0.0,0.0,0.0,0.0,0.0
45_66,0,0,149,142,0.0,0.0,0.0,0.0,0.0
45_67,0,0,149,142,0.0,0.0,0.0,0.0,0.0
45_68,0,0,149,106,0.0,0.0,0.0,0.0,0.0
45_69,0,0,149,106,0.0,0.0,0.0,0.0,0.0
45_7,4,2,290,279,0.013793103448275862,0.007168458781362007,-0.006624644666913855,3.8482758620689657,-1.8482758620689657
45_70,0,0,149,70,0.0,0.0,0.0,0.0,0.0
45_71,0,0,149,70,0.0,0.0,0.0,0.0,0.0
45_72,0,0,149,70,0.0,0.0,0.0,0.0,0.0
45_73,0,0,149,70,0.0,0.0,0.0,0.0,0.0
45_74,0,0,223,105,0.0,0.0,0.0,0.0,0.0
45_75,0,0,223,101,0.0,0.0,0.0,0.0,0.0
45_76,0,0,149,70,0.0,0.0,0.0,0.0,0.0
45_77,0,0,223,105,0.0,0.0,0.0,0.0,0.0
45_8,1,9,364,309,0.0027472527472527475,0.02912621359223301,0.026378960844980263,0.848901098901099,8.151098901098901
45_9,2,2,362,303,0.0055248618784530384,0.006600660066006601,0.0010757981875535623,1.6740331491712706,0.32596685082872945
46_0,0,0,217,171,0.0,0.0,0.0,0.0,0.0
46_1,0,0,217,171,0.0,0.0,0.0,0.0,0.0
46_10,4,8,289,274,0.01384083044982699,0.029197080291970802,0.015356249842143812,3.792387543252595,4.207612456747405
46_11,0,6,352,307,0.0,0.019543973941368076,0.019543973941368076,0.0,6.0
46_12,1,4,288,343,0.003472222222222222,0.011661807580174927,0.008189585357952705,1.190972222222222,2.8090277777777777
46_13,4,1,288,307,0.013888888888888888,0.003257328990228013,-0.010631559898660875,4.263888888888888,-3.2638888888888884
46_14,1,2,289,274,0.0034602076124567475,0.0072992700729927005,0.003839062460535953,0.9480968858131488,1.0519031141868513
46_15,1,2,290,274,0.0034482758620689655,0.0072992700729927005,0.003850994210923735,0.9448275862068966,1.0551724137931036
46_16,0,2,289,274,0.0,0.0072992700729927005,0.0072992700729927005,0.0,2.0
46_17,2,7,289,274,0.006920415224913495,0.025547445255474453,0.01862703003056096,1.8961937716262975,5.103806228373703
46_18,2,1,289,274,0.006920415224913495,0.0036496350364963502,-0.0032707801884171448,1.8961937716262975,-0.8961937716262975
46_19,2,3,290,309,0.006896551724137931,0.009708737864077669,0.002812186139939738,2.1310344827586207,0.8689655172413793
46_2,0,0,217,204,0.0,0.0,0.0,0.0,0.0
46_20,4,2,289,273,0.01384083044982699,0.007326007326007326,-0.006514823123819664,3.7785467128027683,-1.7785467128027683
46_21,5,4,289,288,0.01730103806228374,0.013888888888888888,-0.0034121491733948503,4.982698961937716,-0.9826989619377162
46_22,7,6,363,342,0.01928374655647383,0.017543859649122806,-0.0017398869073510237,6.595041322314049,-0.5950413223140494
46_23,5,3,289,275,0.01730103806228374,0.01090909090909091,-0.0063919471531928285,4.757785467128028,-1.757785467128028
46_24,8,2,289,280,0.02768166089965398,0.007142857142857143,-0.02053880375679684,7.750865051903115,-5.750865051903115
46_25,4,2,362,309,0.011049723756906077,0.006472491909385114,-0.004577231847520963,3.414364640883978,-1.4143646408839778
46_26,5,3,213,211,0.023474178403755867,0.014218009478672985,-0.009256168925082882,4.953051643192488,-1.953051643192488
46_27,7,3,213,206,0.03286384976525822,0.014563106796116505,-0.018300742969141713,6.769953051643193,-3.769953051643193
46_28,3,3,275,239,0.01090909090909091,0.012552301255230125,0.0016432103461392154,2.6072727272727274,0.3927272727272726
46_29,4,7,275,270,0.014545454545454545,0.025925925925925925,0.01138047138047138,3.9272727272727272,3.0727272727272728
46_3,0,0,217,204,0.0,0.0,0.0,0.0,0.0
46_30,2,4,214,239,0.009345794392523364,0.016736401673640166,0.007390607281116802,2.233644859813084,1.7663551401869162
46_31,3,3,214,206,0.014018691588785047,0.014563106796116505,0.0005444152073314588,2.8878504672897196,0.11214953271028039
46_32,1,5,214,206,0.004672897196261682,0.024271844660194174,0.01959894746393249,0.9626168224299064,4.037383177570094
46_33,2,4,213,206,0.009389671361502348,0.019417475728155338,0.01002780436665299,1.9342723004694835,2.0657276995305165
46_34,3,11,213,206,0.014084507042253521,0.05339805825242718,0.03931355121017366,2.9014084507042255,8.098591549295774
46_35,2,4,213,206,0.009389671361502348,0.019417475728155338,0.01002780436665299,1.9342723004694835,2.0657276995305165
46_36,3,4,214,242,0.014018691588785047,0.01652892561983471,0.0025102340310496647,3.392523364485981,0.6074766355140189
46_37,3,8,211,242,0.014218009478672985,0.03305785123966942,0.018839841760996436,3.4407582938388623,4.559241706161138
46_38,2,6,149,141,0.013422818791946308,0.0425531914893617,0.02913037269741539,1.8926174496644295,4.10738255033557
46_39,8,6,149,145,0.053691275167785234,0.041379310344827586,-0.012311964822957648,7.7852348993288585,-1.7852348993288585
46_4,0,0,278,265,0.0,0.0,0.0,0.0,0.0
46_40,3,1,223,176,0.013452914798206279,0.005681818181818182,-0.007771096616388097,2.367713004484305,-1.367713004484305
46_41,6,3,149,141,0.040268456375838924,0.02127659574468085,-0.018991860631158073,5.677852348993288,-2.677852348993288
46_42,3,4,149,141,0.020134228187919462,0.028368794326241134,0.008234566138321672,2.838926174496644,1.161073825503356
46_43,3,2,223,176,0.013452914798206279,0.011363636363636364,-0.0020892784345699147,2.367713004484305,-0.3677130044843051
46_44,5,3,149,142,0.03355704697986577,0.02112676056338028,-0.01243028641648549,4.76510067114094,-1.7651006711409396
46_45,6,8,149,142,0.040268456375838924,0.056338028169014086,0.016069571793175162,5.718120805369127,2.281879194630873
46_46,3,1,149,178,0.020134228187919462,0.0056179775280898875,-0.014516250659829574,3.5838926174496644,-2.5838926174496644
46_47,0,0,149,178,0.0,0.0,0.0,0.0,0.0
46_48,0,0,150,142,0.0,0.0,0.0,0.0,0.0
46_49,0,0,149,142,0.0,0.0,0.0,0.0,0.0
46_5,0,2,365,309,0.0,0.006472491909385114,0.006472491909385114,0.0,2.0
46_50,0,0,149,142,0.0,0.0,0.0,0.0,0.0
46_51,0,0,149,142,0.0,0.0,0.0,0.0,0.0
46_52,0,0,149,142,0.0,0.0,0.0,0.0,0.0
46_53,0,0,149,142,0.0,0.0,0.0,0.0,0.0
46_54,0,0,149,178,0.0,0.0,0.0,0.0,0.0
46_55,0,0,149,142,0.0,0.0,0.0,0.0,0.0
46_56,0,0,149,142,0.0,0.0,0.0,0.0,0.0
46_57,0,0,223,177,0.0,0.0,0.0,0.0,0.0
46_58,0,0,149,142,0.0,0.0,0.0,0.0,0.0
46_59,0,0,149,142,0.0,0.0,0.0,0.0,0.0
46_6,7,4,290,274,0.02413793103448276,0.014598540145985401,-0.009539390888497357,6.613793103448276,-2.613793103448276
46_60,0,0,223,177,0.0,0.0,0.0,0.0,0.0
46_61,0,0,149,142,0.0,0.0,0.0,0.0,0.0
46_62,0,0,149,142,0.0,0.0,0.0,0.0,0.0
46_63,0,0,149,142,0.0,0.0,0.0,0.0,0.0
46_64,0,0,149,142,0.0,0.0,0.0,0.0,0.0
46_65,0,0,150,142,0.0,0.0,0.0,0.0,0.0
46_66,0,0,149,142,0.0,0.0,0.0,0.0,0.0
46_67,0,0,149,142,0.0,0.0,0.0,0.0,0.0
46_68,0,0,149,106,0.0,0.0,0.0,0.0,0.0
46_69,0,0,149,106,0.0,0.0,0.0,0.0,0.0
46_7,1,7,290,279,0.0034482758620689655,0.025089605734767026,0.02164132987269806,0.9620689655172414,6.037931034482758
46_70,0,0,149,70,0.0,0.0,0.0,0.0,0.0
46_71,0,0,149,70,0.0,0.0,0.0,0.0,0.0
46_72,0,0,149,70,0.0,0.0,0.0,0.0,0.0
46_73,0,0,149,70,0.0,0.0,0.0,0.0,0.0
46_74,0,0,223,105,0.0,0.0,0.0,0.0,0.0
46_75,0,0,149,70,0.0,0.0,0.0,0.0,0.0
46_76,0,0,149,70,0.0,0.0,0.0,0.0,0.0
46_77,0,0,223,105,0.0,0.0,0.0,0.0,0.0
46_8,3,9,364,309,0.008241758241758242,0.02912621359223301,0.02088445535047477,2.546703296703297,6.453296703296703
46_9,7,4,363,303,0.01928374655647383,0.013201320132013201,-0.006082426424460628,5.8429752066115705,-1.8429752066115705
47_0,0,0,217,171,0.0,0.0,0.0,0.0,0.0
47_1,0,0,217,171,0.0,0.0,0.0,0.0,0.0
47_10,1,1,289,274,0.0034602076124567475,0.0036496350364963502,0.00018942742403960273,0.9480968858131488,0.05190311418685123
47_11,5,3,352,307,0.014204545454545454,0.009771986970684038,-0.004432558483861416,4.360795454545454,-1.3607954545454541
47_12,3,1,288,343,0.010416666666666666,0.0029154518950437317,-0.007501214771622935,3.5729166666666665,-2.5729166666666665
47_13,1,3,288,274,0.003472222222222222,0.010948905109489052,0.00747668288726683,0.9513888888888888,2.048611111111111
47_14,2,4,289,274,0.006920415224913495,0.014598540145985401,0.007678124921071906,1.8961937716262975,2.1038062283737027
47_15,2,1,290,274,0.006896551724137931,0.0036496350364963502,-0.0032469166876415807,1.889655172413793,-0.8896551724137931
47_16,2,6,289,274,0.006920415224913495,0.021897810218978103,0.014977394994064608,1.8961937716262975,4.103806228373703
47_17,5,5,289,274,0.01730103806228374,0.01824817518248175,0.0009471371201980119,4.740484429065744,0.2595155709342558
47_18,6,6,289,274,0.020761245674740483,0.021897810218978103,0.0011365645442376199,5.688581314878893,0.31141868512110715
47_19,7,10,290,309,0.02413793103448276,0.032362459546925564,0.008224528512442805,7.458620689655172,2.541379310344828
47_2,0,0,217,171,0.0,0.0,0.0,0.0,0.0
47_20,2,6,213,211,0.009389671361502348,0.02843601895734597,0.019046347595843623,1.9812206572769953,4.018779342723005
47_21,7,6,213,206,0.03286384976525822,0.02912621359223301,-0.003737636173025208,6.769953051643193,-0.7699530516431929
47_22,4,7,287,241,0.013937282229965157,0.029045643153526972,0.015108360923561815,3.3588850174216027,3.6411149825783973
47_23,3,3,213,207,0.014084507042253521,0.014492753623188406,0.00040824658093488453,2.915492957746479,0.08450704225352101
47_24,3,4,213,207,0.014084507042253521,0.01932367149758454,0.005239164455331019,2.915492957746479,1.084507042253521
47_25,7,6,287,236,0.024390243902439025,0.025423728813559324,0.0010334849111202984,5.7560975609756095,0.24390243902439046
47_26,5,6,287,241,0.017421602787456445,0.024896265560165973,0.007474662772709528,4.198606271777003,1.8013937282229966
47_27,7,8,213,206,0.03286384976525822,0.038834951456310676,0.005971101691052458,6.769953051643193,1.230046948356807
47_28,2,7,275,239,0.007272727272727273,0.029288702928870293,0.022015975656143022,1.7381818181818183,5.261818181818182
47_29,2,4,213,242,0.009389671361502348,0.01652892561983471,0.007139254258332364,2.272300469483568,1.727699530516432
47_3,0,0,217,204,0.0,0.0,0.0,0.0,0.0
47_30,4,4,213,239,0.018779342723004695,0.016736401673640166,-0.0020429410493645293,4.488262910798122,-0.488262910798122
47_31,5,2,214,206,0.02336448598130841,0.009708737864077669,-0.013655748117230741,4.813084112149532,-2.8130841121495322
47_32,2,5,214,206,0.009345794392523364,0.024271844660194174,0.01492605026767081,1.9252336448598129,3.074766355140187
47_33,4,6,213,206,0.018779342723004695,0.02912621359223301,0.010346870869228315,3.868544600938967,2.131455399061033
47_34,4,2,213,206,0.018779342723004695,0.009708737864077669,-0.009070604858927026,3.868544600938967,-1.868544600938967
47_35,3,6,213,206,0.014084507042253521,0.02912621359223301,0.01504170654997949,2.9014084507042255,3.0985915492957745
47_36,0,2,214,206,0.0,0.009708737864077669,0.009708737864077669,0.0,2.0
47_37,5,8,213,242,0.023474178403755867,0.03305785123966942,0.009583672835913555,5.68075117370892,2.31924882629108
47_38,8,1,213,207,0.03755868544600939,0.004830917874396135,-0.032727767571613255,7.774647887323944,-6.774647887323944
47_39,10,6,287,242,0.03484320557491289,0.024793388429752067,-0.010049817145160823,8.432055749128919,-2.432055749128919
47_4,0,0,217,204,0.0,0.0,0.0,0.0,0.0
47_40,9,11,287,238,0.0313588850174216,0.046218487394957986,0.014859602377536384,7.463414634146341,3.536585365853659
47_41,3,5,213,207,0.014084507042253521,0.024154589371980676,0.010070082329727155,2.915492957746479,2.084507042253521
47_42,8,3,213,207,0.03755868544600939,0.014492753623188406,-0.023065931822820983,7.774647887323944,-4.774647887323944
47_43,8,3,232,218,0.034482758620689655,0.013761467889908258,-0.020721290730781397,7.517241379310344,-4.517241379310344
47_44,3,8,149,142,0.020134228187919462,0.056338028169014086,0.036203799981094624,2.8590604026845634,5.140939597315437
47_45,2,3,149,142,0.013422818791946308,0.02112676056338028,0.007703941771433973,1.9060402684563758,1.0939597315436242
47_46,1,0,149,178,0.006711409395973154,0.0,-0.006711409395973154,1.1946308724832215,-1.1946308724832215
47_47,0,0,149,142,0.0,0.0,0.0,0.0,0.0
47_48,0,0,150,142,0.0,0.0,0.0,0.0,0.0
47_49,0,0,149,142,0.0,0.0,0.0,0.0,0.0
47_5,0,0,217,204,0.0,0.0,0.0,0.0,0.0
47_50,0,0,149,142,0.0,0.0,0.0,0.0,0.0
47_51,0,0,149,142,0.0,0.0,0.0,0.0,0.0
47_52,0,0,149,142,0.0,0.0,0.0,0.0,0.0
47_53,0,0,149,142,0.0,0.0,0.0,0.0,0.0
47_54,0,0,149,178,0.0,0.0,0.0,0.0,0.0
47_55,0,0,149,142,0.0,0.0,0.0,0.0,0.0
47_56,0,0,149,146,0.0,0.0,0.0,0.0,0.0
47_57,0,0,223,177,0.0,0.0,0.0,0.0,0.0
47_58,0,0,149,142,0.0,0.0,0.0,0.0,0.0
47_59,0,0,149,142,0.0,0.0,0.0,0.0,0.0
47_6,2,2,216,204,0.009259259259259259,0.00980392156862745,0.0005446623093681921,1.8888888888888888,0.11111111111111116
47_60,0,0,223,177,0.0,0.0,0.0,0.0,0.0
47_61,0,0,149,142,0.0,0.0,0.0,0.0,0.0
47_62,0,0,149,142,0.0,0.0,0.0,0.0,0.0
47_63,0,0,149,142,0.0,0.0,0.0,0.0,0.0
47_64,0,0,149,142,0.0,0.0,0.0,0.0,0.0
47_65,0,0,150,142,0.0,0.0,0.0,0.0,0.0
47_66,0,0,149,142,0.0,0.0,0.0,0.0,0.0
47_67,0,0,149,142,0.0,0.0,0.0,0.0,0.0
47_68,0,0,149,106,0.0,0.0,0.0,0.0,0.0
47_69,0,0,149,106,0.0,0.0,0.0,0.0,0.0
47_7,2,1,216,209,0.009259259259259259,0.004784688995215311,-0.004474570264043948,1.9351851851851851,-0.9351851851851851
47_70,0,0,149,70,0.0,0.0,0.0,0.0,0.0
47_71,0,0,149,70,0.0,0.0,0.0,0.0,0.0
47_72,0,0,149,70,0.0,0.0,0.0,0.0,0.0
47_73,0,0,149,70,0.0,0.0,0.0,0.0,0.0
47_74,0,0,223,105,0.0,0.0,0.0,0.0,0.0
47_75,0,0,149,70,0.0,0.0,0.0,0.0,0.0
47_76,0,0,149,70,0.0,0.0,0.0,0.0,0.0
47_77,0,0,223,100,0.0,0.0,0.0,0.0,0.0
47_8,0,2,290,244,0.0,0.00819672131147541,0.00819672131147541,0.0,2.0
47_9,6,4,290,233,0.020689655172413793,0.017167381974248927,-0.003522273198164866,4.820689655172414,-0.8206896551724139
48_0,0,0,217,171,0.0,0.0,0.0,0.0,0.0
48_1,0,0,217,171,0.0,0.0,0.0,0.0,0.0
48_10,1,1,214,204,0.004672897196261682,0.004901960784313725,0.00022906358805204353,0.9532710280373831,0.04672897196261694
48_11,1,1,278,237,0.0035971223021582736,0.004219409282700422,0.000622286980542148,0.8525179856115108,0.14748201438848918
48_12,0,0,214,237,0.0,0.0,0.0,0.0,0.0
48_13,1,0,214,204,0.004672897196261682,0.0,-0.004672897196261682,0.9532710280373831,-0.9532710280373831
48_14,3,2,139,137,0.02158273381294964,0.014598540145985401,-0.00698419366696424,2.956834532374101,-0.956834532374101
48_15,1,2,214,207,0.004672897196261682,0.00966183574879227,0.004988938552530588,0.9672897196261682,1.032710280373832
48_16,0,2,213,207,0.0,0.00966183574879227,0.00966183574879227,0.0,2.0
48_17,1,4,213,207,0.004694835680751174,0.01932367149758454,0.014628835816833366,0.971830985915493,3.028169014084507
48_18,4,7,214,207,0.018691588785046728,0.033816425120772944,0.015124836335726217,3.8691588785046727,3.1308411214953273
48_19,0,7,214,242,0.0,0.028925619834710745,0.028925619834710745,0.0,7.0
48_2,0,0,217,171,0.0,0.0,0.0,0.0,0.0
48_20,9,5,213,242,0.04225352112676056,0.02066115702479339,-0.021592364101967174,10.225352112676056,-5.225352112676056
48_21,11,12,213,206,0.051643192488262914,0.05825242718446602,0.006609234696203108,10.63849765258216,1.36150234741784
48_22,16,15,287,241,0.05574912891986063,0.06224066390041494,0.0064915349805543116,13.435540069686411,1.564459930313589
48_23,6,12,213,207,0.028169014084507043,0.057971014492753624,0.02980200040824658,5.830985915492958,6.169014084507042
48_24,2,5,213,207,0.009389671361502348,0.024154589371980676,0.014764918010478328,1.943661971830986,3.056338028169014
48_25,6,11,213,207,0.028169014084507043,0.05314009661835749,0.024971082533850445,5.830985915492958,5.169014084507042
48_26,13,9,287,241,0.04529616724738676,0.03734439834024896,-0.0079517689071378,10.91637630662021,-1.9163763066202097
48_27,27,32,213,206,0.1267605633802817,0.1553398058252427,0.028579242444961017,26.112676056338028,5.887323943661972
48_28,5,3,275,239,0.01818181818181818,0.012552301255230125,-0.005629516926588056,4.345454545454546,-1.3454545454545457
48_29,3,2,213,275,0.014084507042253521,0.007272727272727273,-0.006811779769526249,3.8732394366197185,-1.8732394366197185
48_3,0,0,217,204,0.0,0.0,0.0,0.0,0.0
48_30,2,0,213,239,0.009389671361502348,0.0,-0.009389671361502348,2.244131455399061,-2.244131455399061
48_31,2,7,214,206,0.009345794392523364,0.03398058252427184,0.024634788131748478,1.9252336448598129,5.074766355140187
48_32,3,7,214,206,0.014018691588785047,0.03398058252427184,0.019961890935486795,2.8878504672897196,4.11214953271028
48_33,5,3,213,206,0.023474178403755867,0.014563106796116505,-0.008911071607639362,4.835680751173709,-1.835680751173709
48_34,3,6,213,206,0.014084507042253521,0.02912621359223301,0.01504170654997949,2.9014084507042255,3.0985915492957745
48_35,1,4,213,206,0.004694835680751174,0.019417475728155338,0.014722640047404164,0.9671361502347418,3.032863849765258
48_36,5,7,214,206,0.02336448598130841,0.03398058252427184,0.010616096542963433,4.813084112149532,2.1869158878504678
48_37,3,6,213,242,0.014084507042253521,0.024793388429752067,0.010708881387498545,3.408450704225352,2.591549295774648
48_38,12,10,213,207,0.056338028169014086,0.04830917874396135,-0.008028849425052734,11.661971830985916,-1.661971830985916
48_39,11,9,287,242,0.03832752613240418,0.0371900826446281,-0.0011374434877760783,9.27526132404181,-0.2752613240418107
48_4,0,0,217,204,0.0,0.0,0.0,0.0,0.0
48_40,7,8,213,207,0.03286384976525822,0.03864734299516908,0.005783493229910862,6.802816901408451,1.197183098591549
48_41,3,2,213,207,0.014084507042253521,0.00966183574879227,-0.004422671293461251,2.915492957746479,-0.915492957746479
48_42,6,4,213,207,0.028169014084507043,0.01932367149758454,-0.008845342586922503,5.830985915492958,-1.830985915492958
48_43,7,6,287,242,0.024390243902439025,0.024793388429752067,0.00040314452731304157,5.902439024390244,0.09756097560975618
48_44,9,16,213,208,0.04225352112676056,0.07692307692307693,0.034669555796316365,8.788732394366196,7.211267605633804
48_45,2,3,275,241,0.007272727272727273,0.012448132780082987,0.005175405507355714,1.7527272727272727,1.2472727272727273
48_46,0,0,213,244,0.0,0.0,0.0,0.0,0.0
48_47,0,0,213,208,0.0,0.0,0.0,0.0,0.0
48_48,0,0,214,208,0.0,0.0,0.0,0.0,0.0
48_49,0,0,212,175,0.0,0.0,0.0,0.0,0.0
48_5,0,0,217,204,0.0,0.0,0.0,0.0,0.0
48_50,0,0,149,142,0.0,0.0,0.0,0.0,0.0
48_51,0,0,149,142,0.0,0.0,0.0,0.0,0.0
48_52,0,0,149,142,0.0,0.0,0.0,0.0,0.0
48_53,0,0,149,142,0.0,0.0,0.0,0.0,0.0
48_54,0,0,149,178,0.0,0.0,0.0,0.0,0.0
48_55,0,0,149,142,0.0,0.0,0.0,0.0,0.0
48_56,0,0,218,175,0.0,0.0,0.0,0.0,0.0
48_57,0,0,223,177,0.0,0.0,0.0,0.0,0.0
48_58,0,0,149,142,0.0,0.0,0.0,0.0,0.0
48_59,0,0,149,142,0.0,0.0,0.0,0.0,0.0
48_6,0,0,217,204,0.0,0.0,0.0,0.0,0.0
48_60,0,0,223,177,0.0,0.0,0.0,0.0,0.0
48_61,0,0,149,147,0.0,0.0,0.0,0.0,0.0
48_62,0,0,149,142,0.0,0.0,0.0,0.0,0.0
48_63,0,0,149,142,0.0,0.0,0.0,0.0,0.0
48_64,0,0,149,142,0.0,0.0,0.0,0.0,0.0
48_65,0,0,150,142,0.0,0.0,0.0,0.0,0.0
48_66,0,0,150,142,0.0,0.0,0.0,0.0,0.0
48_67,0,0,149,106,0.0,0.0,0.0,0.0,0.0
48_68,0,0,149,106,0.0,0.0,0.0,0.0,0.0
48_69,0,0,149,106,0.0,0.0,0.0,0.0,0.0
48_7,2,0,216,209,0.009259259259259259,0.0,-0.009259259259259259,1.9351851851851851,-1.9351851851851851
48_70,0,0,149,106,0.0,0.0,0.0,0.0,0.0
48_71,0,0,149,70,0.0,0.0,0.0,0.0,0.0
48_72,0,0,149,70,0.0,0.0,0.0,0.0,0.0
48_73,0,0,149,70,0.0,0.0,0.0,0.0,0.0
48_74,0,0,223,105,0.0,0.0,0.0,0.0,0.0
48_75,0,0,149,70,0.0,0.0,0.0,0.0,0.0
48_76,0,0,149,70,0.0,0.0,0.0,0.0,0.0
48_77,0,0,174,75,0.0,0.0,0.0,0.0,0.0
48_8,3,6,290,244,0.010344827586206896,0.02459016393442623,0.014245336348219333,2.524137931034483,3.475862068965517
48_9,2,1,289,240,0.006920415224913495,0.004166666666666667,-0.0027537485582468284,1.6608996539792389,-0.6608996539792389
49_0,0,0,217,171,0.0,0.0,0.0,0.0,0.0
49_1,0,0,217,171,0.0,0.0,0.0,0.0,0.0
49_10,0,2,138,142,0.0,0.014084507042253521,0.014084507042253521,0.0,2.0
49_11,1,1,201,170,0.004975124378109453,0.0058823529411764705,0.0009072285630670179,0.845771144278607,0.154228855721393
49_12,1,1,139,170,0.007194244604316547,0.0058823529411764705,-0.0013118916631400766,1.2230215827338131,-0.22302158273381312
49_13,0,2,139,137,0.0,0.014598540145985401,0.014598540145985401,0.0,2.0
49_14,1,0,140,137,0.007142857142857143,0.0,-0.007142857142857143,0.9785714285714285,-0.9785714285714285
49_15,2,5,140,137,0.014285714285714285,0.0364963503649635,0.022210636079249217,1.957142857142857,3.0428571428571427
49_16,3,1,139,137,0.02158273381294964,0.0072992700729927005,-0.014283463739956941,2.956834532374101,-1.956834532374101
49_17,3,2,139,137,0.02158273381294964,0.014598540145985401,-0.00698419366696424,2.956834532374101,-0.956834532374101
49_18,1,0,140,137,0.007142857142857143,0.0,-0.007142857142857143,0.9785714285714285,-0.9785714285714285
49_19,2,4,139,137,0.014388489208633094,0.029197080291970802,0.014808591083337708,1.971223021582734,2.028776978417266
49_2,0,0,217,171,0.0,0.0,0.0,0.0,0.0
49_20,1,5,213,242,0.004694835680751174,0.02066115702479339,0.015966321344042217,1.136150234741784,3.863849765258216
49_21,3,1,213,206,0.014084507042253521,0.0048543689320388345,-0.009230138110214687,2.9014084507042255,-1.9014084507042255
49_22,1,2,287,241,0.003484320557491289,0.008298755186721992,0.0048144346292307025,0.8397212543554007,1.1602787456445993
49_23,5,6,213,207,0.023474178403755867,0.028985507246376812,0.005511328842620945,4.859154929577465,1.140845070422535
49_24,3,7,213,207,0.014084507042253521,0.033816425120772944,0.01973191807851942,2.915492957746479,4.084507042253521
49_25,7,8,213,207,0.03286384976525822,0.03864734299516908,0.005783493229910862,6.802816901408451,1.197183098591549
49_26,13,14,287,241,0.04529616724738676,0.058091286307053944,0.012795119059667182,10.91637630662021,3.0836236933797903
49_27,4,4,213,206,0.018779342723004695,0.019417475728155338,0.0006381330051506429,3.868544600938967,0.13145539906103298
49_28,3,2,275,239,0.01090909090909091,0.008368200836820083,-0.002540890072270827,2.6072727272727274,-0.6072727272727274
49_29,6,4,213,275,0.028169014084507043,0.014545454545454545,-0.013623559539052497,7.746478873239437,-3.746478873239437
49_3,0,0,217,204,0.0,0.0,0.0,0.0,0.0
49_30,4,7,213,206,0.018779342723004695,0.03398058252427184,0.015201239801267148,3.868544600938967,3.131455399061033
49_31,5,15,214,206,0.02336448598130841,0.07281553398058252,0.049451047999274106,4.813084112149532,10.186915887850468
49_32,4,2,214,206,0.018691588785046728,0.009708737864077669,-0.008982850920969059,3.8504672897196257,-1.8504672897196257
49_33,2,4,213,206,0.009389671361502348,0.019417475728155338,0.01002780436665299,1.9342723004694835,2.0657276995305165
49_34,4,3,213,206,0.018779342723004695,0.014563106796116505,-0.00421623592688819,3.868544600938967,-0.868544600938967
49_35,5,4,214,206,0.02336448598130841,0.019417475728155338,-0.003947010253153072,4.813084112149532,-0.8130841121495322
49_36,6,5,214,206,0.028037383177570093,0.024271844660194174,-0.0037655385173759187,5.775700934579439,-0.7757009345794392
49_37,8,11,213,242,0.03755868544600939,0.045454545454545456,0.007895860008536065,9.089201877934272,1.910798122065728
49_38,9,11,213,207,0.04225352112676056,0.05314009661835749,0.010886575491596925,8.746478873239436,2.253521126760564
49_39,3,9,287,242,0.010452961672473868,0.0371900826446281,0.026737120972154232,2.529616724738676,6.470383275261324
49_4,0,0,217,204,0.0,0.0,0.0,0.0,0.0
49_40,6,6,213,207,0.028169014084507043,0.028985507246376812,0.0008164931618697691,5.830985915492958,0.16901408450704203
49_41,6,8,213,207,0.028169014084507043,0.03864734299516908,0.010478328910662037,5.830985915492958,2.169014084507042
49_42,1,9,213,207,0.004694835680751174,0.043478260869565216,0.038783425188814044,0.971830985915493,8.028169014084508
49_43,16,9,287,242,0.05574912891986063,0.0371900826446281,-0.018559046275232527,13.491289198606271,-4.491289198606271
49_44,4,8,213,213,0.018779342723004695,0.03755868544600939,0.018779342723004695,4.0,4.0
49_45,0,0,275,241,0.0,0.0,0.0,0.0,0.0
49_46,0,0,213,244,0.0,0.0,0.0,0.0,0.0
49_47,0,0,213,208,0.0,0.0,0.0,0.0,0.0
49_48,0,0,214,208,0.0,0.0,0.0,0.0,0.0
49_49,0,0,214,175,0.0,0.0,0.0,0.0,0.0
49_5,0,0,217,204,0.0,0.0,0.0,0.0,0.0
49_50,0,0,213,175,0.0,0.0,0.0,0.0,0.0
49_51,0,0,213,175,0.0,0.0,0.0,0.0,0.0
49_52,0,0,213,175,0.0,0.0,0.0,0.0,0.0
49_53,0,0,214,175,0.0,0.0,0.0,0.0,0.0
49_54,0,0,213,211,0.0,0.0,0.0,0.0,0.0
49_55,0,0,213,181,0.0,0.0,0.0,0.0,0.0
49_56,0,0,223,177,0.0,0.0,0.0,0.0,0.0
49_57,0,0,223,173,0.0,0.0,0.0,0.0,0.0
49_58,0,0,149,142,0.0,0.0,0.0,0.0,0.0
49_59,0,0,149,142,0.0,0.0,0.0,0.0,0.0
49_6,0,0,217,204,0.0,0.0,0.0,0.0,0.0
49_60,0,0,223,172,0.0,0.0,0.0,0.0,0.0
49_61,0,0,223,177,0.0,0.0,0.0,0.0,0.0
49_62,0,0,149,142,0.0,0.0,0.0,0.0,0.0
49_63,0,0,149,142,0.0,0.0,0.0,0.0,0.0
49_64,0,0,149,142,0.0,0.0,0.0,0.0,0.0
49_65,0,0,149,142,0.0,0.0,0.0,0.0,0.0
49_66,0,0,150,142,0.0,0.0,0.0,0.0,0.0
49_67,0,0,149,106,0.0,0.0,0.0,0.0,0.0
49_68,0,0,149,106,0.0,0.0,0.0,0.0,0.0
49_69,0,0,149,106,0.0,0.0,0.0,0.0,0.0
49_7,0,0,216,204,0.0,0.0,0.0,0.0,0.0
49_70,0,0,149,106,0.0,0.0,0.0,0.0,0.0
49_71,0,0,149,70,0.0,0.0,0.0,0.0,0.0
49_72,0,0,149,70,0.0,0.0,0.0,0.0,0.0
49_73,0,0,149,74,0.0,0.0,0.0,0.0,0.0
49_74,0,0,223,105,0.0,0.0,0.0,0.0,0.0
49_75,0,0,149,70,0.0,0.0,0.0,0.0,0.0
49_76,0,0,149,70,0.0,0.0,0.0,0.0,0.0
49_77,0,0,149,70,0.0,0.0,0.0,0.0,0.0
49_8,2,0,213,167,0.009389671361502348,0.0,-0.009389671361502348,1.568075117370892,-1.568075117370892
49_9,0,2,212,172,0.0,0.011627906976744186,0.011627906976744186,0.0,2.0
4_0,0,0,73,36,0.0,0.0,0.0,0.0,0.0
4_1,0,0,149,77,0.0,0.0,0.0,0.0,0.0
4_10,0,0,221,103,0.0,0.0,0.0,0.0,0.0
4_11,0,0,221,108,0.0,0.0,0.0,0.0,0.0
4_12,0,0,221,103,0.0,0.0,0.0,0.0,0.0
4_13,0,0,221,103,0.0,0.0,0.0,0.0,0.0
4_14,0,0,293,133,0.0,0.0,0.0,0.0,0.0
4_15,0,0,221,103,0.0,0.0,0.0,0.0,0.0
4_16,0,0,221,103,0.0,0.0,0.0,0.0,0.0
4_17,0,0,295,170,0.0,0.0,0.0,0.0,0.0
4_18,0,0,221,174,0.0,0.0,0.0,0.0,0.0
4_19,0,0,221,178,0.0,0.0,0.0,0.0,0.0
4_2,0,0,149,80,0.0,0.0,0.0,0.0,0.0
4_20,0,0,221,173,0.0,0.0,0.0,0.0,0.0
4_21,0,0,221,173,0.0,0.0,0.0,0.0,0.0
4_22,0,0,221,173,0.0,0.0,0.0,0.0,0.0
4_23,0,0,221,173,0.0,0.0,0.0,0.0,0.0
4_24,0,0,296,204,0.0,0.0,0.0,0.0,0.0
4_25,0,0,296,204,0.0,0.0,0.0,0.0,0.0
4_26,0,0,221,173,0.0,0.0,0.0,0.0,0.0
4_27,0,0,221,173,0.0,0.0,0.0,0.0,0.0
4_28,0,0,221,178,0.0,0.0,0.0,0.0,0.0
4_29,0,0,221,173,0.0,0.0,0.0,0.0,0.0
4_3,0,0,149,76,0.0,0.0,0.0,0.0,0.0
4_30,0,0,148,106,0.0,0.0,0.0,0.0,0.0
4_31,0,0,149,109,0.0,0.0,0.0,0.0,0.0
4_32,0,0,219,135,0.0,0.0,0.0,0.0,0.0
4_33,0,0,92,80,0.0,0.0,0.0,0.0,0.0
4_34,0,0,76,70,0.0,0.0,0.0,0.0,0.0
4_35,0,0,76,70,0.0,0.0,0.0,0.0,0.0
4_36,0,0,76,74,0.0,0.0,0.0,0.0,0.0
4_37,0,0,76,108,0.0,0.0,0.0,0.0,0.0
4_38,0,0,76,69,0.0,0.0,0.0,0.0,0.0
4_39,0,0,76,69,0.0,0.0,0.0,0.0,0.0
4_4,0,0,149,76,0.0,0.0,0.0,0.0,0.0
4_40,0,0,76,69,0.0,0.0,0.0,0.0,0.0
4_41,0,0,76,69,0.0,0.0,0.0,0.0,0.0
4_42,0,0,150,99,0.0,0.0,0.0,0.0,0.0
4_43,0,0,76,73,0.0,0.0,0.0,0.0,0.0
4_44,0,0,76,73,0.0,0.0,0.0,0.0,0.0
4_45,0,0,76,109,0.0,0.0,0.0,0.0,0.0
4_46,0,0,76,109,0.0,0.0,0.0,0.0,0.0
4_47,0,0,148,137,0.0,0.0,0.0,0.0,0.0
4_48,0,0,148,137,0.0,0.0,0.0,0.0,0.0
4_49,0,0,149,137,0.0,0.0,0.0,0.0,0.0
4_5,0,0,221,103,0.0,0.0,0.0,0.0,0.0
4_50,0,0,148,137,0.0,0.0,0.0,0.0,0.0
4_51,0,0,148,137,0.0,0.0,0.0,0.0,0.0
4_52,0,0,148,137,0.0,0.0,0.0,0.0,0.0
4_53,0,0,148,137,0.0,0.0,0.0,0.0,0.0
4_54,0,0,148,176,0.0,0.0,0.0,0.0,0.0
4_55,0,0,148,172,0.0,0.0,0.0,0.0,0.0
4_56,0,0,148,138,0.0,0.0,0.0,0.0,0.0
4_57,0,0,148,138,0.0,0.0,0.0,0.0,0.0
4_58,0,0,148,138,0.0,0.0,0.0,0.0,0.0
4_59,0,0,222,168,0.0,0.0,0.0,0.0,0.0
4_6,0,0,221,103,0.0,0.0,0.0,0.0,0.0
4_60,0,0,148,175,0.0,0.0,0.0,0.0,0.0
4_61,0,0,148,139,0.0,0.0,0.0,0.0,0.0
4_62,0,0,148,139,0.0,0.0,0.0,0.0,0.0
4_63,0,0,220,173,0.0,0.0,0.0,0.0,0.0
4_64,0,0,148,140,0.0,0.0,0.0,0.0,0.0
4_65,0,0,149,140,0.0,0.0,0.0,0.0,0.0
4_66,0,0,149,140,0.0,0.0,0.0,0.0,0.0
4_67,0,0,148,140,0.0,0.0,0.0,0.0,0.0
4_68,0,0,148,140,0.0,0.0,0.0,0.0,0.0
4_69,0,0,148,140,0.0,0.0,0.0,0.0,0.0
4_7,0,0,296,134,0.0,0.0,0.0,0.0,0.0
4_70,0,0,148,140,0.0,0.0,0.0,0.0,0.0
4_71,0,0,148,144,0.0,0.0,0.0,0.0,0.0
4_72,0,0,148,140,0.0,0.0,0.0,0.0,0.0
4_73,0,0,148,140,0.0,0.0,0.0,0.0,0.0
4_74,0,0,148,140,0.0,0.0,0.0,0.0,0.0
4_75,0,0,148,140,0.0,0.0,0.0,0.0,0.0
4_76,0,0,223,167,0.0,0.0,0.0,0.0,0.0
4_77,0,0,223,135,0.0,0.0,0.0,0.0,0.0
4_8,0,0,221,103,0.0,0.0,0.0,0.0,0.0
4_9,0,0,221,103,0.0,0.0,0.0,0.0,0.0
50_0,0,0,217,171,0.0,0.0,0.0,0.0,0.0
50_1,0,0,217,171,0.0,0.0,0.0,0.0,0.0
50_10,0,0,200,170,0.0,0.0,0.0,0.0,0.0
50_11,1,0,201,165,0.004975124378109453,0.0,-0.004975124378109453,0.8208955223880597,-0.8208955223880597
50_12,0,1,139,170,0.0,0.0058823529411764705,0.0058823529411764705,0.0,1.0
50_13,2,1,139,137,0.014388489208633094,0.0072992700729927005,-0.007089219135640394,1.971223021582734,-0.971223021582734
50_14,0,2,140,137,0.0,0.014598540145985401,0.014598540145985401,0.0,2.0
50_15,0,2,139,137,0.0,0.014598540145985401,0.014598540145985401,0.0,2.0
50_16,1,3,139,137,0.007194244604316547,0.021897810218978103,0.014703565614661556,0.985611510791367,2.014388489208633
50_17,2,3,139,137,0.014388489208633094,0.021897810218978103,0.007509321010345009,1.971223021582734,1.028776978417266
50_18,3,3,140,137,0.02142857142857143,0.021897810218978103,0.00046923879040667443,2.935714285714286,0.06428571428571406
50_19,1,2,139,137,0.007194244604316547,0.014598540145985401,0.007404295541668854,0.985611510791367,1.014388489208633
50_2,0,0,176,157,0.0,0.0,0.0,0.0,0.0
50_20,2,1,139,172,0.014388489208633094,0.005813953488372093,-0.008574535720261001,2.4748201438848922,-1.4748201438848922
50_21,5,4,139,136,0.03597122302158273,0.029411764705882353,-0.00655945831570038,4.892086330935252,-0.8920863309352516
50_22,2,1,139,136,0.014388489208633094,0.007352941176470588,-0.007035548032162506,1.9568345323741008,-0.9568345323741008
50_23,2,1,139,136,0.014388489208633094,0.007352941176470588,-0.007035548032162506,1.9568345323741008,-0.9568345323741008
50_24,5,1,139,136,0.03597122302158273,0.007352941176470588,-0.028618281845112142,4.892086330935252,-3.8920863309352516
50_25,1,4,205,201,0.004878048780487805,0.01990049751243781,0.015022448731950005,0.9804878048780488,3.0195121951219512
50_26,1,6,287,241,0.003484320557491289,0.024896265560165973,0.021411945002674685,0.8397212543554007,5.160278745644599
50_27,3,2,213,206,0.014084507042253521,0.009708737864077669,-0.004375769178175852,2.9014084507042255,-0.9014084507042255
50_28,1,5,275,275,0.0036363636363636364,0.01818181818181818,0.014545454545454545,1.0,4.0
50_29,7,5,213,275,0.03286384976525822,0.01818181818181818,-0.014682031583440038,9.03755868544601,-4.03755868544601
50_3,0,0,140,137,0.0,0.0,0.0,0.0,0.0
50_30,5,11,213,206,0.023474178403755867,0.05339805825242718,0.029923879848671314,4.835680751173709,6.164319248826291
50_31,5,11,214,206,0.02336448598130841,0.05339805825242718,0.03003357227111877,4.813084112149532,6.186915887850468
50_32,3,3,214,206,0.014018691588785047,0.014563106796116505,0.0005444152073314588,2.8878504672897196,0.11214953271028039
50_33,7,2,213,206,0.03286384976525822,0.009708737864077669,-0.02315511190118055,6.769953051643193,-4.769953051643193
50_34,5,3,213,206,0.023474178403755867,0.014563106796116505,-0.008911071607639362,4.835680751173709,-1.835680751173709
50_35,5,2,214,206,0.02336448598130841,0.009708737864077669,-0.013655748117230741,4.813084112149532,-2.8130841121495322
50_36,13,11,214,206,0.06074766355140187,0.05339805825242718,-0.007349605298974687,12.514018691588785,-1.5140186915887845
50_37,8,8,213,242,0.03755868544600939,0.03305785123966942,-0.004500834206339968,9.089201877934272,-1.089201877934272
50_38,12,12,213,207,0.056338028169014086,0.057971014492753624,0.0016329863237395381,11.661971830985916,0.33802816901408406
50_39,7,8,287,242,0.024390243902439025,0.03305785123966942,0.008667607337230397,5.902439024390244,2.097560975609756
50_4,0,0,140,137,0.0,0.0,0.0,0.0,0.0
50_40,7,7,213,207,0.03286384976525822,0.033816425120772944,0.0009525753555147259,6.802816901408451,0.19718309859154903
50_41,8,13,213,207,0.03755868544600939,0.06280193236714976,0.02524324692114037,7.774647887323944,5.225352112676056
50_42,2,2,213,207,0.009389671361502348,0.00966183574879227,0.00027216438728992244,1.943661971830986,0.05633802816901401
50_43,3,6,287,239,0.010452961672473868,0.02510460251046025,0.014651640837986382,2.4982578397212545,3.5017421602787455
50_44,0,0,287,242,0.0,0.0,0.0,0.0,0.0
50_45,0,0,275,241,0.0,0.0,0.0,0.0,0.0
50_46,0,0,213,244,0.0,0.0,0.0,0.0,0.0
50_47,0,0,213,208,0.0,0.0,0.0,0.0,0.0
50_48,0,0,214,208,0.0,0.0,0.0,0.0,0.0
50_49,0,0,215,175,0.0,0.0,0.0,0.0,0.0
50_5,0,0,140,137,0.0,0.0,0.0,0.0,0.0
50_50,0,0,213,175,0.0,0.0,0.0,0.0,0.0
50_51,0,0,213,175,0.0,0.0,0.0,0.0,0.0
50_52,0,0,213,175,0.0,0.0,0.0,0.0,0.0
50_53,0,0,214,175,0.0,0.0,0.0,0.0,0.0
50_54,0,0,213,211,0.0,0.0,0.0,0.0,0.0
50_55,0,0,213,211,0.0,0.0,0.0,0.0,0.0
50_56,0,0,287,210,0.0,0.0,0.0,0.0,0.0
50_57,0,0,213,175,0.0,0.0,0.0,0.0,0.0
50_58,0,0,213,175,0.0,0.0,0.0,0.0,0.0
50_59,0,0,213,175,0.0,0.0,0.0,0.0,0.0
50_6,0,0,140,137,0.0,0.0,0.0,0.0,0.0
50_60,0,0,213,175,0.0,0.0,0.0,0.0,0.0
50_61,0,0,287,210,0.0,0.0,0.0,0.0,0.0
50_62,0,0,149,142,0.0,0.0,0.0,0.0,0.0
50_63,0,0,149,142,0.0,0.0,0.0,0.0,0.0
50_64,0,0,149,142,0.0,0.0,0.0,0.0,0.0
50_65,0,0,149,142,0.0,0.0,0.0,0.0,0.0
50_66,0,0,150,142,0.0,0.0,0.0,0.0,0.0
50_67,0,0,149,106,0.0,0.0,0.0,0.0,0.0
50_68,0,0,149,106,0.0,0.0,0.0,0.0,0.0
50_69,0,0,149,106,0.0,0.0,0.0,0.0,0.0
50_7,0,0,138,137,0.0,0.0,0.0,0.0,0.0
50_70,0,0,149,106,0.0,0.0,0.0,0.0,0.0
50_71,0,0,149,70,0.0,0.0,0.0,0.0,0.0
50_72,0,0,149,70,0.0,0.0,0.0,0.0,0.0
50_73,0,0,223,105,0.0,0.0,0.0,0.0,0.0
50_74,0,0,223,101,0.0,0.0,0.0,0.0,0.0
50_75,0,0,149,70,0.0,0.0,0.0,0.0,0.0
50_76,0,0,149,70,0.0,0.0,0.0,0.0,0.0
50_77,0,0,149,70,0.0,0.0,0.0,0.0,0.0
50_8,0,0,138,137,0.0,0.0,0.0,0.0,0.0
50_9,1,0,212,172,0.0047169811320754715,0.0,-0.0047169811320754715,0.8113207547169811,-0.8113207547169811
51_0,0,0,140,137,0.0,0.0,0.0,0.0,0.0
51_1,0,0,140,137,0.0,0.0,0.0,0.0,0.0
51_10,0,0,200,170,0.0,0.0,0.0,0.0,0.0
51_11,1,0,139,147,0.007194244604316547,0.0,-0.007194244604316547,1.0575539568345325,-1.0575539568345325
51_12,0,0,139,170,0.0,0.0,0.0,0.0,0.0
51_13,1,0,139,137,0.007194244604316547,0.0,-0.007194244604316547,0.985611510791367,-0.985611510791367
51_14,2,1,140,137,0.014285714285714285,0.0072992700729927005,-0.006986444212721585,1.957142857142857,-0.9571428571428571
51_15,1,0,139,137,0.007194244604316547,0.0,-0.007194244604316547,0.985611510791367,-0.985611510791367
51_16,1,1,139,137,0.007194244604316547,0.0072992700729927005,0.00010502546867615335,0.985611510791367,0.014388489208633004
51_17,2,2,139,137,0.014388489208633094,0.014598540145985401,0.0002100509373523067,1.971223021582734,0.028776978417266008
51_18,3,3,140,137,0.02142857142857143,0.021897810218978103,0.00046923879040667443,2.935714285714286,0.06428571428571406
51_19,2,1,139,137,0.014388489208633094,0.0072992700729927005,-0.007089219135640394,1.971223021582734,-0.971223021582734
51_2,0,0,140,137,0.0,0.0,0.0,0.0,0.0
51_20,3,2,139,172,0.02158273381294964,0.011627906976744186,-0.009954826836205456,3.712230215827338,-1.7122302158273381
51_21,8,11,139,136,0.05755395683453238,0.08088235294117647,0.023328396106644098,7.827338129496403,3.172661870503597
51_22,2,1,139,136,0.014388489208633094,0.007352941176470588,-0.007035548032162506,1.9568345323741008,-0.9568345323741008
51_23,5,1,139,136,0.03597122302158273,0.007352941176470588,-0.028618281845112142,4.892086330935252,-3.8920863309352516
51_24,4,3,139,136,0.02877697841726619,0.022058823529411766,-0.006718154887854422,3.9136690647482015,-0.9136690647482015
51_25,1,2,139,136,0.007194244604316547,0.014705882352941176,0.007511637748624629,0.9784172661870504,1.0215827338129495
51_26,6,4,213,170,0.028169014084507043,0.023529411764705882,-0.004639602319801161,4.788732394366197,-0.788732394366197
51_27,1,4,139,145,0.007194244604316547,0.027586206896551724,0.020391962292235177,1.0431654676258992,2.956834532374101
51_28,9,3,201,168,0.04477611940298507,0.017857142857142856,-0.026918976545842216,7.522388059701492,-4.522388059701492
51_29,2,1,139,168,0.014388489208633094,0.005952380952380952,-0.008436108256252142,2.41726618705036,-1.4172661870503598
51_3,0,0,140,137,0.0,0.0,0.0,0.0,0.0
51_30,2,2,141,135,0.014184397163120567,0.014814814814814815,0.0006304176516942483,1.9148936170212765,0.08510638297872353
51_31,4,3,215,206,0.018604651162790697,0.014563106796116505,-0.004041544366674192,3.832558139534884,-0.8325581395348838
51_32,2,3,215,206,0.009302325581395349,0.014563106796116505,0.005260781214721157,1.916279069767442,1.083720930232558
51_33,2,4,213,206,0.009389671361502348,0.019417475728155338,0.01002780436665299,1.9342723004694835,2.0657276995305165
51_34,8,3,213,206,0.03755868544600939,0.014563106796116505,-0.022995578649892885,7.737089201877934,-4.737089201877934
51_35,9,7,214,206,0.04205607476635514,0.03398058252427184,-0.008075492242083294,8.663551401869158,-1.6635514018691584
51_36,6,11,213,206,0.028169014084507043,0.05339805825242718,0.02522904416792014,5.802816901408451,5.197183098591549
51_37,8,21,213,242,0.03755868544600939,0.08677685950413223,0.04921817405812284,9.089201877934272,11.910798122065728
51_38,10,18,213,246,0.046948356807511735,0.07317073170731707,0.026222374899805334,11.549295774647886,6.450704225352114
51_39,11,10,287,242,0.03832752613240418,0.04132231404958678,0.0029947879171825995,9.27526132404181,0.7247386759581893
51_4,0,0,140,137,0.0,0.0,0.0,0.0,0.0
51_40,9,10,213,207,0.04225352112676056,0.04830917874396135,0.0060556576172007895,8.746478873239436,1.253521126760564
51_41,4,7,213,207,0.018779342723004695,0.033816425120772944,0.015037082397768249,3.887323943661972,3.112676056338028
51_42,0,1,213,207,0.0,0.004830917874396135,0.004830917874396135,0.0,1.0
51_43,0,0,213,210,0.0,0.0,0.0,0.0,0.0
51_44,0,0,287,242,0.0,0.0,0.0,0.0,0.0
51_45,0,0,275,276,0.0,0.0,0.0,0.0,0.0
51_46,0,0,213,244,0.0,0.0,0.0,0.0,0.0
51_47,0,0,213,208,0.0,0.0,0.0,0.0,0.0
51_48,0,0,213,208,0.0,0.0,0.0,0.0,0.0
51_49,0,0,215,175,0.0,0.0,0.0,0.0,0.0
51_5,0,0,140,137,0.0,0.0,0.0,0.0,0.0
51_50,0,0,213,175,0.0,0.0,0.0,0.0,0.0
51_51,0,0,213,175,0.0,0.0,0.0,0.0,0.0
51_52,0,0,214,175,0.0,0.0,0.0,0.0,0.0
51_53,0,0,214,175,0.0,0.0,0.0,0.0,0.0
51_54,0,0,213,175,0.0,0.0,0.0,0.0,0.0
51_55,0,0,213,211,0.0,0.0,0.0,0.0,0.0
51_56,0,0,287,210,0.0,0.0,0.0,0.0,0.0
51_57,0,0,213,175,0.0,0.0,0.0,0.0,0.0
51_58,0,0,213,175,0.0,0.0,0.0,0.0,0.0
51_59,0,0,213,175,0.0,0.0,0.0,0.0,0.0
51_6,0,0,140,137,0.0,0.0,0.0,0.0,0.0
51_60,0,0,213,175,0.0,0.0,0.0,0.0,0.0
51_61,0,0,287,210,0.0,0.0,0.0,0.0,0.0
51_62,0,0,275,208,0.0,0.0,0.0,0.0,0.0
51_63,0,0,213,175,0.0,0.0,0.0,0.0,0.0
51_64,0,0,213,175,0.0,0.0,0.0,0.0,0.0
51_65,0,0,213,175,0.0,0.0,0.0,0.0,0.0
51_66,0,0,215,175,0.0,0.0,0.0,0.0,0.0
51_67,0,0,212,139,0.0,0.0,0.0,0.0,0.0
51_68,0,0,149,106,0.0,0.0,0.0,0.0,0.0
51_69,0,0,149,106,0.0,0.0,0.0,0.0,0.0
51_7,2,0,138,137,0.014492753623188406,0.0,-0.014492753623188406,1.9855072463768115,-1.9855072463768115
51_70,0,0,149,106,0.0,0.0,0.0,0.0,0.0
51_71,0,0,149,70,0.0,0.0,0.0,0.0,0.0
51_72,0,0,149,70,0.0,0.0,0.0,0.0,0.0
51_73,0,0,223,105,0.0,0.0,0.0,0.0,0.0
51_74,0,0,149,70,0.0,0.0,0.0,0.0,0.0
51_75,0,0,224,105,0.0,0.0,0.0,0.0,0.0
51_76,0,0,225,105,0.0,0.0,0.0,0.0,0.0
51_77,0,0,300,140,0.0,0.0,0.0,0.0,0.0
51_8,1,1,138,137,0.007246376811594203,0.0072992700729927005,5.28932613984975e-05,0.9927536231884058,0.007246376811594235
51_9,0,3,212,172,0.0,0.01744186046511628,0.01744186046511628,0.0,3.0
52_0,0,0,140,137,0.0,0.0,0.0,0.0,0.0
52_1,0,0,140,137,0.0,0.0,0.0,0.0,0.0
52_10,0,0,200,170,0.0,0.0,0.0,0.0,0.0
52_11,1,0,139,170,0.007194244604316547,0.0,-0.007194244604316547,1.2230215827338131,-1.2230215827338131
52_12,4,1,139,170,0.02877697841726619,0.0058823529411764705,-0.022894625476089718,4.8920863309352525,-3.8920863309352525
52_13,1,4,139,137,0.007194244604316547,0.029197080291970802,0.022002835687654255,0.985611510791367,3.014388489208633
52_14,0,0,140,137,0.0,0.0,0.0,0.0,0.0
52_15,0,4,139,137,0.0,0.029197080291970802,0.029197080291970802,0.0,4.0
52_16,1,1,139,137,0.007194244604316547,0.0072992700729927005,0.00010502546867615335,0.985611510791367,0.014388489208633004
52_17,2,1,139,137,0.014388489208633094,0.0072992700729927005,-0.007089219135640394,1.971223021582734,-0.971223021582734
52_18,0,0,140,137,0.0,0.0,0.0,0.0,0.0
52_19,3,1,139,137,0.02158273381294964,0.0072992700729927005,-0.014283463739956941,2.956834532374101,-1.956834532374101
52_2,0,0,140,137,0.0,0.0,0.0,0.0,0.0
52_20,2,1,139,172,0.014388489208633094,0.005813953488372093,-0.008574535720261001,2.4748201438848922,-1.4748201438848922
52_21,1,2,139,136,0.007194244604316547,0.014705882352941176,0.007511637748624629,0.9784172661870504,1.0215827338129495
52_22,1,0,139,136,0.007194244604316547,0.0,-0.007194244604316547,0.9784172661870504,-0.9784172661870504
52_23,2,1,139,136,0.014388489208633094,0.007352941176470588,-0.007035548032162506,1.9568345323741008,-0.9568345323741008
52_24,3,1,139,136,0.02158273381294964,0.007352941176470588,-0.014229792636479053,2.935251798561151,-1.935251798561151
52_25,0,1,139,136,0.0,0.007352941176470588,0.007352941176470588,0.0,1.0
52_26,5,9,213,165,0.023474178403755867,0.05454545454545454,0.031071276141698675,3.873239436619718,5.126760563380282
52_27,6,2,275,203,0.02181818181818182,0.009852216748768473,-0.011965965069413347,4.42909090909091,-2.4290909090909096
52_28,1,0,201,163,0.004975124378109453,0.0,-0.004975124378109453,0.8109452736318408,-0.8109452736318408
52_29,1,1,139,168,0.007194244604316547,0.005952380952380952,-0.001241863651935595,1.20863309352518,-0.2086330935251799
52_3,0,0,140,137,0.0,0.0,0.0,0.0,0.0
52_30,2,4,139,135,0.014388489208633094,0.02962962962962963,0.015241140420996536,1.9424460431654678,2.057553956834532
52_31,1,2,140,135,0.007142857142857143,0.014814814814814815,0.007671957671957673,0.9642857142857143,1.0357142857142856
52_32,1,0,140,135,0.007142857142857143,0.0,-0.007142857142857143,0.9642857142857143,-0.9642857142857143
52_33,1,2,139,135,0.007194244604316547,0.014814814814814815,0.007620570210498268,0.9712230215827339,1.028776978417266
52_34,3,4,139,135,0.02158273381294964,0.02962962962962963,0.00804689581667999,2.9136690647482015,1.0863309352517985
52_35,7,3,141,135,0.04964539007092199,0.022222222222222223,-0.027423167848699765,6.702127659574469,-3.7021276595744688
52_36,8,4,213,206,0.03755868544600939,0.019417475728155338,-0.018141209717854052,7.737089201877934,-3.737089201877934
52_37,6,7,213,206,0.028169014084507043,0.03398058252427184,0.0058115684397648006,5.802816901408451,1.197183098591549
52_38,3,10,213,246,0.014084507042253521,0.04065040650406504,0.026565899461811517,3.4647887323943665,6.535211267605634
52_39,7,8,287,238,0.024390243902439025,0.03361344537815126,0.009223201475712234,5.804878048780488,2.1951219512195124
52_4,0,0,140,137,0.0,0.0,0.0,0.0,0.0
52_40,6,8,213,207,0.028169014084507043,0.03864734299516908,0.010478328910662037,5.830985915492958,2.169014084507042
52_41,1,1,213,207,0.004694835680751174,0.004830917874396135,0.00013608219364496122,0.971830985915493,0.028169014084507005
52_42,0,0,213,207,0.0,0.0,0.0,0.0,0.0
52_43,0,0,213,207,0.0,0.0,0.0,0.0,0.0
52_44,0,0,287,247,0.0,0.0,0.0,0.0,0.0
52_45,0,0,275,277,0.0,0.0,0.0,0.0,0.0
52_46,0,0,213,244,0.0,0.0,0.0,0.0,0.0
52_47,0,0,213,208,0.0,0.0,0.0,0.0,0.0
52_48,0,0,214,208,0.0,0.0,0.0,0.0,0.0
52_49,0,0,215,175,0.0,0.0,0.0,0.0,0.0
52_5,0,0,140,137,0.0,0.0,0.0,0.0,0.0
52_50,0,0,213,175,0.0,0.0,0.0,0.0,0.0
52_51,0,0,213,175,0.0,0.0,0.0,0.0,0.0
52_52,0,0,214,175,0.0,0.0,0.0,0.0,0.0
52_53,0,0,213,175,0.0,0.0,0.0,0.0,0.0
52_54,0,0,213,175,0.0,0.0,0.0,0.0,0.0
52_55,0,0,213,211,0.0,0.0,0.0,0.0,0.0
52_56,0,0,287,210,0.0,0.0,0.0,0.0,0.0
52_57,0,0,213,175,0.0,0.0,0.0,0.0,0.0
52_58,0,0,213,175,0.0,0.0,0.0,0.0,0.0
52_59,0,0,213,175,0.0,0.0,0.0,0.0,0.0
52_6,0,0,140,137,0.0,0.0,0.0,0.0,0.0
52_60,0,0,213,175,0.0,0.0,0.0,0.0,0.0
52_61,0,0,287,210,0.0,0.0,0.0,0.0,0.0
52_62,0,0,275,208,0.0,0.0,0.0,0.0,0.0
52_63,0,0,213,175,0.0,0.0,0.0,0.0,0.0
52_64,0,0,213,175,0.0,0.0,0.0,0.0,0.0
52_65,0,0,213,175,0.0,0.0,0.0,0.0,0.0
52_66,0,0,215,175,0.0,0.0,0.0,0.0,0.0
52_67,0,0,213,139,0.0,0.0,0.0,0.0,0.0
52_68,0,0,213,139,0.0,0.0,0.0,0.0,0.0
52_69,0,0,214,139,0.0,0.0,0.0,0.0,0.0
52_7,3,4,140,137,0.02142857142857143,0.029197080291970802,0.007768508863399373,2.935714285714286,1.064285714285714
52_70,0,0,289,174,0.0,0.0,0.0,0.0,0.0
52_71,0,0,289,138,0.0,0.0,0.0,0.0,0.0
52_72,0,0,289,138,0.0,0.0,0.0,0.0,0.0
52_73,0,0,363,173,0.0,0.0,0.0,0.0,0.0
52_74,0,0,225,105,0.0,0.0,0.0,0.0,0.0
52_75,0,0,225,105,0.0,0.0,0.0,0.0,0.0
52_76,0,0,225,105,0.0,0.0,0.0,0.0,0.0
52_77,0,0,300,140,0.0,0.0,0.0,0.0,0.0
52_8,0,0,138,137,0.0,0.0,0.0,0.0,0.0
52_9,1,0,212,172,0.0047169811320754715,0.0,-0.0047169811320754715,0.8113207547169811,-0.8113207547169811
53_0,0,0,140,137,0.0,0.0,0.0,0.0,0.0
53_1,0,0,140,137,0.0,0.0,0.0,0.0,0.0
53_10,1,1,200,175,0.005,0.005714285714285714,0.0007142857142857142,0.875,0.125
53_11,0,0,138,170,0.0,0.0,0.0,0.0,0.0
53_12,3,0,139,137,0.02158273381294964,0.0,-0.02158273381294964,2.956834532374101,-2.956834532374101
53_13,1,1,139,137,0.007194244604316547,0.0072992700729927005,0.00010502546867615335,0.985611510791367,0.014388489208633004
53_14,7,5,140,137,0.05,0.0364963503649635,-0.013503649635036502,6.8500000000000005,-1.8500000000000005
53_15,1,2,139,137,0.007194244604316547,0.014598540145985401,0.007404295541668854,0.985611510791367,1.014388489208633
53_16,0,1,139,137,0.0,0.0072992700729927005,0.0072992700729927005,0.0,1.0
53_17,2,0,140,137,0.014285714285714285,0.0,-0.014285714285714285,1.957142857142857,-1.957142857142857
53_18,0,0,140,137,0.0,0.0,0.0,0.0,0.0
53_19,3,2,139,137,0.02158273381294964,0.014598540145985401,-0.00698419366696424,2.956834532374101,-0.956834532374101
53_2,0,0,140,137,0.0,0.0,0.0,0.0,0.0
53_20,1,1,139,172,0.007194244604316547,0.005813953488372093,-0.0013802911159444542,1.2374100719424461,-0.23741007194244612
53_21,3,0,139,172,0.02158273381294964,0.0,-0.02158273381294964,3.712230215827338,-3.712230215827338
53_22,2,1,139,136,0.014388489208633094,0.007352941176470588,-0.007035548032162506,1.9568345323741008,-0.9568345323741008
53_23,2,0,139,136,0.014388489208633094,0.0,-0.014388489208633094,1.9568345323741008,-1.9568345323741008
53_24,1,5,139,136,0.007194244604316547,0.03676470588235294,0.029570461278036395,0.9784172661870504,4.0215827338129495
53_25,1,4,139,136,0.007194244604316547,0.029411764705882353,0.022217520101565805,0.9784172661870504,3.0215827338129495
53_26,10,9,139,136,0.07194244604316546,0.0661764705882353,-0.0057659754549301695,9.784172661870503,-0.7841726618705032
53_27,9,8,275,203,0.03272727272727273,0.03940886699507389,0.006681594267801162,6.6436363636363645,1.3563636363636355
53_28,1,1,139,168,0.007194244604316547,0.005952380952380952,-0.001241863651935595,1.20863309352518,-0.2086330935251799
53_29,2,1,139,168,0.014388489208633094,0.005952380952380952,-0.008436108256252142,2.41726618705036,-1.4172661870503598
53_3,0,0,140,137,0.0,0.0,0.0,0.0,0.0
53_30,0,5,139,135,0.0,0.037037037037037035,0.037037037037037035,0.0,5.0
53_31,6,5,140,135,0.04285714285714286,0.037037037037037035,-0.0058201058201058226,5.785714285714286,-0.7857142857142856
53_32,3,1,140,135,0.02142857142857143,0.007407407407407408,-0.014021164021164021,2.892857142857143,-1.8928571428571428
53_33,6,0,139,135,0.04316546762589928,0.0,-0.04316546762589928,5.827338129496403,-5.827338129496403
53_34,6,2,139,135,0.04316546762589928,0.014814814814814815,-0.028350652811084467,5.827338129496403,-3.827338129496403
53_35,4,5,140,135,0.02857142857142857,0.037037037037037035,0.008465608465608464,3.857142857142857,1.1428571428571428
53_36,7,6,139,135,0.050359712230215826,0.044444444444444446,-0.00591526778577138,6.798561151079136,-0.7985611510791362
53_37,12,7,139,135,0.08633093525179857,0.05185185185185185,-0.034479083399946715,11.654676258992806,-4.654676258992806
53_38,4,5,139,171,0.02877697841726619,0.029239766081871343,0.00046278766460515486,4.9208633093525185,0.07913669064748152
53_39,3,9,139,136,0.02158273381294964,0.0661764705882353,0.04459373677528565,2.935251798561151,6.064748201438849
53_4,0,0,140,137,0.0,0.0,0.0,0.0,0.0
53_40,1,2,139,136,0.007194244604316547,0.014705882352941176,0.007511637748624629,0.9784172661870504,1.0215827338129495
53_41,0,0,213,207,0.0,0.0,0.0,0.0,0.0
53_42,0,0,213,207,0.0,0.0,0.0,0.0,0.0
53_43,0,0,213,207,0.0,0.0,0.0,0.0,0.0
53_44,0,0,349,275,0.0,0.0,0.0,0.0,0.0
53_45,0,0,275,272,0.0,0.0,0.0,0.0,0.0
53_46,0,0,213,208,0.0,0.0,0.0,0.0,0.0
53_47,0,0,213,208,0.0,0.0,0.0,0.0,0.0
53_48,0,0,214,208,0.0,0.0,0.0,0.0,0.0
53_49,0,0,214,175,0.0,0.0,0.0,0.0,0.0
53_5,0,0,140,137,0.0,0.0,0.0,0.0,0.0
53_50,0,0,213,175,0.0,0.0,0.0,0.0,0.0
53_51,0,0,213,175,0.0,0.0,0.0,0.0,0.0
53_52,0,0,214,175,0.0,0.0,0.0,0.0,0.0
53_53,0,0,213,175,0.0,0.0,0.0,0.0,0.0
53_54,0,0,213,175,0.0,0.0,0.0,0.0,0.0
53_55,0,0,213,215,0.0,0.0,0.0,0.0,0.0
53_56,0,0,287,210,0.0,0.0,0.0,0.0,0.0
53_57,0,0,213,175,0.0,0.0,0.0,0.0,0.0
53_58,0,0,213,175,0.0,0.0,0.0,0.0,0.0
53_59,0,0,213,175,0.0,0.0,0.0,0.0,0.0
53_6,0,0,140,137,0.0,0.0,0.0,0.0,0.0
53_60,0,0,213,175,0.0,0.0,0.0,0.0,0.0
53_61,0,0,287,215,0.0,0.0,0.0,0.0,0.0
53_62,0,0,275,213,0.0,0.0,0.0,0.0,0.0
53_63,0,0,213,175,0.0,0.0,0.0,0.0,0.0
53_64,0,0,274,207,0.0,0.0,0.0,0.0,0.0
53_65,0,0,290,210,0.0,0.0,0.0,0.0,0.0
53_66,0,0,291,210,0.0,0.0,0.0,0.0,0.0
53_67,0,0,289,174,0.0,0.0,0.0,0.0,0.0
53_68,0,0,289,174,0.0,0.0,0.0,0.0,0.0
53_69,0,0,290,174,0.0,0.0,0.0,0.0,0.0
53_7,4,3,140,137,0.02857142857142857,0.021897810218978103,-0.006673618352450467,3.914285714285714,-0.9142857142857141
53_70,0,0,289,174,0.0,0.0,0.0,0.0,0.0
53_71,0,0,289,155,0.0,0.0,0.0,0.0,0.0
53_72,0,0,289,138,0.0,0.0,0.0,0.0,0.0
53_73,0,0,363,173,0.0,0.0,0.0,0.0,0.0
53_74,0,0,289,138,0.0,0.0,0.0,0.0,0.0
53_75,0,0,289,138,0.0,0.0,0.0,0.0,0.0
53_76,0,0,289,138,0.0,0.0,0.0,0.0,0.0
53_77,0,0,363,169,0.0,0.0,0.0,0.0,0.0
53_8,0,0,138,137,0.0,0.0,0.0,0.0,0.0
53_9,1,1,212,172,0.0047169811320754715,0.005813953488372093,0.0010969723562966214,0.8113207547169811,0.18867924528301894
54_0,0,0,140,137,0.0,0.0,0.0,0.0,0.0
54_1,0,0,140,137,0.0,0.0,0.0,0.0,0.0
54_10,0,0,274,205,0.0,0.0,0.0,0.0,0.0
54_11,6,5,138,170,0.043478260869565216,0.029411764705882353,-0.014066496163682864,7.391304347826087,-2.391304347826087
54_12,9,5,139,137,0.06474820143884892,0.0364963503649635,-0.02825185107388542,8.870503597122303,-3.870503597122303
54_13,1,1,140,137,0.007142857142857143,0.0072992700729927005,0.00015641293013555786,0.9785714285714285,0.021428571428571463
54_14,4,1,140,137,0.02857142857142857,0.0072992700729927005,-0.02127215849843587,3.914285714285714,-2.914285714285714
54_15,3,1,139,137,0.02158273381294964,0.0072992700729927005,-0.014283463739956941,2.956834532374101,-1.956834532374101
54_16,5,0,139,137,0.03597122302158273,0.0,-0.03597122302158273,4.928057553956834,-4.928057553956834
54_17,1,1,140,137,0.007142857142857143,0.0072992700729927005,0.00015641293013555786,0.9785714285714285,0.021428571428571463
54_18,3,0,140,137,0.02142857142857143,0.0,-0.02142857142857143,2.935714285714286,-2.935714285714286
54_19,3,5,139,137,0.02158273381294964,0.0364963503649635,0.01491361655201386,2.956834532374101,2.043165467625899
54_2,0,0,140,137,0.0,0.0,0.0,0.0,0.0
54_20,3,3,139,137,0.02158273381294964,0.021897810218978103,0.0003150764060284618,2.956834532374101,0.04316546762589901
54_21,0,5,139,172,0.0,0.029069767441860465,0.029069767441860465,0.0,5.0
54_22,5,2,139,136,0.03597122302158273,0.014705882352941176,-0.021265340668641556,4.892086330935252,-2.8920863309352516
54_23,1,2,139,136,0.007194244604316547,0.014705882352941176,0.007511637748624629,0.9784172661870504,1.0215827338129495
54_24,2,2,139,136,0.014388489208633094,0.014705882352941176,0.000317393144308082,1.9568345323741008,0.043165467625899234
54_25,5,3,139,136,0.03597122302158273,0.022058823529411766,-0.013912399492170966,4.892086330935252,-1.8920863309352516
54_26,4,7,139,136,0.02877697841726619,0.051470588235294115,0.022693609818027927,3.9136690647482015,3.0863309352517985
54_27,3,3,275,203,0.01090909090909091,0.014778325123152709,0.0038692342140617987,2.214545454545455,0.7854545454545452
54_28,2,1,139,168,0.014388489208633094,0.005952380952380952,-0.008436108256252142,2.41726618705036,-1.4172661870503598
54_29,2,1,139,135,0.014388489208633094,0.007407407407407408,-0.006981081801225687,1.9424460431654678,-0.9424460431654678
54_3,0,0,140,137,0.0,0.0,0.0,0.0,0.0
54_30,1,5,139,135,0.007194244604316547,0.037037037037037035,0.029842792432720488,0.9712230215827339,4.028776978417266
54_31,3,2,140,135,0.02142857142857143,0.014814814814814815,-0.006613756613756613,2.892857142857143,-0.8928571428571428
54_32,2,5,140,135,0.014285714285714285,0.037037037037037035,0.02275132275132275,1.9285714285714286,3.071428571428571
54_33,2,1,139,135,0.014388489208633094,0.007407407407407408,-0.006981081801225687,1.9424460431654678,-0.9424460431654678
54_34,3,4,139,135,0.02158273381294964,0.02962962962962963,0.00804689581667999,2.9136690647482015,1.0863309352517985
54_35,6,4,140,135,0.04285714285714286,0.02962962962962963,-0.013227513227513227,5.785714285714286,-1.7857142857142856
54_36,6,4,139,135,0.04316546762589928,0.02962962962962963,-0.013535837996269652,5.827338129496403,-1.827338129496403
54_37,1,7,139,135,0.007194244604316547,0.05185185185185185,0.0446576072475353,0.9712230215827339,6.028776978417266
54_38,3,1,139,171,0.02158273381294964,0.005847953216374269,-0.015734780596575373,3.6906474820143886,-2.6906474820143886
54_39,0,3,139,136,0.0,0.022058823529411766,0.022058823529411766,0.0,3.0
54_4,0,0,140,137,0.0,0.0,0.0,0.0,0.0
54_40,0,0,139,136,0.0,0.0,0.0,0.0,0.0
54_41,0,0,139,136,0.0,0.0,0.0,0.0,0.0
54_42,0,0,139,136,0.0,0.0,0.0,0.0,0.0
54_43,0,0,139,136,0.0,0.0,0.0,0.0,0.0
54_44,0,0,275,204,0.0,0.0,0.0,0.0,0.0
54_45,0,0,139,137,0.0,0.0,0.0,0.0,0.0
54_46,0,0,176,151,0.0,0.0,0.0,0.0,0.0
54_47,0,0,213,208,0.0,0.0,0.0,0.0,0.0
54_48,0,0,214,208,0.0,0.0,0.0,0.0,0.0
54_49,0,0,214,175,0.0,0.0,0.0,0.0,0.0
54_5,0,0,140,137,0.0,0.0,0.0,0.0,0.0
54_50,0,0,213,175,0.0,0.0,0.0,0.0,0.0
54_51,0,0,213,175,0.0,0.0,0.0,0.0,0.0
54_52,0,0,214,175,0.0,0.0,0.0,0.0,0.0
54_53,0,0,213,175,0.0,0.0,0.0,0.0,0.0
54_54,0,0,213,175,0.0,0.0,0.0,0.0,0.0
54_55,0,0,287,246,0.0,0.0,0.0,0.0,0.0
54_56,0,0,287,206,0.0,0.0,0.0,0.0,0.0
54_57,0,0,213,175,0.0,0.0,0.0,0.0,0.0
54_58,0,0,213,175,0.0,0.0,0.0,0.0,0.0
54_59,0,0,289,210,0.0,0.0,0.0,0.0,0.0
54_6,0,0,140,137,0.0,0.0,0.0,0.0,0.0
54_60,0,0,364,241,0.0,0.0,0.0,0.0,0.0
54_61,0,0,426,280,0.0,0.0,0.0,0.0,0.0
54_62,0,0,353,249,0.0,0.0,0.0,0.0,0.0
54_63,0,0,289,210,0.0,0.0,0.0,0.0,0.0
54_64,0,0,289,210,0.0,0.0,0.0,0.0,0.0
54_65,0,0,290,210,0.0,0.0,0.0,0.0,0.0
54_66,0,0,290,174,0.0,0.0,0.0,0.0,0.0
54_67,0,0,290,174,0.0,0.0,0.0,0.0,0.0
54_68,0,0,289,174,0.0,0.0,0.0,0.0,0.0
54_69,0,0,290,174,0.0,0.0,0.0,0.0,0.0
54_7,1,0,140,137,0.007142857142857143,0.0,-0.007142857142857143,0.9785714285714285,-0.9785714285714285
54_70,0,0,289,174,0.0,0.0,0.0,0.0,0.0
54_71,0,0,289,174,0.0,0.0,0.0,0.0,0.0
54_72,0,0,289,138,0.0,0.0,0.0,0.0,0.0
54_73,0,0,363,173,0.0,0.0,0.0,0.0,0.0
54_74,0,0,289,138,0.0,0.0,0.0,0.0,0.0
54_75,0,0,289,138,0.0,0.0,0.0,0.0,0.0
54_76,0,0,289,138,0.0,0.0,0.0,0.0,0.0
54_77,0,0,289,138,0.0,0.0,0.0,0.0,0.0
54_8,1,0,138,137,0.007246376811594203,0.0,-0.007246376811594203,0.9927536231884058,-0.9927536231884058
54_9,6,3,212,172,0.02830188679245283,0.01744186046511628,-0.010860026327336552,4.867924528301887,-1.867924528301887
55_0,0,0,140,101,0.0,0.0,0.0,0.0,0.0
55_1,0,0,140,137,0.0,0.0,0.0,0.0,0.0
55_10,0,1,274,203,0.0,0.0049261083743842365,0.0049261083743842365,0.0,1.0
55_11,9,8,138,170,0.06521739130434782,0.047058823529411764,-0.01815856777493606,11.08695652173913,-3.086956521739131
55_12,16,24,139,137,0.11510791366906475,0.17518248175182483,0.06007456808276007,15.769784172661872,8.230215827338128
55_13,1,1,140,137,0.007142857142857143,0.0072992700729927005,0.00015641293013555786,0.9785714285714285,0.021428571428571463
55_14,0,2,140,137,0.0,0.014598540145985401,0.014598540145985401,0.0,2.0
55_15,1,3,139,137,0.007194244604316547,0.021897810218978103,0.014703565614661556,0.985611510791367,2.014388489208633
55_16,2,2,139,137,0.014388489208633094,0.014598540145985401,0.0002100509373523067,1.971223021582734,0.028776978417266008
55_17,2,2,140,137,0.014285714285714285,0.014598540145985401,0.0003128258602711157,1.957142857142857,0.04285714285714293
55_18,3,4,139,137,0.02158273381294964,0.029197080291970802,0.0076143464790211605,2.956834532374101,1.043165467625899
55_19,7,11,139,137,0.050359712230215826,0.08029197080291971,0.02993225857270388,6.899280575539568,4.100719424460432
55_2,0,0,140,137,0.0,0.0,0.0,0.0,0.0
55_20,6,2,139,137,0.04316546762589928,0.014598540145985401,-0.028566927479913882,5.913669064748202,-3.913669064748202
55_21,7,7,139,172,0.050359712230215826,0.040697674418604654,-0.009662037811611172,8.661870503597122,-1.6618705035971217
55_22,20,26,139,136,0.14388489208633093,0.19117647058823528,0.04729157850190435,19.568345323741006,6.431654676258994
55_23,9,10,139,136,0.06474820143884892,0.07352941176470588,0.008781210325856964,8.805755395683454,1.1942446043165464
55_24,5,2,139,136,0.03597122302158273,0.014705882352941176,-0.021265340668641556,4.892086330935252,-2.8920863309352516
55_25,3,5,139,136,0.02158273381294964,0.03676470588235294,0.015181972069403301,2.935251798561151,2.064748201438849
55_26,7,4,139,136,0.050359712230215826,0.029411764705882353,-0.020947947524333474,6.848920863309353,-2.8489208633093526
55_27,6,4,275,203,0.02181818181818182,0.019704433497536946,-0.002113748320644874,4.42909090909091,-0.42909090909090963
55_28,4,4,139,168,0.02877697841726619,0.023809523809523808,-0.00496745460774238,4.83453237410072,-0.8345323741007196
55_29,5,3,139,135,0.03597122302158273,0.022222222222222223,-0.01374900079936051,4.856115107913669,-1.856115107913669
55_3,0,0,140,137,0.0,0.0,0.0,0.0,0.0
55_30,0,2,139,135,0.0,0.014814814814814815,0.014814814814814815,0.0,2.0
55_31,4,2,140,135,0.02857142857142857,0.014814814814814815,-0.013756613756613755,3.857142857142857,-1.8571428571428572
55_32,2,3,140,135,0.014285714285714285,0.022222222222222223,0.007936507936507938,1.9285714285714286,1.0714285714285714
55_33,4,7,139,135,0.02877697841726619,0.05185185185185185,0.023074873434585662,3.8848920863309355,3.1151079136690645
55_34,9,4,140,135,0.06428571428571428,0.02962962962962963,-0.03465608465608465,8.678571428571427,-4.678571428571427
55_35,2,9,140,135,0.014285714285714285,0.06666666666666667,0.05238095238095238,1.9285714285714286,7.071428571428571
55_36,2,4,139,135,0.014388489208633094,0.02962962962962963,0.015241140420996536,1.9424460431654678,2.057553956834532
55_37,1,2,139,135,0.007194244604316547,0.014814814814814815,0.007620570210498268,0.9712230215827339,1.028776978417266
55_38,0,1,139,171,0.0,0.005847953216374269,0.005847953216374269,0.0,1.0
55_39,0,1,139,136,0.0,0.007352941176470588,0.007352941176470588,0.0,1.0
55_4,0,0,140,137,0.0,0.0,0.0,0.0,0.0
55_40,0,0,139,136,0.0,0.0,0.0,0.0,0.0
55_41,0,0,139,136,0.0,0.0,0.0,0.0,0.0
55_42,0,0,139,136,0.0,0.0,0.0,0.0,0.0
55_43,0,0,139,136,0.0,0.0,0.0,0.0,0.0
55_44,0,0,275,204,0.0,0.0,0.0,0.0,0.0
55_45,0,0,139,142,0.0,0.0,0.0,0.0,0.0
55_46,0,0,139,137,0.0,0.0,0.0,0.0,0.0
55_47,0,0,139,137,0.0,0.0,0.0,0.0,0.0
55_48,0,0,140,137,0.0,0.0,0.0,0.0,0.0
55_49,0,0,140,104,0.0,0.0,0.0,0.0,0.0
55_5,0,0,140,137,0.0,0.0,0.0,0.0,0.0
55_50,0,0,140,104,0.0,0.0,0.0,0.0,0.0
55_51,0,0,139,104,0.0,0.0,0.0,0.0,0.0
55_52,0,0,214,175,0.0,0.0,0.0,0.0,0.0
55_53,0,0,240,187,0.0,0.0,0.0,0.0,0.0
55_54,0,0,289,210,0.0,0.0,0.0,0.0,0.0
55_55,0,0,363,281,0.0,0.0,0.0,0.0,0.0
55_56,0,0,289,246,0.0,0.0,0.0,0.0,0.0
55_57,0,0,289,210,0.0,0.0,0.0,0.0,0.0
55_58,0,0,289,210,0.0,0.0,0.0,0.0,0.0
55_59,0,0,289,210,0.0,0.0,0.0,0.0,0.0
55_6,0,0,140,137,0.0,0.0,0.0,0.0,0.0
55_60,0,0,364,241,0.0,0.0,0.0,0.0,0.0
55_61,0,0,500,308,0.0,0.0,0.0,0.0,0.0
55_62,0,0,363,245,0.0,0.0,0.0,0.0,0.0
55_63,0,0,289,210,0.0,0.0,0.0,0.0,0.0
55_64,0,0,289,210,0.0,0.0,0.0,0.0,0.0
55_65,0,0,290,210,0.0,0.0,0.0,0.0,0.0
55_66,0,0,289,174,0.0,0.0,0.0,0.0,0.0
55_67,0,0,290,174,0.0,0.0,0.0,0.0,0.0
55_68,0,0,289,174,0.0,0.0,0.0,0.0,0.0
55_69,0,0,290,174,0.0,0.0,0.0,0.0,0.0
55_7,0,2,140,137,0.0,0.014598540145985401,0.014598540145985401,0.0,2.0
55_70,0,0,289,174,0.0,0.0,0.0,0.0,0.0
55_71,0,0,289,174,0.0,0.0,0.0,0.0,0.0
55_72,0,0,289,142,0.0,0.0,0.0,0.0,0.0
55_73,0,0,363,173,0.0,0.0,0.0,0.0,0.0
55_74,0,0,289,138,0.0,0.0,0.0,0.0,0.0
55_75,0,0,289,138,0.0,0.0,0.0,0.0,0.0
55_76,0,0,289,138,0.0,0.0,0.0,0.0,0.0
55_77,0,0,289,138,0.0,0.0,0.0,0.0,0.0
55_8,0,0,139,137,0.0,0.0,0.0,0.0,0.0
55_9,7,9,200,170,0.035,0.052941176470588235,0.01794117647058823,5.95,3.05
56_0,0,0,140,101,0.0,0.0,0.0,0.0,0.0
56_1,0,0,140,137,0.0,0.0,0.0,0.0,0.0
56_10,16,13,212,172,0.07547169811320754,0.0755813953488372,0.0001096972356296605,12.981132075471697,0.018867924528302993
56_11,1,0,138,170,0.007246376811594203,0.0,-0.007246376811594203,1.2318840579710144,-1.2318840579710144
56_12,3,1,138,137,0.021739130434782608,0.0072992700729927005,-0.014439860361789908,2.9782608695652173,-1.9782608695652173
56_13,3,3,140,137,0.02142857142857143,0.021897810218978103,0.00046923879040667443,2.935714285714286,0.06428571428571406
56_14,2,1,139,137,0.014388489208633094,0.0072992700729927005,-0.007089219135640394,1.971223021582734,-0.971223021582734
56_15,1,4,139,137,0.007194244604316547,0.029197080291970802,0.022002835687654255,0.985611510791367,3.014388489208633
56_16,3,5,139,137,0.02158273381294964,0.0364963503649635,0.01491361655201386,2.956834532374101,2.043165467625899
56_17,5,5,140,137,0.03571428571428571,0.0364963503649635,0.0007820646506777884,4.892857142857142,0.10714285714285765
56_18,11,10,139,137,0.07913669064748201,0.072992700729927,-0.006143989917555007,10.841726618705035,-0.8417266187050352
56_19,14,25,139,137,0.10071942446043165,0.18248175182481752,0.08176232736438586,13.798561151079136,11.201438848920864
56_2,0,0,140,137,0.0,0.0,0.0,0.0,0.0
56_20,4,7,139,137,0.02877697841726619,0.051094890510948905,0.022317912093682717,3.942446043165468,3.057553956834532
56_21,3,11,139,172,0.02158273381294964,0.06395348837209303,0.04237075455914338,3.712230215827338,7.287769784172662
56_22,20,17,139,136,0.14388489208633093,0.125,-0.01888489208633093,19.568345323741006,-2.5683453237410063
56_23,4,9,139,136,0.02877697841726619,0.0661764705882353,0.037399492170969106,3.9136690647482015,5.086330935251798
56_24,4,4,139,136,0.02877697841726619,0.029411764705882353,0.000634786288616164,3.9136690647482015,0.08633093525179847
56_25,2,4,139,136,0.014388489208633094,0.029411764705882353,0.015023275497249258,1.9568345323741008,2.043165467625899
56_26,4,8,139,141,0.02877697841726619,0.05673758865248227,0.02796061023521608,4.057553956834533,3.942446043165467
56_27,12,12,275,203,0.04363636363636364,0.059113300492610835,0.015476936856247195,8.85818181818182,3.1418181818181807
56_28,1,4,139,173,0.007194244604316547,0.023121387283236993,0.015927142678920446,1.2446043165467626,2.755395683453237
56_29,0,3,139,135,0.0,0.022222222222222223,0.022222222222222223,0.0,3.0
56_3,0,0,140,137,0.0,0.0,0.0,0.0,0.0
56_30,3,1,140,135,0.02142857142857143,0.007407407407407408,-0.014021164021164021,2.892857142857143,-1.8928571428571428
56_31,4,4,140,135,0.02857142857142857,0.02962962962962963,0.0010582010582010602,3.857142857142857,0.1428571428571428
56_32,3,5,140,135,0.02142857142857143,0.037037037037037035,0.015608465608465606,2.892857142857143,2.107142857142857
56_33,9,4,139,135,0.06474820143884892,0.02962962962962963,-0.03511857180921929,8.741007194244604,-4.741007194244604
56_34,6,4,140,135,0.04285714285714286,0.02962962962962963,-0.013227513227513227,5.785714285714286,-1.7857142857142856
56_35,5,4,139,135,0.03597122302158273,0.02962962962962963,-0.0063415933919531015,4.856115107913669,-0.8561151079136691
56_36,1,3,139,135,0.007194244604316547,0.022222222222222223,0.015027977617905676,0.9712230215827339,2.028776978417266
56_37,0,0,139,135,0.0,0.0,0.0,0.0,0.0
56_38,0,2,139,171,0.0,0.011695906432748537,0.011695906432748537,0.0,2.0
56_39,0,0,139,136,0.0,0.0,0.0,0.0,0.0
56_4,0,0,140,137,0.0,0.0,0.0,0.0,0.0
56_40,0,0,139,136,0.0,0.0,0.0,0.0,0.0
56_41,0,0,139,136,0.0,0.0,0.0,0.0,0.0
56_42,0,0,139,136,0.0,0.0,0.0,0.0,0.0
56_43,0,0,139,136,0.0,0.0,0.0,0.0,0.0
56_44,0,0,275,199,0.0,0.0,0.0,0.0,0.0
56_45,0,0,213,171,0.0,0.0,0.0,0.0,0.0
56_46,0,0,139,137,0.0,0.0,0.0,0.0,0.0
56_47,0,0,139,137,0.0,0.0,0.0,0.0,0.0
56_48,0,0,215,158,0.0,0.0,0.0,0.0,0.0
56_49,0,0,215,139,0.0,0.0,0.0,0.0,0.0
56_5,0,0,140,137,0.0,0.0,0.0,0.0,0.0
56_50,0,0,216,139,0.0,0.0,0.0,0.0,0.0
56_51,0,0,216,139,0.0,0.0,0.0,0.0,0.0
56_52,0,0,216,139,0.0,0.0,0.0,0.0,0.0
56_53,0,0,215,139,0.0,0.0,0.0,0.0,0.0
56_54,0,0,215,139,0.0,0.0,0.0,0.0,0.0
56_55,0,0,215,139,0.0,0.0,0.0,0.0,0.0
56_56,0,0,215,175,0.0,0.0,0.0,0.0,0.0
56_57,0,0,289,210,0.0,0.0,0.0,0.0,0.0
56_58,0,0,289,210,0.0,0.0,0.0,0.0,0.0
56_59,0,0,289,210,0.0,0.0,0.0,0.0,0.0
56_6,0,0,140,137,0.0,0.0,0.0,0.0,0.0
56_60,0,0,289,210,0.0,0.0,0.0,0.0,0.0
56_61,0,0,427,278,0.0,0.0,0.0,0.0,0.0
56_62,0,0,363,245,0.0,0.0,0.0,0.0,0.0
56_63,0,0,289,210,0.0,0.0,0.0,0.0,0.0
56_64,0,0,289,210,0.0,0.0,0.0,0.0,0.0
56_65,0,0,290,210,0.0,0.0,0.0,0.0,0.0
56_66,0,0,289,174,0.0,0.0,0.0,0.0,0.0
56_67,0,0,290,174,0.0,0.0,0.0,0.0,0.0
56_68,0,0,289,174,0.0,0.0,0.0,0.0,0.0
56_69,0,0,290,174,0.0,0.0,0.0,0.0,0.0
56_7,1,1,140,137,0.007142857142857143,0.0072992700729927005,0.00015641293013555786,0.9785714285714285,0.021428571428571463
56_70,0,0,289,174,0.0,0.0,0.0,0.0,0.0
56_71,0,0,289,174,0.0,0.0,0.0,0.0,0.0
56_72,0,0,363,173,0.0,0.0,0.0,0.0,0.0
56_73,0,0,363,169,0.0,0.0,0.0,0.0,0.0
56_74,0,0,289,138,0.0,0.0,0.0,0.0,0.0
56_75,0,0,289,138,0.0,0.0,0.0,0.0,0.0
56_76,0,0,289,138,0.0,0.0,0.0,0.0,0.0
56_77,0,0,289,138,0.0,0.0,0.0,0.0,0.0
56_8,1,0,140,137,0.007142857142857143,0.0,-0.007142857142857143,0.9785714285714285,-0.9785714285714285
56_9,5,2,200,170,0.025,0.011764705882352941,-0.01323529411764706,4.25,-2.25
57_0,0,0,140,101,0.0,0.0,0.0,0.0,0.0
57_1,0,0,140,137,0.0,0.0,0.0,0.0,0.0
57_10,1,2,212,205,0.0047169811320754715,0.00975609756097561,0.005039116428900138,0.9669811320754716,1.0330188679245285
57_11,1,2,138,170,0.007246376811594203,0.011764705882352941,0.004518329070758738,1.2318840579710144,0.7681159420289856
57_12,0,1,138,137,0.0,0.0072992700729927005,0.0072992700729927005,0.0,1.0
57_13,0,4,140,137,0.0,0.029197080291970802,0.029197080291970802,0.0,4.0
57_14,0,3,139,137,0.0,0.021897810218978103,0.021897810218978103,0.0,3.0
57_15,1,1,139,137,0.007194244604316547,0.0072992700729927005,0.00010502546867615335,0.985611510791367,0.014388489208633004
57_16,2,3,139,137,0.014388489208633094,0.021897810218978103,0.007509321010345009,1.971223021582734,1.028776978417266
57_17,6,4,140,137,0.04285714285714286,0.029197080291970802,-0.013660062565172056,5.871428571428572,-1.8714285714285719
57_18,10,10,139,137,0.07194244604316546,0.072992700729927,0.001050254686761537,9.856115107913668,0.14388489208633182
57_19,5,9,139,137,0.03597122302158273,0.06569343065693431,0.029722207635351577,4.928057553956834,4.071942446043166
57_2,0,0,140,137,0.0,0.0,0.0,0.0,0.0
57_20,2,3,139,137,0.014388489208633094,0.021897810218978103,0.007509321010345009,1.971223021582734,1.028776978417266
57_21,1,3,139,172,0.007194244604316547,0.01744186046511628,0.010247615860799732,1.2374100719424461,1.7625899280575539
57_22,2,5,139,136,0.014388489208633094,0.03676470588235294,0.022376216673719848,1.9568345323741008,3.043165467625899
57_23,2,3,139,136,0.014388489208633094,0.022058823529411766,0.007670334320778672,1.9568345323741008,1.0431654676258992
57_24,3,0,139,136,0.02158273381294964,0.0,-0.02158273381294964,2.935251798561151,-2.935251798561151
57_25,2,3,139,136,0.014388489208633094,0.022058823529411766,0.007670334320778672,1.9568345323741008,1.0431654676258992
57_26,3,6,201,169,0.014925373134328358,0.03550295857988166,0.020577585445553298,2.5223880597014925,3.4776119402985075
57_27,3,2,275,195,0.01090909090909091,0.010256410256410256,-0.0006526806526806535,2.1272727272727274,-0.12727272727272743
57_28,3,2,213,203,0.014084507042253521,0.009852216748768473,-0.004232290293485048,2.859154929577465,-0.859154929577465
57_29,3,2,139,135,0.02158273381294964,0.014814814814814815,-0.006767918998134826,2.9136690647482015,-0.9136690647482015
57_3,0,0,140,137,0.0,0.0,0.0,0.0,0.0
57_30,0,2,140,135,0.0,0.014814814814814815,0.014814814814814815,0.0,2.0
57_31,3,0,139,135,0.02158273381294964,0.0,-0.02158273381294964,2.9136690647482015,-2.9136690647482015
57_32,2,6,140,135,0.014285714285714285,0.044444444444444446,0.030158730158730163,1.9285714285714286,4.071428571428571
57_33,4,10,140,135,0.02857142857142857,0.07407407407407407,0.0455026455026455,3.857142857142857,6.142857142857142
57_34,4,8,140,135,0.02857142857142857,0.05925925925925926,0.03068783068783069,3.857142857142857,4.142857142857142
57_35,6,5,139,135,0.04316546762589928,0.037037037037037035,-0.006128430588862248,5.827338129496403,-0.8273381294964031
57_36,0,1,139,135,0.0,0.007407407407407408,0.007407407407407408,0.0,1.0
57_37,2,1,139,135,0.014388489208633094,0.007407407407407408,-0.006981081801225687,1.9424460431654678,-0.9424460431654678
57_38,0,3,139,171,0.0,0.017543859649122806,0.017543859649122806,0.0,3.0
57_39,0,0,139,171,0.0,0.0,0.0,0.0,0.0
57_4,0,0,140,137,0.0,0.0,0.0,0.0,0.0
57_40,0,0,139,136,0.0,0.0,0.0,0.0,0.0
57_41,0,0,139,136,0.0,0.0,0.0,0.0,0.0
57_42,0,0,139,136,0.0,0.0,0.0,0.0,0.0
57_43,0,0,215,171,0.0,0.0,0.0,0.0,0.0
57_44,0,0,353,239,0.0,0.0,0.0,0.0,0.0
57_45,0,0,289,206,0.0,0.0,0.0,0.0,0.0
57_46,0,0,215,172,0.0,0.0,0.0,0.0,0.0
57_47,0,0,215,172,0.0,0.0,0.0,0.0,0.0
57_48,0,0,216,139,0.0,0.0,0.0,0.0,0.0
57_49,0,0,215,139,0.0,0.0,0.0,0.0,0.0
57_5,0,0,140,137,0.0,0.0,0.0,0.0,0.0
57_50,0,0,216,139,0.0,0.0,0.0,0.0,0.0
57_51,0,0,216,139,0.0,0.0,0.0,0.0,0.0
57_52,0,0,216,139,0.0,0.0,0.0,0.0,0.0
57_53,0,0,215,139,0.0,0.0,0.0,0.0,0.0
57_54,0,0,215,139,0.0,0.0,0.0,0.0,0.0
57_55,0,0,215,139,0.0,0.0,0.0,0.0,0.0
57_56,0,0,215,175,0.0,0.0,0.0,0.0,0.0
57_57,0,0,215,139,0.0,0.0,0.0,0.0,0.0
57_58,0,0,215,139,0.0,0.0,0.0,0.0,0.0
57_59,0,0,215,139,0.0,0.0,0.0,0.0,0.0
57_6,0,0,140,137,0.0,0.0,0.0,0.0,0.0
57_60,0,0,215,139,0.0,0.0,0.0,0.0,0.0
57_61,0,0,353,207,0.0,0.0,0.0,0.0,0.0
57_62,0,0,290,174,0.0,0.0,0.0,0.0,0.0
57_63,0,0,289,210,0.0,0.0,0.0,0.0,0.0
57_64,0,0,289,210,0.0,0.0,0.0,0.0,0.0
57_65,0,0,290,210,0.0,0.0,0.0,0.0,0.0
57_66,0,0,289,174,0.0,0.0,0.0,0.0,0.0
57_67,0,0,290,174,0.0,0.0,0.0,0.0,0.0
57_68,0,0,289,174,0.0,0.0,0.0,0.0,0.0
57_69,0,0,290,174,0.0,0.0,0.0,0.0,0.0
57_7,1,0,140,137,0.007142857142857143,0.0,-0.007142857142857143,0.9785714285714285,-0.9785714285714285
57_70,0,0,289,174,0.0,0.0,0.0,0.0,0.0
57_71,0,0,289,174,0.0,0.0,0.0,0.0,0.0
57_72,0,0,363,173,0.0,0.0,0.0,0.0,0.0
57_73,0,0,289,138,0.0,0.0,0.0,0.0,0.0
57_74,0,0,289,138,0.0,0.0,0.0,0.0,0.0
57_75,0,0,289,138,0.0,0.0,0.0,0.0,0.0
57_76,0,0,289,138,0.0,0.0,0.0,0.0,0.0
57_77,0,0,289,138,0.0,0.0,0.0,0.0,0.0
57_8,0,0,140,137,0.0,0.0,0.0,0.0,0.0
57_9,0,0,200,170,0.0,0.0,0.0,0.0,0.0
58_0,0,0,140,101,0.0,0.0,0.0,0.0,0.0
58_1,0,0,140,137,0.0,0.0,0.0,0.0,0.0
58_10,13,10,212,205,0.06132075471698113,0.04878048780487805,-0.012540266912103082,12.570754716981131,-2.5707547169811313
58_11,1,3,138,142,0.007246376811594203,0.02112676056338028,0.013880383751786077,1.0289855072463767,1.9710144927536233
58_12,0,0,138,137,0.0,0.0,0.0,0.0,0.0
58_13,2,4,140,137,0.014285714285714285,0.029197080291970802,0.014911366006256517,1.957142857142857,2.0428571428571427
58_14,4,6,139,137,0.02877697841726619,0.043795620437956206,0.015018642020690018,3.942446043165468,2.057553956834532
58_15,3,4,139,137,0.02158273381294964,0.029197080291970802,0.0076143464790211605,2.956834532374101,1.043165467625899
58_16,0,3,139,137,0.0,0.021897810218978103,0.021897810218978103,0.0,3.0
58_17,2,3,140,137,0.014285714285714285,0.021897810218978103,0.007612095933263818,1.957142857142857,1.042857142857143
58_18,1,1,139,137,0.007194244604316547,0.0072992700729927005,0.00010502546867615335,0.985611510791367,0.014388489208633004
58_19,2,4,139,137,0.014388489208633094,0.029197080291970802,0.014808591083337708,1.971223021582734,2.028776978417266
58_2,0,0,140,137,0.0,0.0,0.0,0.0,0.0
58_20,7,7,139,137,0.050359712230215826,0.051094890510948905,0.0007351782807330787,6.899280575539568,0.10071942446043192
58_21,4,4,139,172,0.02877697841726619,0.023255813953488372,-0.005521164463777817,4.9496402877697845,-0.9496402877697845
58_22,4,2,139,172,0.02877697841726619,0.011627906976744186,-0.017149071440522003,4.9496402877697845,-2.9496402877697845
58_23,0,1,139,136,0.0,0.007352941176470588,0.007352941176470588,0.0,1.0
58_24,2,3,139,136,0.014388489208633094,0.022058823529411766,0.007670334320778672,1.9568345323741008,1.0431654676258992
58_25,0,4,139,136,0.0,0.029411764705882353,0.029411764705882353,0.0,4.0
58_26,5,3,201,169,0.024875621890547265,0.01775147928994083,-0.007124142600606436,4.203980099502488,-1.2039800995024876
58_27,10,3,146,150,0.0684931506849315,0.02,-0.0484931506849315,10.273972602739725,-7.273972602739725
58_28,3,3,213,203,0.014084507042253521,0.014778325123152709,0.0006938180808991872,2.859154929577465,0.14084507042253502
58_29,3,5,139,135,0.02158273381294964,0.037037037037037035,0.015454303224087394,2.9136690647482015,2.0863309352517985
58_3,0,0,140,137,0.0,0.0,0.0,0.0,0.0
58_30,3,5,140,135,0.02142857142857143,0.037037037037037035,0.015608465608465606,2.892857142857143,2.107142857142857
58_31,6,10,139,135,0.04316546762589928,0.07407407407407407,0.030908606448174787,5.827338129496403,4.172661870503597
58_32,5,9,139,135,0.03597122302158273,0.06666666666666667,0.030695443645083934,4.856115107913669,4.143884892086331
58_33,4,5,140,135,0.02857142857142857,0.037037037037037035,0.008465608465608464,3.857142857142857,1.1428571428571428
58_34,10,4,140,135,0.07142857142857142,0.02962962962962963,-0.041798941798941794,9.642857142857142,-5.642857142857142
58_35,4,1,139,135,0.02877697841726619,0.007407407407407408,-0.02136957100985878,3.8848920863309355,-2.8848920863309355
58_36,2,3,139,135,0.014388489208633094,0.022222222222222223,0.007833733013589129,1.9424460431654678,1.0575539568345322
58_37,1,4,203,202,0.0049261083743842365,0.019801980198019802,0.014875871823635565,0.9950738916256158,3.0049261083743843
58_38,0,1,215,205,0.0,0.004878048780487805,0.004878048780487805,0.0,1.0
58_39,0,0,215,241,0.0,0.0,0.0,0.0,0.0
58_4,0,0,140,137,0.0,0.0,0.0,0.0,0.0
58_40,0,0,215,206,0.0,0.0,0.0,0.0,0.0
58_41,0,0,215,171,0.0,0.0,0.0,0.0,0.0
58_42,0,0,215,171,0.0,0.0,0.0,0.0,0.0
58_43,0,0,215,176,0.0,0.0,0.0,0.0,0.0
58_44,0,0,353,239,0.0,0.0,0.0,0.0,0.0
58_45,0,0,289,206,0.0,0.0,0.0,0.0,0.0
58_46,0,0,215,172,0.0,0.0,0.0,0.0,0.0
58_47,0,0,216,172,0.0,0.0,0.0,0.0,0.0
58_48,0,0,216,139,0.0,0.0,0.0,0.0,0.0
58_49,0,0,215,139,0.0,0.0,0.0,0.0,0.0
58_5,0,0,140,137,0.0,0.0,0.0,0.0,0.0
58_50,0,0,216,139,0.0,0.0,0.0,0.0,0.0
58_51,0,0,216,139,0.0,0.0,0.0,0.0,0.0
58_52,0,0,215,139,0.0,0.0,0.0,0.0,0.0
58_53,0,0,215,139,0.0,0.0,0.0,0.0,0.0
58_54,0,0,215,139,0.0,0.0,0.0,0.0,0.0
58_55,0,0,215,139,0.0,0.0,0.0,0.0,0.0
58_56,0,0,215,175,0.0,0.0,0.0,0.0,0.0
58_57,0,0,215,139,0.0,0.0,0.0,0.0,0.0
58_58,0,0,215,139,0.0,0.0,0.0,0.0,0.0
58_59,0,0,215,139,0.0,0.0,0.0,0.0,0.0
58_6,0,0,140,137,0.0,0.0,0.0,0.0,0.0
58_60,0,0,215,139,0.0,0.0,0.0,0.0,0.0
58_61,0,0,353,207,0.0,0.0,0.0,0.0,0.0
58_62,0,0,289,174,0.0,0.0,0.0,0.0,0.0
58_63,0,0,215,139,0.0,0.0,0.0,0.0,0.0
58_64,0,0,215,139,0.0,0.0,0.0,0.0,0.0
58_65,0,0,216,139,0.0,0.0,0.0,0.0,0.0
58_66,0,0,215,139,0.0,0.0,0.0,0.0,0.0
58_67,0,0,216,139,0.0,0.0,0.0,0.0,0.0
58_68,0,0,290,174,0.0,0.0,0.0,0.0,0.0
58_69,0,0,290,174,0.0,0.0,0.0,0.0,0.0
58_7,2,0,140,137,0.014285714285714285,0.0,-0.014285714285714285,1.957142857142857,-1.957142857142857
58_70,0,0,289,174,0.0,0.0,0.0,0.0,0.0
58_71,0,0,289,174,0.0,0.0,0.0,0.0,0.0
58_72,0,0,363,173,0.0,0.0,0.0,0.0,0.0
58_73,0,0,289,138,0.0,0.0,0.0,0.0,0.0
58_74,0,0,289,138,0.0,0.0,0.0,0.0,0.0
58_75,0,0,289,138,0.0,0.0,0.0,0.0,0.0
58_76,0,0,214,103,0.0,0.0,0.0,0.0,0.0
58_77,0,0,214,103,0.0,0.0,0.0,0.0,0.0
58_8,0,1,140,137,0.0,0.0072992700729927005,0.0072992700729927005,0.0,1.0
58_9,22,17,200,170,0.11,0.1,-0.009999999999999995,18.7,-1.6999999999999993
59_0,0,0,140,101,0.0,0.0,0.0,0.0,0.0
59_1,0,0,140,101,0.0,0.0,0.0,0.0,0.0
59_10,0,1,212,200,0.0,0.005,0.005,0.0,1.0
59_11,0,2,212,172,0.0,0.011627906976744186,0.011627906976744186,0.0,2.0
59_12,0,2,138,137,0.0,0.014598540145985401,0.014598540145985401,0.0,2.0
59_13,3,2,140,137,0.02142857142857143,0.014598540145985401,-0.006830031282586028,2.935714285714286,-0.9357142857142859
59_14,1,3,139,137,0.007194244604316547,0.021897810218978103,0.014703565614661556,0.985611510791367,2.014388489208633
59_15,4,5,139,137,0.02877697841726619,0.0364963503649635,0.007719371947697312,3.942446043165468,1.057553956834532
59_16,1,1,140,137,0.007142857142857143,0.0072992700729927005,0.00015641293013555786,0.9785714285714285,0.021428571428571463
59_17,7,0,140,137,0.05,0.0,-0.05,6.8500000000000005,-6.8500000000000005
59_18,0,4,139,137,0.0,0.029197080291970802,0.029197080291970802,0.0,4.0
59_19,3,4,139,137,0.02158273381294964,0.029197080291970802,0.0076143464790211605,2.956834532374101,1.043165467625899
59_2,0,0,140,137,0.0,0.0,0.0,0.0,0.0
59_20,4,5,139,137,0.02877697841726619,0.0364963503649635,0.007719371947697312,3.942446043165468,1.057553956834532
59_21,2,2,139,137,0.014388489208633094,0.014598540145985401,0.0002100509373523067,1.971223021582734,0.028776978417266008
59_22,3,4,139,172,0.02158273381294964,0.023255813953488372,0.0016730801405387304,3.712230215827338,0.28776978417266186
59_23,5,4,139,136,0.03597122302158273,0.029411764705882353,-0.00655945831570038,4.892086330935252,-0.8920863309352516
59_24,2,1,139,136,0.014388489208633094,0.007352941176470588,-0.007035548032162506,1.9568345323741008,-0.9568345323741008
59_25,2,6,139,136,0.014388489208633094,0.04411764705882353,0.029729157850190438,1.9568345323741008,4.043165467625899
59_26,3,0,201,169,0.014925373134328358,0.0,-0.014925373134328358,2.5223880597014925,-2.5223880597014925
59_27,5,2,139,169,0.03597122302158273,0.011834319526627219,-0.024136903494955515,6.0791366906474815,-4.0791366906474815
59_28,5,3,213,200,0.023474178403755867,0.015,-0.008474178403755868,4.694835680751173,-1.694835680751173
59_29,3,2,139,135,0.02158273381294964,0.014814814814814815,-0.006767918998134826,2.9136690647482015,-0.9136690647482015
59_3,0,0,140,137,0.0,0.0,0.0,0.0,0.0
59_30,2,9,140,135,0.014285714285714285,0.06666666666666667,0.05238095238095238,1.9285714285714286,7.071428571428571
59_31,3,7,139,135,0.02158273381294964,0.05185185185185185,0.03026911803890221,2.9136690647482015,4.086330935251798
59_32,6,3,214,205,0.028037383177570093,0.014634146341463415,-0.013403236836106678,5.747663551401869,-2.7476635514018692
59_33,1,9,216,205,0.004629629629629629,0.04390243902439024,0.03927280939476061,0.9490740740740741,8.050925925925926
59_34,6,5,216,205,0.027777777777777776,0.024390243902439025,-0.003387533875338751,5.694444444444444,-0.6944444444444438
59_35,10,8,215,205,0.046511627906976744,0.03902439024390244,-0.0074872376630743046,9.534883720930232,-1.5348837209302317
59_36,6,3,215,205,0.027906976744186046,0.014634146341463415,-0.01327283040272263,5.720930232558139,-2.720930232558139
59_37,0,0,215,205,0.0,0.0,0.0,0.0,0.0
59_38,0,0,215,205,0.0,0.0,0.0,0.0,0.0
59_39,0,0,215,241,0.0,0.0,0.0,0.0,0.0
59_4,0,0,140,137,0.0,0.0,0.0,0.0,0.0
59_40,0,0,215,206,0.0,0.0,0.0,0.0,0.0
59_41,0,0,215,206,0.0,0.0,0.0,0.0,0.0
59_42,0,0,215,171,0.0,0.0,0.0,0.0,0.0
59_43,0,0,277,204,0.0,0.0,0.0,0.0,0.0
59_44,0,0,353,234,0.0,0.0,0.0,0.0,0.0
59_45,0,0,289,206,0.0,0.0,0.0,0.0,0.0
59_46,0,0,215,172,0.0,0.0,0.0,0.0,0.0
59_47,0,0,216,172,0.0,0.0,0.0,0.0,0.0
59_48,0,0,215,139,0.0,0.0,0.0,0.0,0.0
59_49,0,0,215,139,0.0,0.0,0.0,0.0,0.0
59_5,0,0,140,137,0.0,0.0,0.0,0.0,0.0
59_50,0,0,216,139,0.0,0.0,0.0,0.0,0.0
59_51,0,0,216,139,0.0,0.0,0.0,0.0,0.0
59_52,0,0,215,139,0.0,0.0,0.0,0.0,0.0
59_53,0,0,215,139,0.0,0.0,0.0,0.0,0.0
59_54,0,0,215,139,0.0,0.0,0.0,0.0,0.0
59_55,0,0,215,139,0.0,0.0,0.0,0.0,0.0
59_56,0,0,215,175,0.0,0.0,0.0,0.0,0.0
59_57,0,0,215,139,0.0,0.0,0.0,0.0,0.0
59_58,0,0,215,139,0.0,0.0,0.0,0.0,0.0
59_59,0,0,215,139,0.0,0.0,0.0,0.0,0.0
59_6,0,0,140,137,0.0,0.0,0.0,0.0,0.0
59_60,0,0,215,144,0.0,0.0,0.0,0.0,0.0
59_61,0,0,353,207,0.0,0.0,0.0,0.0,0.0
59_62,0,0,290,178,0.0,0.0,0.0,0.0,0.0
59_63,0,0,215,144,0.0,0.0,0.0,0.0,0.0
59_64,0,0,216,139,0.0,0.0,0.0,0.0,0.0
59_65,0,0,216,139,0.0,0.0,0.0,0.0,0.0
59_66,0,0,215,139,0.0,0.0,0.0,0.0,0.0
59_67,0,0,216,139,0.0,0.0,0.0,0.0,0.0
59_68,0,0,216,139,0.0,0.0,0.0,0.0,0.0
59_69,0,0,214,137,0.0,0.0,0.0,0.0,0.0
59_7,0,0,140,137,0.0,0.0,0.0,0.0,0.0
59_70,0,0,140,68,0.0,0.0,0.0,0.0,0.0
59_71,0,0,140,68,0.0,0.0,0.0,0.0,0.0
59_72,0,0,140,68,0.0,0.0,0.0,0.0,0.0
59_73,0,0,145,68,0.0,0.0,0.0,0.0,0.0
59_74,0,0,214,103,0.0,0.0,0.0,0.0,0.0
59_75,0,0,214,103,0.0,0.0,0.0,0.0,0.0
59_76,0,0,214,103,0.0,0.0,0.0,0.0,0.0
59_77,0,0,214,103,0.0,0.0,0.0,0.0,0.0
59_8,6,2,140,137,0.04285714285714286,0.014598540145985401,-0.028258602711157457,5.871428571428572,-3.871428571428572
59_9,1,5,202,170,0.0049504950495049506,0.029411764705882353,0.0244612696563774,0.8415841584158416,4.158415841584159
5_0,0,0,149,71,0.0,0.0,0.0,0.0,0.0
5_1,0,0,149,77,0.0,0.0,0.0,0.0,0.0
5_10,0,0,221,103,0.0,0.0,0.0,0.0,0.0
5_11,0,0,221,108,0.0,0.0,0.0,0.0,0.0
5_12,0,0,221,103,0.0,0.0,0.0,0.0,0.0
5_13,0,0,221,103,0.0,0.0,0.0,0.0,0.0
5_14,0,0,293,133,0.0,0.0,0.0,0.0,0.0
5_15,0,0,292,133,0.0,0.0,0.0,0.0,0.0
5_16,0,0,221,103,0.0,0.0,0.0,0.0,0.0
5_17,0,0,295,170,0.0,0.0,0.0,0.0,0.0
5_18,0,0,221,173,0.0,0.0,0.0,0.0,0.0
5_19,0,0,221,178,0.0,0.0,0.0,0.0,0.0
5_2,0,0,149,80,0.0,0.0,0.0,0.0,0.0
5_20,0,0,221,177,0.0,0.0,0.0,0.0,0.0
5_21,0,0,221,173,0.0,0.0,0.0,0.0,0.0
5_22,0,0,221,173,0.0,0.0,0.0,0.0,0.0
5_23,0,0,221,173,0.0,0.0,0.0,0.0,0.0
5_24,0,0,221,173,0.0,0.0,0.0,0.0,0.0
5_25,0,0,296,204,0.0,0.0,0.0,0.0,0.0
5_26,0,0,221,173,0.0,0.0,0.0,0.0,0.0
5_27,0,0,221,173,0.0,0.0,0.0,0.0,0.0
5_28,0,0,149,137,0.0,0.0,0.0,0.0,0.0
5_29,0,0,149,137,0.0,0.0,0.0,0.0,0.0
5_3,0,0,149,76,0.0,0.0,0.0,0.0,0.0
5_30,0,0,149,137,0.0,0.0,0.0,0.0,0.0
5_31,0,0,150,137,0.0,0.0,0.0,0.0,0.0
5_32,0,0,150,137,0.0,0.0,0.0,0.0,0.0
5_33,0,0,149,137,0.0,0.0,0.0,0.0,0.0
5_34,0,0,222,169,0.0,0.0,0.0,0.0,0.0
5_35,0,0,149,137,0.0,0.0,0.0,0.0,0.0
5_36,0,0,76,70,0.0,0.0,0.0,0.0,0.0
5_37,0,0,76,108,0.0,0.0,0.0,0.0,0.0
5_38,0,0,76,69,0.0,0.0,0.0,0.0,0.0
5_39,0,0,76,69,0.0,0.0,0.0,0.0,0.0
5_4,0,0,149,76,0.0,0.0,0.0,0.0,0.0
5_40,0,0,76,69,0.0,0.0,0.0,0.0,0.0
5_41,0,0,76,69,0.0,0.0,0.0,0.0,0.0
5_42,0,0,150,99,0.0,0.0,0.0,0.0,0.0
5_43,0,0,76,73,0.0,0.0,0.0,0.0,0.0
5_44,0,0,76,73,0.0,0.0,0.0,0.0,0.0
5_45,0,0,76,109,0.0,0.0,0.0,0.0,0.0
5_46,0,0,76,109,0.0,0.0,0.0,0.0,0.0
5_47,0,0,148,137,0.0,0.0,0.0,0.0,0.0
5_48,0,0,148,137,0.0,0.0,0.0,0.0,0.0
5_49,0,0,149,137,0.0,0.0,0.0,0.0,0.0
5_5,0,0,221,103,0.0,0.0,0.0,0.0,0.0
5_50,0,0,148,137,0.0,0.0,0.0,0.0,0.0
5_51,0,0,148,137,0.0,0.0,0.0,0.0,0.0
5_52,0,0,148,137,0.0,0.0,0.0,0.0,0.0
5_53,0,0,148,137,0.0,0.0,0.0,0.0,0.0
5_54,0,0,148,141,0.0,0.0,0.0,0.0,0.0
5_55,0,0,148,172,0.0,0.0,0.0,0.0,0.0
5_56,0,0,148,138,0.0,0.0,0.0,0.0,0.0
5_57,0,0,148,138,0.0,0.0,0.0,0.0,0.0
5_58,0,0,148,138,0.0,0.0,0.0,0.0,0.0
5_59,0,0,222,168,0.0,0.0,0.0,0.0,0.0
5_6,0,0,221,103,0.0,0.0,0.0,0.0,0.0
5_60,0,0,222,204,0.0,0.0,0.0,0.0,0.0
5_61,0,0,148,139,0.0,0.0,0.0,0.0,0.0
5_62,0,0,149,139,0.0,0.0,0.0,0.0,0.0
5_63,0,0,220,173,0.0,0.0,0.0,0.0,0.0
5_64,0,0,148,140,0.0,0.0,0.0,0.0,0.0
5_65,0,0,149,140,0.0,0.0,0.0,0.0,0.0
5_66,0,0,149,140,0.0,0.0,0.0,0.0,0.0
5_67,0,0,148,140,0.0,0.0,0.0,0.0,0.0
5_68,0,0,148,140,0.0,0.0,0.0,0.0,0.0
5_69,0,0,148,140,0.0,0.0,0.0,0.0,0.0
5_7,0,0,296,134,0.0,0.0,0.0,0.0,0.0
5_70,0,0,148,140,0.0,0.0,0.0,0.0,0.0
5_71,0,0,148,144,0.0,0.0,0.0,0.0,0.0
5_72,0,0,148,143,0.0,0.0,0.0,0.0,0.0
5_73,0,0,148,140,0.0,0.0,0.0,0.0,0.0
5_74,0,0,148,140,0.0,0.0,0.0,0.0,0.0
5_75,0,0,148,140,0.0,0.0,0.0,0.0,0.0
5_76,0,0,148,140,0.0,0.0,0.0,0.0,0.0
5_77,0,0,223,135,0.0,0.0,0.0,0.0,0.0
5_8,0,0,296,134,0.0,0.0,0.0,0.0,0.0
5_9,0,0,221,103,0.0,0.0,0.0,0.0,0.0
60_0,0,0,140,105,0.0,0.0,0.0,0.0,0.0
60_1,0,0,140,101,0.0,0.0,0.0,0.0,0.0
60_10,1,0,138,170,0.007246376811594203,0.0,-0.007246376811594203,1.2318840579710144,-1.2318840579710144
60_11,1,2,212,172,0.0047169811320754715,0.011627906976744186,0.006910925844668714,0.8113207547169811,1.1886792452830188
60_12,1,2,139,137,0.007194244604316547,0.014598540145985401,0.007404295541668854,0.985611510791367,1.014388489208633
60_13,2,3,139,137,0.014388489208633094,0.021897810218978103,0.007509321010345009,1.971223021582734,1.028776978417266
60_14,2,1,139,137,0.014388489208633094,0.0072992700729927005,-0.007089219135640394,1.971223021582734,-0.971223021582734
60_15,6,6,139,137,0.04316546762589928,0.043795620437956206,0.0006301528120569236,5.913669064748202,0.08633093525179802
60_16,4,3,140,137,0.02857142857142857,0.021897810218978103,-0.006673618352450467,3.914285714285714,-0.9142857142857141
60_17,0,1,139,137,0.0,0.0072992700729927005,0.0072992700729927005,0.0,1.0
60_18,1,3,139,137,0.007194244604316547,0.021897810218978103,0.014703565614661556,0.985611510791367,2.014388489208633
60_19,3,0,139,137,0.02158273381294964,0.0,-0.02158273381294964,2.956834532374101,-2.956834532374101
60_2,0,0,140,137,0.0,0.0,0.0,0.0,0.0
60_20,3,2,139,137,0.02158273381294964,0.014598540145985401,-0.00698419366696424,2.956834532374101,-0.956834532374101
60_21,3,3,139,137,0.02158273381294964,0.021897810218978103,0.0003150764060284618,2.956834532374101,0.04316546762589901
60_22,2,3,139,172,0.014388489208633094,0.01744186046511628,0.0030533712564831846,2.4748201438848922,0.5251798561151078
60_23,5,1,139,136,0.03597122302158273,0.007352941176470588,-0.028618281845112142,4.892086330935252,-3.8920863309352516
60_24,1,3,139,136,0.007194244604316547,0.022058823529411766,0.014864578925095219,0.9784172661870504,2.0215827338129495
60_25,4,4,139,136,0.02877697841726619,0.029411764705882353,0.000634786288616164,3.9136690647482015,0.08633093525179847
60_26,4,3,201,169,0.01990049751243781,0.01775147928994083,-0.0021490182224969817,3.36318407960199,-0.36318407960198984
60_27,5,4,216,242,0.023148148148148147,0.01652892561983471,-0.006619222528313436,5.601851851851851,-1.6018518518518512
60_28,3,2,289,240,0.010380622837370242,0.008333333333333333,-0.0020472895040369084,2.491349480968858,-0.4913494809688581
60_29,5,4,215,205,0.023255813953488372,0.01951219512195122,-0.0037436188315371523,4.767441860465116,-0.7674418604651159
60_3,0,0,140,137,0.0,0.0,0.0,0.0,0.0
60_30,9,2,216,205,0.041666666666666664,0.00975609756097561,-0.03191056910569105,8.541666666666666,-6.541666666666666
60_31,14,14,215,205,0.06511627906976744,0.06829268292682927,0.0031764038570618325,13.348837209302326,0.6511627906976738
60_32,12,13,215,205,0.05581395348837209,0.06341463414634146,0.007600680657969372,11.441860465116278,1.558139534883722
60_33,10,11,217,205,0.04608294930875576,0.05365853658536585,0.007575587276610091,9.44700460829493,1.5529953917050694
60_34,10,3,216,205,0.046296296296296294,0.014634146341463415,-0.03166214995483288,9.49074074074074,-6.4907407407407405
60_35,2,3,215,205,0.009302325581395349,0.014634146341463415,0.005331820760068067,1.9069767441860466,1.0930232558139534
60_36,0,0,215,205,0.0,0.0,0.0,0.0,0.0
60_37,0,0,215,205,0.0,0.0,0.0,0.0,0.0
60_38,0,0,215,205,0.0,0.0,0.0,0.0,0.0
60_39,0,0,215,241,0.0,0.0,0.0,0.0,0.0
60_4,0,0,140,137,0.0,0.0,0.0,0.0,0.0
60_40,0,0,215,206,0.0,0.0,0.0,0.0,0.0
60_41,0,0,215,206,0.0,0.0,0.0,0.0,0.0
60_42,0,0,215,171,0.0,0.0,0.0,0.0,0.0
60_43,0,0,277,204,0.0,0.0,0.0,0.0,0.0
60_44,0,0,291,206,0.0,0.0,0.0,0.0,0.0
60_45,0,0,289,206,0.0,0.0,0.0,0.0,0.0
60_46,0,0,215,177,0.0,0.0,0.0,0.0,0.0
60_47,0,0,216,172,0.0,0.0,0.0,0.0,0.0
60_48,0,0,215,139,0.0,0.0,0.0,0.0,0.0
60_49,0,0,215,139,0.0,0.0,0.0,0.0,0.0
60_5,0,0,140,137,0.0,0.0,0.0,0.0,0.0
60_50,0,0,216,139,0.0,0.0,0.0,0.0,0.0
60_51,0,0,216,139,0.0,0.0,0.0,0.0,0.0
60_52,0,0,215,139,0.0,0.0,0.0,0.0,0.0
60_53,0,0,215,139,0.0,0.0,0.0,0.0,0.0
60_54,0,0,215,139,0.0,0.0,0.0,0.0,0.0
60_55,0,0,215,139,0.0,0.0,0.0,0.0,0.0
60_56,0,0,215,175,0.0,0.0,0.0,0.0,0.0
60_57,0,0,215,139,0.0,0.0,0.0,0.0,0.0
60_58,0,0,215,139,0.0,0.0,0.0,0.0,0.0
60_59,0,0,215,139,0.0,0.0,0.0,0.0,0.0
60_6,0,1,140,137,0.0,0.0072992700729927005,0.0072992700729927005,0.0,1.0
60_60,0,0,277,172,0.0,0.0,0.0,0.0,0.0
60_61,0,0,352,198,0.0,0.0,0.0,0.0,0.0
60_62,0,0,365,204,0.0,0.0,0.0,0.0,0.0
60_63,0,0,215,144,0.0,0.0,0.0,0.0,0.0
60_64,0,0,141,68,0.0,0.0,0.0,0.0,0.0
60_65,0,0,140,68,0.0,0.0,0.0,0.0,0.0
60_66,0,0,140,68,0.0,0.0,0.0,0.0,0.0
60_67,0,0,140,68,0.0,0.0,0.0,0.0,0.0
60_68,0,0,141,68,0.0,0.0,0.0,0.0,0.0
60_69,0,0,140,68,0.0,0.0,0.0,0.0,0.0
60_7,0,1,140,137,0.0,0.0072992700729927005,0.0072992700729927005,0.0,1.0
60_70,0,0,140,68,0.0,0.0,0.0,0.0,0.0
60_71,0,0,140,68,0.0,0.0,0.0,0.0,0.0
60_72,0,0,140,68,0.0,0.0,0.0,0.0,0.0
60_73,0,0,140,68,0.0,0.0,0.0,0.0,0.0
60_74,0,0,140,68,0.0,0.0,0.0,0.0,0.0
60_75,0,0,140,68,0.0,0.0,0.0,0.0,0.0
60_76,0,0,140,68,0.0,0.0,0.0,0.0,0.0
60_77,0,0,140,73,0.0,0.0,0.0,0.0,0.0
60_8,5,4,165,156,0.030303030303030304,0.02564102564102564,-0.004662004662004664,4.7272727272727275,-0.7272727272727275
60_9,0,1,202,170,0.0,0.0058823529411764705,0.0058823529411764705,0.0,1.0
61_0,0,0,140,105,0.0,0.0,0.0,0.0,0.0
61_1,0,0,140,141,0.0,0.0,0.0,0.0,0.0
61_10,0,3,138,170,0.0,0.01764705882352941,0.01764705882352941,0.0,3.0
61_11,2,2,212,172,0.009433962264150943,0.011627906976744186,0.002193944712593243,1.6226415094339621,0.3773584905660379
61_12,3,0,139,137,0.02158273381294964,0.0,-0.02158273381294964,2.956834532374101,-2.956834532374101
61_13,2,4,138,137,0.014492753623188406,0.029197080291970802,0.014704326668782396,1.9855072463768115,2.0144927536231885
61_14,2,7,139,137,0.014388489208633094,0.051094890510948905,0.03670640130231581,1.971223021582734,5.028776978417266
61_15,6,5,139,137,0.04316546762589928,0.0364963503649635,-0.006669117260935782,5.913669064748202,-0.913669064748202
61_16,2,4,140,137,0.014285714285714285,0.029197080291970802,0.014911366006256517,1.957142857142857,2.0428571428571427
61_17,3,4,139,137,0.02158273381294964,0.029197080291970802,0.0076143464790211605,2.956834532374101,1.043165467625899
61_18,1,3,139,137,0.007194244604316547,0.021897810218978103,0.014703565614661556,0.985611510791367,2.014388489208633
61_19,0,0,139,137,0.0,0.0,0.0,0.0,0.0
61_2,0,0,140,177,0.0,0.0,0.0,0.0,0.0
61_20,7,2,139,137,0.050359712230215826,0.014598540145985401,-0.03576117208423042,6.899280575539568,-4.899280575539568
61_21,1,1,139,137,0.007194244604316547,0.0072992700729927005,0.00010502546867615335,0.985611510791367,0.014388489208633004
61_22,1,2,215,242,0.004651162790697674,0.008264462809917356,0.0036133000192196812,1.1255813953488372,0.8744186046511628
61_23,7,7,215,241,0.03255813953488372,0.029045643153526972,-0.0035124963813567486,7.846511627906977,-0.8465116279069766
61_24,4,6,215,206,0.018604651162790697,0.02912621359223301,0.010521562429442313,3.832558139534884,2.167441860465116
61_25,7,10,215,211,0.03255813953488372,0.04739336492890995,0.014835225394026229,6.869767441860465,3.130232558139535
61_26,12,11,277,239,0.04332129963898917,0.04602510460251046,0.0027038049635212946,10.353790613718411,0.6462093862815887
61_27,5,7,291,274,0.01718213058419244,0.025547445255474453,0.008365314671282011,4.707903780068729,2.2920962199312713
61_28,6,2,289,240,0.020761245674740483,0.008333333333333333,-0.01242791234140715,4.982698961937716,-2.982698961937716
61_29,8,7,216,205,0.037037037037037035,0.03414634146341464,-0.0028906955736223983,7.592592592592593,-0.5925925925925926
61_3,0,0,140,177,0.0,0.0,0.0,0.0,0.0
61_30,11,8,216,205,0.05092592592592592,0.03902439024390244,-0.011901535682023484,10.439814814814815,-2.439814814814815
61_31,8,8,215,205,0.037209302325581395,0.03902439024390244,0.0018150879183210442,7.627906976744186,0.3720930232558137
61_32,5,9,215,205,0.023255813953488372,0.04390243902439024,0.02064662507090187,4.767441860465116,4.232558139534884
61_33,2,8,217,205,0.009216589861751152,0.03902439024390244,0.029807800382151285,1.8894009216589862,6.110599078341014
61_34,5,7,215,205,0.023255813953488372,0.03414634146341464,0.010890527509926265,4.767441860465116,2.232558139534884
61_35,1,0,215,205,0.004651162790697674,0.0,-0.004651162790697674,0.9534883720930233,-0.9534883720930233
61_36,0,0,215,205,0.0,0.0,0.0,0.0,0.0
61_37,0,0,215,205,0.0,0.0,0.0,0.0,0.0
61_38,0,0,215,205,0.0,0.0,0.0,0.0,0.0
61_39,0,0,215,241,0.0,0.0,0.0,0.0,0.0
61_4,0,0,140,177,0.0,0.0,0.0,0.0,0.0
61_40,0,0,215,206,0.0,0.0,0.0,0.0,0.0
61_41,0,0,215,206,0.0,0.0,0.0,0.0,0.0
61_42,0,0,215,171,0.0,0.0,0.0,0.0,0.0
61_43,0,0,277,204,0.0,0.0,0.0,0.0,0.0
61_44,0,0,291,206,0.0,0.0,0.0,0.0,0.0
61_45,0,0,290,210,0.0,0.0,0.0,0.0,0.0
61_46,0,0,215,180,0.0,0.0,0.0,0.0,0.0
61_47,0,0,216,172,0.0,0.0,0.0,0.0,0.0
61_48,0,0,215,139,0.0,0.0,0.0,0.0,0.0
61_49,0,0,215,139,0.0,0.0,0.0,0.0,0.0
61_5,0,0,140,177,0.0,0.0,0.0,0.0,0.0
61_50,0,0,216,139,0.0,0.0,0.0,0.0,0.0
61_51,0,0,217,139,0.0,0.0,0.0,0.0,0.0
61_52,0,0,215,139,0.0,0.0,0.0,0.0,0.0
61_53,0,0,215,139,0.0,0.0,0.0,0.0,0.0
61_54,0,0,215,139,0.0,0.0,0.0,0.0,0.0
61_55,0,0,215,139,0.0,0.0,0.0,0.0,0.0
61_56,0,0,215,139,0.0,0.0,0.0,0.0,0.0
61_57,0,0,215,103,0.0,0.0,0.0,0.0,0.0
61_58,0,0,140,68,0.0,0.0,0.0,0.0,0.0
61_59,0,0,140,68,0.0,0.0,0.0,0.0,0.0
61_6,0,0,140,173,0.0,0.0,0.0,0.0,0.0
61_60,0,0,202,101,0.0,0.0,0.0,0.0,0.0
61_61,0,0,140,68,0.0,0.0,0.0,0.0,0.0
61_62,0,0,216,103,0.0,0.0,0.0,0.0,0.0
61_63,0,0,140,68,0.0,0.0,0.0,0.0,0.0
61_64,0,0,141,68,0.0,0.0,0.0,0.0,0.0
61_65,0,0,140,68,0.0,0.0,0.0,0.0,0.0
61_66,0,0,140,68,0.0,0.0,0.0,0.0,0.0
61_67,0,0,140,68,0.0,0.0,0.0,0.0,0.0
61_68,0,0,141,68,0.0,0.0,0.0,0.0,0.0
61_69,0,0,140,68,0.0,0.0,0.0,0.0,0.0
61_7,0,0,140,137,0.0,0.0,0.0,0.0,0.0
61_70,0,0,140,68,0.0,0.0,0.0,0.0,0.0
61_71,0,0,140,68,0.0,0.0,0.0,0.0,0.0
61_72,0,0,140,68,0.0,0.0,0.0,0.0,0.0
61_73,0,0,140,68,0.0,0.0,0.0,0.0,0.0
61_74,0,0,140,68,0.0,0.0,0.0,0.0,0.0
61_75,0,0,140,68,0.0,0.0,0.0,0.0,0.0
61_76,0,0,140,68,0.0,0.0,0.0,0.0,0.0
61_77,0,0,181,91,0.0,0.0,0.0,0.0,0.0
61_8,2,2,202,170,0.009900990099009901,0.011764705882352941,0.00186371578334304,1.683168316831683,0.3168316831683169
61_9,1,2,202,165,0.0049504950495049506,0.012121212121212121,0.007170717071707171,0.8168316831683169,1.183168316831683
62_0,0,0,141,105,0.0,0.0,0.0,0.0,0.0
62_1,0,0,140,141,0.0,0.0,0.0,0.0,0.0
62_10,1,1,214,241,0.004672897196261682,0.004149377593360996,-0.000523519602900686,1.1261682242990654,-0.12616822429906538
62_11,1,0,288,279,0.003472222222222222,0.0,-0.003472222222222222,0.96875,-0.96875
62_12,2,4,139,141,0.014388489208633094,0.028368794326241134,0.01398030511760804,2.0287769784172665,1.9712230215827335
62_13,2,6,138,137,0.014492753623188406,0.043795620437956206,0.0293028668147678,1.9855072463768115,4.0144927536231885
62_14,5,3,139,137,0.03597122302158273,0.021897810218978103,-0.014073412802604629,4.928057553956834,-1.928057553956834
62_15,5,8,139,137,0.03597122302158273,0.058394160583941604,0.02242293756235887,4.928057553956834,3.071942446043166
62_16,4,4,184,174,0.021739130434782608,0.022988505747126436,0.0012493753123438284,3.782608695652174,0.21739130434782616
62_17,3,0,215,207,0.013953488372093023,0.0,-0.013953488372093023,2.8883720930232557,-2.8883720930232557
62_18,4,1,215,207,0.018604651162790697,0.004830917874396135,-0.013773733288394562,3.8511627906976744,-2.8511627906976744
62_19,4,2,215,207,0.018604651162790697,0.00966183574879227,-0.008942815413998427,3.8511627906976744,-1.8511627906976744
62_2,0,0,140,141,0.0,0.0,0.0,0.0,0.0
62_20,3,4,215,207,0.013953488372093023,0.01932367149758454,0.005370183125491517,2.8883720930232557,1.1116279069767443
62_21,4,5,215,207,0.018604651162790697,0.024154589371980676,0.005549938209189979,3.8511627906976744,1.1488372093023256
62_22,14,10,215,242,0.06511627906976744,0.04132231404958678,-0.023793965020180663,15.758139534883721,-5.758139534883721
62_23,4,4,215,241,0.018604651162790697,0.016597510373443983,-0.002007140789346714,4.4837209302325585,-0.48372093023255847
62_24,3,5,215,206,0.013953488372093023,0.024271844660194174,0.010318356288101151,2.874418604651163,2.125581395348837
62_25,7,2,277,239,0.02527075812274368,0.008368200836820083,-0.016902557285923596,6.03971119133574,-4.03971119133574
62_26,5,7,277,238,0.018050541516245487,0.029411764705882353,0.011361223189636865,4.296028880866426,2.7039711191335742
62_27,5,4,291,274,0.01718213058419244,0.014598540145985401,-0.0025835904382070403,4.707903780068729,-0.7079037800687287
62_28,4,1,290,240,0.013793103448275862,0.004166666666666667,-0.009626436781609196,3.310344827586207,-2.310344827586207
62_29,3,4,216,210,0.013888888888888888,0.01904761904761905,0.005158730158730161,2.9166666666666665,1.0833333333333335
62_3,0,0,140,177,0.0,0.0,0.0,0.0,0.0
62_30,8,3,215,205,0.037209302325581395,0.014634146341463415,-0.02257515598411798,7.627906976744186,-4.627906976744186
62_31,6,6,215,205,0.027906976744186046,0.02926829268292683,0.0013613159387407849,5.720930232558139,0.27906976744186096
62_32,8,6,215,205,0.037209302325581395,0.02926829268292683,-0.007941009642654564,7.627906976744186,-1.6279069767441863
62_33,3,2,217,205,0.013824884792626729,0.00975609756097561,-0.004068787231651119,2.8341013824884795,-0.8341013824884795
62_34,8,5,216,205,0.037037037037037035,0.024390243902439025,-0.01264679313459801,7.592592592592593,-2.5925925925925926
62_35,3,1,215,205,0.013953488372093023,0.004878048780487805,-0.009075439591605217,2.8604651162790695,-1.8604651162790695
62_36,0,0,215,205,0.0,0.0,0.0,0.0,0.0
62_37,0,0,215,205,0.0,0.0,0.0,0.0,0.0
62_38,0,0,215,205,0.0,0.0,0.0,0.0,0.0
62_39,0,0,215,241,0.0,0.0,0.0,0.0,0.0
62_4,0,0,140,177,0.0,0.0,0.0,0.0,0.0
62_40,0,0,215,241,0.0,0.0,0.0,0.0,0.0
62_41,0,0,215,206,0.0,0.0,0.0,0.0,0.0
62_42,0,0,215,171,0.0,0.0,0.0,0.0,0.0
62_43,0,0,277,204,0.0,0.0,0.0,0.0,0.0
62_44,0,0,290,202,0.0,0.0,0.0,0.0,0.0
62_45,0,0,365,236,0.0,0.0,0.0,0.0,0.0
62_46,0,0,289,206,0.0,0.0,0.0,0.0,0.0
62_47,0,0,216,172,0.0,0.0,0.0,0.0,0.0
62_48,0,0,215,139,0.0,0.0,0.0,0.0,0.0
62_49,0,0,215,139,0.0,0.0,0.0,0.0,0.0
62_5,0,0,140,177,0.0,0.0,0.0,0.0,0.0
62_50,0,0,216,139,0.0,0.0,0.0,0.0,0.0
62_51,0,0,216,139,0.0,0.0,0.0,0.0,0.0
62_52,0,0,140,68,0.0,0.0,0.0,0.0,0.0
62_53,0,0,140,68,0.0,0.0,0.0,0.0,0.0
62_54,0,0,140,68,0.0,0.0,0.0,0.0,0.0
62_55,0,0,140,68,0.0,0.0,0.0,0.0,0.0
62_56,0,0,140,68,0.0,0.0,0.0,0.0,0.0
62_57,0,0,140,68,0.0,0.0,0.0,0.0,0.0
62_58,0,0,140,68,0.0,0.0,0.0,0.0,0.0
62_59,0,0,140,68,0.0,0.0,0.0,0.0,0.0
62_6,0,0,140,177,0.0,0.0,0.0,0.0,0.0
62_60,0,0,202,101,0.0,0.0,0.0,0.0,0.0
62_61,0,0,140,68,0.0,0.0,0.0,0.0,0.0
62_62,0,0,216,103,0.0,0.0,0.0,0.0,0.0
62_63,0,0,140,68,0.0,0.0,0.0,0.0,0.0
62_64,0,0,141,68,0.0,0.0,0.0,0.0,0.0
62_65,0,0,140,68,0.0,0.0,0.0,0.0,0.0
62_66,0,0,140,68,0.0,0.0,0.0,0.0,0.0
62_67,0,0,140,68,0.0,0.0,0.0,0.0,0.0
62_68,0,0,141,68,0.0,0.0,0.0,0.0,0.0
62_69,0,0,140,68,0.0,0.0,0.0,0.0,0.0
62_7,0,0,140,177,0.0,0.0,0.0,0.0,0.0
62_70,0,0,140,68,0.0,0.0,0.0,0.0,0.0
62_71,0,0,140,68,0.0,0.0,0.0,0.0,0.0
62_72,0,0,140,68,0.0,0.0,0.0,0.0,0.0
62_73,0,0,140,68,0.0,0.0,0.0,0.0,0.0
62_74,0,0,140,68,0.0,0.0,0.0,0.0,0.0
62_75,0,0,140,68,0.0,0.0,0.0,0.0,0.0
62_76,0,0,140,68,0.0,0.0,0.0,0.0,0.0
62_77,0,0,202,101,0.0,0.0,0.0,0.0,0.0
62_8,0,0,202,210,0.0,0.0,0.0,0.0,0.0
62_9,0,2,140,214,0.0,0.009345794392523364,0.009345794392523364,0.0,2.0
63_0,0,0,142,105,0.0,0.0,0.0,0.0,0.0
63_1,0,0,140,141,0.0,0.0,0.0,0.0,0.0
63_10,9,2,214,244,0.04205607476635514,0.00819672131147541,-0.033859353454879726,10.261682242990654,-8.261682242990654
63_11,3,2,363,349,0.008264462809917356,0.0057306590257879654,-0.00253380378412939,2.884297520661157,-0.884297520661157
63_12,1,2,291,283,0.003436426116838488,0.007067137809187279,0.003630711692348791,0.9725085910652921,1.0274914089347078
63_13,4,3,290,278,0.013793103448275862,0.01079136690647482,-0.003001736541801041,3.8344827586206898,-0.8344827586206898
63_14,3,8,291,278,0.010309278350515464,0.02877697841726619,0.018467700066750727,2.865979381443299,5.1340206185567006
63_15,9,8,291,278,0.030927835051546393,0.02877697841726619,-0.0021508566342802043,8.597938144329897,-0.5979381443298966
63_16,1,2,292,278,0.003424657534246575,0.007194244604316547,0.003769587070069972,0.9520547945205479,1.047945205479452
63_17,9,13,291,278,0.030927835051546393,0.046762589928057555,0.015834754876511162,8.597938144329897,4.402061855670103
63_18,28,23,215,207,0.13023255813953488,0.1111111111111111,-0.019121447028423777,26.95813953488372,-3.9581395348837205
63_19,77,84,215,207,0.3581395348837209,0.4057971014492754,0.04765756656555448,74.13488372093023,9.865116279069767
63_2,0,0,140,141,0.0,0.0,0.0,0.0,0.0
63_20,10,5,215,207,0.046511627906976744,0.024154589371980676,-0.022357038534996067,9.627906976744185,-4.627906976744185
63_21,9,7,215,207,0.04186046511627907,0.033816425120772944,-0.008044039995506125,8.665116279069768,-1.6651162790697676
63_22,6,13,215,242,0.027906976744186046,0.05371900826446281,0.025812031520276765,6.753488372093023,6.246511627906977
63_23,9,5,215,241,0.04186046511627907,0.02074688796680498,-0.02111357714947409,10.088372093023256,-5.088372093023256
63_24,3,9,215,206,0.013953488372093023,0.043689320388349516,0.029735832016256493,2.874418604651163,6.125581395348837
63_25,5,4,277,239,0.018050541516245487,0.016736401673640166,-0.0013141398426053212,4.3140794223826715,-0.3140794223826715
63_26,4,7,215,206,0.018604651162790697,0.03398058252427184,0.015375931361481146,3.832558139534884,3.167441860465116
63_27,2,1,291,274,0.006872852233676976,0.0036496350364963502,-0.0032232171971806256,1.8831615120274914,-0.8831615120274914
63_28,9,10,290,239,0.03103448275862069,0.04184100418410042,0.010806521425479727,7.417241379310345,2.5827586206896553
63_29,7,7,290,240,0.02413793103448276,0.029166666666666667,0.005028735632183909,5.793103448275862,1.206896551724138
63_3,0,0,140,177,0.0,0.0,0.0,0.0,0.0
63_30,4,6,215,205,0.018604651162790697,0.02926829268292683,0.010663641520136134,3.813953488372093,2.186046511627907
63_31,13,10,215,205,0.06046511627906977,0.04878048780487805,-0.011684628474191716,12.395348837209303,-2.395348837209303
63_32,3,1,215,205,0.013953488372093023,0.004878048780487805,-0.009075439591605217,2.8604651162790695,-1.8604651162790695
63_33,1,2,216,205,0.004629629629629629,0.00975609756097561,0.00512646793134598,0.9490740740740741,1.050925925925926
63_34,1,2,216,205,0.004629629629629629,0.00975609756097561,0.00512646793134598,0.9490740740740741,1.050925925925926
63_35,3,4,215,205,0.013953488372093023,0.01951219512195122,0.005558706749858196,2.8604651162790695,1.1395348837209305
63_36,0,0,215,205,0.0,0.0,0.0,0.0,0.0
63_37,0,0,215,205,0.0,0.0,0.0,0.0,0.0
63_38,0,0,215,205,0.0,0.0,0.0,0.0,0.0
63_39,0,0,215,205,0.0,0.0,0.0,0.0,0.0
63_4,0,0,140,177,0.0,0.0,0.0,0.0,0.0
63_40,0,0,215,241,0.0,0.0,0.0,0.0,0.0
63_41,0,0,215,206,0.0,0.0,0.0,0.0,0.0
63_42,0,0,215,211,0.0,0.0,0.0,0.0,0.0
63_43,0,0,277,204,0.0,0.0,0.0,0.0,0.0
63_44,0,0,215,171,0.0,0.0,0.0,0.0,0.0
63_45,0,0,291,206,0.0,0.0,0.0,0.0,0.0
63_46,0,0,141,101,0.0,0.0,0.0,0.0,0.0
63_47,0,0,141,101,0.0,0.0,0.0,0.0,0.0
63_48,0,0,140,68,0.0,0.0,0.0,0.0,0.0
63_49,0,0,140,68,0.0,0.0,0.0,0.0,0.0
63_5,0,0,140,177,0.0,0.0,0.0,0.0,0.0
63_50,0,0,141,68,0.0,0.0,0.0,0.0,0.0
63_51,0,0,140,68,0.0,0.0,0.0,0.0,0.0
63_52,0,0,140,68,0.0,0.0,0.0,0.0,0.0
63_53,0,0,140,68,0.0,0.0,0.0,0.0,0.0
63_54,0,0,140,68,0.0,0.0,0.0,0.0,0.0
63_55,0,0,140,68,0.0,0.0,0.0,0.0,0.0
63_56,0,0,140,68,0.0,0.0,0.0,0.0,0.0
63_57,0,0,140,68,0.0,0.0,0.0,0.0,0.0
63_58,0,0,140,68,0.0,0.0,0.0,0.0,0.0
63_59,0,0,140,68,0.0,0.0,0.0,0.0,0.0
63_6,0,0,140,177,0.0,0.0,0.0,0.0,0.0
63_60,0,0,202,101,0.0,0.0,0.0,0.0,0.0
63_61,0,0,140,68,0.0,0.0,0.0,0.0,0.0
63_62,0,0,216,103,0.0,0.0,0.0,0.0,0.0
63_63,0,0,140,68,0.0,0.0,0.0,0.0,0.0
63_64,0,0,141,68,0.0,0.0,0.0,0.0,0.0
63_65,0,0,140,68,0.0,0.0,0.0,0.0,0.0
63_66,0,0,140,68,0.0,0.0,0.0,0.0,0.0
63_67,0,0,140,68,0.0,0.0,0.0,0.0,0.0
63_68,0,0,141,68,0.0,0.0,0.0,0.0,0.0
63_69,0,0,140,68,0.0,0.0,0.0,0.0,0.0
63_7,0,0,140,177,0.0,0.0,0.0,0.0,0.0
63_70,0,0,140,68,0.0,0.0,0.0,0.0,0.0
63_71,0,0,140,68,0.0,0.0,0.0,0.0,0.0
63_72,0,0,140,68,0.0,0.0,0.0,0.0,0.0
63_73,0,0,140,68,0.0,0.0,0.0,0.0,0.0
63_74,0,0,140,68,0.0,0.0,0.0,0.0,0.0
63_75,0,0,140,68,0.0,0.0,0.0,0.0,0.0
63_76,0,0,140,68,0.0,0.0,0.0,0.0,0.0
63_77,0,0,202,101,0.0,0.0,0.0,0.0,0.0
63_8,2,0,202,210,0.009900990099009901,0.0,-0.009900990099009901,2.0792079207920793,-2.0792079207920793
63_9,1,0,140,214,0.007142857142857143,0.0,-0.007142857142857143,1.5285714285714285,-1.5285714285714285
64_0,0,0,142,105,0.0,0.0,0.0,0.0,0.0
64_1,0,0,140,141,0.0,0.0,0.0,0.0,0.0
64_10,27,6,368,349,0.07336956521739131,0.017191977077363897,-0.056177588140027414,25.605978260869566,-19.605978260869566
64_11,16,16,365,308,0.043835616438356165,0.05194805194805195,0.008112435509695787,13.501369863013698,2.4986301369863018
64_12,2,9,365,313,0.005479452054794521,0.02875399361022364,0.023274541555429122,1.715068493150685,7.284931506849315
64_13,11,9,290,278,0.03793103448275862,0.03237410071942446,-0.00555693376333416,10.544827586206896,-1.544827586206896
64_14,7,12,290,278,0.02413793103448276,0.04316546762589928,0.019027536591416525,6.710344827586207,5.289655172413793
64_15,8,5,292,278,0.0273972602739726,0.017985611510791366,-0.009411648763181235,7.616438356164383,-2.616438356164383
64_16,9,6,292,278,0.030821917808219176,0.02158273381294964,-0.009239183995269535,8.568493150684931,-2.5684931506849313
64_17,4,4,291,278,0.013745704467353952,0.014388489208633094,0.0006427847412791426,3.8213058419243984,0.17869415807560163
64_18,8,11,291,278,0.027491408934707903,0.039568345323741004,0.0120769363890331,7.642611683848797,3.3573883161512033
64_19,12,13,291,278,0.041237113402061855,0.046762589928057555,0.0055254765259957,11.463917525773196,1.536082474226804
64_2,0,0,140,141,0.0,0.0,0.0,0.0,0.0
64_20,6,4,291,278,0.020618556701030927,0.014388489208633094,-0.006230067492397833,5.731958762886598,-1.731958762886598
64_21,5,3,291,278,0.01718213058419244,0.01079136690647482,-0.0063907636777176206,4.776632302405499,-1.776632302405499
64_22,7,2,291,313,0.024054982817869417,0.006389776357827476,-0.01766520646004194,7.529209621993128,-5.529209621993128
64_23,2,2,291,348,0.006872852233676976,0.005747126436781609,-0.0011257257968953667,2.3917525773195876,-0.39175257731958757
64_24,12,6,215,206,0.05581395348837209,0.02912621359223301,-0.02668773989613908,11.497674418604651,-5.497674418604651
64_25,10,6,277,239,0.036101083032490974,0.02510460251046025,-0.010996480522030724,8.628158844765343,-2.628158844765343
64_26,4,8,215,239,0.018604651162790697,0.03347280334728033,0.014868152184489634,4.446511627906976,3.5534883720930237
64_27,8,3,290,270,0.027586206896551724,0.011111111111111112,-0.01647509578544061,7.448275862068965,-4.448275862068965
64_28,6,7,291,241,0.020618556701030927,0.029045643153526972,0.008427086452496044,4.969072164948454,2.0309278350515463
64_29,7,8,290,240,0.02413793103448276,0.03333333333333333,0.009195402298850575,5.793103448275862,2.206896551724138
64_3,0,0,140,177,0.0,0.0,0.0,0.0,0.0
64_30,8,8,215,205,0.037209302325581395,0.03902439024390244,0.0018150879183210442,7.627906976744186,0.3720930232558137
64_31,5,6,215,205,0.023255813953488372,0.02926829268292683,0.006012478729438459,4.767441860465116,1.2325581395348841
64_32,8,5,215,205,0.037209302325581395,0.024390243902439025,-0.01281905842314237,7.627906976744186,-2.6279069767441863
64_33,1,2,216,205,0.004629629629629629,0.00975609756097561,0.00512646793134598,0.9490740740740741,1.050925925925926
64_34,3,3,216,205,0.013888888888888888,0.014634146341463415,0.0007452574525745274,2.847222222222222,0.15277777777777812
64_35,2,4,215,205,0.009302325581395349,0.01951219512195122,0.01020986954055587,1.9069767441860466,2.0930232558139537
64_36,0,0,215,205,0.0,0.0,0.0,0.0,0.0
64_37,0,0,215,205,0.0,0.0,0.0,0.0,0.0
64_38,0,0,215,205,0.0,0.0,0.0,0.0,0.0
64_39,0,0,215,205,0.0,0.0,0.0,0.0,0.0
64_4,0,0,140,177,0.0,0.0,0.0,0.0,0.0
64_40,0,0,140,136,0.0,0.0,0.0,0.0,0.0
64_41,0,0,140,136,0.0,0.0,0.0,0.0,0.0
64_42,0,0,202,169,0.0,0.0,0.0,0.0,0.0
64_43,0,0,202,129,0.0,0.0,0.0,0.0,0.0
64_44,0,0,140,101,0.0,0.0,0.0,0.0,0.0
64_45,0,0,216,136,0.0,0.0,0.0,0.0,0.0
64_46,0,0,141,101,0.0,0.0,0.0,0.0,0.0
64_47,0,0,140,101,0.0,0.0,0.0,0.0,0.0
64_48,0,0,140,68,0.0,0.0,0.0,0.0,0.0
64_49,0,0,140,68,0.0,0.0,0.0,0.0,0.0
64_5,0,0,140,177,0.0,0.0,0.0,0.0,0.0
64_50,0,0,141,68,0.0,0.0,0.0,0.0,0.0
64_51,0,0,140,68,0.0,0.0,0.0,0.0,0.0
64_52,0,0,140,68,0.0,0.0,0.0,0.0,0.0
64_53,0,0,140,68,0.0,0.0,0.0,0.0,0.0
64_54,0,0,140,68,0.0,0.0,0.0,0.0,0.0
64_55,0,0,140,68,0.0,0.0,0.0,0.0,0.0
64_56,0,0,140,68,0.0,0.0,0.0,0.0,0.0
64_57,0,0,140,68,0.0,0.0,0.0,0.0,0.0
64_58,0,0,140,68,0.0,0.0,0.0,0.0,0.0
64_59,0,0,140,70,0.0,0.0,0.0,0.0,0.0
64_6,0,0,216,247,0.0,0.0,0.0,0.0,0.0
64_60,0,0,202,101,0.0,0.0,0.0,0.0,0.0
64_61,0,0,140,68,0.0,0.0,0.0,0.0,0.0
64_62,0,0,216,103,0.0,0.0,0.0,0.0,0.0
64_63,0,0,141,68,0.0,0.0,0.0,0.0,0.0
64_64,0,0,141,68,0.0,0.0,0.0,0.0,0.0
64_65,0,0,140,68,0.0,0.0,0.0,0.0,0.0
64_66,0,0,140,68,0.0,0.0,0.0,0.0,0.0
64_67,0,0,141,68,0.0,0.0,0.0,0.0,0.0
64_68,0,0,141,68,0.0,0.0,0.0,0.0,0.0
64_69,0,0,140,68,0.0,0.0,0.0,0.0,0.0
64_7,0,0,216,247,0.0,0.0,0.0,0.0,0.0
64_70,0,0,140,68,0.0,0.0,0.0,0.0,0.0
64_71,0,0,140,68,0.0,0.0,0.0,0.0,0.0
64_72,0,0,140,68,0.0,0.0,0.0,0.0,0.0
64_73,0,0,140,68,0.0,0.0,0.0,0.0,0.0
64_74,0,0,140,68,0.0,0.0,0.0,0.0,0.0
64_75,0,0,140,68,0.0,0.0,0.0,0.0,0.0
64_76,0,0,140,68,0.0,0.0,0.0,0.0,0.0
64_77,0,0,202,101,0.0,0.0,0.0,0.0,0.0
64_8,0,3,278,280,0.0,0.010714285714285714,0.010714285714285714,0.0,3.0
64_9,0,6,216,284,0.0,0.02112676056338028,0.02112676056338028,0.0,6.0
65_0,0,0,142,141,0.0,0.0,0.0,0.0,0.0
65_1,0,0,216,176,0.0,0.0,0.0,0.0,0.0
65_10,7,9,367,349,0.01907356948228883,0.025787965616045846,0.006714396133757017,6.656675749318802,2.3433242506811984
65_11,16,7,292,282,0.0547945205479452,0.024822695035460994,-0.02997182551248421,15.452054794520548,-8.452054794520548
65_12,6,7,365,313,0.01643835616438356,0.022364217252396165,0.005925861088012605,5.145205479452054,1.8547945205479461
65_13,5,7,290,278,0.017241379310344827,0.025179856115107913,0.007938476804763086,4.793103448275862,2.206896551724138
65_14,3,4,290,278,0.010344827586206896,0.014388489208633094,0.004043661622426198,2.875862068965517,1.124137931034483
65_15,3,3,292,278,0.010273972602739725,0.01079136690647482,0.0005173943037350952,2.8561643835616435,0.14383561643835652
65_16,5,3,291,278,0.01718213058419244,0.01079136690647482,-0.0063907636777176206,4.776632302405499,-1.776632302405499
65_17,5,0,291,278,0.01718213058419244,0.0,-0.01718213058419244,4.776632302405499,-4.776632302405499
65_18,3,6,291,278,0.010309278350515464,0.02158273381294964,0.011273455462434178,2.865979381443299,3.134020618556701
65_19,3,4,291,278,0.010309278350515464,0.014388489208633094,0.0040792108581176306,2.865979381443299,1.134020618556701
65_2,0,0,216,176,0.0,0.0,0.0,0.0,0.0
65_20,2,2,291,278,0.006872852233676976,0.007194244604316547,0.0003213923706395713,1.9106529209621992,0.08934707903780081
65_21,6,7,291,278,0.020618556701030927,0.025179856115107913,0.004561299414076986,5.731958762886598,1.268041237113402
65_22,5,5,291,278,0.01718213058419244,0.017985611510791366,0.0008034809265989248,4.776632302405499,0.22336769759450092
65_23,5,3,291,348,0.01718213058419244,0.008620689655172414,-0.008561440929020028,5.979381443298969,-2.979381443298969
65_24,23,9,291,312,0.07903780068728522,0.028846153846153848,-0.05019164684113137,24.659793814432987,-15.659793814432987
65_25,37,14,353,310,0.1048158640226629,0.04516129032258064,-0.05965457370008225,32.492917847025495,-18.492917847025495
65_26,5,11,367,345,0.013623978201634877,0.03188405797101449,0.018260079769379614,4.700272479564033,6.299727520435967
65_27,7,6,291,313,0.024054982817869417,0.019169329073482427,-0.00488565374438699,7.529209621993128,-1.529209621993128
65_28,6,6,367,312,0.01634877384196185,0.019230769230769232,0.0028819953888073804,5.100817438692098,0.8991825613079021
65_29,5,8,366,311,0.01366120218579235,0.02572347266881029,0.01206227048301794,4.248633879781421,3.751366120218579
65_3,0,0,216,247,0.0,0.0,0.0,0.0,0.0
65_30,3,5,215,205,0.013953488372093023,0.024390243902439025,0.010436755530346002,2.8604651162790695,2.1395348837209305
65_31,4,5,215,205,0.018604651162790697,0.024390243902439025,0.005785592739648328,3.813953488372093,1.1860465116279069
65_32,5,4,215,205,0.023255813953488372,0.01951219512195122,-0.0037436188315371523,4.767441860465116,-0.7674418604651159
65_33,2,7,215,205,0.009302325581395349,0.03414634146341464,0.024844015882019288,1.9069767441860466,5.093023255813954
65_34,5,4,140,136,0.03571428571428571,0.029411764705882353,-0.00630252100840336,4.857142857142857,-0.8571428571428568
65_35,5,7,140,136,0.03571428571428571,0.051470588235294115,0.015756302521008403,4.857142857142857,2.1428571428571432
65_36,0,0,140,136,0.0,0.0,0.0,0.0,0.0
65_37,0,0,140,136,0.0,0.0,0.0,0.0,0.0
65_38,0,0,140,136,0.0,0.0,0.0,0.0,0.0
65_39,0,0,140,136,0.0,0.0,0.0,0.0,0.0
65_4,0,0,216,247,0.0,0.0,0.0,0.0,0.0
65_40,0,0,140,136,0.0,0.0,0.0,0.0,0.0
65_41,0,0,140,136,0.0,0.0,0.0,0.0,0.0
65_42,0,0,202,169,0.0,0.0,0.0,0.0,0.0
65_43,0,0,140,101,0.0,0.0,0.0,0.0,0.0
65_44,0,0,140,101,0.0,0.0,0.0,0.0,0.0
65_45,0,0,216,136,0.0,0.0,0.0,0.0,0.0
65_46,0,0,141,101,0.0,0.0,0.0,0.0,0.0
65_47,0,0,140,101,0.0,0.0,0.0,0.0,0.0
65_48,0,0,140,68,0.0,0.0,0.0,0.0,0.0
65_49,0,0,140,68,0.0,0.0,0.0,0.0,0.0
65_5,0,0,216,247,0.0,0.0,0.0,0.0,0.0
65_50,0,0,141,68,0.0,0.0,0.0,0.0,0.0
65_51,0,0,140,68,0.0,0.0,0.0,0.0,0.0
65_52,0,0,140,68,0.0,0.0,0.0,0.0,0.0
65_53,0,0,140,68,0.0,0.0,0.0,0.0,0.0
65_54,0,0,140,68,0.0,0.0,0.0,0.0,0.0
65_55,0,0,140,68,0.0,0.0,0.0,0.0,0.0
65_56,0,0,140,68,0.0,0.0,0.0,0.0,0.0
65_57,0,0,140,68,0.0,0.0,0.0,0.0,0.0
65_58,0,0,140,68,0.0,0.0,0.0,0.0,0.0
65_59,0,0,153,80,0.0,0.0,0.0,0.0,0.0
65_6,0,0,216,247,0.0,0.0,0.0,0.0,0.0
65_60,0,0,202,101,0.0,0.0,0.0,0.0,0.0
65_61,0,0,140,68,0.0,0.0,0.0,0.0,0.0
65_62,0,0,215,103,0.0,0.0,0.0,0.0,0.0
65_63,0,0,142,72,0.0,0.0,0.0,0.0,0.0
65_64,0,0,141,68,0.0,0.0,0.0,0.0,0.0
65_65,0,0,140,68,0.0,0.0,0.0,0.0,0.0
65_66,0,0,140,68,0.0,0.0,0.0,0.0,0.0
65_67,0,0,141,68,0.0,0.0,0.0,0.0,0.0
65_68,0,0,140,68,0.0,0.0,0.0,0.0,0.0
65_69,0,0,140,68,0.0,0.0,0.0,0.0,0.0
65_7,0,0,216,252,0.0,0.0,0.0,0.0,0.0
65_70,0,0,140,68,0.0,0.0,0.0,0.0,0.0
65_71,0,0,140,68,0.0,0.0,0.0,0.0,0.0
65_72,0,0,140,68,0.0,0.0,0.0,0.0,0.0
65_73,0,0,140,68,0.0,0.0,0.0,0.0,0.0
65_74,0,0,140,68,0.0,0.0,0.0,0.0,0.0
65_75,0,0,140,68,0.0,0.0,0.0,0.0,0.0
65_76,0,0,140,68,0.0,0.0,0.0,0.0,0.0
65_77,0,0,202,101,0.0,0.0,0.0,0.0,0.0
65_8,0,0,278,280,0.0,0.0,0.0,0.0,0.0
65_9,1,10,216,284,0.004629629629629629,0.035211267605633804,0.030581637976004175,1.3148148148148147,8.685185185185185
66_0,0,0,154,110,0.0,0.0,0.0,0.0,0.0
66_1,0,0,152,110,0.0,0.0,0.0,0.0,0.0
66_10,3,1,367,345,0.008174386920980926,0.002898550724637681,-0.0052758361963432445,2.8201634877384194,-1.8201634877384194
66_11,8,6,367,313,0.021798365122615803,0.019169329073482427,-0.0026290360491333757,6.822888283378746,-0.8228882833787461
66_12,4,9,364,313,0.01098901098901099,0.02875399361022364,0.01776498262121265,3.4395604395604398,5.56043956043956
66_13,2,17,290,278,0.006896551724137931,0.06115107913669065,0.05425452741255272,1.9172413793103449,15.082758620689654
66_14,5,3,290,278,0.017241379310344827,0.01079136690647482,-0.006450012403870007,4.793103448275862,-1.793103448275862
66_15,3,7,292,278,0.010273972602739725,0.025179856115107913,0.014905883512368188,2.8561643835616435,4.1438356164383565
66_16,5,6,291,278,0.01718213058419244,0.02158273381294964,0.0044006032287572,4.776632302405499,1.223367697594501
66_17,3,1,291,278,0.010309278350515464,0.0035971223021582736,-0.00671215604835719,2.865979381443299,-1.865979381443299
66_18,8,3,291,278,0.027491408934707903,0.01079136690647482,-0.01670004202823308,7.642611683848797,-4.642611683848797
66_19,2,2,291,278,0.006872852233676976,0.007194244604316547,0.0003213923706395713,1.9106529209621992,0.08934707903780081
66_2,0,0,152,110,0.0,0.0,0.0,0.0,0.0
66_20,8,4,291,278,0.027491408934707903,0.014388489208633094,-0.013102919726074809,7.642611683848797,-3.6426116838487967
66_21,9,9,291,278,0.030927835051546393,0.03237410071942446,0.0014462656678780675,8.597938144329897,0.40206185567010344
66_22,13,15,291,278,0.044673539518900345,0.0539568345323741,0.009283295013473754,12.419243986254296,2.580756013745704
66_23,8,3,291,313,0.027491408934707903,0.009584664536741214,-0.01790674439796669,8.604810996563574,-5.6048109965635735
66_24,29,12,291,312,0.09965635738831616,0.038461538461538464,-0.061194818926777694,31.092783505154642,-19.092783505154642
66_25,14,13,353,310,0.039660056657223795,0.041935483870967745,0.0022754272137439496,12.294617563739376,0.7053824362606242
66_26,13,11,367,345,0.035422343324250684,0.03188405797101449,-0.0035382853532361924,12.220708446866485,-1.2207084468664853
66_27,5,5,291,313,0.01718213058419244,0.01597444089456869,-0.0012076896896237518,5.378006872852234,-0.3780068728522341
66_28,8,4,292,242,0.0273972602739726,0.01652892561983471,-0.01086833465413789,6.63013698630137,-2.6301369863013697
66_29,11,6,217,207,0.05069124423963134,0.028985507246376812,-0.021705736993254527,10.493087557603687,-4.493087557603687
66_3,0,0,216,211,0.0,0.0,0.0,0.0,0.0
66_30,7,7,216,207,0.032407407407407406,0.033816425120772944,0.0014090177133655388,6.708333333333333,0.29166666666666696
66_31,5,9,216,207,0.023148148148148147,0.043478260869565216,0.02033011272141707,4.791666666666666,4.208333333333334
66_32,6,5,217,207,0.027649769585253458,0.024154589371980676,-0.003495180213272782,5.723502304147466,-0.7235023041474662
66_33,5,6,217,207,0.02304147465437788,0.028985507246376812,0.005944032591998931,4.7695852534562215,1.2304147465437785
66_34,4,8,216,207,0.018518518518518517,0.03864734299516908,0.020128824476650563,3.833333333333333,4.166666666666667
66_35,4,4,216,207,0.018518518518518517,0.01932367149758454,0.0008051529790660227,3.833333333333333,0.16666666666666696
66_36,0,0,140,136,0.0,0.0,0.0,0.0,0.0
66_37,0,0,140,136,0.0,0.0,0.0,0.0,0.0
66_38,0,0,140,136,0.0,0.0,0.0,0.0,0.0
66_39,0,0,140,136,0.0,0.0,0.0,0.0,0.0
66_4,0,0,216,247,0.0,0.0,0.0,0.0,0.0
66_40,0,0,140,136,0.0,0.0,0.0,0.0,0.0
66_41,0,0,140,136,0.0,0.0,0.0,0.0,0.0
66_42,0,0,202,169,0.0,0.0,0.0,0.0,0.0
66_43,0,0,140,135,0.0,0.0,0.0,0.0,0.0
66_44,0,0,140,101,0.0,0.0,0.0,0.0,0.0
66_45,0,0,216,136,0.0,0.0,0.0,0.0,0.0
66_46,0,0,142,103,0.0,0.0,0.0,0.0,0.0
66_47,0,0,140,68,0.0,0.0,0.0,0.0,0.0
66_48,0,0,140,68,0.0,0.0,0.0,0.0,0.0
66_49,0,0,140,68,0.0,0.0,0.0,0.0,0.0
66_5,0,0,216,247,0.0,0.0,0.0,0.0,0.0
66_50,0,0,141,68,0.0,0.0,0.0,0.0,0.0
66_51,0,0,140,68,0.0,0.0,0.0,0.0,0.0
66_52,0,0,140,68,0.0,0.0,0.0,0.0,0.0
66_53,0,0,140,68,0.0,0.0,0.0,0.0,0.0
66_54,0,0,140,68,0.0,0.0,0.0,0.0,0.0
66_55,0,0,140,68,0.0,0.0,0.0,0.0,0.0
66_56,0,0,140,68,0.0,0.0,0.0,0.0,0.0
66_57,0,0,140,68,0.0,0.0,0.0,0.0,0.0
66_58,0,0,140,68,0.0,0.0,0.0,0.0,0.0
66_59,0,0,202,101,0.0,0.0,0.0,0.0,0.0
66_6,0,0,216,247,0.0,0.0,0.0,0.0,0.0
66_60,0,0,202,96,0.0,0.0,0.0,0.0,0.0
66_61,0,0,140,68,0.0,0.0,0.0,0.0,0.0
66_62,0,0,215,99,0.0,0.0,0.0,0.0,0.0
66_63,0,0,217,103,0.0,0.0,0.0,0.0,0.0
66_64,0,0,140,68,0.0,0.0,0.0,0.0,0.0
66_65,0,0,140,68,0.0,0.0,0.0,0.0,0.0
66_66,0,0,140,68,0.0,0.0,0.0,0.0,0.0
66_67,0,0,141,68,0.0,0.0,0.0,0.0,0.0
66_68,0,0,140,68,0.0,0.0,0.0,0.0,0.0
66_69,0,0,140,68,0.0,0.0,0.0,0.0,0.0
66_7,0,0,278,280,0.0,0.0,0.0,0.0,0.0
66_70,0,0,140,68,0.0,0.0,0.0,0.0,0.0
66_71,0,0,140,68,0.0,0.0,0.0,0.0,0.0
66_72,0,0,140,68,0.0,0.0,0.0,0.0,0.0
66_73,0,0,140,68,0.0,0.0,0.0,0.0,0.0
66_74,0,0,140,68,0.0,0.0,0.0,0.0,0.0
66_75,0,0,140,68,0.0,0.0,0.0,0.0,0.0
66_76,0,0,140,73,0.0,0.0,0.0,0.0,0.0
66_77,0,0,202,101,0.0,0.0,0.0,0.0,0.0
66_8,0,0,278,279,0.0,0.0,0.0,0.0,0.0
66_9,0,0,216,284,0.0,0.0,0.0,0.0,0.0
67_0,0,0,154,110,0.0,0.0,0.0,0.0,0.0
67_1,0,0,152,110,0.0,0.0,0.0,0.0,0.0
67_10,0,0,292,314,0.0,0.0,0.0,0.0,0.0
67_11,4,1,367,313,0.010899182561307902,0.003194888178913738,-0.007704294382394164,3.411444141689373,-2.411444141689373
67_12,1,3,364,313,0.0027472527472527475,0.009584664536741214,0.006837411789488466,0.8598901098901099,2.14010989010989
67_13,3,3,290,278,0.010344827586206896,0.01079136690647482,0.0004465393202679243,2.875862068965517,0.124137931034483
67_14,3,4,290,278,0.010344827586206896,0.014388489208633094,0.004043661622426198,2.875862068965517,1.124137931034483
67_15,4,6,291,278,0.013745704467353952,0.02158273381294964,0.00783702934559569,3.8213058419243984,2.1786941580756016
67_16,4,2,291,278,0.013745704467353952,0.007194244604316547,-0.0065514598630374045,3.8213058419243984,-1.8213058419243984
67_17,6,1,291,278,0.020618556701030927,0.0035971223021582736,-0.017021434398872652,5.731958762886598,-4.731958762886598
67_18,2,4,291,278,0.006872852233676976,0.014388489208633094,0.0075156369749561185,1.9106529209621992,2.089347079037801
67_19,7,3,291,278,0.024054982817869417,0.01079136690647482,-0.013263615911394596,6.687285223367698,-3.687285223367698
67_2,0,0,152,110,0.0,0.0,0.0,0.0,0.0
67_20,6,3,291,278,0.020618556701030927,0.01079136690647482,-0.009827189794556107,5.731958762886598,-2.731958762886598
67_21,10,9,291,278,0.03436426116838488,0.03237410071942446,-0.001990160448960422,9.553264604810998,-0.5532646048109982
67_22,41,28,216,207,0.18981481481481483,0.13526570048309178,-0.05454911433172305,39.29166666666667,-11.291666666666671
67_23,11,10,216,207,0.05092592592592592,0.04830917874396135,-0.002616747181964571,10.541666666666666,-0.5416666666666661
67_24,20,12,234,260,0.08547008547008547,0.046153846153846156,-0.039316239316239315,22.22222222222222,-10.222222222222221
67_25,9,6,278,244,0.03237410071942446,0.02459016393442623,-0.007783936784998231,7.899280575539568,-1.899280575539568
67_26,13,2,292,275,0.04452054794520548,0.007272727272727273,-0.037247820672478206,12.243150684931507,-10.243150684931507
67_27,6,8,216,243,0.027777777777777776,0.03292181069958848,0.005144032921810704,6.75,1.25
67_28,7,8,293,242,0.023890784982935155,0.03305785123966942,0.009167066256734267,5.7815699658703075,2.2184300341296925
67_29,6,8,217,207,0.027649769585253458,0.03864734299516908,0.010997573409915622,5.723502304147466,2.276497695852534
67_3,0,0,152,145,0.0,0.0,0.0,0.0,0.0
67_30,6,13,216,207,0.027777777777777776,0.06280193236714976,0.035024154589371984,5.75,7.25
67_31,5,11,216,207,0.023148148148148147,0.05314009661835749,0.02999194847020934,4.791666666666666,6.208333333333334
67_32,8,8,217,207,0.03686635944700461,0.03864734299516908,0.001780983548164472,7.631336405529954,0.36866359447004626
67_33,10,13,216,207,0.046296296296296294,0.06280193236714976,0.016505636070853466,9.583333333333332,3.416666666666668
67_34,1,9,216,207,0.004629629629629629,0.043478260869565216,0.03884863123993559,0.9583333333333333,8.041666666666666
67_35,0,0,216,207,0.0,0.0,0.0,0.0,0.0
67_36,0,0,216,207,0.0,0.0,0.0,0.0,0.0
67_37,0,0,216,207,0.0,0.0,0.0,0.0,0.0
67_38,0,0,216,207,0.0,0.0,0.0,0.0,0.0
67_39,0,0,216,207,0.0,0.0,0.0,0.0,0.0
67_4,0,0,152,181,0.0,0.0,0.0,0.0,0.0
67_40,0,0,216,207,0.0,0.0,0.0,0.0,0.0
67_41,0,0,216,207,0.0,0.0,0.0,0.0,0.0
67_42,0,0,202,172,0.0,0.0,0.0,0.0,0.0
67_43,0,0,140,136,0.0,0.0,0.0,0.0,0.0
67_44,0,0,140,101,0.0,0.0,0.0,0.0,0.0
67_45,0,0,215,136,0.0,0.0,0.0,0.0,0.0
67_46,0,0,185,125,0.0,0.0,0.0,0.0,0.0
67_47,0,0,140,68,0.0,0.0,0.0,0.0,0.0
67_48,0,0,140,68,0.0,0.0,0.0,0.0,0.0
67_49,0,0,141,68,0.0,0.0,0.0,0.0,0.0
67_5,0,0,152,181,0.0,0.0,0.0,0.0,0.0
67_50,0,0,141,68,0.0,0.0,0.0,0.0,0.0
67_51,0,0,140,68,0.0,0.0,0.0,0.0,0.0
67_52,0,0,140,68,0.0,0.0,0.0,0.0,0.0
67_53,0,0,140,68,0.0,0.0,0.0,0.0,0.0
67_54,0,0,140,68,0.0,0.0,0.0,0.0,0.0
67_55,0,0,140,68,0.0,0.0,0.0,0.0,0.0
67_56,0,0,140,68,0.0,0.0,0.0,0.0,0.0
67_57,0,0,140,68,0.0,0.0,0.0,0.0,0.0
67_58,0,0,140,68,0.0,0.0,0.0,0.0,0.0
67_59,0,0,202,101,0.0,0.0,0.0,0.0,0.0
67_6,0,0,152,181,0.0,0.0,0.0,0.0,0.0
67_60,0,0,140,68,0.0,0.0,0.0,0.0,0.0
67_61,0,0,140,68,0.0,0.0,0.0,0.0,0.0
67_62,0,0,140,68,0.0,0.0,0.0,0.0,0.0
67_63,0,0,217,103,0.0,0.0,0.0,0.0,0.0
67_64,0,0,140,68,0.0,0.0,0.0,0.0,0.0
67_65,0,0,140,68,0.0,0.0,0.0,0.0,0.0
67_66,0,0,140,68,0.0,0.0,0.0,0.0,0.0
67_67,0,0,141,68,0.0,0.0,0.0,0.0,0.0
67_68,0,0,140,68,0.0,0.0,0.0,0.0,0.0
67_69,0,0,140,68,0.0,0.0,0.0,0.0,0.0
67_7,0,0,152,181,0.0,0.0,0.0,0.0,0.0
67_70,0,0,140,68,0.0,0.0,0.0,0.0,0.0
67_71,0,0,140,68,0.0,0.0,0.0,0.0,0.0
67_72,0,0,140,68,0.0,0.0,0.0,0.0,0.0
67_73,0,0,140,68,0.0,0.0,0.0,0.0,0.0
67_74,0,0,140,68,0.0,0.0,0.0,0.0,0.0
67_75,0,0,140,68,0.0,0.0,0.0,0.0,0.0
67_76,0,0,202,101,0.0,0.0,0.0,0.0,0.0
67_77,0,0,202,96,0.0,0.0,0.0,0.0,0.0
67_8,0,0,216,251,0.0,0.0,0.0,0.0,0.0
67_9,0,0,216,280,0.0,0.0,0.0,0.0,0.0
68_0,0,0,154,110,0.0,0.0,0.0,0.0,0.0
68_1,0,0,153,110,0.0,0.0,0.0,0.0,0.0
68_10,0,0,228,248,0.0,0.0,0.0,0.0,0.0
68_11,0,0,302,247,0.0,0.0,0.0,0.0,0.0
68_12,4,0,300,247,0.013333333333333334,0.0,-0.013333333333333334,3.2933333333333334,-3.2933333333333334
68_13,0,0,290,278,0.0,0.0,0.0,0.0,0.0
68_14,0,3,290,278,0.0,0.01079136690647482,0.01079136690647482,0.0,3.0
68_15,3,5,291,278,0.010309278350515464,0.017985611510791366,0.007676333160275902,2.865979381443299,2.134020618556701
68_16,3,5,216,207,0.013888888888888888,0.024154589371980676,0.010265700483091788,2.875,2.125
68_17,5,5,216,207,0.023148148148148147,0.024154589371980676,0.0010064412238325292,4.791666666666666,0.20833333333333393
68_18,8,4,216,207,0.037037037037037035,0.01932367149758454,-0.017713365539452495,7.666666666666666,-3.666666666666666
68_19,7,4,216,207,0.032407407407407406,0.01932367149758454,-0.013083735909822865,6.708333333333333,-2.708333333333333
68_2,0,0,152,110,0.0,0.0,0.0,0.0,0.0
68_20,10,12,216,207,0.046296296296296294,0.057971014492753624,0.01167471819645733,9.583333333333332,2.416666666666668
68_21,6,7,216,207,0.027777777777777776,0.033816425120772944,0.006038647342995168,5.75,1.25
68_22,18,11,216,207,0.08333333333333333,0.05314009661835749,-0.03019323671497584,17.25,-6.25
68_23,33,24,216,207,0.1527777777777778,0.11594202898550725,-0.03683574879227054,31.625000000000004,-7.6250000000000036
68_24,13,12,278,275,0.046762589928057555,0.04363636363636364,-0.003126226291693915,12.859712230215827,-0.8597122302158269
68_25,12,7,354,270,0.03389830508474576,0.025925925925925925,-0.007972379158819837,9.152542372881356,-2.1525423728813564
68_26,8,8,292,271,0.0273972602739726,0.02952029520295203,0.0021230349289794274,7.424657534246575,0.5753424657534252
68_27,7,9,216,243,0.032407407407407406,0.037037037037037035,0.004629629629629629,7.875,1.125
68_28,16,10,293,242,0.05460750853242321,0.04132231404958678,-0.01328519448283643,13.215017064846416,-3.215017064846416
68_29,4,12,217,211,0.018433179723502304,0.05687203791469194,0.03843885819118964,3.889400921658986,8.110599078341014
68_3,0,0,152,110,0.0,0.0,0.0,0.0,0.0
68_30,4,5,216,207,0.018518518518518517,0.024154589371980676,0.0056360708534621586,3.833333333333333,1.166666666666667
68_31,6,9,216,207,0.027777777777777776,0.043478260869565216,0.01570048309178744,5.75,3.25
68_32,5,10,217,207,0.02304147465437788,0.04830917874396135,0.02526770408958347,4.7695852534562215,5.2304147465437785
68_33,4,5,216,207,0.018518518518518517,0.024154589371980676,0.0056360708534621586,3.833333333333333,1.166666666666667
68_34,0,0,216,207,0.0,0.0,0.0,0.0,0.0
68_35,0,0,216,207,0.0,0.0,0.0,0.0,0.0
68_36,0,0,216,207,0.0,0.0,0.0,0.0,0.0
68_37,0,0,216,207,0.0,0.0,0.0,0.0,0.0
68_38,0,0,216,207,0.0,0.0,0.0,0.0,0.0
68_39,0,0,216,207,0.0,0.0,0.0,0.0,0.0
68_4,0,0,152,181,0.0,0.0,0.0,0.0,0.0
68_40,0,0,216,207,0.0,0.0,0.0,0.0,0.0
68_41,0,0,216,212,0.0,0.0,0.0,0.0,0.0
68_42,0,0,278,244,0.0,0.0,0.0,0.0,0.0
68_43,0,0,292,242,0.0,0.0,0.0,0.0,0.0
68_44,0,0,216,172,0.0,0.0,0.0,0.0,0.0
68_45,0,0,257,192,0.0,0.0,0.0,0.0,0.0
68_46,0,0,293,207,0.0,0.0,0.0,0.0,0.0
68_47,0,0,216,103,0.0,0.0,0.0,0.0,0.0
68_48,0,0,154,84,0.0,0.0,0.0,0.0,0.0
68_49,0,0,141,68,0.0,0.0,0.0,0.0,0.0
68_5,0,0,152,181,0.0,0.0,0.0,0.0,0.0
68_50,0,0,141,68,0.0,0.0,0.0,0.0,0.0
68_51,0,0,140,68,0.0,0.0,0.0,0.0,0.0
68_52,0,0,140,68,0.0,0.0,0.0,0.0,0.0
68_53,0,0,140,68,0.0,0.0,0.0,0.0,0.0
68_54,0,0,140,68,0.0,0.0,0.0,0.0,0.0
68_55,0,0,140,68,0.0,0.0,0.0,0.0,0.0
68_56,0,0,140,68,0.0,0.0,0.0,0.0,0.0
68_57,0,0,140,68,0.0,0.0,0.0,0.0,0.0
68_58,0,0,140,68,0.0,0.0,0.0,0.0,0.0
68_59,0,0,202,101,0.0,0.0,0.0,0.0,0.0
68_6,0,0,152,181,0.0,0.0,0.0,0.0,0.0
68_60,0,0,140,68,0.0,0.0,0.0,0.0,0.0
68_61,0,0,140,68,0.0,0.0,0.0,0.0,0.0
68_62,0,0,140,68,0.0,0.0,0.0,0.0,0.0
68_63,0,0,217,103,0.0,0.0,0.0,0.0,0.0
68_64,0,0,140,68,0.0,0.0,0.0,0.0,0.0
68_65,0,0,140,68,0.0,0.0,0.0,0.0,0.0
68_66,0,0,140,68,0.0,0.0,0.0,0.0,0.0
68_67,0,0,141,68,0.0,0.0,0.0,0.0,0.0
68_68,0,0,140,68,0.0,0.0,0.0,0.0,0.0
68_69,0,0,140,68,0.0,0.0,0.0,0.0,0.0
68_7,0,0,152,181,0.0,0.0,0.0,0.0,0.0
68_70,0,0,140,68,0.0,0.0,0.0,0.0,0.0
68_71,0,0,140,68,0.0,0.0,0.0,0.0,0.0
68_72,0,0,140,68,0.0,0.0,0.0,0.0,0.0
68_73,0,0,140,68,0.0,0.0,0.0,0.0,0.0
68_74,0,0,140,68,0.0,0.0,0.0,0.0,0.0
68_75,0,0,140,68,0.0,0.0,0.0,0.0,0.0
68_76,0,0,202,101,0.0,0.0,0.0,0.0,0.0
68_77,0,0,140,68,0.0,0.0,0.0,0.0,0.0
68_8,0,0,152,185,0.0,0.0,0.0,0.0,0.0
68_9,0,0,228,213,0.0,0.0,0.0,0.0,0.0
69_0,0,0,153,110,0.0,0.0,0.0,0.0,0.0
69_1,0,0,154,110,0.0,0.0,0.0,0.0,0.0
69_10,0,0,152,177,0.0,0.0,0.0,0.0,0.0
69_11,0,0,228,176,0.0,0.0,0.0,0.0,0.0
69_12,0,0,153,141,0.0,0.0,0.0,0.0,0.0
69_13,1,6,152,141,0.006578947368421052,0.0425531914893617,0.03597424412094065,0.9276315789473684,5.072368421052632
69_14,0,1,152,141,0.0,0.0070921985815602835,0.0070921985815602835,0.0,1.0
69_15,1,1,152,141,0.006578947368421052,0.0070921985815602835,0.0005132512131392312,0.9276315789473684,0.07236842105263164
69_16,2,3,152,141,0.013157894736842105,0.02127659574468085,0.008118701007838746,1.8552631578947367,1.1447368421052633
69_17,5,2,152,141,0.03289473684210526,0.014184397163120567,-0.018710339678984694,4.638157894736842,-2.6381578947368416
69_18,4,2,213,206,0.018779342723004695,0.009708737864077669,-0.009070604858927026,3.868544600938967,-1.868544600938967
69_19,4,5,216,207,0.018518518518518517,0.024154589371980676,0.0056360708534621586,3.833333333333333,1.166666666666667
69_2,0,0,152,110,0.0,0.0,0.0,0.0,0.0
69_20,1,9,216,207,0.004629629629629629,0.043478260869565216,0.03884863123993559,0.9583333333333333,8.041666666666666
69_21,9,5,216,207,0.041666666666666664,0.024154589371980676,-0.01751207729468599,8.625,-3.625
69_22,4,5,216,207,0.018518518518518517,0.024154589371980676,0.0056360708534621586,3.833333333333333,1.166666666666667
69_23,13,4,216,207,0.06018518518518518,0.01932367149758454,-0.040861513687600645,12.458333333333332,-8.458333333333332
69_24,17,10,278,275,0.06115107913669065,0.03636363636363636,-0.024787442773054287,16.81654676258993,-6.81654676258993
69_25,8,9,292,275,0.0273972602739726,0.03272727272727273,0.005330012453300129,7.534246575342466,1.4657534246575343
69_26,4,7,216,240,0.018518518518518517,0.029166666666666667,0.01064814814814815,4.444444444444445,2.5555555555555554
69_27,4,7,216,243,0.018518518518518517,0.02880658436213992,0.010288065843621401,4.5,2.5
69_28,10,7,292,238,0.03424657534246575,0.029411764705882353,-0.004834810636583399,8.150684931506849,-1.1506849315068486
69_29,7,9,292,242,0.023972602739726026,0.0371900826446281,0.013217479904902074,5.801369863013698,3.198630136986302
69_3,0,0,152,110,0.0,0.0,0.0,0.0,0.0
69_30,1,6,216,207,0.004629629629629629,0.028985507246376812,0.024355877616747183,0.9583333333333333,5.041666666666667
69_31,3,6,216,207,0.013888888888888888,0.028985507246376812,0.015096618357487924,2.875,3.125
69_32,7,5,217,207,0.03225806451612903,0.024154589371980676,-0.008103475144148355,6.677419354838709,-1.677419354838709
69_33,2,6,216,207,0.009259259259259259,0.028985507246376812,0.019726247987117553,1.9166666666666665,4.083333333333334
69_34,1,0,216,207,0.004629629629629629,0.0,-0.004629629629629629,0.9583333333333333,-0.9583333333333333
69_35,0,0,216,207,0.0,0.0,0.0,0.0,0.0
69_36,0,0,216,207,0.0,0.0,0.0,0.0,0.0
69_37,0,0,216,207,0.0,0.0,0.0,0.0,0.0
69_38,0,0,216,207,0.0,0.0,0.0,0.0,0.0
69_39,0,0,216,207,0.0,0.0,0.0,0.0,0.0
69_4,0,0,152,146,0.0,0.0,0.0,0.0,0.0
69_40,0,0,216,207,0.0,0.0,0.0,0.0,0.0
69_41,0,0,278,240,0.0,0.0,0.0,0.0,0.0
69_42,0,0,354,271,0.0,0.0,0.0,0.0,0.0
69_43,0,0,292,238,0.0,0.0,0.0,0.0,0.0
69_44,0,0,216,172,0.0,0.0,0.0,0.0,0.0
69_45,0,0,217,172,0.0,0.0,0.0,0.0,0.0
69_46,0,0,293,207,0.0,0.0,0.0,0.0,0.0
69_47,0,0,216,103,0.0,0.0,0.0,0.0,0.0
69_48,0,0,216,103,0.0,0.0,0.0,0.0,0.0
69_49,0,0,217,103,0.0,0.0,0.0,0.0,0.0
69_5,0,0,152,181,0.0,0.0,0.0,0.0,0.0
69_50,0,0,216,103,0.0,0.0,0.0,0.0,0.0
69_51,0,0,216,103,0.0,0.0,0.0,0.0,0.0
69_52,0,0,216,103,0.0,0.0,0.0,0.0,0.0
69_53,0,0,216,103,0.0,0.0,0.0,0.0,0.0
69_54,0,0,141,72,0.0,0.0,0.0,0.0,0.0
69_55,0,0,140,68,0.0,0.0,0.0,0.0,0.0
69_56,0,0,140,68,0.0,0.0,0.0,0.0,0.0
69_57,0,0,140,68,0.0,0.0,0.0,0.0,0.0
69_58,0,0,140,68,0.0,0.0,0.0,0.0,0.0
69_59,0,0,202,101,0.0,0.0,0.0,0.0,0.0
69_6,0,0,152,181,0.0,0.0,0.0,0.0,0.0
69_60,0,0,140,68,0.0,0.0,0.0,0.0,0.0
69_61,0,0,140,68,0.0,0.0,0.0,0.0,0.0
69_62,0,0,140,68,0.0,0.0,0.0,0.0,0.0
69_63,0,0,217,103,0.0,0.0,0.0,0.0,0.0
69_64,0,0,140,68,0.0,0.0,0.0,0.0,0.0
69_65,0,0,140,68,0.0,0.0,0.0,0.0,0.0
69_66,0,0,141,68,0.0,0.0,0.0,0.0,0.0
69_67,0,0,141,68,0.0,0.0,0.0,0.0,0.0
69_68,0,0,140,68,0.0,0.0,0.0,0.0,0.0
69_69,0,0,140,68,0.0,0.0,0.0,0.0,0.0
69_7,0,0,152,181,0.0,0.0,0.0,0.0,0.0
69_70,0,0,140,68,0.0,0.0,0.0,0.0,0.0
69_71,0,0,140,68,0.0,0.0,0.0,0.0,0.0
69_72,0,0,140,68,0.0,0.0,0.0,0.0,0.0
69_73,0,0,140,68,0.0,0.0,0.0,0.0,0.0
69_74,0,0,140,68,0.0,0.0,0.0,0.0,0.0
69_75,0,0,140,68,0.0,0.0,0.0,0.0,0.0
69_76,0,0,202,101,0.0,0.0,0.0,0.0,0.0
69_77,0,0,140,68,0.0,0.0,0.0,0.0,0.0
69_8,0,0,152,185,0.0,0.0,0.0,0.0,0.0
69_9,0,0,228,248,0.0,0.0,0.0,0.0,0.0
6_0,0,0,149,71,0.0,0.0,0.0,0.0,0.0
6_1,0,0,149,77,0.0,0.0,0.0,0.0,0.0
6_10,0,0,221,103,0.0,0.0,0.0,0.0,0.0
6_11,0,0,221,108,0.0,0.0,0.0,0.0,0.0
6_12,0,0,221,108,0.0,0.0,0.0,0.0,0.0
6_13,0,0,221,103,0.0,0.0,0.0,0.0,0.0
6_14,0,0,222,103,0.0,0.0,0.0,0.0,0.0
6_15,0,0,293,133,0.0,0.0,0.0,0.0,0.0
6_16,0,0,221,103,0.0,0.0,0.0,0.0,0.0
6_17,0,0,295,170,0.0,0.0,0.0,0.0,0.0
6_18,0,0,221,173,0.0,0.0,0.0,0.0,0.0
6_19,0,0,221,174,0.0,0.0,0.0,0.0,0.0
6_2,0,0,149,81,0.0,0.0,0.0,0.0,0.0
6_20,0,0,221,177,0.0,0.0,0.0,0.0,0.0
6_21,0,0,221,173,0.0,0.0,0.0,0.0,0.0
6_22,0,0,149,137,0.0,0.0,0.0,0.0,0.0
6_23,0,0,149,137,0.0,0.0,0.0,0.0,0.0
6_24,0,0,149,137,0.0,0.0,0.0,0.0,0.0
6_25,0,0,224,168,0.0,0.0,0.0,0.0,0.0
6_26,0,0,149,137,0.0,0.0,0.0,0.0,0.0
6_27,0,0,149,137,0.0,0.0,0.0,0.0,0.0
6_28,0,0,149,137,0.0,0.0,0.0,0.0,0.0
6_29,0,0,149,137,0.0,0.0,0.0,0.0,0.0
6_3,0,0,149,76,0.0,0.0,0.0,0.0,0.0
6_30,0,0,149,137,0.0,0.0,0.0,0.0,0.0
6_31,0,0,149,137,0.0,0.0,0.0,0.0,0.0
6_32,0,0,150,137,0.0,0.0,0.0,0.0,0.0
6_33,0,0,149,137,0.0,0.0,0.0,0.0,0.0
6_34,0,0,222,169,0.0,0.0,0.0,0.0,0.0
6_35,0,0,149,137,0.0,0.0,0.0,0.0,0.0
6_36,0,0,149,137,0.0,0.0,0.0,0.0,0.0
6_37,0,0,149,175,0.0,0.0,0.0,0.0,0.0
6_38,0,0,149,171,0.0,0.0,0.0,0.0,0.0
6_39,0,0,149,136,0.0,0.0,0.0,0.0,0.0
6_4,0,0,149,76,0.0,0.0,0.0,0.0,0.0
6_40,0,0,149,136,0.0,0.0,0.0,0.0,0.0
6_41,0,0,148,136,0.0,0.0,0.0,0.0,0.0
6_42,0,0,150,99,0.0,0.0,0.0,0.0,0.0
6_43,0,0,76,73,0.0,0.0,0.0,0.0,0.0
6_44,0,0,76,73,0.0,0.0,0.0,0.0,0.0
6_45,0,0,76,109,0.0,0.0,0.0,0.0,0.0
6_46,0,0,76,109,0.0,0.0,0.0,0.0,0.0
6_47,0,0,148,137,0.0,0.0,0.0,0.0,0.0
6_48,0,0,148,137,0.0,0.0,0.0,0.0,0.0
6_49,0,0,149,137,0.0,0.0,0.0,0.0,0.0
6_5,0,0,221,103,0.0,0.0,0.0,0.0,0.0
6_50,0,0,148,137,0.0,0.0,0.0,0.0,0.0
6_51,0,0,148,137,0.0,0.0,0.0,0.0,0.0
6_52,0,0,148,137,0.0,0.0,0.0,0.0,0.0
6_53,0,0,148,137,0.0,0.0,0.0,0.0,0.0
6_54,0,0,148,141,0.0,0.0,0.0,0.0,0.0
6_55,0,0,148,172,0.0,0.0,0.0,0.0,0.0
6_56,0,0,148,138,0.0,0.0,0.0,0.0,0.0
6_57,0,0,148,138,0.0,0.0,0.0,0.0,0.0
6_58,0,0,148,138,0.0,0.0,0.0,0.0,0.0
6_59,0,0,148,145,0.0,0.0,0.0,0.0,0.0
6_6,0,0,221,103,0.0,0.0,0.0,0.0,0.0
6_60,0,0,222,205,0.0,0.0,0.0,0.0,0.0
6_61,0,0,148,139,0.0,0.0,0.0,0.0,0.0
6_62,0,0,149,144,0.0,0.0,0.0,0.0,0.0
6_63,0,1,219,172,0.0,0.005813953488372093,0.005813953488372093,0.0,1.0
6_64,0,0,149,140,0.0,0.0,0.0,0.0,0.0
6_65,1,2,149,140,0.006711409395973154,0.014285714285714285,0.007574304889741131,0.9395973154362416,1.0604026845637584
6_66,1,1,149,140,0.006711409395973154,0.007142857142857143,0.0004314477468839884,0.9395973154362416,0.06040268456375841
6_67,0,0,148,140,0.0,0.0,0.0,0.0,0.0
6_68,0,0,148,140,0.0,0.0,0.0,0.0,0.0
6_69,0,0,148,140,0.0,0.0,0.0,0.0,0.0
6_7,0,0,243,120,0.0,0.0,0.0,0.0,0.0
6_70,0,0,148,140,0.0,0.0,0.0,0.0,0.0
6_71,0,0,148,144,0.0,0.0,0.0,0.0,0.0
6_72,0,0,148,144,0.0,0.0,0.0,0.0,0.0
6_73,0,0,148,140,0.0,0.0,0.0,0.0,0.0
6_74,0,0,148,140,0.0,0.0,0.0,0.0,0.0
6_75,0,0,148,140,0.0,0.0,0.0,0.0,0.0
6_76,0,0,148,140,0.0,0.0,0.0,0.0,0.0
6_77,0,0,223,135,0.0,0.0,0.0,0.0,0.0
6_8,0,0,296,134,0.0,0.0,0.0,0.0,0.0
6_9,0,0,221,103,0.0,0.0,0.0,0.0,0.0
70_0,0,0,152,110,0.0,0.0,0.0,0.0,0.0
70_1,0,0,154,110,0.0,0.0,0.0,0.0,0.0
70_10,0,0,152,141,0.0,0.0,0.0,0.0,0.0
70_11,0,0,228,176,0.0,0.0,0.0,0.0,0.0
70_12,0,0,153,145,0.0,0.0,0.0,0.0,0.0
70_13,1,1,152,141,0.006578947368421052,0.0070921985815602835,0.0005132512131392312,0.9276315789473684,0.07236842105263164
70_14,0,0,152,141,0.0,0.0,0.0,0.0,0.0
70_15,0,0,152,141,0.0,0.0,0.0,0.0,0.0
70_16,1,2,152,141,0.006578947368421052,0.014184397163120567,0.007605449794699515,0.9276315789473684,1.0723684210526316
70_17,2,6,152,141,0.013157894736842105,0.0425531914893617,0.029395296752519597,1.8552631578947367,4.144736842105264
70_18,4,3,152,141,0.02631578947368421,0.02127659574468085,-0.0050391937290033585,3.7105263157894735,-0.7105263157894735
70_19,1,1,152,141,0.006578947368421052,0.0070921985815602835,0.0005132512131392312,0.9276315789473684,0.07236842105263164
70_2,0,0,152,110,0.0,0.0,0.0,0.0,0.0
70_20,5,4,152,141,0.03289473684210526,0.028368794326241134,-0.004525942515864127,4.638157894736842,-0.6381578947368416
70_21,2,0,152,141,0.013157894736842105,0.0,-0.013157894736842105,1.8552631578947367,-1.8552631578947367
70_22,2,0,152,141,0.013157894736842105,0.0,-0.013157894736842105,1.8552631578947367,-1.8552631578947367
70_23,1,3,156,141,0.00641025641025641,0.02127659574468085,0.01486633933442444,0.9038461538461539,2.0961538461538463
70_24,9,2,278,275,0.03237410071942446,0.007272727272727273,-0.02510137344669719,8.902877697841726,-6.902877697841726
70_25,13,15,292,306,0.04452054794520548,0.049019607843137254,0.004499059897931777,13.623287671232877,1.3767123287671232
70_26,10,7,216,243,0.046296296296296294,0.02880658436213992,-0.017489711934156375,11.25,-4.25
70_27,5,13,216,243,0.023148148148148147,0.053497942386831275,0.030349794238683128,5.625,7.375
70_28,4,5,217,207,0.018433179723502304,0.024154589371980676,0.005721409648478372,3.815668202764977,1.1843317972350231
70_29,9,13,292,242,0.030821917808219176,0.05371900826446281,0.022897090456243635,7.4589041095890405,5.5410958904109595
70_3,0,0,152,110,0.0,0.0,0.0,0.0,0.0
70_30,10,13,216,207,0.046296296296296294,0.06280193236714976,0.016505636070853466,9.583333333333332,3.416666666666668
70_31,13,7,216,207,0.06018518518518518,0.033816425120772944,-0.026368760064412237,12.458333333333332,-5.458333333333332
70_32,7,10,217,207,0.03225806451612903,0.04830917874396135,0.01605111422783232,6.677419354838709,3.322580645161291
70_33,0,0,216,207,0.0,0.0,0.0,0.0,0.0
70_34,0,0,216,207,0.0,0.0,0.0,0.0,0.0
70_35,0,0,216,207,0.0,0.0,0.0,0.0,0.0
70_36,0,0,216,207,0.0,0.0,0.0,0.0,0.0
70_37,0,0,216,207,0.0,0.0,0.0,0.0,0.0
70_38,0,0,216,207,0.0,0.0,0.0,0.0,0.0
70_39,0,0,216,207,0.0,0.0,0.0,0.0,0.0
70_4,0,0,118,135,0.0,0.0,0.0,0.0,0.0
70_40,0,0,216,207,0.0,0.0,0.0,0.0,0.0
70_41,0,0,278,240,0.0,0.0,0.0,0.0,0.0
70_42,0,0,292,242,0.0,0.0,0.0,0.0,0.0
70_43,0,0,216,208,0.0,0.0,0.0,0.0,0.0
70_44,0,0,216,207,0.0,0.0,0.0,0.0,0.0
70_45,0,0,217,172,0.0,0.0,0.0,0.0,0.0
70_46,0,0,292,207,0.0,0.0,0.0,0.0,0.0
70_47,0,0,216,103,0.0,0.0,0.0,0.0,0.0
70_48,0,0,216,103,0.0,0.0,0.0,0.0,0.0
70_49,0,0,217,103,0.0,0.0,0.0,0.0,0.0
70_5,0,0,76,110,0.0,0.0,0.0,0.0,0.0
70_50,0,0,216,103,0.0,0.0,0.0,0.0,0.0
70_51,0,0,216,103,0.0,0.0,0.0,0.0,0.0
70_52,0,0,216,103,0.0,0.0,0.0,0.0,0.0
70_53,0,0,216,103,0.0,0.0,0.0,0.0,0.0
70_54,0,0,216,103,0.0,0.0,0.0,0.0,0.0
70_55,0,0,216,103,0.0,0.0,0.0,0.0,0.0
70_56,0,0,216,103,0.0,0.0,0.0,0.0,0.0
70_57,0,0,216,103,0.0,0.0,0.0,0.0,0.0
70_58,0,0,216,108,0.0,0.0,0.0,0.0,0.0
70_59,0,0,278,136,0.0,0.0,0.0,0.0,0.0
70_6,0,0,76,110,0.0,0.0,0.0,0.0,0.0
70_60,0,0,140,68,0.0,0.0,0.0,0.0,0.0
70_61,0,0,140,68,0.0,0.0,0.0,0.0,0.0
70_62,0,0,141,68,0.0,0.0,0.0,0.0,0.0
70_63,0,0,217,103,0.0,0.0,0.0,0.0,0.0
70_64,0,0,141,72,0.0,0.0,0.0,0.0,0.0
70_65,0,0,140,68,0.0,0.0,0.0,0.0,0.0
70_66,0,0,141,68,0.0,0.0,0.0,0.0,0.0
70_67,0,0,140,68,0.0,0.0,0.0,0.0,0.0
70_68,0,0,140,68,0.0,0.0,0.0,0.0,0.0
70_69,0,0,140,68,0.0,0.0,0.0,0.0,0.0
70_7,0,0,76,110,0.0,0.0,0.0,0.0,0.0
70_70,0,0,140,68,0.0,0.0,0.0,0.0,0.0
70_71,0,0,140,68,0.0,0.0,0.0,0.0,0.0
70_72,0,0,140,68,0.0,0.0,0.0,0.0,0.0
70_73,0,0,140,68,0.0,0.0,0.0,0.0,0.0
70_74,0,0,140,68,0.0,0.0,0.0,0.0,0.0
70_75,0,0,140,68,0.0,0.0,0.0,0.0,0.0
70_76,0,0,202,101,0.0,0.0,0.0,0.0,0.0
70_77,0,0,140,68,0.0,0.0,0.0,0.0,0.0
70_8,0,0,76,114,0.0,0.0,0.0,0.0,0.0
70_9,0,0,152,177,0.0,0.0,0.0,0.0,0.0
71_0,0,0,76,75,0.0,0.0,0.0,0.0,0.0
71_1,0,0,76,75,0.0,0.0,0.0,0.0,0.0
71_10,0,0,152,141,0.0,0.0,0.0,0.0,0.0
71_11,0,0,227,172,0.0,0.0,0.0,0.0,0.0
71_12,0,0,228,176,0.0,0.0,0.0,0.0,0.0
71_13,0,0,152,141,0.0,0.0,0.0,0.0,0.0
71_14,0,0,152,141,0.0,0.0,0.0,0.0,0.0
71_15,0,1,152,141,0.0,0.0070921985815602835,0.0070921985815602835,0.0,1.0
71_16,1,1,152,141,0.006578947368421052,0.0070921985815602835,0.0005132512131392312,0.9276315789473684,0.07236842105263164
71_17,2,2,152,141,0.013157894736842105,0.014184397163120567,0.0010265024262784625,1.8552631578947367,0.14473684210526327
71_18,0,2,152,141,0.0,0.014184397163120567,0.014184397163120567,0.0,2.0
71_19,1,3,152,141,0.006578947368421052,0.02127659574468085,0.014697648376259798,0.9276315789473684,2.072368421052632
71_2,0,0,76,75,0.0,0.0,0.0,0.0,0.0
71_20,4,1,152,141,0.02631578947368421,0.0070921985815602835,-0.019223590892123926,3.7105263157894735,-2.7105263157894735
71_21,6,3,152,141,0.039473684210526314,0.02127659574468085,-0.018197088465845463,5.565789473684211,-2.5657894736842106
71_22,6,4,152,141,0.039473684210526314,0.028368794326241134,-0.01110488988428518,5.565789473684211,-1.5657894736842106
71_23,4,1,152,141,0.02631578947368421,0.0070921985815602835,-0.019223590892123926,3.7105263157894735,-2.7105263157894735
71_24,4,2,152,176,0.02631578947368421,0.011363636363636364,-0.014952153110047845,4.631578947368421,-2.6315789473684212
71_25,3,11,228,211,0.013157894736842105,0.052132701421800945,0.03897480668495884,2.776315789473684,8.223684210526315
71_26,6,8,152,177,0.039473684210526314,0.04519774011299435,0.0057240559024680365,6.9868421052631575,1.0131578947368425
71_27,7,1,152,141,0.046052631578947366,0.0070921985815602835,-0.03896043299738708,6.493421052631579,-5.493421052631579
71_28,4,8,152,141,0.02631578947368421,0.05673758865248227,0.03042179917879806,3.7105263157894735,4.2894736842105265
71_29,8,8,292,242,0.0273972602739726,0.03305785123966942,0.005660590965696821,6.63013698630137,1.3698630136986303
71_3,0,0,76,75,0.0,0.0,0.0,0.0,0.0
71_30,4,5,216,207,0.018518518518518517,0.024154589371980676,0.0056360708534621586,3.833333333333333,1.166666666666667
71_31,5,12,217,207,0.02304147465437788,0.057971014492753624,0.03492953983837574,4.7695852534562215,7.2304147465437785
71_32,15,8,217,207,0.06912442396313365,0.03864734299516908,-0.030477080967964566,14.308755760368665,-6.3087557603686655
71_33,7,3,216,207,0.032407407407407406,0.014492753623188406,-0.017914653784218998,6.708333333333333,-3.708333333333333
71_34,0,0,216,207,0.0,0.0,0.0,0.0,0.0
71_35,0,0,216,207,0.0,0.0,0.0,0.0,0.0
71_36,0,0,216,207,0.0,0.0,0.0,0.0,0.0
71_37,0,0,216,207,0.0,0.0,0.0,0.0,0.0
71_38,0,0,216,207,0.0,0.0,0.0,0.0,0.0
71_39,0,0,216,207,0.0,0.0,0.0,0.0,0.0
71_4,0,0,76,110,0.0,0.0,0.0,0.0,0.0
71_40,0,0,216,207,0.0,0.0,0.0,0.0,0.0
71_41,0,0,278,240,0.0,0.0,0.0,0.0,0.0
71_42,0,0,292,242,0.0,0.0,0.0,0.0,0.0
71_43,0,0,216,207,0.0,0.0,0.0,0.0,0.0
71_44,0,0,216,207,0.0,0.0,0.0,0.0,0.0
71_45,0,0,217,172,0.0,0.0,0.0,0.0,0.0
71_46,0,0,292,171,0.0,0.0,0.0,0.0,0.0
71_47,0,0,217,103,0.0,0.0,0.0,0.0,0.0
71_48,0,0,216,103,0.0,0.0,0.0,0.0,0.0
71_49,0,0,217,103,0.0,0.0,0.0,0.0,0.0
71_5,0,0,76,110,0.0,0.0,0.0,0.0,0.0
71_50,0,0,216,103,0.0,0.0,0.0,0.0,0.0
71_51,0,0,216,103,0.0,0.0,0.0,0.0,0.0
71_52,0,0,216,103,0.0,0.0,0.0,0.0,0.0
71_53,0,0,216,103,0.0,0.0,0.0,0.0,0.0
71_54,0,0,216,103,0.0,0.0,0.0,0.0,0.0
71_55,0,0,216,103,0.0,0.0,0.0,0.0,0.0
71_56,0,0,216,103,0.0,0.0,0.0,0.0,0.0
71_57,0,0,216,103,0.0,0.0,0.0,0.0,0.0
71_58,0,0,278,136,0.0,0.0,0.0,0.0,0.0
71_59,0,0,354,166,0.0,0.0,0.0,0.0,0.0
71_6,0,0,76,110,0.0,0.0,0.0,0.0,0.0
71_60,0,0,292,134,0.0,0.0,0.0,0.0,0.0
71_61,0,0,216,103,0.0,0.0,0.0,0.0,0.0
71_62,0,0,217,103,0.0,0.0,0.0,0.0,0.0
71_63,0,0,291,138,0.0,0.0,0.0,0.0,0.0
71_64,0,0,270,128,0.0,0.0,0.0,0.0,0.0
71_65,0,0,216,103,0.0,0.0,0.0,0.0,0.0
71_66,0,0,141,68,0.0,0.0,0.0,0.0,0.0
71_67,0,0,140,68,0.0,0.0,0.0,0.0,0.0
71_68,0,0,140,68,0.0,0.0,0.0,0.0,0.0
71_69,0,0,140,68,0.0,0.0,0.0,0.0,0.0
71_7,0,0,76,114,0.0,0.0,0.0,0.0,0.0
71_70,0,0,140,68,0.0,0.0,0.0,0.0,0.0
71_71,0,0,140,68,0.0,0.0,0.0,0.0,0.0
71_72,0,0,140,68,0.0,0.0,0.0,0.0,0.0
71_73,0,0,140,68,0.0,0.0,0.0,0.0,0.0
71_74,0,0,140,68,0.0,0.0,0.0,0.0,0.0
71_75,0,0,140,68,0.0,0.0,0.0,0.0,0.0
71_76,0,0,202,101,0.0,0.0,0.0,0.0,0.0
71_77,0,0,215,103,0.0,0.0,0.0,0.0,0.0
71_8,0,0,76,114,0.0,0.0,0.0,0.0,0.0
71_9,0,0,152,177,0.0,0.0,0.0,0.0,0.0
72_0,0,0,76,75,0.0,0.0,0.0,0.0,0.0
72_1,0,0,76,75,0.0,0.0,0.0,0.0,0.0
72_10,0,0,152,141,0.0,0.0,0.0,0.0,0.0
72_11,0,0,152,141,0.0,0.0,0.0,0.0,0.0
72_12,0,0,228,176,0.0,0.0,0.0,0.0,0.0
72_13,0,0,152,141,0.0,0.0,0.0,0.0,0.0
72_14,0,0,152,141,0.0,0.0,0.0,0.0,0.0
72_15,0,0,152,141,0.0,0.0,0.0,0.0,0.0
72_16,0,2,152,141,0.0,0.014184397163120567,0.014184397163120567,0.0,2.0
72_17,3,3,152,141,0.019736842105263157,0.02127659574468085,0.0015397536394176937,2.7828947368421053,0.2171052631578947
72_18,5,0,152,141,0.03289473684210526,0.0,-0.03289473684210526,4.638157894736842,-4.638157894736842
72_19,2,2,152,141,0.013157894736842105,0.014184397163120567,0.0010265024262784625,1.8552631578947367,0.14473684210526327
72_2,0,0,76,75,0.0,0.0,0.0,0.0,0.0
72_20,2,1,152,141,0.013157894736842105,0.0070921985815602835,-0.006065696155281821,1.8552631578947367,-0.8552631578947367
72_21,2,1,152,141,0.013157894736842105,0.0070921985815602835,-0.006065696155281821,1.8552631578947367,-0.8552631578947367
72_22,6,5,152,141,0.039473684210526314,0.03546099290780142,-0.0040126913027248926,5.565789473684211,-0.5657894736842106
72_23,4,1,152,141,0.02631578947368421,0.0070921985815602835,-0.019223590892123926,3.7105263157894735,-2.7105263157894735
72_24,4,3,152,141,0.02631578947368421,0.02127659574468085,-0.0050391937290033585,3.7105263157894735,-0.7105263157894735
72_25,6,5,228,211,0.02631578947368421,0.023696682464454975,-0.0026191070092292344,5.552631578947368,-0.5526315789473681
72_26,3,5,152,177,0.019736842105263157,0.02824858757062147,0.008511745465358312,3.4934210526315788,1.5065789473684212
72_27,3,9,152,141,0.019736842105263157,0.06382978723404255,0.04409294512877939,2.7828947368421053,6.217105263157895
72_28,9,7,152,141,0.05921052631578947,0.04964539007092199,-0.009565136244867482,8.348684210526315,-1.348684210526315
72_29,14,9,228,176,0.06140350877192982,0.05113636363636364,-0.010267145135566182,10.807017543859649,-1.807017543859649
72_3,0,0,76,75,0.0,0.0,0.0,0.0,0.0
72_30,2,9,152,141,0.013157894736842105,0.06382978723404255,0.050671892497200444,1.8552631578947367,7.144736842105264
72_31,6,10,152,141,0.039473684210526314,0.07092198581560284,0.03144830160507653,5.565789473684211,4.434210526315789
72_32,5,3,152,141,0.03289473684210526,0.02127659574468085,-0.01161814109742441,4.638157894736842,-1.6381578947368416
72_33,0,1,152,141,0.0,0.0070921985815602835,0.0070921985815602835,0.0,1.0
72_34,0,0,216,207,0.0,0.0,0.0,0.0,0.0
72_35,0,0,216,207,0.0,0.0,0.0,0.0,0.0
72_36,0,0,216,207,0.0,0.0,0.0,0.0,0.0
72_37,0,0,216,207,0.0,0.0,0.0,0.0,0.0
72_38,0,0,216,207,0.0,0.0,0.0,0.0,0.0
72_39,0,0,216,207,0.0,0.0,0.0,0.0,0.0
72_4,0,0,76,110,0.0,0.0,0.0,0.0,0.0
72_40,0,0,216,207,0.0,0.0,0.0,0.0,0.0
72_41,0,0,278,240,0.0,0.0,0.0,0.0,0.0
72_42,0,0,292,242,0.0,0.0,0.0,0.0,0.0
72_43,0,0,216,207,0.0,0.0,0.0,0.0,0.0
72_44,0,0,216,207,0.0,0.0,0.0,0.0,0.0
72_45,0,0,217,172,0.0,0.0,0.0,0.0,0.0
72_46,0,0,291,138,0.0,0.0,0.0,0.0,0.0
72_47,0,0,217,107,0.0,0.0,0.0,0.0,0.0
72_48,0,0,216,103,0.0,0.0,0.0,0.0,0.0
72_49,0,0,217,103,0.0,0.0,0.0,0.0,0.0
72_5,0,0,76,110,0.0,0.0,0.0,0.0,0.0
72_50,0,0,216,103,0.0,0.0,0.0,0.0,0.0
72_51,0,0,216,103,0.0,0.0,0.0,0.0,0.0
72_52,0,0,216,103,0.0,0.0,0.0,0.0,0.0
72_53,0,0,216,103,0.0,0.0,0.0,0.0,0.0
72_54,0,0,216,103,0.0,0.0,0.0,0.0,0.0
72_55,0,0,216,103,0.0,0.0,0.0,0.0,0.0
72_56,0,0,216,103,0.0,0.0,0.0,0.0,0.0
72_57,0,0,216,103,0.0,0.0,0.0,0.0,0.0
72_58,0,0,278,136,0.0,0.0,0.0,0.0,0.0
72_59,0,0,292,138,0.0,0.0,0.0,0.0,0.0
72_6,0,0,76,110,0.0,0.0,0.0,0.0,0.0
72_60,0,0,216,103,0.0,0.0,0.0,0.0,0.0
72_61,0,0,216,103,0.0,0.0,0.0,0.0,0.0
72_62,0,0,217,103,0.0,0.0,0.0,0.0,0.0
72_63,0,0,291,134,0.0,0.0,0.0,0.0,0.0
72_64,0,0,292,138,0.0,0.0,0.0,0.0,0.0
72_65,0,0,216,103,0.0,0.0,0.0,0.0,0.0
72_66,0,0,217,103,0.0,0.0,0.0,0.0,0.0
72_67,0,0,216,103,0.0,0.0,0.0,0.0,0.0
72_68,0,0,216,103,0.0,0.0,0.0,0.0,0.0
72_69,0,0,216,103,0.0,0.0,0.0,0.0,0.0
72_7,0,0,76,114,0.0,0.0,0.0,0.0,0.0
72_70,0,0,216,103,0.0,0.0,0.0,0.0,0.0
72_71,0,0,241,117,0.0,0.0,0.0,0.0,0.0
72_72,0,0,215,103,0.0,0.0,0.0,0.0,0.0
72_73,0,0,215,103,0.0,0.0,0.0,0.0,0.0
72_74,0,0,215,103,0.0,0.0,0.0,0.0,0.0
72_75,0,0,215,108,0.0,0.0,0.0,0.0,0.0
72_76,0,0,277,136,0.0,0.0,0.0,0.0,0.0
72_77,0,0,215,103,0.0,0.0,0.0,0.0,0.0
72_8,0,0,76,110,0.0,0.0,0.0,0.0,0.0
72_9,0,0,152,177,0.0,0.0,0.0,0.0,0.0
73_0,0,0,76,75,0.0,0.0,0.0,0.0,0.0
73_1,0,0,76,75,0.0,0.0,0.0,0.0,0.0
73_10,0,0,152,141,0.0,0.0,0.0,0.0,0.0
73_11,0,0,152,141,0.0,0.0,0.0,0.0,0.0
73_12,0,0,228,176,0.0,0.0,0.0,0.0,0.0
73_13,0,0,152,141,0.0,0.0,0.0,0.0,0.0
73_14,0,0,152,141,0.0,0.0,0.0,0.0,0.0
73_15,0,0,152,141,0.0,0.0,0.0,0.0,0.0
73_16,0,0,152,141,0.0,0.0,0.0,0.0,0.0
73_17,0,1,152,141,0.0,0.0070921985815602835,0.0070921985815602835,0.0,1.0
73_18,0,0,152,141,0.0,0.0,0.0,0.0,0.0
73_19,1,3,152,141,0.006578947368421052,0.02127659574468085,0.014697648376259798,0.9276315789473684,2.072368421052632
73_2,0,0,76,75,0.0,0.0,0.0,0.0,0.0
73_20,2,7,152,141,0.013157894736842105,0.04964539007092199,0.036487495334079884,1.8552631578947367,5.144736842105264
73_21,6,2,152,141,0.039473684210526314,0.014184397163120567,-0.025289287047405747,5.565789473684211,-3.5657894736842106
73_22,7,5,152,141,0.046052631578947366,0.03546099290780142,-0.010591638671145945,6.493421052631579,-1.4934210526315788
73_23,10,3,152,141,0.06578947368421052,0.02127659574468085,-0.04451287793952967,9.276315789473683,-6.276315789473683
73_24,5,9,152,148,0.03289473684210526,0.060810810810810814,0.027916073968705553,4.868421052631579,4.131578947368421
73_25,6,4,228,211,0.02631578947368421,0.018957345971563982,-0.007358443502120227,5.552631578947368,-1.5526315789473681
73_26,1,3,152,177,0.006578947368421052,0.01694915254237288,0.010370205173951829,1.1644736842105263,1.8355263157894737
73_27,5,2,152,141,0.03289473684210526,0.014184397163120567,-0.018710339678984694,4.638157894736842,-2.6381578947368416
73_28,2,5,152,141,0.013157894736842105,0.03546099290780142,0.022303098170959317,1.8552631578947367,3.1447368421052633
73_29,7,3,228,176,0.03070175438596491,0.017045454545454544,-0.013656299840510366,5.4035087719298245,-2.4035087719298245
73_3,0,0,76,75,0.0,0.0,0.0,0.0,0.0
73_30,3,3,153,145,0.0196078431372549,0.020689655172413793,0.0010818120351588911,2.843137254901961,0.1568627450980391
73_31,7,3,152,141,0.046052631578947366,0.02127659574468085,-0.024776035834266515,6.493421052631579,-3.4934210526315788
73_32,6,3,152,141,0.039473684210526314,0.02127659574468085,-0.018197088465845463,5.565789473684211,-2.5657894736842106
73_33,3,6,152,141,0.019736842105263157,0.0425531914893617,0.022816349384098544,2.7828947368421053,3.2171052631578947
73_34,0,0,152,141,0.0,0.0,0.0,0.0,0.0
73_35,0,0,152,141,0.0,0.0,0.0,0.0,0.0
73_36,0,0,152,141,0.0,0.0,0.0,0.0,0.0
73_37,0,0,152,141,0.0,0.0,0.0,0.0,0.0
73_38,0,0,152,141,0.0,0.0,0.0,0.0,0.0
73_39,0,0,202,200,0.0,0.0,0.0,0.0,0.0
73_4,0,0,76,75,0.0,0.0,0.0,0.0,0.0
73_40,0,0,216,207,0.0,0.0,0.0,0.0,0.0
73_41,0,0,278,240,0.0,0.0,0.0,0.0,0.0
73_42,0,0,292,242,0.0,0.0,0.0,0.0,0.0
73_43,0,0,216,207,0.0,0.0,0.0,0.0,0.0
73_44,0,0,216,207,0.0,0.0,0.0,0.0,0.0
73_45,0,0,217,172,0.0,0.0,0.0,0.0,0.0
73_46,0,0,291,134,0.0,0.0,0.0,0.0,0.0
73_47,0,0,292,138,0.0,0.0,0.0,0.0,0.0
73_48,0,0,217,103,0.0,0.0,0.0,0.0,0.0
73_49,0,0,217,103,0.0,0.0,0.0,0.0,0.0
73_5,0,0,76,110,0.0,0.0,0.0,0.0,0.0
73_50,0,0,216,103,0.0,0.0,0.0,0.0,0.0
73_51,0,0,216,103,0.0,0.0,0.0,0.0,0.0
73_52,0,0,216,103,0.0,0.0,0.0,0.0,0.0
73_53,0,0,216,103,0.0,0.0,0.0,0.0,0.0
73_54,0,0,216,103,0.0,0.0,0.0,0.0,0.0
73_55,0,0,216,103,0.0,0.0,0.0,0.0,0.0
73_56,0,0,216,103,0.0,0.0,0.0,0.0,0.0
73_57,0,0,216,103,0.0,0.0,0.0,0.0,0.0
73_58,0,0,278,136,0.0,0.0,0.0,0.0,0.0
73_59,0,0,292,138,0.0,0.0,0.0,0.0,0.0
73_6,0,0,76,110,0.0,0.0,0.0,0.0,0.0
73_60,0,0,216,103,0.0,0.0,0.0,0.0,0.0
73_61,0,0,216,103,0.0,0.0,0.0,0.0,0.0
73_62,0,0,217,103,0.0,0.0,0.0,0.0,0.0
73_63,0,0,216,103,0.0,0.0,0.0,0.0,0.0
73_64,0,0,292,138,0.0,0.0,0.0,0.0,0.0
73_65,0,0,216,103,0.0,0.0,0.0,0.0,0.0
73_66,0,0,282,136,0.0,0.0,0.0,0.0,0.0
73_67,0,0,291,138,0.0,0.0,0.0,0.0,0.0
73_68,0,0,291,138,0.0,0.0,0.0,0.0,0.0
73_69,0,0,291,138,0.0,0.0,0.0,0.0,0.0
73_7,0,0,76,114,0.0,0.0,0.0,0.0,0.0
73_70,0,0,291,138,0.0,0.0,0.0,0.0,0.0
73_71,0,0,291,138,0.0,0.0,0.0,0.0,0.0
73_72,0,0,291,138,0.0,0.0,0.0,0.0,0.0
73_73,0,0,291,138,0.0,0.0,0.0,0.0,0.0
73_74,0,0,291,138,0.0,0.0,0.0,0.0,0.0
73_75,0,0,353,171,0.0,0.0,0.0,0.0,0.0
73_76,0,0,395,194,0.0,0.0,0.0,0.0,0.0
73_77,0,0,215,107,0.0,0.0,0.0,0.0,0.0
73_8,0,0,76,110,0.0,0.0,0.0,0.0,0.0
73_9,0,0,152,177,0.0,0.0,0.0,0.0,0.0
74_0,0,0,76,75,0.0,0.0,0.0,0.0,0.0
74_1,0,0,76,75,0.0,0.0,0.0,0.0,0.0
74_10,0,0,152,141,0.0,0.0,0.0,0.0,0.0
74_11,0,0,152,141,0.0,0.0,0.0,0.0,0.0
74_12,0,0,228,176,0.0,0.0,0.0,0.0,0.0
74_13,0,0,152,141,0.0,0.0,0.0,0.0,0.0
74_14,0,0,152,141,0.0,0.0,0.0,0.0,0.0
74_15,0,0,152,141,0.0,0.0,0.0,0.0,0.0
74_16,0,0,152,141,0.0,0.0,0.0,0.0,0.0
74_17,1,0,152,141,0.006578947368421052,0.0,-0.006578947368421052,0.9276315789473684,-0.9276315789473684
74_18,5,1,152,141,0.03289473684210526,0.0070921985815602835,-0.025802538260544978,4.638157894736842,-3.6381578947368416
74_19,5,0,152,141,0.03289473684210526,0.0,-0.03289473684210526,4.638157894736842,-4.638157894736842
74_2,0,0,76,75,0.0,0.0,0.0,0.0,0.0
74_20,6,5,152,141,0.039473684210526314,0.03546099290780142,-0.0040126913027248926,5.565789473684211,-0.5657894736842106
74_21,9,7,152,141,0.05921052631578947,0.04964539007092199,-0.009565136244867482,8.348684210526315,-1.348684210526315
74_22,11,11,152,141,0.07236842105263158,0.07801418439716312,0.00564576334453154,10.203947368421053,0.7960526315789469
74_23,9,17,152,141,0.05921052631578947,0.12056737588652482,0.061356849570735346,8.348684210526315,8.651315789473685
74_24,6,6,228,176,0.02631578947368421,0.03409090909090909,0.007775119617224879,4.631578947368421,1.3684210526315788
74_25,3,3,228,207,0.013157894736842105,0.014492753623188406,0.0013348588863463014,2.7236842105263155,0.2763157894736845
74_26,1,2,152,177,0.006578947368421052,0.011299435028248588,0.004720487659827535,1.1644736842105263,0.8355263157894737
74_27,1,3,152,141,0.006578947368421052,0.02127659574468085,0.014697648376259798,0.9276315789473684,2.072368421052632
74_28,4,4,152,141,0.02631578947368421,0.028368794326241134,0.002053004852556925,3.7105263157894735,0.28947368421052655
74_29,5,4,227,176,0.022026431718061675,0.022727272727272728,0.0007008410092110527,3.876651982378855,0.123348017621145
74_3,0,0,76,75,0.0,0.0,0.0,0.0,0.0
74_30,5,3,220,175,0.022727272727272728,0.017142857142857144,-0.005584415584415584,3.9772727272727275,-0.9772727272727275
74_31,3,2,152,141,0.019736842105263157,0.014184397163120567,-0.00555244494214259,2.7828947368421053,-0.7828947368421053
74_32,2,5,152,141,0.013157894736842105,0.03546099290780142,0.022303098170959317,1.8552631578947367,3.1447368421052633
74_33,2,2,152,141,0.013157894736842105,0.014184397163120567,0.0010265024262784625,1.8552631578947367,0.14473684210526327
74_34,3,1,152,141,0.019736842105263157,0.0070921985815602835,-0.012644643523702873,2.7828947368421053,-1.7828947368421053
74_35,0,0,152,141,0.0,0.0,0.0,0.0,0.0
74_36,0,0,152,141,0.0,0.0,0.0,0.0,0.0
74_37,0,0,152,141,0.0,0.0,0.0,0.0,0.0
74_38,0,0,152,141,0.0,0.0,0.0,0.0,0.0
74_39,0,0,152,141,0.0,0.0,0.0,0.0,0.0
74_4,0,0,76,75,0.0,0.0,0.0,0.0,0.0
74_40,0,0,152,141,0.0,0.0,0.0,0.0,0.0
74_41,0,0,152,145,0.0,0.0,0.0,0.0,0.0
74_42,0,0,228,176,0.0,0.0,0.0,0.0,0.0
74_43,0,0,152,141,0.0,0.0,0.0,0.0,0.0
74_44,0,0,152,141,0.0,0.0,0.0,0.0,0.0
74_45,0,0,216,174,0.0,0.0,0.0,0.0,0.0
74_46,0,0,216,103,0.0,0.0,0.0,0.0,0.0
74_47,0,0,292,138,0.0,0.0,0.0,0.0,0.0
74_48,0,0,217,103,0.0,0.0,0.0,0.0,0.0
74_49,0,0,216,103,0.0,0.0,0.0,0.0,0.0
74_5,0,0,76,110,0.0,0.0,0.0,0.0,0.0
74_50,0,0,216,103,0.0,0.0,0.0,0.0,0.0
74_51,0,0,216,103,0.0,0.0,0.0,0.0,0.0
74_52,0,0,216,103,0.0,0.0,0.0,0.0,0.0
74_53,0,0,216,103,0.0,0.0,0.0,0.0,0.0
74_54,0,0,216,103,0.0,0.0,0.0,0.0,0.0
74_55,0,0,216,103,0.0,0.0,0.0,0.0,0.0
74_56,0,0,216,103,0.0,0.0,0.0,0.0,0.0
74_57,0,0,216,103,0.0,0.0,0.0,0.0,0.0
74_58,0,0,278,136,0.0,0.0,0.0,0.0,0.0
74_59,0,0,292,138,0.0,0.0,0.0,0.0,0.0
74_6,0,0,76,110,0.0,0.0,0.0,0.0,0.0
74_60,0,0,216,103,0.0,0.0,0.0,0.0,0.0
74_61,0,0,291,138,0.0,0.0,0.0,0.0,0.0
74_62,0,0,367,173,0.0,0.0,0.0,0.0,0.0
74_63,0,0,291,138,0.0,0.0,0.0,0.0,0.0
74_64,0,0,367,173,0.0,0.0,0.0,0.0,0.0
74_65,0,0,291,138,0.0,0.0,0.0,0.0,0.0
74_66,0,0,292,138,0.0,0.0,0.0,0.0,0.0
74_67,0,0,291,138,0.0,0.0,0.0,0.0,0.0
74_68,0,0,291,138,0.0,0.0,0.0,0.0,0.0
74_69,0,0,291,138,0.0,0.0,0.0,0.0,0.0
74_7,0,0,76,114,0.0,0.0,0.0,0.0,0.0
74_70,0,0,291,138,0.0,0.0,0.0,0.0,0.0
74_71,0,0,291,138,0.0,0.0,0.0,0.0,0.0
74_72,0,0,291,138,0.0,0.0,0.0,0.0,0.0
74_73,0,0,291,138,0.0,0.0,0.0,0.0,0.0
74_74,0,0,291,138,0.0,0.0,0.0,0.0,0.0
74_75,0,0,353,171,0.0,0.0,0.0,0.0,0.0
74_76,0,0,367,173,0.0,0.0,0.0,0.0,0.0
74_77,0,0,291,138,0.0,0.0,0.0,0.0,0.0
74_8,0,0,76,146,0.0,0.0,0.0,0.0,0.0
74_9,0,0,152,177,0.0,0.0,0.0,0.0,0.0
75_0,0,0,76,75,0.0,0.0,0.0,0.0,0.0
75_1,0,0,76,75,0.0,0.0,0.0,0.0,0.0
75_10,0,0,152,141,0.0,0.0,0.0,0.0,0.0
75_11,0,0,152,141,0.0,0.0,0.0,0.0,0.0
75_12,0,0,228,176,0.0,0.0,0.0,0.0,0.0
75_13,0,0,153,145,0.0,0.0,0.0,0.0,0.0
75_14,0,0,152,141,0.0,0.0,0.0,0.0,0.0
75_15,0,0,152,141,0.0,0.0,0.0,0.0,0.0
75_16,0,0,152,141,0.0,0.0,0.0,0.0,0.0
75_17,0,0,152,141,0.0,0.0,0.0,0.0,0.0
75_18,0,0,152,141,0.0,0.0,0.0,0.0,0.0
75_19,3,0,152,141,0.019736842105263157,0.0,-0.019736842105263157,2.7828947368421053,-2.7828947368421053
75_2,0,0,76,75,0.0,0.0,0.0,0.0,0.0
75_20,4,3,152,141,0.02631578947368421,0.02127659574468085,-0.0050391937290033585,3.7105263157894735,-0.7105263157894735
75_21,22,9,152,141,0.14473684210526316,0.06382978723404255,-0.08090705487122062,20.407894736842106,-11.407894736842106
75_22,21,19,152,141,0.13815789473684212,0.1347517730496454,-0.003406121687196728,19.48026315789474,-0.48026315789473983
75_23,11,13,152,141,0.07236842105263158,0.09219858156028368,0.0198301605076521,10.203947368421053,2.796052631578947
75_24,5,8,228,176,0.021929824561403508,0.045454545454545456,0.023524720893141948,3.859649122807017,4.140350877192983
75_25,3,3,152,182,0.019736842105263157,0.016483516483516484,-0.003253325621746673,3.5921052631578947,-0.5921052631578947
75_26,3,4,152,177,0.019736842105263157,0.022598870056497175,0.0028620279512340183,3.4934210526315788,0.5065789473684212
75_27,3,2,152,141,0.019736842105263157,0.014184397163120567,-0.00555244494214259,2.7828947368421053,-0.7828947368421053
75_28,4,5,152,141,0.02631578947368421,0.03546099290780142,0.009145203434117212,3.7105263157894735,1.2894736842105265
75_29,4,0,226,172,0.017699115044247787,0.0,-0.017699115044247787,3.0442477876106193,-3.0442477876106193
75_3,0,0,76,75,0.0,0.0,0.0,0.0,0.0
75_30,3,2,228,176,0.013157894736842105,0.011363636363636364,-0.0017942583732057406,2.3157894736842106,-0.3157894736842106
75_31,4,8,152,141,0.02631578947368421,0.05673758865248227,0.03042179917879806,3.7105263157894735,4.2894736842105265
75_32,1,6,152,141,0.006578947368421052,0.0425531914893617,0.03597424412094065,0.9276315789473684,5.072368421052632
75_33,6,5,152,141,0.039473684210526314,0.03546099290780142,-0.0040126913027248926,5.565789473684211,-0.5657894736842106
75_34,3,1,152,141,0.019736842105263157,0.0070921985815602835,-0.012644643523702873,2.7828947368421053,-1.7828947368421053
75_35,0,1,152,141,0.0,0.0070921985815602835,0.0070921985815602835,0.0,1.0
75_36,0,0,152,141,0.0,0.0,0.0,0.0,0.0
75_37,0,0,152,141,0.0,0.0,0.0,0.0,0.0
75_38,0,0,152,141,0.0,0.0,0.0,0.0,0.0
75_39,0,0,152,141,0.0,0.0,0.0,0.0,0.0
75_4,0,0,76,75,0.0,0.0,0.0,0.0,0.0
75_40,0,0,152,141,0.0,0.0,0.0,0.0,0.0
75_41,0,0,228,176,0.0,0.0,0.0,0.0,0.0
75_42,0,0,228,172,0.0,0.0,0.0,0.0,0.0
75_43,0,0,152,141,0.0,0.0,0.0,0.0,0.0
75_44,0,0,152,141,0.0,0.0,0.0,0.0,0.0
75_45,0,0,152,141,0.0,0.0,0.0,0.0,0.0
75_46,0,0,152,70,0.0,0.0,0.0,0.0,0.0
75_47,0,0,228,105,0.0,0.0,0.0,0.0,0.0
75_48,0,0,152,70,0.0,0.0,0.0,0.0,0.0
75_49,0,0,152,70,0.0,0.0,0.0,0.0,0.0
75_5,0,0,76,110,0.0,0.0,0.0,0.0,0.0
75_50,0,0,216,103,0.0,0.0,0.0,0.0,0.0
75_51,0,0,216,103,0.0,0.0,0.0,0.0,0.0
75_52,0,0,216,103,0.0,0.0,0.0,0.0,0.0
75_53,0,0,216,103,0.0,0.0,0.0,0.0,0.0
75_54,0,0,216,103,0.0,0.0,0.0,0.0,0.0
75_55,0,0,216,104,0.0,0.0,0.0,0.0,0.0
75_56,0,0,291,138,0.0,0.0,0.0,0.0,0.0
75_57,0,0,291,138,0.0,0.0,0.0,0.0,0.0
75_58,0,0,353,175,0.0,0.0,0.0,0.0,0.0
75_59,0,0,367,173,0.0,0.0,0.0,0.0,0.0
75_6,0,0,76,110,0.0,0.0,0.0,0.0,0.0
75_60,0,0,291,138,0.0,0.0,0.0,0.0,0.0
75_61,0,0,291,138,0.0,0.0,0.0,0.0,0.0
75_62,0,0,367,173,0.0,0.0,0.0,0.0,0.0
75_63,0,0,291,138,0.0,0.0,0.0,0.0,0.0
75_64,0,0,367,173,0.0,0.0,0.0,0.0,0.0
75_65,0,0,292,138,0.0,0.0,0.0,0.0,0.0
75_66,0,0,292,138,0.0,0.0,0.0,0.0,0.0
75_67,0,0,291,138,0.0,0.0,0.0,0.0,0.0
75_68,0,0,291,138,0.0,0.0,0.0,0.0,0.0
75_69,0,0,291,138,0.0,0.0,0.0,0.0,0.0
75_7,0,0,76,114,0.0,0.0,0.0,0.0,0.0
75_70,0,0,291,138,0.0,0.0,0.0,0.0,0.0
75_71,0,0,291,138,0.0,0.0,0.0,0.0,0.0
75_72,0,0,291,138,0.0,0.0,0.0,0.0,0.0
75_73,0,0,291,138,0.0,0.0,0.0,0.0,0.0
75_74,0,0,291,138,0.0,0.0,0.0,0.0,0.0
75_75,0,0,353,171,0.0,0.0,0.0,0.0,0.0
75_76,0,0,367,173,0.0,0.0,0.0,0.0,0.0
75_77,0,0,291,138,0.0,0.0,0.0,0.0,0.0
75_8,0,0,152,177,0.0,0.0,0.0,0.0,0.0
75_9,0,0,152,141,0.0,0.0,0.0,0.0,0.0
76_0,0,0,76,75,0.0,0.0,0.0,0.0,0.0
76_1,0,0,76,75,0.0,0.0,0.0,0.0,0.0
76_10,0,0,152,141,0.0,0.0,0.0,0.0,0.0
76_11,0,0,152,141,0.0,0.0,0.0,0.0,0.0
76_12,0,0,227,173,0.0,0.0,0.0,0.0,0.0
76_13,0,0,228,176,0.0,0.0,0.0,0.0,0.0
76_14,0,0,152,141,0.0,0.0,0.0,0.0,0.0
76_15,0,0,152,141,0.0,0.0,0.0,0.0,0.0
76_16,0,0,152,141,0.0,0.0,0.0,0.0,0.0
76_17,0,0,152,141,0.0,0.0,0.0,0.0,0.0
76_18,0,0,152,141,0.0,0.0,0.0,0.0,0.0
76_19,0,0,152,141,0.0,0.0,0.0,0.0,0.0
76_2,0,0,76,75,0.0,0.0,0.0,0.0,0.0
76_20,2,2,152,141,0.013157894736842105,0.014184397163120567,0.0010265024262784625,1.8552631578947367,0.14473684210526327
76_21,16,24,152,141,0.10526315789473684,0.1702127659574468,0.06494960806270997,14.842105263157894,9.157894736842106
76_22,17,21,152,141,0.1118421052631579,0.14893617021276595,0.037094064949608055,15.769736842105264,5.230263157894736
76_23,4,7,152,141,0.02631578947368421,0.04964539007092199,0.02332960059723778,3.7105263157894735,3.2894736842105265
76_24,5,8,228,176,0.021929824561403508,0.045454545454545456,0.023524720893141948,3.859649122807017,4.140350877192983
76_25,5,1,152,212,0.03289473684210526,0.0047169811320754715,-0.02817775571002979,6.973684210526315,-5.973684210526315
76_26,5,6,152,212,0.03289473684210526,0.02830188679245283,-0.0045928500496524305,6.973684210526315,-0.973684210526315
76_27,5,1,152,141,0.03289473684210526,0.0070921985815602835,-0.025802538260544978,4.638157894736842,-3.6381578947368416
76_28,6,3,152,141,0.039473684210526314,0.02127659574468085,-0.018197088465845463,5.565789473684211,-2.5657894736842106
76_29,4,2,152,141,0.02631578947368421,0.014184397163120567,-0.012131392310563642,3.7105263157894735,-1.7105263157894735
76_3,0,0,76,75,0.0,0.0,0.0,0.0,0.0
76_30,4,1,228,176,0.017543859649122806,0.005681818181818182,-0.011862041467304624,3.087719298245614,-2.087719298245614
76_31,2,2,152,141,0.013157894736842105,0.014184397163120567,0.0010265024262784625,1.8552631578947367,0.14473684210526327
76_32,3,5,152,141,0.019736842105263157,0.03546099290780142,0.015724150802538264,2.7828947368421053,2.2171052631578947
76_33,5,1,152,141,0.03289473684210526,0.0070921985815602835,-0.025802538260544978,4.638157894736842,-3.6381578947368416
76_34,1,0,152,141,0.006578947368421052,0.0,-0.006578947368421052,0.9276315789473684,-0.9276315789473684
76_35,2,2,152,141,0.013157894736842105,0.014184397163120567,0.0010265024262784625,1.8552631578947367,0.14473684210526327
76_36,0,0,152,141,0.0,0.0,0.0,0.0,0.0
76_37,0,0,152,141,0.0,0.0,0.0,0.0,0.0
76_38,0,0,152,141,0.0,0.0,0.0,0.0,0.0
76_39,0,0,152,141,0.0,0.0,0.0,0.0,0.0
76_4,0,0,76,75,0.0,0.0,0.0,0.0,0.0
76_40,0,0,152,141,0.0,0.0,0.0,0.0,0.0
76_41,0,0,228,176,0.0,0.0,0.0,0.0,0.0
76_42,0,0,152,141,0.0,0.0,0.0,0.0,0.0
76_43,0,0,152,141,0.0,0.0,0.0,0.0,0.0
76_44,0,0,152,141,0.0,0.0,0.0,0.0,0.0
76_45,0,0,152,141,0.0,0.0,0.0,0.0,0.0
76_46,0,0,152,70,0.0,0.0,0.0,0.0,0.0
76_47,0,0,228,105,0.0,0.0,0.0,0.0,0.0
76_48,0,0,152,70,0.0,0.0,0.0,0.0,0.0
76_49,0,0,152,70,0.0,0.0,0.0,0.0,0.0
76_5,0,0,76,110,0.0,0.0,0.0,0.0,0.0
76_50,0,0,227,105,0.0,0.0,0.0,0.0,0.0
76_51,0,0,227,105,0.0,0.0,0.0,0.0,0.0
76_52,0,0,227,105,0.0,0.0,0.0,0.0,0.0
76_53,0,0,227,105,0.0,0.0,0.0,0.0,0.0
76_54,0,0,227,105,0.0,0.0,0.0,0.0,0.0
76_55,0,0,227,105,0.0,0.0,0.0,0.0,0.0
76_56,0,0,291,138,0.0,0.0,0.0,0.0,0.0
76_57,0,0,291,143,0.0,0.0,0.0,0.0,0.0
76_58,0,0,424,205,0.0,0.0,0.0,0.0,0.0
76_59,0,0,367,170,0.0,0.0,0.0,0.0,0.0
76_6,0,0,76,114,0.0,0.0,0.0,0.0,0.0
76_60,0,0,291,138,0.0,0.0,0.0,0.0,0.0
76_61,0,0,292,138,0.0,0.0,0.0,0.0,0.0
76_62,0,0,367,173,0.0,0.0,0.0,0.0,0.0
76_63,0,0,291,138,0.0,0.0,0.0,0.0,0.0
76_64,0,0,367,173,0.0,0.0,0.0,0.0,0.0
76_65,0,0,293,142,0.0,0.0,0.0,0.0,0.0
76_66,0,0,291,138,0.0,0.0,0.0,0.0,0.0
76_67,0,0,291,138,0.0,0.0,0.0,0.0,0.0
76_68,0,0,291,138,0.0,0.0,0.0,0.0,0.0
76_69,0,0,291,138,0.0,0.0,0.0,0.0,0.0
76_7,0,0,76,114,0.0,0.0,0.0,0.0,0.0
76_70,0,0,291,138,0.0,0.0,0.0,0.0,0.0
76_71,0,0,291,138,0.0,0.0,0.0,0.0,0.0
76_72,0,0,291,138,0.0,0.0,0.0,0.0,0.0
76_73,0,0,291,138,0.0,0.0,0.0,0.0,0.0
76_74,0,0,291,138,0.0,0.0,0.0,0.0,0.0
76_75,0,0,353,171,0.0,0.0,0.0,0.0,0.0
76_76,0,0,367,173,0.0,0.0,0.0,0.0,0.0
76_77,0,0,291,138,0.0,0.0,0.0,0.0,0.0
76_8,0,0,152,177,0.0,0.0,0.0,0.0,0.0
76_9,0,0,152,141,0.0,0.0,0.0,0.0,0.0
77_0,0,0,76,75,0.0,0.0,0.0,0.0,0.0
77_1,0,0,76,75,0.0,0.0,0.0,0.0,0.0
77_10,0,0,152,141,0.0,0.0,0.0,0.0,0.0
77_11,0,0,152,141,0.0,0.0,0.0,0.0,0.0
77_12,0,0,152,141,0.0,0.0,0.0,0.0,0.0
77_13,0,0,228,176,0.0,0.0,0.0,0.0,0.0
77_14,0,0,152,141,0.0,0.0,0.0,0.0,0.0
77_15,0,0,152,141,0.0,0.0,0.0,0.0,0.0
77_16,0,0,152,141,0.0,0.0,0.0,0.0,0.0
77_17,0,0,152,141,0.0,0.0,0.0,0.0,0.0
77_18,0,0,152,141,0.0,0.0,0.0,0.0,0.0
77_19,0,0,152,141,0.0,0.0,0.0,0.0,0.0
77_2,0,0,76,75,0.0,0.0,0.0,0.0,0.0
77_20,0,0,152,141,0.0,0.0,0.0,0.0,0.0
77_21,9,4,152,141,0.05921052631578947,0.028368794326241134,-0.030841731989548336,8.348684210526315,-4.348684210526315
77_22,11,10,152,141,0.07236842105263158,0.07092198581560284,-0.0014464352370287398,10.203947368421053,-0.2039473684210531
77_23,11,4,152,141,0.07236842105263158,0.028368794326241134,-0.04399962672639045,10.203947368421053,-6.203947368421053
77_24,6,7,228,176,0.02631578947368421,0.03977272727272727,0.013456937799043063,4.631578947368421,2.3684210526315788
77_25,4,5,152,177,0.02631578947368421,0.02824858757062147,0.0019327980969372598,4.657894736842105,0.3421052631578947
77_26,9,5,152,176,0.05921052631578947,0.028409090909090908,-0.030801435406698562,10.421052631578947,-5.421052631578947
77_27,4,5,152,141,0.02631578947368421,0.03546099290780142,0.009145203434117212,3.7105263157894735,1.2894736842105265
77_28,8,2,152,141,0.05263157894736842,0.014184397163120567,-0.03844718178424785,7.421052631578947,-5.421052631578947
77_29,4,3,152,141,0.02631578947368421,0.02127659574468085,-0.0050391937290033585,3.7105263157894735,-0.7105263157894735
77_3,0,0,76,75,0.0,0.0,0.0,0.0,0.0
77_30,1,1,228,176,0.0043859649122807015,0.005681818181818182,0.0012958532695374805,0.7719298245614035,0.22807017543859653
77_31,2,5,152,141,0.013157894736842105,0.03546099290780142,0.022303098170959317,1.8552631578947367,3.1447368421052633
77_32,1,9,152,141,0.006578947368421052,0.06382978723404255,0.057250839865621496,0.9276315789473684,8.072368421052632
77_33,0,5,152,141,0.0,0.03546099290780142,0.03546099290780142,0.0,5.0
77_34,0,0,152,141,0.0,0.0,0.0,0.0,0.0
77_35,3,1,152,141,0.019736842105263157,0.0070921985815602835,-0.012644643523702873,2.7828947368421053,-1.7828947368421053
77_36,0,0,152,141,0.0,0.0,0.0,0.0,0.0
77_37,0,0,152,141,0.0,0.0,0.0,0.0,0.0
77_38,0,0,152,141,0.0,0.0,0.0,0.0,0.0
77_39,0,0,152,141,0.0,0.0,0.0,0.0,0.0
77_4,0,0,76,75,0.0,0.0,0.0,0.0,0.0
77_40,0,0,152,141,0.0,0.0,0.0,0.0,0.0
77_41,0,0,228,176,0.0,0.0,0.0,0.0,0.0
77_42,0,0,152,141,0.0,0.0,0.0,0.0,0.0
77_43,0,0,152,141,0.0,0.0,0.0,0.0,0.0
77_44,0,0,152,141,0.0,0.0,0.0,0.0,0.0
77_45,0,0,230,180,0.0,0.0,0.0,0.0,0.0
77_46,0,0,227,105,0.0,0.0,0.0,0.0,0.0
77_47,0,0,303,140,0.0,0.0,0.0,0.0,0.0
77_48,0,0,228,106,0.0,0.0,0.0,0.0,0.0
77_49,0,0,227,105,0.0,0.0,0.0,0.0,0.0
77_5,0,0,76,75,0.0,0.0,0.0,0.0,0.0
77_50,0,0,227,105,0.0,0.0,0.0,0.0,0.0
77_51,0,0,227,105,0.0,0.0,0.0,0.0,0.0
77_52,0,0,227,105,0.0,0.0,0.0,0.0,0.0
77_53,0,0,227,105,0.0,0.0,0.0,0.0,0.0
77_54,0,0,227,105,0.0,0.0,0.0,0.0,0.0
77_55,0,0,227,105,0.0,0.0,0.0,0.0,0.0
77_56,0,0,227,105,0.0,0.0,0.0,0.0,0.0
77_57,0,0,227,105,0.0,0.0,0.0,0.0,0.0
77_58,0,0,303,140,0.0,0.0,0.0,0.0,0.0
77_59,0,0,227,106,0.0,0.0,0.0,0.0,0.0
77_6,0,0,76,114,0.0,0.0,0.0,0.0,0.0
77_60,0,0,227,105,0.0,0.0,0.0,0.0,0.0
77_61,0,0,288,137,0.0,0.0,0.0,0.0,0.0
77_62,0,0,366,173,0.0,0.0,0.0,0.0,0.0
77_63,0,0,291,138,0.0,0.0,0.0,0.0,0.0
77_64,0,0,366,169,0.0,0.0,0.0,0.0,0.0
77_65,0,0,368,173,0.0,0.0,0.0,0.0,0.0
77_66,0,0,291,138,0.0,0.0,0.0,0.0,0.0
77_67,0,0,291,138,0.0,0.0,0.0,0.0,0.0
77_68,0,0,291,138,0.0,0.0,0.0,0.0,0.0
77_69,0,0,291,138,0.0,0.0,0.0,0.0,0.0
77_7,0,0,76,110,0.0,0.0,0.0,0.0,0.0
77_70,0,0,291,138,0.0,0.0,0.0,0.0,0.0
77_71,0,0,291,138,0.0,0.0,0.0,0.0,0.0
77_72,0,0,291,138,0.0,0.0,0.0,0.0,0.0
77_73,0,0,291,138,0.0,0.0,0.0,0.0,0.0
77_74,0,0,291,143,0.0,0.0,0.0,0.0,0.0
77_75,0,0,353,175,0.0,0.0,0.0,0.0,0.0
77_76,0,0,367,173,0.0,0.0,0.0,0.0,0.0
77_77,0,0,291,138,0.0,0.0,0.0,0.0,0.0
77_8,0,0,152,177,0.0,0.0,0.0,0.0,0.0
77_9,0,0,152,141,0.0,0.0,0.0,0.0,0.0
78_0,0,0,76,75,0.0,0.0,0.0,0.0,0.0
78_1,0,0,76,75,0.0,0.0,0.0,0.0,0.0
78_10,0,0,152,141,0.0,0.0,0.0,0.0,0.0
78_11,0,0,152,141,0.0,0.0,0.0,0.0,0.0
78_12,0,0,152,141,0.0,0.0,0.0,0.0,0.0
78_13,0,0,228,176,0.0,0.0,0.0,0.0,0.0
78_14,0,0,152,141,0.0,0.0,0.0,0.0,0.0
78_15,0,0,152,141,0.0,0.0,0.0,0.0,0.0
78_16,0,0,152,141,0.0,0.0,0.0,0.0,0.0
78_17,0,0,152,141,0.0,0.0,0.0,0.0,0.0
78_18,0,0,152,141,0.0,0.0,0.0,0.0,0.0
78_19,0,0,152,141,0.0,0.0,0.0,0.0,0.0
78_2,0,0,76,75,0.0,0.0,0.0,0.0,0.0
78_20,0,0,152,141,0.0,0.0,0.0,0.0,0.0
78_21,1,0,152,141,0.006578947368421052,0.0,-0.006578947368421052,0.9276315789473684,-0.9276315789473684
78_22,3,2,152,141,0.019736842105263157,0.014184397163120567,-0.00555244494214259,2.7828947368421053,-0.7828947368421053
78_23,6,15,152,145,0.039473684210526314,0.10344827586206896,0.06397459165154265,5.723684210526315,9.276315789473685
78_24,7,6,228,176,0.03070175438596491,0.03409090909090909,0.003389154704944178,5.4035087719298245,0.5964912280701755
78_25,11,5,152,177,0.07236842105263158,0.02824858757062147,-0.04411983348201011,12.80921052631579,-7.809210526315789
78_26,3,2,152,176,0.019736842105263157,0.011363636363636364,-0.008373205741626793,3.4736842105263155,-1.4736842105263155
78_27,2,2,152,141,0.013157894736842105,0.014184397163120567,0.0010265024262784625,1.8552631578947367,0.14473684210526327
78_28,1,4,152,141,0.006578947368421052,0.028368794326241134,0.021789846957820082,0.9276315789473684,3.072368421052632
78_29,4,7,152,141,0.02631578947368421,0.04964539007092199,0.02332960059723778,3.7105263157894735,3.2894736842105265
78_3,0,0,76,75,0.0,0.0,0.0,0.0,0.0
78_30,4,4,228,176,0.017543859649122806,0.022727272727272728,0.005183413078149922,3.087719298245614,0.9122807017543861
78_31,3,3,153,141,0.0196078431372549,0.02127659574468085,0.0016687526074259489,2.764705882352941,0.23529411764705888
78_32,9,9,152,141,0.05921052631578947,0.06382978723404255,0.004619260918253078,8.348684210526315,0.651315789473685
78_33,0,4,152,141,0.0,0.028368794326241134,0.028368794326241134,0.0,4.0
78_34,0,0,152,141,0.0,0.0,0.0,0.0,0.0
78_35,0,1,152,141,0.0,0.0070921985815602835,0.0070921985815602835,0.0,1.0
78_36,0,0,152,141,0.0,0.0,0.0,0.0,0.0
78_37,0,0,152,141,0.0,0.0,0.0,0.0,0.0
78_38,0,0,152,141,0.0,0.0,0.0,0.0,0.0
78_39,0,0,227,211,0.0,0.0,0.0,0.0,0.0
78_4,0,0,76,75,0.0,0.0,0.0,0.0,0.0
78_40,0,0,227,211,0.0,0.0,0.0,0.0,0.0
78_41,0,0,303,211,0.0,0.0,0.0,0.0,0.0
78_42,0,0,227,176,0.0,0.0,0.0,0.0,0.0
78_43,0,0,227,176,0.0,0.0,0.0,0.0,0.0
78_44,0,0,227,176,0.0,0.0,0.0,0.0,0.0
78_45,0,0,302,211,0.0,0.0,0.0,0.0,0.0
78_46,0,0,227,105,0.0,0.0,0.0,0.0,0.0
78_47,0,0,302,140,0.0,0.0,0.0,0.0,0.0
78_48,0,0,228,109,0.0,0.0,0.0,0.0,0.0
78_49,0,0,227,105,0.0,0.0,0.0,0.0,0.0
78_5,0,0,76,75,0.0,0.0,0.0,0.0,0.0
78_50,0,0,227,105,0.0,0.0,0.0,0.0,0.0
78_51,0,0,227,105,0.0,0.0,0.0,0.0,0.0
78_52,0,0,227,105,0.0,0.0,0.0,0.0,0.0
78_53,0,0,227,105,0.0,0.0,0.0,0.0,0.0
78_54,0,0,227,105,0.0,0.0,0.0,0.0,0.0
78_55,0,0,227,105,0.0,0.0,0.0,0.0,0.0
78_56,0,0,227,105,0.0,0.0,0.0,0.0,0.0
78_57,0,0,227,105,0.0,0.0,0.0,0.0,0.0
78_58,0,0,303,140,0.0,0.0,0.0,0.0,0.0
78_59,0,0,227,105,0.0,0.0,0.0,0.0,0.0
78_6,0,0,76,114,0.0,0.0,0.0,0.0,0.0
78_60,0,0,227,105,0.0,0.0,0.0,0.0,0.0
78_61,0,0,227,105,0.0,0.0,0.0,0.0,0.0
78_62,0,0,302,140,0.0,0.0,0.0,0.0,0.0
78_63,0,0,227,110,0.0,0.0,0.0,0.0,0.0
78_64,0,0,227,105,0.0,0.0,0.0,0.0,0.0
78_65,0,0,303,140,0.0,0.0,0.0,0.0,0.0
78_66,0,0,257,120,0.0,0.0,0.0,0.0,0.0
78_67,0,0,291,138,0.0,0.0,0.0,0.0,0.0
78_68,0,0,291,138,0.0,0.0,0.0,0.0,0.0
78_69,0,0,291,138,0.0,0.0,0.0,0.0,0.0
78_7,0,0,76,110,0.0,0.0,0.0,0.0,0.0
78_70,0,0,291,138,0.0,0.0,0.0,0.0,0.0
78_71,0,0,291,138,0.0,0.0,0.0,0.0,0.0
78_72,0,0,291,138,0.0,0.0,0.0,0.0,0.0
78_73,0,0,291,138,0.0,0.0,0.0,0.0,0.0
78_74,0,0,353,171,0.0,0.0,0.0,0.0,0.0
78_75,0,0,429,201,0.0,0.0,0.0,0.0,0.0
78_76,0,0,367,169,0.0,0.0,0.0,0.0,0.0
78_77,0,0,241,117,0.0,0.0,0.0,0.0,0.0
78_8,0,0,152,177,0.0,0.0,0.0,0.0,0.0
78_9,0,0,152,141,0.0,0.0,0.0,0.0,0.0
79_0,0,0,76,75,0.0,0.0,0.0,0.0,0.0
79_1,0,0,76,75,0.0,0.0,0.0,0.0,0.0
79_10,0,0,152,141,0.0,0.0,0.0,0.0,0.0
79_11,0,0,152,141,0.0,0.0,0.0,0.0,0.0
79_12,0,0,152,141,0.0,0.0,0.0,0.0,0.0
79_13,0,0,228,176,0.0,0.0,0.0,0.0,0.0
79_14,0,0,152,141,0.0,0.0,0.0,0.0,0.0
79_15,0,0,152,141,0.0,0.0,0.0,0.0,0.0
79_16,0,0,152,141,0.0,0.0,0.0,0.0,0.0
79_17,0,0,152,141,0.0,0.0,0.0,0.0,0.0
79_18,0,0,152,141,0.0,0.0,0.0,0.0,0.0
79_19,0,0,152,141,0.0,0.0,0.0,0.0,0.0
79_2,0,0,76,75,0.0,0.0,0.0,0.0,0.0
79_20,0,0,152,141,0.0,0.0,0.0,0.0,0.0
79_21,0,0,152,141,0.0,0.0,0.0,0.0,0.0
79_22,0,0,152,141,0.0,0.0,0.0,0.0,0.0
79_23,0,0,228,176,0.0,0.0,0.0,0.0,0.0
79_24,12,1,228,172,0.05263157894736842,0.005813953488372093,-0.04681762545899633,9.052631578947368,-8.052631578947368
79_25,0,4,152,177,0.0,0.022598870056497175,0.022598870056497175,0.0,4.0
79_26,3,6,152,176,0.019736842105263157,0.03409090909090909,0.014354066985645932,3.4736842105263155,2.5263157894736845
79_27,7,5,152,141,0.046052631578947366,0.03546099290780142,-0.010591638671145945,6.493421052631579,-1.4934210526315788
79_28,3,5,152,141,0.019736842105263157,0.03546099290780142,0.015724150802538264,2.7828947368421053,2.2171052631578947
79_29,9,5,152,141,0.05921052631578947,0.03546099290780142,-0.02374953340798805,8.348684210526315,-3.348684210526315
79_3,0,0,76,75,0.0,0.0,0.0,0.0,0.0
79_30,8,6,228,176,0.03508771929824561,0.03409090909090909,-0.0009968102073365237,6.175438596491228,-0.17543859649122773
79_31,6,5,153,145,0.0392156862745098,0.034482758620689655,-0.004732927653820149,5.686274509803922,-0.6862745098039218
79_32,8,9,152,141,0.05263157894736842,0.06382978723404255,0.01119820828667413,7.421052631578947,1.578947368421053
79_33,2,3,152,141,0.013157894736842105,0.02127659574468085,0.008118701007838746,1.8552631578947367,1.1447368421052633
79_34,1,0,227,211,0.004405286343612335,0.0,-0.004405286343612335,0.9295154185022028,-0.9295154185022028
79_35,0,0,227,211,0.0,0.0,0.0,0.0,0.0
79_36,1,0,227,211,0.004405286343612335,0.0,-0.004405286343612335,0.9295154185022028,-0.9295154185022028
79_37,0,0,227,211,0.0,0.0,0.0,0.0,0.0
79_38,0,0,227,211,0.0,0.0,0.0,0.0,0.0
79_39,0,0,227,211,0.0,0.0,0.0,0.0,0.0
79_4,0,0,76,75,0.0,0.0,0.0,0.0,0.0
79_40,0,0,227,213,0.0,0.0,0.0,0.0,0.0
79_41,0,0,303,211,0.0,0.0,0.0,0.0,0.0
79_42,0,0,227,176,0.0,0.0,0.0,0.0,0.0
79_43,0,0,227,176,0.0,0.0,0.0,0.0,0.0
79_44,0,0,227,176,0.0,0.0,0.0,0.0,0.0
79_45,0,0,302,211,0.0,0.0,0.0,0.0,0.0
79_46,0,0,227,140,0.0,0.0,0.0,0.0,0.0
79_47,0,0,302,136,0.0,0.0,0.0,0.0,0.0
79_48,0,0,303,140,0.0,0.0,0.0,0.0,0.0
79_49,0,0,227,105,0.0,0.0,0.0,0.0,0.0
79_5,0,0,76,75,0.0,0.0,0.0,0.0,0.0
79_50,0,0,227,105,0.0,0.0,0.0,0.0,0.0
79_51,0,0,227,105,0.0,0.0,0.0,0.0,0.0
79_52,0,0,227,105,0.0,0.0,0.0,0.0,0.0
79_53,0,0,227,105,0.0,0.0,0.0,0.0,0.0
79_54,0,0,227,105,0.0,0.0,0.0,0.0,0.0
79_55,0,0,227,105,0.0,0.0,0.0,0.0,0.0
79_56,0,0,227,105,0.0,0.0,0.0,0.0,0.0
79_57,0,0,227,105,0.0,0.0,0.0,0.0,0.0
79_58,0,0,303,140,0.0,0.0,0.0,0.0,0.0
79_59,0,0,227,105,0.0,0.0,0.0,0.0,0.0
79_6,0,0,76,114,0.0,0.0,0.0,0.0,0.0
79_60,0,0,227,105,0.0,0.0,0.0,0.0,0.0
79_61,0,0,227,105,0.0,0.0,0.0,0.0,0.0
79_62,0,0,302,135,0.0,0.0,0.0,0.0,0.0
79_63,0,0,302,140,0.0,0.0,0.0,0.0,0.0
79_64,0,0,227,105,0.0,0.0,0.0,0.0,0.0
79_65,0,0,303,140,0.0,0.0,0.0,0.0,0.0
79_66,0,0,227,105,0.0,0.0,0.0,0.0,0.0
79_67,0,0,227,105,0.0,0.0,0.0,0.0,0.0
79_68,0,0,227,105,0.0,0.0,0.0,0.0,0.0
79_69,0,0,227,105,0.0,0.0,0.0,0.0,0.0
79_7,0,0,76,146,0.0,0.0,0.0,0.0,0.0
79_70,0,0,227,105,0.0,0.0,0.0,0.0,0.0
79_71,0,0,188,89,0.0,0.0,0.0,0.0,0.0
79_72,0,0,215,103,0.0,0.0,0.0,0.0,0.0
79_73,0,0,215,103,0.0,0.0,0.0,0.0,0.0
79_74,0,0,277,136,0.0,0.0,0.0,0.0,0.0
79_75,0,0,291,138,0.0,0.0,0.0,0.0,0.0
79_76,0,0,215,103,0.0,0.0,0.0,0.0,0.0
79_77,0,0,215,103,0.0,0.0,0.0,0.0,0.0
79_8,0,0,152,177,0.0,0.0,0.0,0.0,0.0
79_9,0,0,152,141,0.0,0.0,0.0,0.0,0.0
7_0,0,0,149,71,0.0,0.0,0.0,0.0,0.0
7_1,0,0,149,76,0.0,0.0,0.0,0.0,0.0
7_10,0,0,221,103,0.0,0.0,0.0,0.0,0.0
7_11,0,0,221,103,0.0,0.0,0.0,0.0,0.0
7_12,0,0,221,108,0.0,0.0,0.0,0.0,0.0
7_13,0,0,221,103,0.0,0.0,0.0,0.0,0.0
7_14,0,0,221,103,0.0,0.0,0.0,0.0,0.0
7_15,0,0,293,133,0.0,0.0,0.0,0.0,0.0
7_16,0,0,149,67,0.0,0.0,0.0,0.0,0.0
7_17,0,0,222,134,0.0,0.0,0.0,0.0,0.0
7_18,0,0,149,137,0.0,0.0,0.0,0.0,0.0
7_19,0,0,149,137,0.0,0.0,0.0,0.0,0.0
7_2,0,0,149,81,0.0,0.0,0.0,0.0,0.0
7_20,0,0,149,141,0.0,0.0,0.0,0.0,0.0
7_21,0,0,149,137,0.0,0.0,0.0,0.0,0.0
7_22,0,0,149,137,0.0,0.0,0.0,0.0,0.0
7_23,0,0,149,137,0.0,0.0,0.0,0.0,0.0
7_24,0,0,149,137,0.0,0.0,0.0,0.0,0.0
7_25,0,0,224,168,0.0,0.0,0.0,0.0,0.0
7_26,0,0,149,137,0.0,0.0,0.0,0.0,0.0
7_27,0,0,149,137,0.0,0.0,0.0,0.0,0.0
7_28,0,0,149,137,0.0,0.0,0.0,0.0,0.0
7_29,0,0,149,137,0.0,0.0,0.0,0.0,0.0
7_3,0,0,149,80,0.0,0.0,0.0,0.0,0.0
7_30,0,0,149,137,0.0,0.0,0.0,0.0,0.0
7_31,0,0,149,137,0.0,0.0,0.0,0.0,0.0
7_32,0,0,150,137,0.0,0.0,0.0,0.0,0.0
7_33,0,0,149,137,0.0,0.0,0.0,0.0,0.0
7_34,0,0,222,169,0.0,0.0,0.0,0.0,0.0
7_35,0,0,149,137,0.0,0.0,0.0,0.0,0.0
7_36,0,0,149,137,0.0,0.0,0.0,0.0,0.0
7_37,0,0,149,141,0.0,0.0,0.0,0.0,0.0
7_38,0,0,149,171,0.0,0.0,0.0,0.0,0.0
7_39,0,0,149,136,0.0,0.0,0.0,0.0,0.0
7_4,0,0,221,103,0.0,0.0,0.0,0.0,0.0
7_40,0,0,149,136,0.0,0.0,0.0,0.0,0.0
7_41,0,0,149,136,0.0,0.0,0.0,0.0,0.0
7_42,0,0,223,166,0.0,0.0,0.0,0.0,0.0
7_43,0,0,224,206,0.0,0.0,0.0,0.0,0.0
7_44,0,0,149,140,0.0,0.0,0.0,0.0,0.0
7_45,0,0,149,176,0.0,0.0,0.0,0.0,0.0
7_46,0,0,149,176,0.0,0.0,0.0,0.0,0.0
7_47,0,0,161,158,0.0,0.0,0.0,0.0,0.0
7_48,0,0,148,137,0.0,0.0,0.0,0.0,0.0
7_49,0,0,149,137,0.0,0.0,0.0,0.0,0.0
7_5,0,0,221,103,0.0,0.0,0.0,0.0,0.0
7_50,0,0,148,137,0.0,0.0,0.0,0.0,0.0
7_51,0,0,148,137,0.0,0.0,0.0,0.0,0.0
7_52,0,0,148,137,0.0,0.0,0.0,0.0,0.0
7_53,0,0,148,137,0.0,0.0,0.0,0.0,0.0
7_54,0,0,148,141,0.0,0.0,0.0,0.0,0.0
7_55,0,0,148,176,0.0,0.0,0.0,0.0,0.0
7_56,0,0,148,138,0.0,0.0,0.0,0.0,0.0
7_57,0,0,148,138,0.0,0.0,0.0,0.0,0.0
7_58,0,0,148,138,0.0,0.0,0.0,0.0,0.0
7_59,0,0,148,138,0.0,0.0,0.0,0.0,0.0
7_6,0,0,221,103,0.0,0.0,0.0,0.0,0.0
7_60,4,2,222,205,0.018018018018018018,0.00975609756097561,-0.008261920457042408,3.6936936936936937,-1.6936936936936937
7_61,10,8,148,139,0.06756756756756757,0.05755395683453238,-0.010013610733035194,9.391891891891893,-1.391891891891893
7_62,1,4,220,173,0.004545454545454545,0.023121387283236993,0.01857593273778245,0.7863636363636364,3.213636363636364
7_63,4,2,219,168,0.0182648401826484,0.011904761904761904,-0.006360078277886497,3.0684931506849313,-1.0684931506849313
7_64,1,1,149,140,0.006711409395973154,0.007142857142857143,0.0004314477468839884,0.9395973154362416,0.06040268456375841
7_65,1,3,148,140,0.006756756756756757,0.02142857142857143,0.014671814671814672,0.945945945945946,2.054054054054054
7_66,0,0,149,140,0.0,0.0,0.0,0.0,0.0
7_67,0,0,149,140,0.0,0.0,0.0,0.0,0.0
7_68,0,0,148,140,0.0,0.0,0.0,0.0,0.0
7_69,0,0,148,140,0.0,0.0,0.0,0.0,0.0
7_7,0,0,221,103,0.0,0.0,0.0,0.0,0.0
7_70,0,0,148,140,0.0,0.0,0.0,0.0,0.0
7_71,0,0,148,140,0.0,0.0,0.0,0.0,0.0
7_72,0,0,148,144,0.0,0.0,0.0,0.0,0.0
7_73,0,0,148,140,0.0,0.0,0.0,0.0,0.0
7_74,0,0,148,140,0.0,0.0,0.0,0.0,0.0
7_75,0,0,148,140,0.0,0.0,0.0,0.0,0.0
7_76,0,0,148,140,0.0,0.0,0.0,0.0,0.0
7_77,0,0,223,135,0.0,0.0,0.0,0.0,0.0
7_8,0,0,296,134,0.0,0.0,0.0,0.0,0.0
7_9,0,0,221,103,0.0,0.0,0.0,0.0,0.0
80_0,0,0,76,75,0.0,0.0,0.0,0.0,0.0
80_1,0,0,76,75,0.0,0.0,0.0,0.0,0.0
80_10,0,0,152,141,0.0,0.0,0.0,0.0,0.0
80_11,0,0,152,141,0.0,0.0,0.0,0.0,0.0
80_12,0,0,152,141,0.0,0.0,0.0,0.0,0.0
80_13,0,0,228,176,0.0,0.0,0.0,0.0,0.0
80_14,0,0,153,142,0.0,0.0,0.0,0.0,0.0
80_15,0,0,152,141,0.0,0.0,0.0,0.0,0.0
80_16,0,0,152,141,0.0,0.0,0.0,0.0,0.0
80_17,0,0,152,141,0.0,0.0,0.0,0.0,0.0
80_18,0,0,152,141,0.0,0.0,0.0,0.0,0.0
80_19,0,0,152,141,0.0,0.0,0.0,0.0,0.0
80_2,0,0,76,75,0.0,0.0,0.0,0.0,0.0
80_20,0,0,152,141,0.0,0.0,0.0,0.0,0.0
80_21,0,0,152,141,0.0,0.0,0.0,0.0,0.0
80_22,0,0,152,141,0.0,0.0,0.0,0.0,0.0
80_23,0,0,228,176,0.0,0.0,0.0,0.0,0.0
80_24,4,3,152,141,0.02631578947368421,0.02127659574468085,-0.0050391937290033585,3.7105263157894735,-0.7105263157894735
80_25,6,1,152,177,0.039473684210526314,0.005649717514124294,-0.033823966696402016,6.9868421052631575,-5.9868421052631575
80_26,7,8,152,176,0.046052631578947366,0.045454545454545456,-0.0005980861244019101,8.105263157894736,-0.10526315789473628
80_27,3,6,152,141,0.019736842105263157,0.0425531914893617,0.022816349384098544,2.7828947368421053,3.2171052631578947
80_28,5,4,152,141,0.03289473684210526,0.028368794326241134,-0.004525942515864127,4.638157894736842,-0.6381578947368416
80_29,3,9,227,211,0.013215859030837005,0.04265402843601896,0.029438169405181958,2.788546255506608,6.211453744493392
80_3,0,0,76,75,0.0,0.0,0.0,0.0,0.0
80_30,5,6,302,242,0.016556291390728478,0.024793388429752067,0.008237097039023589,4.006622516556292,1.993377483443708
80_31,9,5,303,246,0.0297029702970297,0.02032520325203252,-0.009377767044997182,7.306930693069306,-2.3069306930693063
80_32,12,10,227,211,0.05286343612334802,0.04739336492890995,-0.00547007119443807,11.154185022026432,-1.1541850220264323
80_33,8,11,227,211,0.03524229074889868,0.052132701421800945,0.016890410672902263,7.436123348017622,3.563876651982378
80_34,5,8,227,211,0.022026431718061675,0.037914691943127965,0.01588826022506629,4.647577092511013,3.352422907488987
80_35,0,1,227,211,0.0,0.004739336492890996,0.004739336492890996,0.0,1.0
80_36,0,2,227,211,0.0,0.009478672985781991,0.009478672985781991,0.0,2.0
80_37,0,0,227,211,0.0,0.0,0.0,0.0,0.0
80_38,0,0,227,211,0.0,0.0,0.0,0.0,0.0
80_39,0,0,227,211,0.0,0.0,0.0,0.0,0.0
80_4,0,0,76,75,0.0,0.0,0.0,0.0,0.0
80_40,0,0,241,225,0.0,0.0,0.0,0.0,0.0
80_41,0,0,303,211,0.0,0.0,0.0,0.0,0.0
80_42,0,0,227,176,0.0,0.0,0.0,0.0,0.0
80_43,0,0,227,176,0.0,0.0,0.0,0.0,0.0
80_44,0,0,227,176,0.0,0.0,0.0,0.0,0.0
80_45,0,0,302,211,0.0,0.0,0.0,0.0,0.0
80_46,0,0,227,145,0.0,0.0,0.0,0.0,0.0
80_47,0,0,227,105,0.0,0.0,0.0,0.0,0.0
80_48,0,0,303,140,0.0,0.0,0.0,0.0,0.0
80_49,0,0,227,105,0.0,0.0,0.0,0.0,0.0
80_5,0,0,76,75,0.0,0.0,0.0,0.0,0.0
80_50,0,0,227,105,0.0,0.0,0.0,0.0,0.0
80_51,0,0,227,105,0.0,0.0,0.0,0.0,0.0
80_52,0,0,227,105,0.0,0.0,0.0,0.0,0.0
80_53,0,0,227,105,0.0,0.0,0.0,0.0,0.0
80_54,0,0,227,105,0.0,0.0,0.0,0.0,0.0
80_55,0,0,227,105,0.0,0.0,0.0,0.0,0.0
80_56,0,0,227,105,0.0,0.0,0.0,0.0,0.0
80_57,0,0,227,105,0.0,0.0,0.0,0.0,0.0
80_58,0,0,303,140,0.0,0.0,0.0,0.0,0.0
80_59,0,0,227,105,0.0,0.0,0.0,0.0,0.0
80_6,0,0,76,114,0.0,0.0,0.0,0.0,0.0
80_60,0,0,227,105,0.0,0.0,0.0,0.0,0.0
80_61,0,0,227,105,0.0,0.0,0.0,0.0,0.0
80_62,0,0,227,105,0.0,0.0,0.0,0.0,0.0
80_63,0,0,302,140,0.0,0.0,0.0,0.0,0.0
80_64,0,0,227,105,0.0,0.0,0.0,0.0,0.0
80_65,0,0,165,77,0.0,0.0,0.0,0.0,0.0
80_66,0,0,151,70,0.0,0.0,0.0,0.0,0.0
80_67,0,0,151,70,0.0,0.0,0.0,0.0,0.0
80_68,0,0,151,70,0.0,0.0,0.0,0.0,0.0
80_69,0,0,151,70,0.0,0.0,0.0,0.0,0.0
80_7,0,0,76,146,0.0,0.0,0.0,0.0,0.0
80_70,0,0,151,70,0.0,0.0,0.0,0.0,0.0
80_71,0,0,151,70,0.0,0.0,0.0,0.0,0.0
80_72,0,0,151,70,0.0,0.0,0.0,0.0,0.0
80_73,0,0,151,70,0.0,0.0,0.0,0.0,0.0
80_74,0,0,151,70,0.0,0.0,0.0,0.0,0.0
80_75,0,0,227,105,0.0,0.0,0.0,0.0,0.0
80_76,0,0,152,70,0.0,0.0,0.0,0.0,0.0
80_77,0,0,215,103,0.0,0.0,0.0,0.0,0.0
80_8,0,0,152,141,0.0,0.0,0.0,0.0,0.0
80_9,0,0,152,141,0.0,0.0,0.0,0.0,0.0
81_0,0,0,150,110,0.0,0.0,0.0,0.0,0.0
81_1,0,0,150,110,0.0,0.0,0.0,0.0,0.0
81_10,0,0,152,141,0.0,0.0,0.0,0.0,0.0
81_11,0,0,152,141,0.0,0.0,0.0,0.0,0.0
81_12,0,0,152,141,0.0,0.0,0.0,0.0,0.0
81_13,0,0,227,176,0.0,0.0,0.0,0.0,0.0
81_14,0,0,226,174,0.0,0.0,0.0,0.0,0.0
81_15,0,0,152,141,0.0,0.0,0.0,0.0,0.0
81_16,0,0,152,141,0.0,0.0,0.0,0.0,0.0
81_17,0,0,152,141,0.0,0.0,0.0,0.0,0.0
81_18,0,0,152,141,0.0,0.0,0.0,0.0,0.0
81_19,0,0,152,141,0.0,0.0,0.0,0.0,0.0
81_2,0,0,151,145,0.0,0.0,0.0,0.0,0.0
81_20,0,0,152,141,0.0,0.0,0.0,0.0,0.0
81_21,0,0,152,141,0.0,0.0,0.0,0.0,0.0
81_22,0,0,152,141,0.0,0.0,0.0,0.0,0.0
81_23,0,0,230,177,0.0,0.0,0.0,0.0,0.0
81_24,0,0,227,246,0.0,0.0,0.0,0.0,0.0
81_25,6,3,227,246,0.02643171806167401,0.012195121951219513,-0.014236596110454497,6.502202643171806,-3.502202643171806
81_26,9,15,227,245,0.039647577092511016,0.061224489795918366,0.02157691270340735,9.7136563876652,5.2863436123348
81_27,16,18,227,245,0.07048458149779736,0.07346938775510205,0.002984806257304684,17.268722466960355,0.7312775330396448
81_28,14,14,302,280,0.046357615894039736,0.05,0.003642384105960267,12.980132450331126,1.0198675496688736
81_29,13,14,227,211,0.05726872246696035,0.06635071090047394,0.009081988433513585,12.083700440528634,1.9162995594713657
81_3,0,0,151,145,0.0,0.0,0.0,0.0,0.0
81_30,17,11,227,211,0.07488986784140969,0.052132701421800945,-0.022757166419608746,15.801762114537445,-4.8017621145374445
81_31,12,7,303,246,0.039603960396039604,0.028455284552845527,-0.011148675843194077,9.742574257425742,-2.7425742574257423
81_32,7,10,227,211,0.030837004405286344,0.04739336492890995,0.016556360523623605,6.506607929515418,3.493392070484582
81_33,6,6,227,211,0.02643171806167401,0.02843601895734597,0.0020043008956719607,5.577092511013216,0.4229074889867839
81_34,4,3,227,211,0.01762114537444934,0.014218009478672985,-0.0034031358957763557,3.718061674008811,-0.718061674008811
81_35,0,0,227,211,0.0,0.0,0.0,0.0,0.0
81_36,0,0,227,211,0.0,0.0,0.0,0.0,0.0
81_37,0,0,227,211,0.0,0.0,0.0,0.0,0.0
81_38,0,0,227,211,0.0,0.0,0.0,0.0,0.0
81_39,0,0,227,211,0.0,0.0,0.0,0.0,0.0
81_4,0,0,150,145,0.0,0.0,0.0,0.0,0.0
81_40,0,0,303,246,0.0,0.0,0.0,0.0,0.0
81_41,0,0,303,242,0.0,0.0,0.0,0.0,0.0
81_42,0,0,227,176,0.0,0.0,0.0,0.0,0.0
81_43,0,0,227,176,0.0,0.0,0.0,0.0,0.0
81_44,0,0,227,176,0.0,0.0,0.0,0.0,0.0
81_45,0,0,302,174,0.0,0.0,0.0,0.0,0.0
81_46,0,0,302,175,0.0,0.0,0.0,0.0,0.0
81_47,0,0,227,105,0.0,0.0,0.0,0.0,0.0
81_48,0,0,303,140,0.0,0.0,0.0,0.0,0.0
81_49,0,0,227,105,0.0,0.0,0.0,0.0,0.0
81_5,0,0,76,79,0.0,0.0,0.0,0.0,0.0
81_50,0,0,227,105,0.0,0.0,0.0,0.0,0.0
81_51,0,0,227,105,0.0,0.0,0.0,0.0,0.0
81_52,0,0,227,105,0.0,0.0,0.0,0.0,0.0
81_53,0,0,227,105,0.0,0.0,0.0,0.0,0.0
81_54,0,0,227,105,0.0,0.0,0.0,0.0,0.0
81_55,0,0,227,105,0.0,0.0,0.0,0.0,0.0
81_56,0,0,227,105,0.0,0.0,0.0,0.0,0.0
81_57,0,0,227,109,0.0,0.0,0.0,0.0,0.0
81_58,0,0,303,140,0.0,0.0,0.0,0.0,0.0
81_59,0,0,227,105,0.0,0.0,0.0,0.0,0.0
81_6,0,0,76,79,0.0,0.0,0.0,0.0,0.0
81_60,0,0,151,70,0.0,0.0,0.0,0.0,0.0
81_61,0,0,151,70,0.0,0.0,0.0,0.0,0.0
81_62,0,0,151,70,0.0,0.0,0.0,0.0,0.0
81_63,0,0,226,105,0.0,0.0,0.0,0.0,0.0
81_64,0,0,151,70,0.0,0.0,0.0,0.0,0.0
81_65,0,0,151,70,0.0,0.0,0.0,0.0,0.0
81_66,0,0,151,70,0.0,0.0,0.0,0.0,0.0
81_67,0,0,151,70,0.0,0.0,0.0,0.0,0.0
81_68,0,0,151,70,0.0,0.0,0.0,0.0,0.0
81_69,0,0,151,70,0.0,0.0,0.0,0.0,0.0
81_7,0,0,76,146,0.0,0.0,0.0,0.0,0.0
81_70,0,0,151,70,0.0,0.0,0.0,0.0,0.0
81_71,0,0,151,70,0.0,0.0,0.0,0.0,0.0
81_72,0,0,151,70,0.0,0.0,0.0,0.0,0.0
81_73,0,0,151,70,0.0,0.0,0.0,0.0,0.0
81_74,0,0,151,70,0.0,0.0,0.0,0.0,0.0
81_75,0,0,227,105,0.0,0.0,0.0,0.0,0.0
81_76,0,0,151,70,0.0,0.0,0.0,0.0,0.0
81_77,0,0,151,70,0.0,0.0,0.0,0.0,0.0
81_8,0,0,152,141,0.0,0.0,0.0,0.0,0.0
81_9,0,0,152,141,0.0,0.0,0.0,0.0,0.0
82_0,0,0,150,110,0.0,0.0,0.0,0.0,0.0
82_1,0,0,151,137,0.0,0.0,0.0,0.0,0.0
82_10,0,0,215,210,0.0,0.0,0.0,0.0,0.0
82_11,0,0,152,141,0.0,0.0,0.0,0.0,0.0
82_12,0,0,152,141,0.0,0.0,0.0,0.0,0.0
82_13,0,0,225,172,0.0,0.0,0.0,0.0,0.0
82_14,0,0,228,176,0.0,0.0,0.0,0.0,0.0
82_15,0,0,152,141,0.0,0.0,0.0,0.0,0.0
82_16,0,0,152,141,0.0,0.0,0.0,0.0,0.0
82_17,0,0,152,141,0.0,0.0,0.0,0.0,0.0
82_18,0,0,224,210,0.0,0.0,0.0,0.0,0.0
82_19,0,0,227,210,0.0,0.0,0.0,0.0,0.0
82_2,0,0,151,145,0.0,0.0,0.0,0.0,0.0
82_20,0,0,227,210,0.0,0.0,0.0,0.0,0.0
82_21,0,0,227,210,0.0,0.0,0.0,0.0,0.0
82_22,0,0,227,210,0.0,0.0,0.0,0.0,0.0
82_23,0,0,303,245,0.0,0.0,0.0,0.0,0.0
82_24,0,0,227,246,0.0,0.0,0.0,0.0,0.0
82_25,2,5,227,210,0.00881057268722467,0.023809523809523808,0.014998951122299138,1.8502202643171808,3.149779735682819
82_26,11,5,227,210,0.048458149779735685,0.023809523809523808,-0.024648625970211877,10.176211453744493,-5.176211453744493
82_27,11,22,227,245,0.048458149779735685,0.08979591836734693,0.04133776858761125,11.872246696035242,10.127753303964758
82_28,17,10,302,280,0.056291390728476824,0.03571428571428571,-0.020577105014191112,15.761589403973511,-5.761589403973511
82_29,14,15,227,216,0.06167400881057269,0.06944444444444445,0.00777043563387176,13.321585903083701,1.678414096916299
82_3,0,0,151,145,0.0,0.0,0.0,0.0,0.0
82_30,7,19,227,211,0.030837004405286344,0.09004739336492891,0.05921038895964256,6.506607929515418,12.493392070484582
82_31,8,4,303,246,0.026402640264026403,0.016260162601626018,-0.010142477662400385,6.4950495049504955,-2.4950495049504955
82_32,7,7,227,211,0.030837004405286344,0.03317535545023697,0.0023383510449506255,6.506607929515418,0.4933920704845818
82_33,7,3,227,211,0.030837004405286344,0.014218009478672985,-0.01661899492661336,6.506607929515418,-3.506607929515418
82_34,1,4,227,211,0.004405286343612335,0.018957345971563982,0.014552059627951648,0.9295154185022028,3.070484581497797
82_35,2,1,227,211,0.00881057268722467,0.004739336492890996,-0.004071236194333675,1.8590308370044055,-0.8590308370044055
82_36,0,0,227,211,0.0,0.0,0.0,0.0,0.0
82_37,0,0,227,211,0.0,0.0,0.0,0.0,0.0
82_38,0,8,227,211,0.0,0.037914691943127965,0.037914691943127965,0.0,8.0
82_39,0,0,227,211,0.0,0.0,0.0,0.0,0.0
82_4,0,0,151,145,0.0,0.0,0.0,0.0,0.0
82_40,0,0,303,246,0.0,0.0,0.0,0.0,0.0
82_41,0,0,227,211,0.0,0.0,0.0,0.0,0.0
82_42,0,0,227,176,0.0,0.0,0.0,0.0,0.0
82_43,0,0,227,176,0.0,0.0,0.0,0.0,0.0
82_44,0,0,227,176,0.0,0.0,0.0,0.0,0.0
82_45,0,0,227,140,0.0,0.0,0.0,0.0,0.0
82_46,0,0,302,175,0.0,0.0,0.0,0.0,0.0
82_47,0,0,227,105,0.0,0.0,0.0,0.0,0.0
82_48,0,0,303,140,0.0,0.0,0.0,0.0,0.0
82_49,0,0,227,105,0.0,0.0,0.0,0.0,0.0
82_5,0,0,151,149,0.0,0.0,0.0,0.0,0.0
82_50,0,0,227,105,0.0,0.0,0.0,0.0,0.0
82_51,0,0,227,105,0.0,0.0,0.0,0.0,0.0
82_52,0,0,227,105,0.0,0.0,0.0,0.0,0.0
82_53,0,0,227,105,0.0,0.0,0.0,0.0,0.0
82_54,0,0,152,70,0.0,0.0,0.0,0.0,0.0
82_55,0,0,151,70,0.0,0.0,0.0,0.0,0.0
82_56,0,0,151,70,0.0,0.0,0.0,0.0,0.0
82_57,0,0,227,105,0.0,0.0,0.0,0.0,0.0
82_58,0,0,227,101,0.0,0.0,0.0,0.0,0.0
82_59,0,0,151,70,0.0,0.0,0.0,0.0,0.0
82_6,0,0,151,145,0.0,0.0,0.0,0.0,0.0
82_60,0,0,151,70,0.0,0.0,0.0,0.0,0.0
82_61,0,0,151,70,0.0,0.0,0.0,0.0,0.0
82_62,0,0,151,70,0.0,0.0,0.0,0.0,0.0
82_63,0,0,226,105,0.0,0.0,0.0,0.0,0.0
82_64,0,0,151,70,0.0,0.0,0.0,0.0,0.0
82_65,0,0,151,70,0.0,0.0,0.0,0.0,0.0
82_66,0,0,151,70,0.0,0.0,0.0,0.0,0.0
82_67,0,0,151,70,0.0,0.0,0.0,0.0,0.0
82_68,0,0,151,70,0.0,0.0,0.0,0.0,0.0
82_69,0,0,151,70,0.0,0.0,0.0,0.0,0.0
82_7,0,0,151,216,0.0,0.0,0.0,0.0,0.0
82_70,0,0,151,70,0.0,0.0,0.0,0.0,0.0
82_71,0,0,151,70,0.0,0.0,0.0,0.0,0.0
82_72,0,0,151,70,0.0,0.0,0.0,0.0,0.0
82_73,0,0,151,70,0.0,0.0,0.0,0.0,0.0
82_74,0,0,151,71,0.0,0.0,0.0,0.0,0.0
82_75,0,0,227,105,0.0,0.0,0.0,0.0,0.0
82_76,0,0,151,70,0.0,0.0,0.0,0.0,0.0
82_77,0,0,151,70,0.0,0.0,0.0,0.0,0.0
82_8,0,0,227,211,0.0,0.0,0.0,0.0,0.0
82_9,0,0,227,211,0.0,0.0,0.0,0.0,0.0
83_0,0,0,150,110,0.0,0.0,0.0,0.0,0.0
83_1,0,0,151,145,0.0,0.0,0.0,0.0,0.0
83_10,0,0,291,245,0.0,0.0,0.0,0.0,0.0
83_11,0,0,227,210,0.0,0.0,0.0,0.0,0.0
83_12,0,0,227,210,0.0,0.0,0.0,0.0,0.0
83_13,0,0,297,279,0.0,0.0,0.0,0.0,0.0
83_14,0,0,378,314,0.0,0.0,0.0,0.0,0.0
83_15,0,0,302,279,0.0,0.0,0.0,0.0,0.0
83_16,0,0,290,279,0.0,0.0,0.0,0.0,0.0
83_17,0,0,227,210,0.0,0.0,0.0,0.0,0.0
83_18,0,0,227,210,0.0,0.0,0.0,0.0,0.0
83_19,0,0,227,210,0.0,0.0,0.0,0.0,0.0
83_2,0,0,151,145,0.0,0.0,0.0,0.0,0.0
83_20,0,0,227,210,0.0,0.0,0.0,0.0,0.0
83_21,0,0,227,210,0.0,0.0,0.0,0.0,0.0
83_22,0,0,227,214,0.0,0.0,0.0,0.0,0.0
83_23,0,0,303,245,0.0,0.0,0.0,0.0,0.0
83_24,0,0,227,246,0.0,0.0,0.0,0.0,0.0
83_25,0,0,227,210,0.0,0.0,0.0,0.0,0.0
83_26,0,0,227,210,0.0,0.0,0.0,0.0,0.0
83_27,3,8,227,245,0.013215859030837005,0.0326530612244898,0.019437202193652796,3.237885462555066,4.762114537444933
83_28,12,10,302,275,0.039735099337748346,0.03636363636363636,-0.003371462974111984,10.927152317880795,-0.927152317880795
83_29,9,8,302,246,0.029801324503311258,0.032520325203252036,0.002719000699940778,7.331125827814569,0.668874172185431
83_3,0,0,151,145,0.0,0.0,0.0,0.0,0.0
83_30,6,11,227,211,0.02643171806167401,0.052132701421800945,0.025700983360126935,5.577092511013216,5.422907488986784
83_31,6,6,303,246,0.019801980198019802,0.024390243902439025,0.004588263704419223,4.871287128712871,1.1287128712871288
83_32,7,10,227,211,0.030837004405286344,0.04739336492890995,0.016556360523623605,6.506607929515418,3.493392070484582
83_33,5,7,227,211,0.022026431718061675,0.03317535545023697,0.011148923732175294,4.647577092511013,2.352422907488987
83_34,3,1,227,211,0.013215859030837005,0.004739336492890996,-0.00847652253794601,2.788546255506608,-1.788546255506608
83_35,0,0,227,211,0.0,0.0,0.0,0.0,0.0
83_36,0,0,227,211,0.0,0.0,0.0,0.0,0.0
83_37,0,0,227,211,0.0,0.0,0.0,0.0,0.0
83_38,2,12,227,211,0.00881057268722467,0.05687203791469194,0.04806146522746727,1.8590308370044055,10.140969162995594
83_39,0,0,227,211,0.0,0.0,0.0,0.0,0.0
83_4,0,0,151,145,0.0,0.0,0.0,0.0,0.0
83_40,0,0,303,246,0.0,0.0,0.0,0.0,0.0
83_41,0,0,227,211,0.0,0.0,0.0,0.0,0.0
83_42,0,0,227,176,0.0,0.0,0.0,0.0,0.0
83_43,0,0,227,176,0.0,0.0,0.0,0.0,0.0
83_44,0,0,227,176,0.0,0.0,0.0,0.0,0.0
83_45,0,0,227,140,0.0,0.0,0.0,0.0,0.0
83_46,0,0,302,175,0.0,0.0,0.0,0.0,0.0
83_47,0,0,227,105,0.0,0.0,0.0,0.0,0.0
83_48,0,0,152,70,0.0,0.0,0.0,0.0,0.0
83_49,0,0,151,70,0.0,0.0,0.0,0.0,0.0
83_5,0,0,151,149,0.0,0.0,0.0,0.0,0.0
83_50,0,0,151,70,0.0,0.0,0.0,0.0,0.0
83_51,0,0,151,70,0.0,0.0,0.0,0.0,0.0
83_52,0,0,151,70,0.0,0.0,0.0,0.0,0.0
83_53,0,0,151,70,0.0,0.0,0.0,0.0,0.0
83_54,0,0,151,70,0.0,0.0,0.0,0.0,0.0
83_55,0,0,151,70,0.0,0.0,0.0,0.0,0.0
83_56,0,0,151,70,0.0,0.0,0.0,0.0,0.0
83_57,0,0,227,105,0.0,0.0,0.0,0.0,0.0
83_58,0,0,151,70,0.0,0.0,0.0,0.0,0.0
83_59,0,0,151,70,0.0,0.0,0.0,0.0,0.0
83_6,0,0,151,145,0.0,0.0,0.0,0.0,0.0
83_60,0,0,151,70,0.0,0.0,0.0,0.0,0.0
83_61,0,0,151,70,0.0,0.0,0.0,0.0,0.0
83_62,0,0,151,70,0.0,0.0,0.0,0.0,0.0
83_63,0,0,226,105,0.0,0.0,0.0,0.0,0.0
83_64,0,0,151,70,0.0,0.0,0.0,0.0,0.0
83_65,0,0,151,70,0.0,0.0,0.0,0.0,0.0
83_66,0,0,151,70,0.0,0.0,0.0,0.0,0.0
83_67,0,0,151,70,0.0,0.0,0.0,0.0,0.0
83_68,0,0,151,70,0.0,0.0,0.0,0.0,0.0
83_69,0,0,151,70,0.0,0.0,0.0,0.0,0.0
83_7,0,0,151,216,0.0,0.0,0.0,0.0,0.0
83_70,0,0,151,70,0.0,0.0,0.0,0.0,0.0
83_71,0,0,151,70,0.0,0.0,0.0,0.0,0.0
83_72,0,0,151,70,0.0,0.0,0.0,0.0,0.0
83_73,0,0,151,70,0.0,0.0,0.0,0.0,0.0
83_74,0,0,156,79,0.0,0.0,0.0,0.0,0.0
83_75,0,0,227,105,0.0,0.0,0.0,0.0,0.0
83_76,0,0,151,70,0.0,0.0,0.0,0.0,0.0
83_77,0,0,151,70,0.0,0.0,0.0,0.0,0.0
83_8,0,0,227,211,0.0,0.0,0.0,0.0,0.0
83_9,0,0,227,216,0.0,0.0,0.0,0.0,0.0
84_0,0,0,150,110,0.0,0.0,0.0,0.0,0.0
84_1,0,0,151,145,0.0,0.0,0.0,0.0,0.0
84_10,0,0,366,310,0.0,0.0,0.0,0.0,0.0
84_11,0,0,377,344,0.0,0.0,0.0,0.0,0.0
84_12,0,0,302,284,0.0,0.0,0.0,0.0,0.0
84_13,0,0,302,279,0.0,0.0,0.0,0.0,0.0
84_14,0,0,378,314,0.0,0.0,0.0,0.0,0.0
84_15,0,0,313,279,0.0,0.0,0.0,0.0,0.0
84_16,0,0,313,279,0.0,0.0,0.0,0.0,0.0
84_17,0,0,302,279,0.0,0.0,0.0,0.0,0.0
84_18,0,0,302,279,0.0,0.0,0.0,0.0,0.0
84_19,0,0,302,279,0.0,0.0,0.0,0.0,0.0
84_2,0,0,151,145,0.0,0.0,0.0,0.0,0.0
84_20,0,0,302,279,0.0,0.0,0.0,0.0,0.0
84_21,0,0,302,279,0.0,0.0,0.0,0.0,0.0
84_22,0,0,377,314,0.0,0.0,0.0,0.0,0.0
84_23,0,0,303,241,0.0,0.0,0.0,0.0,0.0
84_24,0,0,227,246,0.0,0.0,0.0,0.0,0.0
84_25,0,0,227,210,0.0,0.0,0.0,0.0,0.0
84_26,0,0,227,210,0.0,0.0,0.0,0.0,0.0
84_27,0,0,227,245,0.0,0.0,0.0,0.0,0.0
84_28,0,3,227,245,0.0,0.012244897959183673,0.012244897959183673,0.0,3.0
84_29,4,5,302,280,0.013245033112582781,0.017857142857142856,0.004612109744560075,3.7086092715231787,1.2913907284768213
84_3,0,0,151,145,0.0,0.0,0.0,0.0,0.0
84_30,4,2,227,211,0.01762114537444934,0.009478672985781991,-0.00814247238866735,3.718061674008811,-1.718061674008811
84_31,8,4,303,246,0.026402640264026403,0.016260162601626018,-0.010142477662400385,6.4950495049504955,-2.4950495049504955
84_32,4,8,228,215,0.017543859649122806,0.037209302325581395,0.01966544267645859,3.7719298245614032,4.228070175438597
84_33,5,5,227,211,0.022026431718061675,0.023696682464454975,0.0016702507463932995,4.647577092511013,0.35242290748898686
84_34,7,10,227,211,0.030837004405286344,0.04739336492890995,0.016556360523623605,6.506607929515418,3.493392070484582
84_35,3,6,227,211,0.013215859030837005,0.02843601895734597,0.015220159926508966,2.788546255506608,3.211453744493392
84_36,0,0,227,211,0.0,0.0,0.0,0.0,0.0
84_37,0,0,227,211,0.0,0.0,0.0,0.0,0.0
84_38,0,2,227,211,0.0,0.009478672985781991,0.009478672985781991,0.0,2.0
84_39,1,18,227,211,0.004405286343612335,0.08530805687203792,0.08090277052842558,0.9295154185022028,17.070484581497798
84_4,0,0,151,145,0.0,0.0,0.0,0.0,0.0
84_40,0,0,303,246,0.0,0.0,0.0,0.0,0.0
84_41,0,0,227,211,0.0,0.0,0.0,0.0,0.0
84_42,0,0,152,106,0.0,0.0,0.0,0.0,0.0
84_43,0,0,151,106,0.0,0.0,0.0,0.0,0.0
84_44,0,0,151,106,0.0,0.0,0.0,0.0,0.0
84_45,0,0,151,70,0.0,0.0,0.0,0.0,0.0
84_46,0,0,226,105,0.0,0.0,0.0,0.0,0.0
84_47,0,0,151,70,0.0,0.0,0.0,0.0,0.0
84_48,0,0,151,70,0.0,0.0,0.0,0.0,0.0
84_49,0,0,151,70,0.0,0.0,0.0,0.0,0.0
84_5,0,0,151,149,0.0,0.0,0.0,0.0,0.0
84_50,0,0,151,70,0.0,0.0,0.0,0.0,0.0
84_51,0,0,151,70,0.0,0.0,0.0,0.0,0.0
84_52,0,0,151,70,0.0,0.0,0.0,0.0,0.0
84_53,0,0,151,70,0.0,0.0,0.0,0.0,0.0
84_54,0,0,151,70,0.0,0.0,0.0,0.0,0.0
84_55,0,0,151,70,0.0,0.0,0.0,0.0,0.0
84_56,0,0,151,70,0.0,0.0,0.0,0.0,0.0
84_57,0,0,227,105,0.0,0.0,0.0,0.0,0.0
84_58,0,0,151,70,0.0,0.0,0.0,0.0,0.0
84_59,0,0,151,70,0.0,0.0,0.0,0.0,0.0
84_6,0,0,151,181,0.0,0.0,0.0,0.0,0.0
84_60,0,0,151,70,0.0,0.0,0.0,0.0,0.0
84_61,0,0,151,70,0.0,0.0,0.0,0.0,0.0
84_62,0,0,151,70,0.0,0.0,0.0,0.0,0.0
84_63,0,0,226,105,0.0,0.0,0.0,0.0,0.0
84_64,0,0,151,75,0.0,0.0,0.0,0.0,0.0
84_65,0,0,151,70,0.0,0.0,0.0,0.0,0.0
84_66,0,0,151,70,0.0,0.0,0.0,0.0,0.0
84_67,0,0,151,70,0.0,0.0,0.0,0.0,0.0
84_68,0,0,151,70,0.0,0.0,0.0,0.0,0.0
84_69,0,0,151,70,0.0,0.0,0.0,0.0,0.0
84_7,0,0,227,212,0.0,0.0,0.0,0.0,0.0
84_70,0,0,151,70,0.0,0.0,0.0,0.0,0.0
84_71,0,0,151,70,0.0,0.0,0.0,0.0,0.0
84_72,0,0,151,70,0.0,0.0,0.0,0.0,0.0
84_73,0,0,151,70,0.0,0.0,0.0,0.0,0.0
84_74,0,0,227,105,0.0,0.0,0.0,0.0,0.0
84_75,0,0,227,101,0.0,0.0,0.0,0.0,0.0
84_76,0,0,151,70,0.0,0.0,0.0,0.0,0.0
84_77,0,0,151,70,0.0,0.0,0.0,0.0,0.0
84_8,0,0,302,281,0.0,0.0,0.0,0.0,0.0
84_9,0,0,366,315,0.0,0.0,0.0,0.0,0.0
85_0,0,0,151,110,0.0,0.0,0.0,0.0,0.0
85_1,0,0,151,145,0.0,0.0,0.0,0.0,0.0
85_10,0,0,302,280,0.0,0.0,0.0,0.0,0.0
85_11,0,0,377,344,0.0,0.0,0.0,0.0,0.0
85_12,0,0,377,314,0.0,0.0,0.0,0.0,0.0
85_13,0,0,302,279,0.0,0.0,0.0,0.0,0.0
85_14,0,0,378,314,0.0,0.0,0.0,0.0,0.0
85_15,0,0,314,279,0.0,0.0,0.0,0.0,0.0
85_16,0,0,302,279,0.0,0.0,0.0,0.0,0.0
85_17,0,0,302,279,0.0,0.0,0.0,0.0,0.0
85_18,0,0,302,279,0.0,0.0,0.0,0.0,0.0
85_19,0,0,302,279,0.0,0.0,0.0,0.0,0.0
85_2,0,0,151,145,0.0,0.0,0.0,0.0,0.0
85_20,0,0,302,279,0.0,0.0,0.0,0.0,0.0
85_21,0,0,302,279,0.0,0.0,0.0,0.0,0.0
85_22,0,0,378,314,0.0,0.0,0.0,0.0,0.0
85_23,0,0,302,279,0.0,0.0,0.0,0.0,0.0
85_24,0,0,302,350,0.0,0.0,0.0,0.0,0.0
85_25,0,0,302,279,0.0,0.0,0.0,0.0,0.0
85_26,0,0,302,284,0.0,0.0,0.0,0.0,0.0
85_27,0,0,366,344,0.0,0.0,0.0,0.0,0.0
85_28,0,0,302,280,0.0,0.0,0.0,0.0,0.0
85_29,0,0,302,280,0.0,0.0,0.0,0.0,0.0
85_3,0,0,226,215,0.0,0.0,0.0,0.0,0.0
85_30,2,2,227,211,0.00881057268722467,0.009478672985781991,0.0006681002985573208,1.8590308370044055,0.14096916299559448
85_31,3,6,302,246,0.009933774834437087,0.024390243902439025,0.014456469068001939,2.4437086092715234,3.5562913907284766
85_32,3,2,228,215,0.013157894736842105,0.009302325581395349,-0.003855569155446756,2.8289473684210527,-0.8289473684210527
85_33,7,5,227,211,0.030837004405286344,0.023696682464454975,-0.007140321940831369,6.506607929515418,-1.5066079295154182
85_34,5,6,227,211,0.022026431718061675,0.02843601895734597,0.006409587239284295,4.647577092511013,1.3524229074889869
85_35,2,3,227,211,0.00881057268722467,0.014218009478672985,0.005407436791448315,1.8590308370044055,1.1409691629955945
85_36,0,11,151,141,0.0,0.07801418439716312,0.07801418439716312,0.0,11.0
85_37,0,2,151,141,0.0,0.014184397163120567,0.014184397163120567,0.0,2.0
85_38,2,1,151,141,0.013245033112582781,0.0070921985815602835,-0.006152834531022498,1.8675496688741722,-0.8675496688741722
85_39,4,13,151,145,0.026490066225165563,0.0896551724137931,0.06316510618862754,3.8410596026490067,9.158940397350992
85_4,0,0,226,215,0.0,0.0,0.0,0.0,0.0
85_40,0,0,227,176,0.0,0.0,0.0,0.0,0.0
85_41,0,0,151,141,0.0,0.0,0.0,0.0,0.0
85_42,0,0,151,141,0.0,0.0,0.0,0.0,0.0
85_43,0,0,151,106,0.0,0.0,0.0,0.0,0.0
85_44,0,0,151,106,0.0,0.0,0.0,0.0,0.0
85_45,0,0,151,70,0.0,0.0,0.0,0.0,0.0
85_46,0,0,226,105,0.0,0.0,0.0,0.0,0.0
85_47,0,0,151,75,0.0,0.0,0.0,0.0,0.0
85_48,0,0,151,70,0.0,0.0,0.0,0.0,0.0
85_49,0,0,151,70,0.0,0.0,0.0,0.0,0.0
85_5,0,0,226,219,0.0,0.0,0.0,0.0,0.0
85_50,0,0,151,70,0.0,0.0,0.0,0.0,0.0
85_51,0,0,151,70,0.0,0.0,0.0,0.0,0.0
85_52,0,0,151,70,0.0,0.0,0.0,0.0,0.0
85_53,0,0,151,70,0.0,0.0,0.0,0.0,0.0
85_54,0,0,151,70,0.0,0.0,0.0,0.0,0.0
85_55,0,0,151,70,0.0,0.0,0.0,0.0,0.0
85_56,0,0,151,70,0.0,0.0,0.0,0.0,0.0
85_57,0,0,227,105,0.0,0.0,0.0,0.0,0.0
85_58,0,0,151,70,0.0,0.0,0.0,0.0,0.0
85_59,0,0,151,70,0.0,0.0,0.0,0.0,0.0
85_6,0,0,226,251,0.0,0.0,0.0,0.0,0.0
85_60,0,0,151,70,0.0,0.0,0.0,0.0,0.0
85_61,0,0,151,70,0.0,0.0,0.0,0.0,0.0
85_62,0,0,151,70,0.0,0.0,0.0,0.0,0.0
85_63,0,0,226,100,0.0,0.0,0.0,0.0,0.0
85_64,0,0,226,105,0.0,0.0,0.0,0.0,0.0
85_65,0,0,151,70,0.0,0.0,0.0,0.0,0.0
85_66,0,0,151,70,0.0,0.0,0.0,0.0,0.0
85_67,0,0,151,70,0.0,0.0,0.0,0.0,0.0
85_68,0,0,151,70,0.0,0.0,0.0,0.0,0.0
85_69,0,0,151,70,0.0,0.0,0.0,0.0,0.0
85_7,0,0,302,246,0.0,0.0,0.0,0.0,0.0
85_70,0,0,151,70,0.0,0.0,0.0,0.0,0.0
85_71,0,0,151,70,0.0,0.0,0.0,0.0,0.0
85_72,0,0,151,70,0.0,0.0,0.0,0.0,0.0
85_73,0,0,151,70,0.0,0.0,0.0,0.0,0.0
85_74,0,0,227,105,0.0,0.0,0.0,0.0,0.0
85_75,0,0,151,70,0.0,0.0,0.0,0.0,0.0
85_76,0,0,151,70,0.0,0.0,0.0,0.0,0.0
85_77,0,0,151,70,0.0,0.0,0.0,0.0,0.0
85_8,0,0,302,281,0.0,0.0,0.0,0.0,0.0
85_9,0,0,366,315,0.0,0.0,0.0,0.0,0.0
86_0,0,0,226,140,0.0,0.0,0.0,0.0,0.0
86_1,0,0,226,215,0.0,0.0,0.0,0.0,0.0
86_10,0,0,302,280,0.0,0.0,0.0,0.0,0.0
86_11,0,0,302,314,0.0,0.0,0.0,0.0,0.0
86_12,0,0,377,349,0.0,0.0,0.0,0.0,0.0
86_13,0,0,302,279,0.0,0.0,0.0,0.0,0.0
86_14,0,0,377,314,0.0,0.0,0.0,0.0,0.0
86_15,0,0,314,283,0.0,0.0,0.0,0.0,0.0
86_16,0,0,302,279,0.0,0.0,0.0,0.0,0.0
86_17,0,0,302,279,0.0,0.0,0.0,0.0,0.0
86_18,0,0,302,279,0.0,0.0,0.0,0.0,0.0
86_19,0,0,302,279,0.0,0.0,0.0,0.0,0.0
86_2,0,0,226,215,0.0,0.0,0.0,0.0,0.0
86_20,0,0,302,279,0.0,0.0,0.0,0.0,0.0
86_21,0,0,302,279,0.0,0.0,0.0,0.0,0.0
86_22,0,0,378,314,0.0,0.0,0.0,0.0,0.0
86_23,0,0,302,315,0.0,0.0,0.0,0.0,0.0
86_24,0,0,302,350,0.0,0.0,0.0,0.0,0.0
86_25,0,0,302,279,0.0,0.0,0.0,0.0,0.0
86_26,0,0,366,314,0.0,0.0,0.0,0.0,0.0
86_27,0,0,366,344,0.0,0.0,0.0,0.0,0.0
86_28,0,0,302,280,0.0,0.0,0.0,0.0,0.0
86_29,0,0,377,350,0.0,0.0,0.0,0.0,0.0
86_3,0,0,226,215,0.0,0.0,0.0,0.0,0.0
86_30,2,1,226,211,0.008849557522123894,0.004739336492890996,-0.004110221029232898,1.8672566371681416,-0.8672566371681416
86_31,0,5,226,211,0.0,0.023696682464454975,0.023696682464454975,0.0,5.0
86_32,2,5,237,211,0.008438818565400843,0.023696682464454975,0.015257863899054131,1.7805907172995779,3.219409282700422
86_33,5,5,226,211,0.022123893805309734,0.023696682464454975,0.0015727886591452404,4.668141592920354,0.331858407079646
86_34,4,5,151,141,0.026490066225165563,0.03546099290780142,0.008970926682635858,3.7350993377483444,1.2649006622516556
86_35,1,3,151,141,0.006622516556291391,0.02127659574468085,0.01465407918838946,0.9337748344370861,2.066225165562914
86_36,4,16,151,141,0.026490066225165563,0.11347517730496454,0.08698511107979898,3.7350993377483444,12.264900662251655
86_37,2,11,151,141,0.013245033112582781,0.07801418439716312,0.06476915128458034,1.8675496688741722,9.132450331125828
86_38,0,0,151,141,0.0,0.0,0.0,0.0,0.0
86_39,0,1,227,176,0.0,0.005681818181818182,0.005681818181818182,0.0,1.0
86_4,0,0,226,215,0.0,0.0,0.0,0.0,0.0
86_40,0,0,227,172,0.0,0.0,0.0,0.0,0.0
86_41,0,0,151,141,0.0,0.0,0.0,0.0,0.0
86_42,0,0,151,141,0.0,0.0,0.0,0.0,0.0
86_43,0,0,151,106,0.0,0.0,0.0,0.0,0.0
86_44,0,0,151,106,0.0,0.0,0.0,0.0,0.0
86_45,0,0,151,70,0.0,0.0,0.0,0.0,0.0
86_46,0,0,226,104,0.0,0.0,0.0,0.0,0.0
86_47,0,0,217,98,0.0,0.0,0.0,0.0,0.0
86_48,0,0,151,70,0.0,0.0,0.0,0.0,0.0
86_49,0,0,151,70,0.0,0.0,0.0,0.0,0.0
86_5,0,0,226,219,0.0,0.0,0.0,0.0,0.0
86_50,0,0,151,70,0.0,0.0,0.0,0.0,0.0
86_51,0,0,151,70,0.0,0.0,0.0,0.0,0.0
86_52,0,0,151,70,0.0,0.0,0.0,0.0,0.0
86_53,0,0,151,70,0.0,0.0,0.0,0.0,0.0
86_54,0,0,151,70,0.0,0.0,0.0,0.0,0.0
86_55,0,0,151,70,0.0,0.0,0.0,0.0,0.0
86_56,0,0,151,70,0.0,0.0,0.0,0.0,0.0
86_57,0,0,227,105,0.0,0.0,0.0,0.0,0.0
86_58,0,0,151,70,0.0,0.0,0.0,0.0,0.0
86_59,0,0,151,70,0.0,0.0,0.0,0.0,0.0
86_6,0,0,226,251,0.0,0.0,0.0,0.0,0.0
86_60,0,0,151,70,0.0,0.0,0.0,0.0,0.0
86_61,0,0,151,70,0.0,0.0,0.0,0.0,0.0
86_62,0,0,151,70,0.0,0.0,0.0,0.0,0.0
86_63,0,0,151,70,0.0,0.0,0.0,0.0,0.0
86_64,0,0,226,105,0.0,0.0,0.0,0.0,0.0
86_65,0,0,151,70,0.0,0.0,0.0,0.0,0.0
86_66,0,0,151,70,0.0,0.0,0.0,0.0,0.0
86_67,0,0,151,70,0.0,0.0,0.0,0.0,0.0
86_68,0,0,151,70,0.0,0.0,0.0,0.0,0.0
86_69,0,0,151,70,0.0,0.0,0.0,0.0,0.0
86_7,0,0,302,246,0.0,0.0,0.0,0.0,0.0
86_70,0,0,151,70,0.0,0.0,0.0,0.0,0.0
86_71,0,0,151,70,0.0,0.0,0.0,0.0,0.0
86_72,0,0,151,70,0.0,0.0,0.0,0.0,0.0
86_73,0,0,151,70,0.0,0.0,0.0,0.0,0.0
86_74,0,0,227,105,0.0,0.0,0.0,0.0,0.0
86_75,0,0,151,70,0.0,0.0,0.0,0.0,0.0
86_76,0,0,151,70,0.0,0.0,0.0,0.0,0.0
86_77,0,0,151,70,0.0,0.0,0.0,0.0,0.0
86_8,0,0,302,281,0.0,0.0,0.0,0.0,0.0
86_9,0,0,366,315,0.0,0.0,0.0,0.0,0.0
87_0,0,0,226,140,0.0,0.0,0.0,0.0,0.0
87_1,0,0,226,175,0.0,0.0,0.0,0.0,0.0
87_10,0,0,302,280,0.0,0.0,0.0,0.0,0.0
87_11,0,0,302,280,0.0,0.0,0.0,0.0,0.0
87_12,0,0,377,349,0.0,0.0,0.0,0.0,0.0
87_13,0,0,302,279,0.0,0.0,0.0,0.0,0.0
87_14,0,0,377,310,0.0,0.0,0.0,0.0,0.0
87_15,0,0,389,314,0.0,0.0,0.0,0.0,0.0
87_16,0,0,302,279,0.0,0.0,0.0,0.0,0.0
87_17,0,0,302,279,0.0,0.0,0.0,0.0,0.0
87_18,0,0,302,279,0.0,0.0,0.0,0.0,0.0
87_19,0,0,302,279,0.0,0.0,0.0,0.0,0.0
87_2,0,0,226,175,0.0,0.0,0.0,0.0,0.0
87_20,0,0,302,279,0.0,0.0,0.0,0.0,0.0
87_21,0,0,302,279,0.0,0.0,0.0,0.0,0.0
87_22,1,0,378,314,0.0026455026455026454,0.0,-0.0026455026455026454,0.8306878306878307,-0.8306878306878307
87_23,1,1,302,315,0.0033112582781456954,0.0031746031746031746,-0.00013665510354252076,1.0430463576158941,-0.04304635761589415
87_24,4,6,301,314,0.013289036544850499,0.01910828025477707,0.005819243709926571,4.172757475083056,1.8272425249169437
87_25,1,1,226,209,0.004424778761061947,0.004784688995215311,0.000359910234153364,0.9247787610619469,0.0752212389380531
87_26,0,0,290,244,0.0,0.0,0.0,0.0,0.0
87_27,0,0,226,210,0.0,0.0,0.0,0.0,0.0
87_28,0,0,226,210,0.0,0.0,0.0,0.0,0.0
87_29,0,0,301,280,0.0,0.0,0.0,0.0,0.0
87_3,0,0,226,175,0.0,0.0,0.0,0.0,0.0
87_30,0,0,226,216,0.0,0.0,0.0,0.0,0.0
87_31,1,0,226,211,0.004424778761061947,0.0,-0.004424778761061947,0.9336283185840708,-0.9336283185840708
87_32,2,7,237,211,0.008438818565400843,0.03317535545023697,0.024736536884836124,1.7805907172995779,5.219409282700422
87_33,1,6,226,211,0.004424778761061947,0.02843601895734597,0.024011240196284023,0.9336283185840708,5.066371681415929
87_34,4,7,226,211,0.017699115044247787,0.03317535545023697,0.015476240405989182,3.734513274336283,3.265486725663717
87_35,5,4,226,211,0.022123893805309734,0.018957345971563982,-0.0031665478337457517,4.668141592920354,-0.668141592920354
87_36,1,4,226,211,0.004424778761061947,0.018957345971563982,0.014532567210502036,0.9336283185840708,3.066371681415929
87_37,2,3,226,211,0.008849557522123894,0.014218009478672985,0.0053684519565490914,1.8672566371681416,1.1327433628318584
87_38,0,0,226,211,0.0,0.0,0.0,0.0,0.0
87_39,0,0,301,243,0.0,0.0,0.0,0.0,0.0
87_4,0,0,226,175,0.0,0.0,0.0,0.0,0.0
87_40,0,0,151,141,0.0,0.0,0.0,0.0,0.0
87_41,0,0,151,141,0.0,0.0,0.0,0.0,0.0
87_42,0,0,151,141,0.0,0.0,0.0,0.0,0.0
87_43,0,0,151,106,0.0,0.0,0.0,0.0,0.0
87_44,0,0,151,106,0.0,0.0,0.0,0.0,0.0
87_45,0,0,151,70,0.0,0.0,0.0,0.0,0.0
87_46,0,0,162,79,0.0,0.0,0.0,0.0,0.0
87_47,0,0,226,105,0.0,0.0,0.0,0.0,0.0
87_48,0,0,151,70,0.0,0.0,0.0,0.0,0.0
87_49,0,0,151,70,0.0,0.0,0.0,0.0,0.0
87_5,0,0,226,175,0.0,0.0,0.0,0.0,0.0
87_50,0,0,151,70,0.0,0.0,0.0,0.0,0.0
87_51,0,0,151,70,0.0,0.0,0.0,0.0,0.0
87_52,0,0,151,70,0.0,0.0,0.0,0.0,0.0
87_53,0,0,151,70,0.0,0.0,0.0,0.0,0.0
87_54,0,0,151,70,0.0,0.0,0.0,0.0,0.0
87_55,0,0,151,70,0.0,0.0,0.0,0.0,0.0
87_56,0,0,152,78,0.0,0.0,0.0,0.0,0.0
87_57,0,0,227,105,0.0,0.0,0.0,0.0,0.0
87_58,0,0,151,70,0.0,0.0,0.0,0.0,0.0
87_59,0,0,151,70,0.0,0.0,0.0,0.0,0.0
87_6,0,0,226,175,0.0,0.0,0.0,0.0,0.0
87_60,0,0,151,70,0.0,0.0,0.0,0.0,0.0
87_61,0,0,151,70,0.0,0.0,0.0,0.0,0.0
87_62,0,0,151,70,0.0,0.0,0.0,0.0,0.0
87_63,0,0,151,70,0.0,0.0,0.0,0.0,0.0
87_64,0,0,226,105,0.0,0.0,0.0,0.0,0.0
87_65,0,0,151,70,0.0,0.0,0.0,0.0,0.0
87_66,0,0,151,70,0.0,0.0,0.0,0.0,0.0
87_67,0,0,151,70,0.0,0.0,0.0,0.0,0.0
87_68,0,0,151,70,0.0,0.0,0.0,0.0,0.0
87_69,0,0,151,70,0.0,0.0,0.0,0.0,0.0
87_7,0,0,302,246,0.0,0.0,0.0,0.0,0.0
87_70,0,0,151,70,0.0,0.0,0.0,0.0,0.0
87_71,0,0,151,70,0.0,0.0,0.0,0.0,0.0
87_72,0,0,151,70,0.0,0.0,0.0,0.0,0.0
87_73,0,0,151,70,0.0,0.0,0.0,0.0,0.0
87_74,0,0,227,105,0.0,0.0,0.0,0.0,0.0
87_75,0,0,151,70,0.0,0.0,0.0,0.0,0.0
87_76,0,0,151,70,0.0,0.0,0.0,0.0,0.0
87_77,0,0,151,70,0.0,0.0,0.0,0.0,0.0
87_8,0,0,302,281,0.0,0.0,0.0,0.0,0.0
87_9,0,0,366,315,0.0,0.0,0.0,0.0,0.0
88_0,0,0,226,175,0.0,0.0,0.0,0.0,0.0
88_1,0,0,226,175,0.0,0.0,0.0,0.0,0.0
88_10,0,0,226,209,0.0,0.0,0.0,0.0,0.0
88_11,0,0,273,264,0.0,0.0,0.0,0.0,0.0
88_12,0,0,377,349,0.0,0.0,0.0,0.0,0.0
88_13,0,0,302,279,0.0,0.0,0.0,0.0,0.0
88_14,0,6,302,279,0.0,0.021505376344086023,0.021505376344086023,0.0,6.0
88_15,8,7,389,314,0.02056555269922879,0.022292993630573247,0.0017274409313444566,6.4575835475578405,0.5424164524421595
88_16,7,9,302,279,0.023178807947019868,0.03225806451612903,0.009079256569109163,6.466887417218543,2.533112582781457
88_17,9,11,302,279,0.029801324503311258,0.03942652329749104,0.009625198794179779,8.314569536423841,2.685430463576159
88_18,6,5,227,244,0.02643171806167401,0.020491803278688523,-0.0059399147829854865,6.4493392070484585,-1.4493392070484585
88_19,6,16,226,209,0.02654867256637168,0.07655502392344497,0.05000635135707329,5.548672566371681,10.451327433628318
88_2,0,0,226,175,0.0,0.0,0.0,0.0,0.0
88_20,13,9,226,209,0.05752212389380531,0.0430622009569378,-0.014459922936867507,12.02212389380531,-3.0221238938053094
88_21,29,20,226,213,0.12831858407079647,0.09389671361502347,-0.034421870455772996,27.331858407079647,-7.331858407079647
88_22,15,18,302,244,0.04966887417218543,0.07377049180327869,0.02410161763109326,12.119205298013243,5.880794701986757
88_23,7,21,226,245,0.030973451327433628,0.08571428571428572,0.05474083438685209,7.588495575221239,13.411504424778762
88_24,9,16,226,244,0.03982300884955752,0.06557377049180328,0.02575076164224576,9.716814159292035,6.283185840707965
88_25,7,10,226,209,0.030973451327433628,0.04784688995215311,0.016873438624719482,6.4734513274336285,3.5265486725663715
88_26,3,12,290,244,0.010344827586206896,0.04918032786885246,0.03883550028264556,2.524137931034483,9.475862068965517
88_27,2,1,226,210,0.008849557522123894,0.004761904761904762,-0.004087652760219131,1.8584070796460177,-0.8584070796460177
88_28,0,0,226,210,0.0,0.0,0.0,0.0,0.0
88_29,0,0,301,275,0.0,0.0,0.0,0.0,0.0
88_3,0,0,226,175,0.0,0.0,0.0,0.0,0.0
88_30,0,0,301,246,0.0,0.0,0.0,0.0,0.0
88_31,0,0,226,211,0.0,0.0,0.0,0.0,0.0
88_32,2,7,237,211,0.008438818565400843,0.03317535545023697,0.024736536884836124,1.7805907172995779,5.219409282700422
88_33,0,4,226,211,0.0,0.018957345971563982,0.018957345971563982,0.0,4.0
88_34,4,6,226,211,0.017699115044247787,0.02843601895734597,0.010736903913098183,3.734513274336283,2.265486725663717
88_35,6,6,226,211,0.02654867256637168,0.02843601895734597,0.0018873463909742892,5.601769911504425,0.3982300884955752
88_36,13,6,226,211,0.05752212389380531,0.02843601895734597,-0.02908610493645934,12.13716814159292,-6.13716814159292
88_37,6,4,226,211,0.02654867256637168,0.018957345971563982,-0.0075913265948076986,5.601769911504425,-1.6017699115044248
88_38,8,12,226,211,0.035398230088495575,0.05687203791469194,0.021473807826196366,7.469026548672566,4.530973451327434
88_39,0,0,302,246,0.0,0.0,0.0,0.0,0.0
88_4,0,0,226,175,0.0,0.0,0.0,0.0,0.0
88_40,0,1,226,211,0.0,0.004739336492890996,0.004739336492890996,0.0,1.0
88_41,0,0,226,211,0.0,0.0,0.0,0.0,0.0
88_42,0,0,226,211,0.0,0.0,0.0,0.0,0.0
88_43,0,0,290,176,0.0,0.0,0.0,0.0,0.0
88_44,0,0,226,141,0.0,0.0,0.0,0.0,0.0
88_45,0,0,184,93,0.0,0.0,0.0,0.0,0.0
88_46,0,0,151,70,0.0,0.0,0.0,0.0,0.0
88_47,0,0,226,105,0.0,0.0,0.0,0.0,0.0
88_48,0,0,151,70,0.0,0.0,0.0,0.0,0.0
88_49,0,0,151,70,0.0,0.0,0.0,0.0,0.0
88_5,0,0,226,175,0.0,0.0,0.0,0.0,0.0
88_50,0,0,151,70,0.0,0.0,0.0,0.0,0.0
88_51,0,0,151,70,0.0,0.0,0.0,0.0,0.0
88_52,0,0,151,70,0.0,0.0,0.0,0.0,0.0
88_53,0,0,151,70,0.0,0.0,0.0,0.0,0.0
88_54,0,0,151,70,0.0,0.0,0.0,0.0,0.0
88_55,0,0,151,70,0.0,0.0,0.0,0.0,0.0
88_56,0,0,227,105,0.0,0.0,0.0,0.0,0.0
88_57,0,0,227,101,0.0,0.0,0.0,0.0,0.0
88_58,0,0,151,70,0.0,0.0,0.0,0.0,0.0
88_59,0,0,151,70,0.0,0.0,0.0,0.0,0.0
88_6,0,0,226,175,0.0,0.0,0.0,0.0,0.0
88_60,0,0,151,70,0.0,0.0,0.0,0.0,0.0
88_61,0,0,151,70,0.0,0.0,0.0,0.0,0.0
88_62,0,0,151,70,0.0,0.0,0.0,0.0,0.0
88_63,0,0,151,70,0.0,0.0,0.0,0.0,0.0
88_64,0,0,226,105,0.0,0.0,0.0,0.0,0.0
88_65,0,0,151,70,0.0,0.0,0.0,0.0,0.0
88_66,0,0,151,70,0.0,0.0,0.0,0.0,0.0
88_67,0,0,151,70,0.0,0.0,0.0,0.0,0.0
88_68,0,0,151,70,0.0,0.0,0.0,0.0,0.0
88_69,0,0,151,70,0.0,0.0,0.0,0.0,0.0
88_7,0,0,226,175,0.0,0.0,0.0,0.0,0.0
88_70,0,0,151,70,0.0,0.0,0.0,0.0,0.0
88_71,0,0,151,70,0.0,0.0,0.0,0.0,0.0
88_72,0,0,151,70,0.0,0.0,0.0,0.0,0.0
88_73,0,0,151,74,0.0,0.0,0.0,0.0,0.0
88_74,0,0,227,105,0.0,0.0,0.0,0.0,0.0
88_75,0,0,151,70,0.0,0.0,0.0,0.0,0.0
88_76,0,0,151,70,0.0,0.0,0.0,0.0,0.0
88_77,0,0,151,70,0.0,0.0,0.0,0.0,0.0
88_8,0,0,226,175,0.0,0.0,0.0,0.0,0.0
88_9,0,0,290,244,0.0,0.0,0.0,0.0,0.0
89_0,0,0,226,175,0.0,0.0,0.0,0.0,0.0
89_1,0,0,226,175,0.0,0.0,0.0,0.0,0.0
89_10,0,0,226,209,0.0,0.0,0.0,0.0,0.0
89_11,0,0,226,209,0.0,0.0,0.0,0.0,0.0
89_12,0,0,237,223,0.0,0.0,0.0,0.0,0.0
89_13,1,1,150,143,0.006666666666666667,0.006993006993006993,0.0003263403263403259,0.9533333333333334,0.046666666666666634
89_14,3,5,152,138,0.019736842105263157,0.036231884057971016,0.01649504195270786,2.7236842105263155,2.2763157894736845
89_15,2,2,161,138,0.012422360248447204,0.014492753623188406,0.002070393374741202,1.7142857142857142,0.2857142857142858
89_16,1,3,156,138,0.00641025641025641,0.021739130434782608,0.015328874024526198,0.8846153846153846,2.1153846153846154
89_17,1,1,226,209,0.004424778761061947,0.004784688995215311,0.000359910234153364,0.9247787610619469,0.0752212389380531
89_18,7,10,226,209,0.030973451327433628,0.04784688995215311,0.016873438624719482,6.4734513274336285,3.5265486725663715
89_19,3,7,226,209,0.01327433628318584,0.03349282296650718,0.020218486683321338,2.7743362831858405,4.225663716814159
89_2,0,0,226,175,0.0,0.0,0.0,0.0,0.0
89_20,3,6,226,209,0.01327433628318584,0.028708133971291867,0.015433797688106026,2.7743362831858405,3.2256637168141595
89_21,8,8,302,244,0.026490066225165563,0.03278688524590164,0.006296819020736078,6.4635761589403975,1.5364238410596025
89_22,5,4,302,240,0.016556291390728478,0.016666666666666666,0.00011037527593818833,3.9735099337748347,0.026490066225165254
89_23,5,3,226,280,0.022123893805309734,0.010714285714285714,-0.01140960809102402,6.1946902654867255,-3.1946902654867255
89_24,3,9,226,244,0.01327433628318584,0.036885245901639344,0.023610909618453503,3.2389380530973453,5.761061946902655
89_25,5,5,226,209,0.022123893805309734,0.023923444976076555,0.0017995511707668208,4.623893805309734,0.37610619469026574
89_26,6,4,290,244,0.020689655172413793,0.01639344262295082,-0.004296212549462972,5.048275862068966,-1.0482758620689658
89_27,2,4,226,210,0.008849557522123894,0.01904761904761905,0.010198061525495156,1.8584070796460177,2.1415929203539825
89_28,3,0,226,210,0.01327433628318584,0.0,-0.01327433628318584,2.7876106194690267,-2.7876106194690267
89_29,0,2,226,245,0.0,0.00816326530612245,0.00816326530612245,0.0,2.0
89_3,0,0,226,175,0.0,0.0,0.0,0.0,0.0
89_30,0,1,301,280,0.0,0.0035714285714285713,0.0035714285714285713,0.0,1.0
89_31,0,0,226,211,0.0,0.0,0.0,0.0,0.0
89_32,2,3,237,211,0.008438818565400843,0.014218009478672985,0.005779190913272142,1.7805907172995779,1.2194092827004221
89_33,1,3,226,211,0.004424778761061947,0.014218009478672985,0.009793230717611038,0.9336283185840708,2.066371681415929
89_34,1,3,226,211,0.004424778761061947,0.014218009478672985,0.009793230717611038,0.9336283185840708,2.066371681415929
89_35,1,4,226,211,0.004424778761061947,0.018957345971563982,0.014532567210502036,0.9336283185840708,3.066371681415929
89_36,3,4,226,211,0.01327433628318584,0.018957345971563982,0.005683009688378142,2.8008849557522124,1.1991150442477876
89_37,3,1,226,211,0.01327433628318584,0.004739336492890996,-0.008534999790294845,2.8008849557522124,-1.8008849557522124
89_38,3,7,226,211,0.01327433628318584,0.03317535545023697,0.01990101916705113,2.8008849557522124,4.199115044247788
89_39,1,0,302,246,0.0033112582781456954,0.0,-0.0033112582781456954,0.8145695364238411,-0.8145695364238411
89_4,0,0,226,175,0.0,0.0,0.0,0.0,0.0
89_40,1,1,226,211,0.004424778761061947,0.004739336492890996,0.0003145577318290488,0.9336283185840708,0.0663716814159292
89_41,0,0,226,211,0.0,0.0,0.0,0.0,0.0
89_42,0,0,226,211,0.0,0.0,0.0,0.0,0.0
89_43,0,0,290,211,0.0,0.0,0.0,0.0,0.0
89_44,0,0,226,105,0.0,0.0,0.0,0.0,0.0
89_45,0,0,226,105,0.0,0.0,0.0,0.0,0.0
89_46,0,0,226,105,0.0,0.0,0.0,0.0,0.0
89_47,0,0,301,140,0.0,0.0,0.0,0.0,0.0
89_48,0,0,226,105,0.0,0.0,0.0,0.0,0.0
89_49,0,0,226,105,0.0,0.0,0.0,0.0,0.0
89_5,0,0,226,175,0.0,0.0,0.0,0.0,0.0
89_50,0,0,215,105,0.0,0.0,0.0,0.0,0.0
89_51,0,0,215,105,0.0,0.0,0.0,0.0,0.0
89_52,0,0,151,70,0.0,0.0,0.0,0.0,0.0
89_53,0,0,151,70,0.0,0.0,0.0,0.0,0.0
89_54,0,0,151,70,0.0,0.0,0.0,0.0,0.0
89_55,0,0,151,70,0.0,0.0,0.0,0.0,0.0
89_56,0,0,227,105,0.0,0.0,0.0,0.0,0.0
89_57,0,0,151,70,0.0,0.0,0.0,0.0,0.0
89_58,0,0,151,70,0.0,0.0,0.0,0.0,0.0
89_59,0,0,151,70,0.0,0.0,0.0,0.0,0.0
89_6,0,0,226,175,0.0,0.0,0.0,0.0,0.0
89_60,0,0,151,70,0.0,0.0,0.0,0.0,0.0
89_61,0,0,151,70,0.0,0.0,0.0,0.0,0.0
89_62,0,0,151,70,0.0,0.0,0.0,0.0,0.0
89_63,0,0,151,70,0.0,0.0,0.0,0.0,0.0
89_64,0,0,226,105,0.0,0.0,0.0,0.0,0.0
89_65,0,0,151,73,0.0,0.0,0.0,0.0,0.0
89_66,0,0,151,70,0.0,0.0,0.0,0.0,0.0
89_67,0,0,151,70,0.0,0.0,0.0,0.0,0.0
89_68,0,0,151,70,0.0,0.0,0.0,0.0,0.0
89_69,0,0,151,70,0.0,0.0,0.0,0.0,0.0
89_7,0,0,226,175,0.0,0.0,0.0,0.0,0.0
89_70,0,0,151,70,0.0,0.0,0.0,0.0,0.0
89_71,0,0,151,70,0.0,0.0,0.0,0.0,0.0
89_72,0,0,151,70,0.0,0.0,0.0,0.0,0.0
89_73,0,0,227,105,0.0,0.0,0.0,0.0,0.0
89_74,0,0,227,101,0.0,0.0,0.0,0.0,0.0
89_75,0,0,151,70,0.0,0.0,0.0,0.0,0.0
89_76,0,0,151,70,0.0,0.0,0.0,0.0,0.0
89_77,0,0,151,70,0.0,0.0,0.0,0.0,0.0
89_8,0,0,257,197,0.0,0.0,0.0,0.0,0.0
89_9,0,0,290,244,0.0,0.0,0.0,0.0,0.0
8_0,0,0,149,71,0.0,0.0,0.0,0.0,0.0
8_1,0,0,150,76,0.0,0.0,0.0,0.0,0.0
8_10,0,0,150,67,0.0,0.0,0.0,0.0,0.0
8_11,0,0,149,67,0.0,0.0,0.0,0.0,0.0
8_12,0,0,149,67,0.0,0.0,0.0,0.0,0.0
8_13,0,0,149,67,0.0,0.0,0.0,0.0,0.0
8_14,0,0,149,67,0.0,0.0,0.0,0.0,0.0
8_15,0,0,150,67,0.0,0.0,0.0,0.0,0.0
8_16,0,0,150,72,0.0,0.0,0.0,0.0,0.0
8_17,0,0,222,99,0.0,0.0,0.0,0.0,0.0
8_18,0,0,149,137,0.0,0.0,0.0,0.0,0.0
8_19,0,0,149,137,0.0,0.0,0.0,0.0,0.0
8_2,0,0,149,77,0.0,0.0,0.0,0.0,0.0
8_20,0,0,149,141,0.0,0.0,0.0,0.0,0.0
8_21,0,0,149,137,0.0,0.0,0.0,0.0,0.0
8_22,0,0,149,137,0.0,0.0,0.0,0.0,0.0
8_23,0,0,149,137,0.0,0.0,0.0,0.0,0.0
8_24,0,0,149,137,0.0,0.0,0.0,0.0,0.0
8_25,0,0,224,168,0.0,0.0,0.0,0.0,0.0
8_26,0,0,149,137,0.0,0.0,0.0,0.0,0.0
8_27,0,0,149,137,0.0,0.0,0.0,0.0,0.0
8_28,0,0,149,137,0.0,0.0,0.0,0.0,0.0
8_29,0,0,149,137,0.0,0.0,0.0,0.0,0.0
8_3,0,0,149,80,0.0,0.0,0.0,0.0,0.0
8_30,0,0,149,137,0.0,0.0,0.0,0.0,0.0
8_31,0,0,149,137,0.0,0.0,0.0,0.0,0.0
8_32,0,0,150,137,0.0,0.0,0.0,0.0,0.0
8_33,0,0,149,137,0.0,0.0,0.0,0.0,0.0
8_34,0,0,222,169,0.0,0.0,0.0,0.0,0.0
8_35,0,0,149,137,0.0,0.0,0.0,0.0,0.0
8_36,0,0,149,137,0.0,0.0,0.0,0.0,0.0
8_37,0,0,149,141,0.0,0.0,0.0,0.0,0.0
8_38,0,0,149,171,0.0,0.0,0.0,0.0,0.0
8_39,0,0,149,136,0.0,0.0,0.0,0.0,0.0
8_4,0,0,221,103,0.0,0.0,0.0,0.0,0.0
8_40,0,0,149,136,0.0,0.0,0.0,0.0,0.0
8_41,0,0,149,136,0.0,0.0,0.0,0.0,0.0
8_42,0,0,149,136,0.0,0.0,0.0,0.0,0.0
8_43,0,0,224,206,0.0,0.0,0.0,0.0,0.0
8_44,0,0,149,140,0.0,0.0,0.0,0.0,0.0
8_45,0,0,149,176,0.0,0.0,0.0,0.0,0.0
8_46,0,0,149,176,0.0,0.0,0.0,0.0,0.0
8_47,0,0,221,204,0.0,0.0,0.0,0.0,0.0
8_48,0,0,221,204,0.0,0.0,0.0,0.0,0.0
8_49,0,0,222,204,0.0,0.0,0.0,0.0,0.0
8_5,0,0,221,103,0.0,0.0,0.0,0.0,0.0
8_50,0,0,222,204,0.0,0.0,0.0,0.0,0.0
8_51,0,0,294,236,0.0,0.0,0.0,0.0,0.0
8_52,0,0,221,204,0.0,0.0,0.0,0.0,0.0
8_53,0,0,148,137,0.0,0.0,0.0,0.0,0.0
8_54,0,0,148,137,0.0,0.0,0.0,0.0,0.0
8_55,0,0,148,176,0.0,0.0,0.0,0.0,0.0
8_56,0,0,148,138,0.0,0.0,0.0,0.0,0.0
8_57,0,0,148,138,0.0,0.0,0.0,0.0,0.0
8_58,0,2,148,138,0.0,0.014492753623188406,0.014492753623188406,0.0,2.0
8_59,4,3,148,175,0.02702702702702703,0.017142857142857144,-0.009884169884169885,4.72972972972973,-1.7297297297297298
8_6,0,0,221,103,0.0,0.0,0.0,0.0,0.0
8_60,6,10,222,205,0.02702702702702703,0.04878048780487805,0.021753460777851022,5.540540540540541,4.459459459459459
8_61,5,5,148,139,0.033783783783783786,0.03597122302158273,0.0021874392377989466,4.6959459459459465,0.3040540540540535
8_62,5,1,220,173,0.022727272727272728,0.005780346820809248,-0.01694692590646348,3.931818181818182,-2.931818181818182
8_63,2,1,148,140,0.013513513513513514,0.007142857142857143,-0.006370656370656372,1.891891891891892,-0.8918918918918921
8_64,0,5,149,140,0.0,0.03571428571428571,0.03571428571428571,0.0,5.0
8_65,0,0,148,140,0.0,0.0,0.0,0.0,0.0
8_66,1,5,148,140,0.006756756756756757,0.03571428571428571,0.028957528957528955,0.945945945945946,4.054054054054054
8_67,0,0,149,140,0.0,0.0,0.0,0.0,0.0
8_68,1,0,148,140,0.006756756756756757,0.0,-0.006756756756756757,0.945945945945946,-0.945945945945946
8_69,0,0,148,140,0.0,0.0,0.0,0.0,0.0
8_7,0,0,221,103,0.0,0.0,0.0,0.0,0.0
8_70,0,0,148,140,0.0,0.0,0.0,0.0,0.0
8_71,0,0,148,140,0.0,0.0,0.0,0.0,0.0
8_72,0,0,148,144,0.0,0.0,0.0,0.0,0.0
8_73,0,0,148,140,0.0,0.0,0.0,0.0,0.0
8_74,0,0,148,140,0.0,0.0,0.0,0.0,0.0
8_75,0,0,148,140,0.0,0.0,0.0,0.0,0.0
8_76,0,0,148,140,0.0,0.0,0.0,0.0,0.0
8_77,0,0,223,135,0.0,0.0,0.0,0.0,0.0
8_8,0,0,296,134,0.0,0.0,0.0,0.0,0.0
8_9,0,0,221,103,0.0,0.0,0.0,0.0,0.0
9_0,0,0,149,76,0.0,0.0,0.0,0.0,0.0
9_1,0,0,150,76,0.0,0.0,0.0,0.0,0.0
9_10,0,0,149,67,0.0,0.0,0.0,0.0,0.0
9_11,0,0,149,67,0.0,0.0,0.0,0.0,0.0
9_12,0,0,149,67,0.0,0.0,0.0,0.0,0.0
9_13,0,0,149,67,0.0,0.0,0.0,0.0,0.0
9_14,0,0,149,67,0.0,0.0,0.0,0.0,0.0
9_15,0,0,150,67,0.0,0.0,0.0,0.0,0.0
9_16,0,0,222,99,0.0,0.0,0.0,0.0,0.0
9_17,0,0,221,129,0.0,0.0,0.0,0.0,0.0
9_18,0,0,149,137,0.0,0.0,0.0,0.0,0.0
9_19,0,0,149,137,0.0,0.0,0.0,0.0,0.0
9_2,0,0,149,77,0.0,0.0,0.0,0.0,0.0
9_20,0,0,149,141,0.0,0.0,0.0,0.0,0.0
9_21,0,0,149,137,0.0,0.0,0.0,0.0,0.0
9_22,0,0,149,137,0.0,0.0,0.0,0.0,0.0
9_23,0,0,149,137,0.0,0.0,0.0,0.0,0.0
9_24,0,0,149,137,0.0,0.0,0.0,0.0,0.0
9_25,0,0,224,168,0.0,0.0,0.0,0.0,0.0
9_26,0,0,224,168,0.0,0.0,0.0,0.0,0.0
9_27,0,0,149,137,0.0,0.0,0.0,0.0,0.0
9_28,0,0,149,137,0.0,0.0,0.0,0.0,0.0
9_29,0,0,149,137,0.0,0.0,0.0,0.0,0.0
9_3,0,0,149,80,0.0,0.0,0.0,0.0,0.0
9_30,0,0,149,137,0.0,0.0,0.0,0.0,0.0
9_31,0,0,149,137,0.0,0.0,0.0,0.0,0.0
9_32,0,0,150,137,0.0,0.0,0.0,0.0,0.0
9_33,0,0,150,142,0.0,0.0,0.0,0.0,0.0
9_34,0,0,222,169,0.0,0.0,0.0,0.0,0.0
9_35,0,0,149,137,0.0,0.0,0.0,0.0,0.0
9_36,0,0,149,137,0.0,0.0,0.0,0.0,0.0
9_37,0,0,149,141,0.0,0.0,0.0,0.0,0.0
9_38,0,0,149,175,0.0,0.0,0.0,0.0,0.0
9_39,0,0,149,136,0.0,0.0,0.0,0.0,0.0
9_4,0,0,167,81,0.0,0.0,0.0,0.0,0.0
9_40,0,0,149,136,0.0,0.0,0.0,0.0,0.0
9_41,0,0,149,136,0.0,0.0,0.0,0.0,0.0
9_42,0,0,149,171,0.0,0.0,0.0,0.0,0.0
9_43,0,0,224,206,0.0,0.0,0.0,0.0,0.0
9_44,0,0,149,140,0.0,0.0,0.0,0.0,0.0
9_45,0,0,149,176,0.0,0.0,0.0,0.0,0.0
9_46,0,0,150,176,0.0,0.0,0.0,0.0,0.0
9_47,0,0,221,204,0.0,0.0,0.0,0.0,0.0
9_48,0,0,221,204,0.0,0.0,0.0,0.0,0.0
9_49,0,0,221,204,0.0,0.0,0.0,0.0,0.0
9_5,0,0,149,67,0.0,0.0,0.0,0.0,0.0
9_50,0,0,222,204,0.0,0.0,0.0,0.0,0.0
9_51,0,0,294,236,0.0,0.0,0.0,0.0,0.0
9_52,0,0,221,204,0.0,0.0,0.0,0.0,0.0
9_53,0,0,221,204,0.0,0.0,0.0,0.0,0.0
9_54,0,0,221,204,0.0,0.0,0.0,0.0,0.0
9_55,0,0,221,243,0.0,0.0,0.0,0.0,0.0
9_56,1,0,221,223,0.004524886877828055,0.0,-0.004524886877828055,1.0090497737556563,-1.0090497737556563
9_57,0,1,221,205,0.0,0.004878048780487805,0.004878048780487805,0.0,1.0
9_58,1,2,221,205,0.004524886877828055,0.00975609756097561,0.005231210683147555,0.9276018099547512,1.0723981900452488
9_59,3,3,148,175,0.02027027027027027,0.017142857142857144,-0.0031274131274131277,3.5472972972972974,-0.5472972972972974
9_6,0,0,149,67,0.0,0.0,0.0,0.0,0.0
9_60,11,4,222,205,0.04954954954954955,0.01951219512195122,-0.03003735442759833,10.157657657657658,-6.1576576576576585
9_61,2,6,148,139,0.013513513513513514,0.04316546762589928,0.02965195411238577,1.8783783783783785,4.121621621621621
9_62,3,6,220,173,0.013636363636363636,0.03468208092485549,0.021045717288491854,2.359090909090909,3.640909090909091
9_63,5,1,148,140,0.033783783783783786,0.007142857142857143,-0.026640926640926644,4.72972972972973,-3.72972972972973
9_64,1,4,149,140,0.006711409395973154,0.02857142857142857,0.021860019175455415,0.9395973154362416,3.0604026845637584
9_65,1,0,148,140,0.006756756756756757,0.0,-0.006756756756756757,0.945945945945946,-0.945945945945946
9_66,2,0,148,140,0.013513513513513514,0.0,-0.013513513513513514,1.891891891891892,-1.891891891891892
9_67,1,2,149,140,0.006711409395973154,0.014285714285714285,0.007574304889741131,0.9395973154362416,1.0604026845637584
9_68,3,1,148,140,0.02027027027027027,0.007142857142857143,-0.01312741312741313,2.837837837837838,-1.8378378378378382
9_69,0,0,148,140,0.0,0.0,0.0,0.0,0.0
9_7,0,0,149,67,0.0,0.0,0.0,0.0,0.0
9_70,12,14,148,140,0.08108108108108109,0.1,0.01891891891891892,11.351351351351353,2.6486486486486474
9_71,0,0,148,140,0.0,0.0,0.0,0.0,0.0
9_72,0,0,148,144,0.0,0.0,0.0,0.0,0.0
9_73,0,0,148,140,0.0,0.0,0.0,0.0,0.0
9_74,0,0,148,140,0.0,0.0,0.0,0.0,0.0
9_75,0,0,148,140,0.0,0.0,0.0,0.0,0.0
9_76,0,0,148,140,0.0,0.0,0.0,0.0,0.0
9_77,0,0,223,170,0.0,0.0,0.0,0.0,0.0
9_8,0,0,224,98,0.0,0.0,0.0,0.0,0.0
9_9,0,0,149,67,0.0,0.0,0.0,0.0,0.0
