cell_id,Latitud,Longitud,grupo,exceso,tasa_antes,tasa_despues,ais_previo,DistanciaCostaKm,ProfundidadM
12_58,28.77027,48.76388,Top 10 % del incremento,17.244343891402714,0.1402714932126696,0.224390243902439,504.76666666666665,36.579574821620376,29.0
84_39,27.05856,56.04383,Top 10 % del incremento,17.070484581497798,0.0044052863436123,0.0853080568720379,2253.733333333333,3.6324833875737,8.0
25_59,28.86036,50.07832,Top 10 % del incremento,15.261744966442954,0.0201342281879194,0.1323529411764706,88.76666666666667,45.16391776257811,47.0
66_13,24.71622,54.22385,Top 10 % del incremento,15.082758620689654,0.0068965517241379,0.0611510791366906,3291.633333333333,27.227847220543115,20.0
29_32,26.42793,50.48276,Top 10 % del incremento,15.027027027027025,0.1891891891891892,0.2510288065843621,1084.8,20.434389922975523,2.0
30_38,26.96847,50.58387,Top 10 % del incremento,14.792792792792794,0.0495495495495495,0.1213592233009708,1473.1666666666667,54.30860973936339,36.0
88_23,25.61712,56.44828,Top 10 % del incremento,13.411504424778762,0.0309734513274336,0.0857142857142857,74.23333333333333,10.411428347375445,76.0
28_49,27.95946,50.38165,Top 10 % del incremento,12.833333333333336,0.1666666666666666,0.2292682926829268,154.36666666666667,89.62443171309887,43.0
14_62,29.13063,48.9661,Top 10 % del incremento,12.494949494949497,0.0235690235690235,0.0688405797101449,308.6,62.65912178513871,25.0
82_30,26.24775,55.84161,Top 10 % del incremento,12.493392070484582,0.0308370044052863,0.0900473933649289,816.2666666666667,29.4670680519568,88.0
86_36,26.78829,56.24606,Top 10 % del incremento,12.264900662251655,0.0264900662251655,0.1134751773049645,684.9,9.13734906724888,35.0
51_37,26.87838,52.70719,Top 10 % del incremento,11.910798122065728,0.0375586854460093,0.0867768595041322,593.7,38.49337877480277,63.0
28_62,29.13063,50.38165,Top 10 % del incremento,11.64864864864865,0.054054054054054,0.1397058823529411,120.8,10.255313675828155,32.0
13_52,28.22973,48.86499,Top 10 % del incremento,11.23076923076923,0.0723981900452488,0.1274509803921568,2552.5333333333333,24.040377571195865,14.0
56_19,25.25676,53.21274,Top 10 % del incremento,11.201438848920864,0.1007194244604316,0.1824817518248175,3447.0,42.7535177027998,18.0
40_43,27.41892,51.59497,Top 10 % del incremento,11.133928571428571,0.0089285714285714,0.062200956937799,370.3333333333333,46.588033727680624,31.0
12_51,28.13964,48.76388,Top 10 % del incremento,11.0580204778157,0.0170648464163822,0.0649350649350649,4954.633333333333,13.02199929826138,6.0
23_56,28.59009,49.8761,Top 10 % del incremento,11.027149321266968,0.0361990950226244,0.103030303030303,200.33333333333334,81.22380529728329,49.0
85_36,26.78829,56.14495,Top 10 % del incremento,11.0,0.0,0.0780141843971631,18.466666666666665,4.9230391697802185,56.0
15_55,28.5,49.06721,Top 10 % del incremento,10.544715447154472,0.008130081300813,0.043046357615894,309.93333333333334,53.48013891777662,28.0
88_19,25.25676,56.44828,Top 10 % del incremento,10.451327433628318,0.0265486725663716,0.0765550239234449,20173.233333333334,7.276615303876027,69.0
28_48,27.86937,50.38165,Top 10 % del incremento,10.42857142857143,0.0714285714285714,0.1163793103448275,907.5333333333333,92.2399705401796,45.0
17_64,29.31081,49.26943,Top 10 % del incremento,10.242152466367711,0.0134529147982062,0.0634146341463414,2359.8,83.45775490915709,30.0
49_31,26.33784,52.50497,Top 10 % del incremento,10.186915887850468,0.0233644859813084,0.0728155339805825,326.8,85.67261932781967,64.0
83_38,26.96847,55.94272,Top 10 % del incremento,10.140969162995594,0.0088105726872246,0.0568720379146919,36.8,4.613273671337372,11.0
82_27,25.97748,55.84161,Top 10 % del incremento,10.127753303964758,0.0484581497797356,0.0897959183673469,1699.6333333333334,18.367095133046504,44.0
63_19,25.25676,53.92051,Top 10 % del incremento,9.865116279069769,0.3581395348837209,0.4057971014492754,89.86666666666666,28.102565102104126,24.0
42_47,27.77928,51.7972,Top 10 % del incremento,9.822222222222225,0.0088888888888888,0.0489795918367346,48.833333333333336,6.352641039718622,10.0
88_26,25.88739,56.44828,Top 10 % del incremento,9.475862068965515,0.0103448275862068,0.0491803278688524,212.43333333333334,4.386591193763182,44.0
15_63,29.22072,49.06721,Top 10 % del incremento,9.353535353535351,0.0168350168350168,0.0507246376811594,647.8333333333334,68.16648878360039,27.0
78_23,25.61712,55.43717,Top 10 % del incremento,9.276315789473683,0.0394736842105263,0.1034482758620689,1859.1,11.6015093331152,22.0
41_29,26.15766,51.69608,Top 10 % del incremento,9.213333333333331,0.0133333333333333,0.0574162679425837,477.46666666666664,29.65643388027626,22.0
85_39,27.05856,56.14495,Top 10 % del incremento,9.158940397350992,0.0264900662251655,0.0896551724137931,2683.866666666667,6.689768643210739,12.0
76_21,25.43694,55.23495,Top 10 % del incremento,9.157894736842106,0.1052631578947368,0.1702127659574468,10840.6,15.743026276759904,23.0
86_37,26.87838,56.24606,Top 10 % del incremento,9.132450331125828,0.0132450331125827,0.0780141843971631,133.4,6.253389676877852,24.0
22_63,29.22072,49.77499,Top 10 % del incremento,9.087248322147651,0.0067114093959731,0.0735294117647058,83.6,49.95999601960281,38.0
22_62,29.13063,49.77499,Top 10 % del incremento,9.08108108108108,0.0067567567567567,0.0735294117647058,137.8,52.02710257855201,40.0
65_9,24.35586,54.12274,Top 10 % del incremento,8.685185185185185,0.0046296296296296,0.0352112676056338,71.5,3.519905367027236,9.0
74_23,25.61712,55.03273,Top 10 % del incremento,8.651315789473685,0.0592105263157894,0.1205673758865248,2907.1666666666665,26.315967415825,34.0
25_60,28.95045,50.07832,Top 10 % del incremento,8.64864864864865,0.054054054054054,0.1176470588235294,106.4,36.92863129558249,43.0
19_61,29.04054,49.47165,Top 10 % del incremento,8.614349775784753,0.0896860986547085,0.1317073170731707,234.96666666666667,83.38328550357677,39.0
37_50,28.04955,51.29164,Top 10 % del incremento,8.602678571428571,0.0401785714285714,0.0813397129186602,23.466666666666665,4.6863491321032695,1.0
13_57,28.68018,48.86499,Top 10 % del incremento,8.57918552036199,0.0361990950226244,0.0780487804878048,62.56666666666667,41.68225092566474,32.0
15_56,28.59009,49.06721,Top 10 % del incremento,8.567567567567567,0.027027027027027,0.0544871794871794,76.56666666666666,56.27184139705732,35.0
33_58,28.77027,50.8872,Top 10 % del incremento,8.4,0.0406779661016949,0.0762711864406779,32.833333333333336,6.408632251954263,7.0
21_41,27.23874,49.67388,Top 10 % del incremento,8.36888888888889,0.0622222222222222,0.1034482758620689,10946.9,8.111141765727023,22.0
21_63,29.22072,49.67388,Top 10 % del incremento,8.348993288590604,0.0268456375838926,0.088235294117647,100.4,59.79783601039625,39.0
27_62,29.13063,50.28054,Top 10 % del incremento,8.243243243243242,0.0202702702702702,0.0808823529411764,116.13333333333334,9.263658658895892,40.0
55_12,24.62613,53.11163,Top 10 % del incremento,8.230215827338128,0.1151079136690647,0.1751824817518248,14.966666666666667,25.43575172031569,3.0
71_25,25.7973,54.7294,Top 10 % del incremento,8.223684210526315,0.0131578947368421,0.0521327014218009,216.5,21.0048169163478,56.0
45_8,24.26577,52.10053,Top 10 % del incremento,8.151098901098901,0.0027472527472527,0.029126213592233,0.4,7.967204956184516,6.0
68_29,26.15766,54.42607,Top 10 % del incremento,8.110599078341014,0.0184331797235023,0.0568720379146919,402.6333333333333,13.38074354563796,47.0
46_34,26.60811,52.20164,Top 10 % del incremento,8.098591549295774,0.0140845070422535,0.0533980582524271,673.8,91.7708819357696,56.0
24_42,27.32883,49.97721,Top 10 % del incremento,8.094594594594595,0.0067567567567567,0.0671641791044776,1981.7666666666667,28.735418869087333,53.0
28_64,29.31081,50.38165,Top 10 % del incremento,8.087248322147651,0.0067114093959731,0.0661764705882353,354.56666666666666,7.401646920179982,34.0
77_32,26.42793,55.33606,Top 10 % del incremento,8.072368421052632,0.006578947368421,0.0638297872340425,97.96666666666667,13.266549444528945,5.0
59_33,26.51802,53.51607,Top 10 % del incremento,8.050925925925926,0.0046296296296296,0.0439024390243902,316.1333333333333,19.081127530634664,87.0
67_34,26.60811,54.32496,Top 10 % del incremento,8.041666666666666,0.0046296296296296,0.0434782608695652,34.63333333333333,5.271749398392778,36.0
69_20,25.34685,54.52718,Top 10 % del incremento,8.041666666666666,0.0046296296296296,0.0434782608695652,528.4666666666667,31.95244412912043,25.0
49_42,27.32883,52.50497,Top 10 % del incremento,8.028169014084508,0.0046948356807511,0.0434782608695652,121.63333333333334,8.926797363029612,73.0
82_38,26.96847,55.84161,Top 10 % del incremento,8.0,0.0,0.0379146919431279,3462.3333333333335,4.422856582553684,3.0
44_14,24.80631,51.99942,Top 10 % del incremento,7.570934256055363,0.0380622837370242,0.0656934306569343,73.76666666666667,35.300743724803766,2.0
25_56,28.59009,50.07832,Top 10 % del incremento,7.439189189189189,0.0337837837837837,0.0888888888888888,210.73333333333332,72.6390782517476,53.0
70_27,25.97748,54.62829,Top 10 % del incremento,7.375,0.0231481481481481,0.0534979423868312,57.666666666666664,9.948180556939947,72.0
19_59,28.86036,49.47165,Top 10 % del incremento,7.322869955156951,0.0179372197309417,0.0536585365853658,205.9,90.85220339432756,47.0
56_21,25.43694,53.21274,Top 10 % del incremento,7.287769784172662,0.0215827338129496,0.063953488372093,106.6,62.04219482635191,21.0
64_12,24.62613,54.02163,Top 10 % del incremento,7.284931506849315,0.0054794520547945,0.0287539936102236,417.76666666666665,35.17110708472576,14.0
67_30,26.24775,54.32496,Top 10 % del incremento,7.25,0.0277777777777777,0.0628019323671497,402.43333333333334,16.83071931039543,88.0
24_60,28.95045,49.97721,Top 10 % del incremento,7.243243243243243,0.0202702702702702,0.0735294117647058,97.4,43.712200800767455,41.0
71_31,26.33784,54.7294,Top 10 % del incremento,7.230414746543778,0.0230414746543778,0.0579710144927536,604.0333333333333,18.398741179179822,57.0
48_44,27.50901,52.40386,Top 10 % del incremento,7.211267605633804,0.0422535211267605,0.0769230769230769,381.1,14.068650722285188,56.0
24_62,29.13063,49.97721,Top 10 % del incremento,7.162162162162162,0.0135135135135135,0.0661764705882353,86.9,33.43017614733335,39.0
72_30,26.24775,54.83051,Top 10 % del incremento,7.144736842105264,0.0131578947368421,0.0638297872340425,316.3333333333333,27.77288203539824,74.0
24_59,28.86036,49.97721,Top 10 % del incremento,7.087248322147651,0.0067114093959731,0.0588235294117647,165.06666666666666,50.9887480140672,43.0
59_30,26.24775,53.51607,Top 10 % del incremento,7.071428571428571,0.0142857142857142,0.0666666666666666,235.8,47.01245297496775,78.0
55_35,26.6982,53.11163,Top 10 % del incremento,7.071428571428571,0.0142857142857142,0.0666666666666666,58.233333333333334,15.126684904161795,79.0
24_58,28.77027,49.97721,Top 10 % del incremento,7.0,0.0,0.0514705882352941,242.33333333333334,58.97421410409694,44.0
48_19,25.25676,52.40386,Top 10 % del incremento,7.0,0.0,0.0289256198347107,508.26666666666665,77.68147474963446,20.0
42_26,25.88739,51.7972,Top 10 % del incremento,6.993265993265993,0.0168350168350168,0.0462184873949579,5445.166666666667,21.96827730761664,20.0
40_30,26.24775,51.59497,Top 10 % del incremento,6.90625,0.0044642857142857,0.0326530612244898,319.1666666666667,29.523313853400467,24.0
18_51,28.13964,49.37054,Top 10 % del incremento,6.732142857142857,0.0223214285714285,0.0508474576271186,685.4,59.15371803537516,31.0
22_66,29.49099,49.77499,Top 10 % del incremento,6.719457013574661,0.0135746606334841,0.0535714285714285,43.56666666666667,55.43232712804609,26.0
52_38,26.96847,52.8083,Top 10 % del incremento,6.535211267605634,0.0140845070422535,0.040650406504065,84.26666666666667,24.620216979493456,75.0
49_39,27.05856,52.50497,Top 10 % del incremento,6.470383275261324,0.0104529616724738,0.0371900826446281,179.23333333333332,33.764663794358526,77.0
13_61,29.04054,48.86499,Top 10 % del incremento,6.469525959367946,0.0045146726862302,0.023598820058997,639.1333333333333,57.0051415900348,26.0
46_8,24.26577,52.20164,Top 10 % del incremento,6.453296703296703,0.0082417582417582,0.029126213592233,1.6333333333333333,18.081697068157187,27.0
51_38,26.96847,52.70719,Top 10 % del incremento,6.450704225352114,0.0469483568075117,0.073170731707317,169.13333333333333,30.77539057233025,70.0
55_22,25.52703,53.11163,Top 10 % del incremento,6.431654676258994,0.1438848920863309,0.1911764705882352,636.2,70.46887437797443,28.0
26_58,28.77027,50.17943,Top 10 % del incremento,6.324324324324325,0.027027027027027,0.0735294117647058,119.56666666666666,50.52552165380206,46.0
23_46,27.68919,49.8761,Top 10 % del incremento,6.302013422818792,0.0201342281879194,0.0671641791044776,1544.8333333333333,45.40024084199191,15.0
65_26,25.88739,54.12274,Top 10 % del incremento,6.299727520435967,0.0136239782016348,0.0318840579710144,80.2,38.91127328540775,71.0
88_24,25.70721,56.44828,Top 10 % del incremento,6.283185840707965,0.0398230088495575,0.0655737704918032,5.033333333333333,13.567320149828484,53.0
19_50,28.04955,49.47165,Top 10 % del incremento,6.282511210762332,0.0134529147982062,0.0445544554455445,635.1,60.7911240311476,26.0
63_22,25.52703,53.92051,Top 10 % del incremento,6.246511627906977,0.027906976744186,0.0537190082644628,210.06666666666666,42.46589066109794,26.0
33_51,28.13964,50.8872,Top 10 % del incremento,6.22972972972973,0.0135135135135135,0.0439024390243902,224.66666666666666,37.30501004753296,48.0
72_27,25.97748,54.83051,Top 10 % del incremento,6.217105263157895,0.0197368421052631,0.0638297872340425,433.73333333333335,21.063248171947272,72.0
80_29,26.15766,55.63939,Top 10 % del incremento,6.211453744493392,0.013215859030837,0.0426540284360189,98.96666666666667,44.92965432881242,82.0
67_31,26.33784,54.32496,Top 10 % del incremento,6.208333333333334,0.0231481481481481,0.0531400966183574,322.46666666666664,16.884324939108847,67.0
44_22,25.52703,51.99942,Top 10 % del incremento,6.190311418685121,0.0173010380622837,0.039568345323741,191.2,46.06696578502952,18.0
50_31,26.33784,52.60608,Top 10 % del incremento,6.186915887850468,0.0233644859813084,0.0533980582524271,36.5,78.27004094672863,67.0
48_23,25.61712,52.40386,Top 10 % del incremento,6.169014084507042,0.028169014084507,0.0579710144927536,522.4333333333333,82.59810795061063,21.0
50_30,26.24775,52.60608,Top 10 % del incremento,6.164319248826291,0.0234741784037558,0.0533980582524271,47.06666666666667,85.67260185605346,61.0
57_33,26.51802,53.31385,Top 10 % del incremento,6.142857142857142,0.0285714285714285,0.074074074074074,518.6333333333333,30.288697836899683,88.0
63_24,25.70721,53.92051,Top 10 % del incremento,6.125581395348837,0.013953488372093,0.0436893203883495,255.96666666666667,58.56977565084229,34.0
19_62,29.13063,49.47165,Top 10 % del incremento,6.114093959731544,0.0335570469798657,0.0595744680851063,2134.5333333333333,80.85066284345017,38.0
61_33,26.51802,53.71829,Top 10 % del incremento,6.110599078341014,0.0092165898617511,0.0390243902439024,272.3,17.022384410081465,50.0
45_37,26.87838,52.10053,Top 10 % del incremento,6.10738255033557,0.0134228187919463,0.0567375886524822,52.53333333333333,72.48466873311541,61.0
45_12,24.62613,52.10053,Top 10 % del incremento,6.102857142857143,0.0085714285714285,0.0266272189349112,0.5,22.49599532342277,12.0
38_47,27.77928,51.39275,Top 10 % del incremento,6.066964285714286,0.0044642857142857,0.0334928229665071,65.96666666666667,16.277857047010038,19.0
53_39,27.05856,52.90941,Top 10 % del incremento,6.064748201438849,0.0215827338129496,0.0661764705882353,98.53333333333333,11.518402498348722,67.0
44_39,27.05856,51.99942,Top 10 % del incremento,6.053691275167785,0.0067114093959731,0.0496453900709219,465.46666666666664,67.4204852714589,61.0
45_14,24.80631,52.10053,Top 10 % del incremento,6.051903114186851,0.0034602076124567,0.0255474452554744,1.4,36.37360660267023,11.0
46_7,24.17568,52.20164,Top 10 % del incremento,6.037931034482758,0.0034482758620689,0.025089605734767,20.833333333333332,19.1754008467545,27.0
54_37,26.87838,53.01052,Top 10 % del incremento,6.028776978417266,0.0071942446043165,0.0518518518518518,92.2,14.231995447673544,75.0
88_14,24.80631,56.44828,Top 10 % del incremento,6.0,0.0,0.021505376344086,0.1,0.4579136762012843,
35_47,27.77928,51.08942,Top 10 % del incremento,6.0,0.0,0.0434782608695652,266.3333333333333,35.05808822010494,46.0
64_9,24.35586,54.02163,Top 10 % del incremento,6.0,0.0,0.0211267605633802,118.3,10.27915046275308,7.0
46_11,24.53604,52.20164,Top 10 % del incremento,6.0,0.0,0.019543973941368,2.8666666666666667,8.678250644375112,19.0
33_54,28.40991,50.8872,Top 10 % del incremento,5.923423423423424,0.0045045045045045,0.0292887029288702,207.7,22.824058429117656,37.0
48_27,25.97748,52.40386,Top 10 % del incremento,5.887323943661972,0.1267605633802817,0.1553398058252427,356.96666666666664,83.6955891181226,35.0
88_22,25.52703,56.44828,Top 10 % del incremento,5.880794701986757,0.0496688741721854,0.0737704918032786,841.0666666666667,7.870129028229117,78.0
15_68,29.67117,49.06721,Top 10 % del incremento,5.8686868686868685,0.0101010101010101,0.0290322580645161,38.3,43.27977631994033,11.0
16_68,29.67117,49.16832,Top 10 % del incremento,5.781144781144781,0.0168350168350168,0.0354838709677419,38.266666666666666,47.90637421572156,12.0
89_24,25.70721,56.54939,Top 10 % del incremento,5.761061946902655,0.0132743362831858,0.0368852459016393,4.3,21.640129053483022,91.0
31_25,25.7973,50.68498,Top 10 % del incremento,5.669642857142858,0.0133928571428571,0.0459770114942528,431.1333333333333,9.931097848966354,3.0
66_12,24.62613,54.22385,Top 10 % del incremento,5.56043956043956,0.0109890109890109,0.0287539936102236,2469.3,20.32168215736645,16.0
70_29,26.15766,54.62829,Top 10 % del incremento,5.54109589041096,0.0308219178082191,0.0537190082644628,56.6,14.594063136345488,84.0
34_55,28.5,50.98831,Top 10 % del incremento,5.486486486486486,0.027027027027027,0.0497925311203319,81.16666666666667,9.83479006495434,19.0
23_43,27.41892,49.8761,Top 10 % del incremento,5.472972972972973,0.0337837837837837,0.0746268656716417,4108.3,21.786666882492543,15.0
27_54,28.40991,50.28054,Top 10 % del incremento,5.439189189189189,0.0337837837837837,0.074074074074074,262.3333333333333,75.04189473219587,63.0
43_5,23.9955,51.89831,Top 10 % del incremento,5.43448275862069,0.0275862068965517,0.0504201680672268,17.433333333333334,0.7333691006223967,5.0
30_37,26.87838,50.58387,Top 10 % del incremento,5.4324324324324325,0.027027027027027,0.0533980582524271,2144.8333333333335,48.71563609562623,24.0
83_30,26.24775,55.94272,Top 10 % del incremento,5.422907488986784,0.026431718061674,0.0521327014218009,1209.6666666666667,20.920867892445788,91.0
14_65,29.4009,48.9661,Top 10 % del incremento,5.337837837837838,0.0168918918918918,0.036231884057971,2186.0333333333333,55.42249040672863,25.0
19_65,29.4009,49.47165,Top 10 % del incremento,5.324324324324325,0.027027027027027,0.0661764705882353,75.23333333333333,69.28183684572429,20.0
30_52,28.22973,50.58387,Top 10 % del incremento,5.306306306306306,0.018018018018018,0.0439024390243902,160.06666666666666,58.06704256294661,58.0
35_46,27.68919,51.08942,Top 10 % del incremento,5.295302013422819,0.0268456375838926,0.0652173913043478,268.6333333333333,40.864857534610266,69.0
64_14,24.80631,54.02163,Top 10 % del incremento,5.289655172413793,0.0241379310344827,0.0431654676258992,652.3333333333334,48.74105894912552,15.0
81_26,25.88739,55.7405,Top 10 % del incremento,5.2863436123348,0.039647577092511,0.0612244897959183,1101.0666666666666,20.93051274799182,38.0
37_43,27.41892,51.29164,Top 10 % del incremento,5.2844444444444445,0.0177777777777777,0.0430622009569378,188.66666666666666,55.98549458165528,66.0
42_41,27.23874,51.7972,Top 10 % del incremento,5.265560165975104,0.0165975103734439,0.04,289.3333333333333,65.24556087622217,45.0
47_28,26.06757,52.30275,Top 10 % del incremento,5.261818181818182,0.0072727272727272,0.0292887029288702,428.1333333333333,75.72590481252318,30.0
39_36,26.78829,51.49386,Top 10 % del incremento,5.25,0.0178571428571428,0.0428571428571428,204.2,73.94260666068857,41.0
23_66,29.49099,49.8761,Top 10 % del incremento,5.239819004524887,0.004524886877828,0.0357142857142857,55.3,46.80610513813206,26.0
68_32,26.42793,54.42607,Top 10 % del incremento,5.2304147465437785,0.0230414746543778,0.0483091787439613,382.93333333333334,14.222815393881245,34.0
76_22,25.52703,55.23495,Top 10 % del incremento,5.230263157894736,0.1118421052631579,0.1489361702127659,14298.233333333334,22.8153784087324,22.0
50_41,27.23874,52.60608,Top 10 % del incremento,5.225352112676056,0.0375586854460093,0.0628019323671497,10.733333333333333,11.408306612086976,70.0
88_32,26.42793,56.44828,Top 10 % del incremento,5.219409282700422,0.0084388185654008,0.0331753554502369,157.36666666666667,7.571792413038048,73.0
87_32,26.42793,56.34717,Top 10 % del incremento,5.219409282700422,0.0084388185654008,0.0331753554502369,316.8,4.933438838043284,90.0
40_23,25.61712,51.59497,Top 10 % del incremento,5.205357142857143,0.0044642857142857,0.0337078651685393,136.66666666666666,4.84199458013587,3.0
21_66,29.49099,49.67388,Top 10 % del incremento,5.199095022624435,0.0226244343891402,0.0535714285714285,89.86666666666666,59.59138952925176,25.0
51_36,26.78829,52.70719,Top 10 % del incremento,5.197183098591549,0.028169014084507,0.0533980582524271,539.0,44.52987761681516,72.0
25_57,28.68018,50.07832,Top 10 % del incremento,5.190045248868778,0.0090497737556561,0.035,172.2,63.2150109583121,38.0
45_22,25.52703,52.10053,Top 10 % del incremento,5.1735537190082646,0.0082644628099173,0.023391812865497,92.2,55.36689455083607,22.0
48_25,25.7973,52.40386,Top 10 % del incremento,5.169014084507042,0.028169014084507,0.0531400966183574,279.8333333333333,81.42386508498424,43.0
29_61,29.04054,50.48276,Top 10 % del incremento,5.162162162162162,0.0135135135135135,0.0514705882352941,163.96666666666667,19.475669100127195,36.0
50_26,25.88739,52.60608,Top 10 % del incremento,5.160278745644599,0.0034843205574912,0.0248962655601659,52.86666666666667,102.46801496908871,48.0
73_20,25.34685,54.93162,Top 10 % del incremento,5.144736842105264,0.0131578947368421,0.0496453900709219,885.4666666666667,34.95390765219237,20.0
36_46,27.68919,51.19053,Top 10 % del incremento,5.142222222222222,0.0088888888888888,0.0334928229665071,381.53333333333336,33.997807575975045,55.0
47_44,27.50901,52.30275,Top 10 % del incremento,5.140939597315437,0.0201342281879194,0.056338028169014,112.93333333333334,17.480864327903284,62.0
11_67,29.58108,48.66277,Top 10 % del incremento,5.135135135135135,0.009009009009009,0.0338164251207729,6796.366666666667,31.9453788187873,11.0
63_14,24.80631,53.92051,Top 10 % del incremento,5.1340206185567006,0.0103092783505154,0.0287769784172661,1349.2,54.08396569831754,18.0
36_51,28.13964,51.19053,Top 10 % del incremento,5.133928571428571,0.0089285714285714,0.0334928229665071,60.36666666666667,7.650560578894351,18.0
52_26,25.88739,52.8083,Top 10 % del incremento,5.126760563380282,0.0234741784037558,0.0545454545454545,87.16666666666667,109.374565482383,54.0
46_17,25.07658,52.20164,Top 10 % del incremento,5.103806228373703,0.0069204152249134,0.0255474452554744,34.03333333333333,59.55722928420993,15.0
65_33,26.51802,54.12274,Top 10 % del incremento,5.093023255813954,0.0093023255813953,0.0341463414634146,101.76666666666667,7.137628310434879,35.0
56_23,25.61712,53.21274,Top 10 % del incremento,5.086330935251798,0.0287769784172661,0.0661764705882353,258.03333333333336,81.6688265787687,23.0
24_71,29.94144,49.97721,Top 10 % del incremento,5.081081081081081,0.0067567567567567,0.0441176470588235,17.666666666666668,15.71410808969281,15.0
23_62,29.13063,49.8761,Top 10 % del incremento,5.081081081081081,0.0067567567567567,0.0441176470588235,104.96666666666667,42.682648039765645,42.0
12_53,28.31982,48.76388,Top 10 % del incremento,5.076923076923077,0.004524886877828,0.0294117647058823,2933.0,18.38740431219484,18.0
48_31,26.33784,52.40386,Top 10 % del incremento,5.074766355140187,0.0093457943925233,0.0339805825242718,90.83333333333333,93.48896374540942,62.0
75_32,26.42793,55.13384,Top 10 % del incremento,5.072368421052632,0.006578947368421,0.0425531914893617,25.466666666666665,20.554572295777973,10.0
69_13,24.71622,54.52718,Top 10 % del incremento,5.072368421052632,0.006578947368421,0.0425531914893617,10726.466666666667,11.609428344307045,8.0
44_28,26.06757,51.99942,Top 10 % del incremento,5.071111111111112,0.0044444444444444,0.0287081339712918,839.3666666666667,47.01579161062863,28.0
87_33,26.51802,56.34717,Top 10 % del incremento,5.066371681415929,0.0044247787610619,0.0284360189573459,1067.5,14.718421251369437,88.0
69_30,26.24775,54.52718,Top 10 % del incremento,5.041666666666667,0.0046296296296296,0.0289855072463768,476.3333333333333,0.4711571305608897,15.0
61_14,24.80631,53.71829,Top 10 % del incremento,5.028776978417266,0.014388489208633,0.0510948905109489,9088.533333333333,53.27487048390444,5.0
39_30,26.24775,51.49386,Top 10 % del incremento,5.0,0.0,0.0204081632653061,165.7,21.57824065110757,19.0
40_37,26.87838,51.59497,Top 10 % del incremento,5.0,0.0,0.0238095238095238,62.9,86.94061835103706,64.0
86_31,26.33784,56.24606,Top 10 % del incremento,5.0,0.0,0.0236966824644549,660.3666666666667,8.223582940311028,73.0
53_30,26.24775,52.90941,Top 10 % del incremento,5.0,0.0,0.037037037037037,208.36666666666667,68.64602558866873,71.0
77_33,26.51802,55.33606,Top 10 % del incremento,5.0,0.0,0.0354609929078014,29.9,3.722817516585129,7.0
54_21,25.43694,53.01052,Top 10 % del incremento,5.0,0.0,0.0290697674418604,20.6,60.50298793716065,22.0
8_64,29.31081,48.35944,Top 10 % del incremento,5.0,0.0,0.0357142857142857,778.2333333333333,9.318068262769568,4.0
20_52,28.22973,49.57276,Top 10 % del incremento,4.946428571428571,0.0089285714285714,0.0304347826086956,451.6,81.14270015347456,42.0
40_42,27.32883,51.59497,Top 10 % del incremento,4.849056603773585,0.0188679245283018,0.0366300366300366,240.73333333333332,56.45498163914661,45.0
17_52,28.22973,49.26943,Top 10 % del incremento,4.807174887892376,0.0403587443946188,0.064039408866995,1525.7,53.387509922411695,31.0
83_27,25.97748,55.94272,Top 10 % del incremento,4.762114537444933,0.013215859030837,0.0326530612244898,3784.6,9.58352293960919,32.0
22_46,27.68919,49.77499,Top 10 % del incremento,4.589285714285714,0.0267857142857142,0.0495049504950495,5640.833333333333,42.16598424443534,19.0
20_61,29.04054,49.57276,Top 10 % del incremento,4.567567567567568,0.0472972972972973,0.0808823529411764,58.2,74.0188919143012,37.0
46_37,26.87838,52.20164,Top 10 % del incremento,4.559241706161138,0.0142180094786729,0.0330578512396694,267.96666666666664,65.98788717063583,57.0
88_38,26.96847,56.44828,Top 10 % del incremento,4.530973451327434,0.0353982300884955,0.0568720379146919,2181.133333333333,8.544629787688873,28.0
42_25,25.7973,51.7972,Top 10 % del incremento,4.528301886792453,0.0053908355795148,0.0219780219780219,2973.0,20.56437003620833,20.0
28_63,29.22072,50.38165,Top 10 % del incremento,4.486486486486486,0.0405405405405405,0.0735294117647058,824.8666666666667,4.7650639836899735,29.0
14_66,29.49099,48.9661,Top 10 % del incremento,4.472972972972973,0.0236486486486486,0.0398550724637681,338.56666666666666,56.36918973316259,13.0
8_60,28.95045,48.35944,Top 10 % del incremento,4.459459459459459,0.027027027027027,0.048780487804878,2246.0,10.052039921809458,12.0
26_59,28.86036,50.17943,Top 10 % del incremento,4.436241610738255,0.0335570469798657,0.0661764705882353,90.66666666666667,40.93674065343448,47.0
72_31,26.33784,54.83051,Top 10 % del incremento,4.434210526315789,0.0394736842105263,0.0709219858156028,543.3,17.946379311188423,71.0
63_17,25.07658,53.92051,Top 10 % del incremento,4.402061855670103,0.0309278350515463,0.0467625899280575,117.6,32.86662886052506,25.0
39_34,26.60811,51.49386,Top 10 % del incremento,4.401785714285714,0.0267857142857142,0.0478468899521531,417.8333333333333,55.42014217461646,24.0
12_55,28.5,48.76388,Top 10 % del incremento,4.294117647058823,0.0226244343891402,0.0432692307692307,357.7,24.79568582704331,18.0
75_31,26.33784,55.13384,Top 10 % del incremento,4.289473684210527,0.0263157894736842,0.0567375886524822,102.63333333333334,28.087492434015857,61.0
71_28,26.06757,54.7294,Top 10 % del incremento,4.289473684210527,0.0263157894736842,0.0567375886524822,99.16666666666667,24.076826611612,80.0
18_62,29.13063,49.37054,Top 10 % del incremento,4.268456375838927,0.0201342281879194,0.0382978723404255,85.83333333333333,90.58425582687116,33.0
45_38,26.96847,52.10053,Top 10 % del incremento,4.268456375838926,0.0335570469798657,0.0638297872340425,53.9,65.46715558535473,51.0
19_63,29.22072,49.47165,Top 10 % del incremento,4.254464285714287,0.0133928571428571,0.0341463414634146,668.4333333333333,79.51423369917283,36.0
18_70,29.85135,49.37054,Top 10 % del incremento,4.25339366515837,0.0180995475113122,0.038647342995169,5.7,24.758314754748906,14.0
40_41,27.23874,51.59497,Top 10 % del incremento,4.25,0.0134408602150537,0.028673835125448,259.1,66.34921670566678,66.0
10_60,28.95045,48.56166,Top 10 % del incremento,4.244067796610169,0.0101694915254237,0.025830258302583,324.6333333333333,28.438811357952066,23.0
23_64,29.31081,49.8761,Top 10 % del incremento,4.243243243243243,0.0202702702702702,0.0514705882352941,121.3,40.04131704078149,39.0
27_58,28.77027,50.28054,Top 10 % del incremento,4.243243243243243,0.0202702702702702,0.0514705882352941,118.5,48.83228155931831,43.0
34_30,26.24775,50.98831,Top 10 % del incremento,4.241610738255034,0.0268456375838926,0.0571428571428571,81.06666666666666,22.26015475295873,3.0
33_46,27.68919,50.8872,Top 10 % del incremento,4.233183856502242,0.0179372197309417,0.0380952380952381,238.4,57.4328272760891,65.0
61_32,26.42793,53.71829,Top 10 % del incremento,4.232558139534884,0.0232558139534883,0.0439024390243902,412.1666666666667,21.97680347918787,84.0
84_32,26.42793,56.04383,Top 10 % del incremento,4.228070175438597,0.0175438596491228,0.0372093023255813,1245.6333333333334,24.18475291782698,84.0
42_22,25.52703,51.7972,Top 10 % del incremento,4.226666666666667,0.0133333333333333,0.0336538461538461,391.96666666666664,27.51773580398611,19.0
89_19,25.25676,56.54939,Top 10 % del incremento,4.225663716814159,0.0132743362831858,0.0334928229665071,12257.966666666667,17.410554226001363,126.0
42_44,27.50901,51.7972,Top 10 % del incremento,4.213333333333333,0.0133333333333333,0.0334928229665071,207.23333333333332,35.88450785904644,33.0
66_31,26.33784,54.22385,Top 10 % del incremento,4.208333333333334,0.0231481481481481,0.0434782608695652,325.8,24.64047324812876,60.0
46_10,24.44595,52.20164,Top 10 % del incremento,4.207612456747405,0.0138408304498269,0.0291970802919708,0.9333333333333333,10.04446977533391,27.0
32_61,29.04054,50.78609,Top 10 % del incremento,4.202702702702703,0.0135135135135135,0.0338164251207729,12286.966666666667,6.057014822097186,4.0
89_38,26.96847,56.54939,Top 10 % del incremento,4.199115044247788,0.0132743362831858,0.0331753554502369,74.1,10.726134084562794,32.0
24_57,28.68018,49.97721,Top 10 % del incremento,4.190045248868778,0.0090497737556561,0.03,228.43333333333334,67.50933321841984,49.0
26_54,28.40991,50.17943,Top 10 % del incremento,4.175675675675675,0.0135135135135135,0.0444444444444444,264.46666666666664,83.02034591352238,54.0
28_59,28.86036,50.38165,Top 10 % del incremento,4.174496644295302,0.0134228187919463,0.0441176470588235,91.23333333333333,39.18826402404084,43.0
58_31,26.33784,53.41496,Top 10 % del incremento,4.172661870503597,0.0431654676258992,0.074074074074074,176.4,41.45897972382739,81.0
66_34,26.60811,54.22385,Top 10 % del incremento,4.166666666666667,0.0185185185185185,0.038647342995169,83.6,11.19992667890862,27.0
59_9,24.35586,53.51607,Top 10 % del incremento,4.158415841584159,0.0049504950495049,0.0294117647058823,215.36666666666667,7.3403403470340285,3.0
70_17,25.07658,54.62829,Top 10 % del incremento,4.144736842105264,0.0131578947368421,0.0425531914893617,107.5,30.24606713938001,24.0
58_32,26.42793,53.41496,Top 10 % del incremento,4.143884892086331,0.0359712230215827,0.0666666666666666,332.3666666666667,32.98615273961803,84.0
66_15,24.8964,54.22385,Top 10 % del incremento,4.1438356164383565,0.0102739726027397,0.0251798561151079,171.9,34.64605237473727,22.0
57_34,26.60811,53.31385,Top 10 % del incremento,4.142857142857142,0.0285714285714285,0.0592592592592592,344.5,20.311894759237337,79.0
76_24,25.70721,55.23495,Top 10 % del incremento,4.140350877192983,0.0219298245614035,0.0454545454545454,1960.4333333333334,25.142520557314104,25.0
75_24,25.70721,55.13384,Top 10 % del incremento,4.140350877192983,0.0219298245614035,0.0454545454545454,403.1333333333333,18.902915168941696,36.0
73_24,25.70721,54.93162,Top 10 % del incremento,4.131578947368421,0.0328947368421052,0.0608108108108108,910.4666666666667,18.997180350852624,42.0
29_42,27.32883,50.48276,Top 10 % del incremento,4.125560538116591,0.0089686098654708,0.0287081339712918,497.6,74.28718079043617,55.0
9_61,29.04054,48.46055,Top 10 % del incremento,4.121621621621621,0.0135135135135135,0.0431654676258992,2602.1,24.15345872514844,25.0
48_32,26.42793,52.40386,Top 10 % del incremento,4.11214953271028,0.014018691588785,0.0339805825242718,116.1,87.77037680745451,67.0
44_15,24.8964,51.99942,Top 10 % del incremento,4.110344827586207,0.0068965517241379,0.0218978102189781,16.766666666666666,41.7555130262279,13.0
46_38,26.96847,52.20164,Top 10 % del incremento,4.10738255033557,0.0134228187919463,0.0425531914893617,336.8333333333333,58.29968759959945,57.0
47_16,24.98649,52.30275,Top 10 % del incremento,4.103806228373703,0.0069204152249134,0.0218978102189781,33.03333333333333,49.63608319932848,20.0
55_19,25.25676,53.11163,Top 10 % del incremento,4.100719424460432,0.0503597122302158,0.0802919708029197,20.5,40.62225557381998,20.0
59_31,26.33784,53.51607,Top 10 % del incremento,4.086330935251798,0.0215827338129496,0.0518518518518518,252.63333333333333,37.38563805405027,85.0
49_24,25.70721,52.50497,Top 10 % del incremento,4.084507042253521,0.0140845070422535,0.0338164251207729,593.9,91.777992623417,34.0
69_33,26.51802,54.52718,Top 10 % del incremento,4.083333333333334,0.0092592592592592,0.0289855072463768,87.93333333333334,7.56366076435518,27.0
36_43,27.41892,51.19053,Top 10 % del incremento,4.08,0.0066666666666666,0.036231884057971,128.3,60.67423480222235,71.0
28_45,27.5991,50.38165,Top 10 % del incremento,4.076576576576577,0.0045045045045045,0.024390243902439,117.06666666666666,75.66286082646096,54.0
35_44,27.50901,51.08942,Top 10 % del incremento,4.073825503355705,0.0067114093959731,0.036231884057971,127.66666666666667,56.16000107474869,66.0
57_19,25.25676,53.31385,Top 10 % del incremento,4.071942446043166,0.0359712230215827,0.0656934306569343,1565.5,46.982715738939554,21.0
57_32,26.42793,53.31385,Top 10 % del incremento,4.071428571428571,0.0142857142857142,0.0444444444444444,183.96666666666667,39.80988940319757,76.0
37_47,27.77928,51.29164,Top 10 % del incremento,4.066964285714286,0.0044642857142857,0.0239234449760765,241.53333333333333,20.043295800393945,26.0
41_39,27.05856,51.69608,Top 10 % del incremento,4.066964285714286,0.0044642857142857,0.0239234449760765,315.23333333333335,85.23717789235836,67.0
43_29,26.15766,51.89831,Top 10 % del incremento,4.066964285714286,0.0044642857142857,0.0239234449760765,761.6333333333333,43.497475036681735,28.0
8_66,29.49099,48.35944,Top 10 % del incremento,4.054054054054054,0.0067567567567567,0.0357142857142857,585.7333333333333,3.691608652583848,4.0
45_18,25.16667,52.10053,Top 10 % del incremento,4.051903114186851,0.0034602076124567,0.0182481751824817,51.233333333333334,48.99517855499893,11.0
18_49,27.95946,49.37054,Top 10 % del incremento,4.0472972972972965,0.0168918918918918,0.0341880341880341,789.6333333333333,48.008123061530746,24.0
59_25,25.7973,53.51607,Top 10 % del incremento,4.043165467625899,0.014388489208633,0.0441176470588235,176.36666666666667,88.57345039144924,48.0
46_32,26.42793,52.20164,Top 10 % del incremento,4.037383177570094,0.0046728971962616,0.0242718446601941,721.7,86.07581460825418,61.0
54_30,26.24775,53.01052,Top 10 % del incremento,4.028776978417266,0.0071942446043165,0.037037037037037,230.03333333333333,64.78954421400377,73.0
53_24,25.70721,52.90941,Top 10 % del incremento,4.0215827338129495,0.0071942446043165,0.0367647058823529,364.6666666666667,91.56407825986412,26.0
47_20,25.34685,52.30275,Top 10 % del incremento,4.018779342723005,0.0093896713615023,0.0284360189573459,148.63333333333333,70.89828071770867,21.0
62_13,24.71622,53.8194,Top 10 % del incremento,4.0144927536231885,0.0144927536231884,0.0437956204379562,1331.7,48.9953591849853,15.0
59_18,25.16667,53.51607,Top 10 % del incremento,4.0,0.0,0.0291970802919708,183.13333333333333,53.6908575396872,30.0
16_46,27.68919,49.16832,Top 10 % del incremento,4.0,0.0,0.0198019801980198,2641.6666666666665,14.690993827200934,8.0
57_13,24.71622,53.31385,Top 10 % del incremento,4.0,0.0,0.0291970802919708,307.43333333333334,28.21085040519166,15.0
58_25,25.7973,53.41496,Top 10 % del incremento,4.0,0.0,0.0294117647058823,235.5,93.66337893788858,49.0
36_34,26.60811,51.19053,Top 10 % del incremento,4.0,0.0,0.0285714285714285,352.2,50.19026713644564,24.0
52_15,24.8964,52.8083,Top 10 % del incremento,4.0,0.0,0.0291970802919708,281.76666666666665,25.31668826145936,18.0
34_36,26.78829,50.98831,Top 10 % del incremento,4.0,0.0,0.0285714285714285,1772.5,65.96400840120008,21.0
35_34,26.60811,51.08942,Top 10 % del incremento,4.0,0.0,0.0285714285714285,272.6333333333333,52.39426759697783,20.0
78_33,26.51802,55.43717,Top 10 % del incremento,4.0,0.0,0.0283687943262411,28.8,7.438842367774719,4.0
79_25,25.7973,55.53828,Top 10 % del incremento,4.0,0.0,0.0225988700564971,761.5,23.74282810578011,38.0
21_72,30.03153,49.67388,Top 10 % del incremento,4.0,0.0,0.0283687943262411,219.93333333333334,3.6824865944961966,1.0
45_24,25.70721,52.10053,Top 10 % del incremento,4.0,0.0,0.0142857142857142,60.36666666666667,51.23938524748367,27.0
44_21,25.43694,51.99942,Top 10 % del incremento,4.0,0.0,0.013029315960912,346.06666666666666,44.24156687396052,19.0
88_33,26.51802,56.44828,Top 10 % del incremento,4.0,0.0,0.0189573459715639,813.7,16.578294203402255,96.0
27_27,25.97748,50.28054,Top 10 % del incremento,4.0,0.0,0.0193236714975845,129.56666666666666,15.4470068822463,14.0
19_43,27.41892,49.47165,Top 10 % del incremento,4.0,0.0,0.0197044334975369,608.7333333333333,7.145325956522109,13.0
35_49,27.95946,51.08942,Top 10 % del incremento,4.0,0.0,0.0229885057471264,153.4,26.78536685855779,43.0
50_28,26.06757,52.60608,Top 10 % del incremento,4.0,0.0036363636363636,0.0181818181818181,43.3,101.4133883914834,37.0
49_44,27.50901,52.50497,Top 10 % del incremento,4.0,0.0187793427230046,0.0375586854460093,1845.5333333333333,6.900678296907689,50.0
32_47,27.77928,50.78609,Top 10 % del incremento,3.996621621621621,0.0168918918918918,0.0337552742616033,254.83333333333334,62.426034000459566,67.0
14_69,29.76126,48.9661,Top 10 % del incremento,3.9459459459459456,0.0472972972972973,0.0615942028985507,36.46666666666667,30.64150301413145,8.0
56_26,25.88739,53.21274,Top 10 % del incremento,3.942446043165467,0.0287769784172661,0.0567375886524822,186.53333333333333,95.19387088494038,41.0
13_54,28.40991,48.86499,Top 10 % del incremento,3.9230769230769234,0.0542986425339366,0.0735294117647058,8993.366666666667,32.50758474690213,16.0
29_56,28.59009,50.48276,Top 10 % del incremento,3.8868778280542986,0.004524886877828,0.0203252032520325,87.2,47.067918101951896,57.0
30_33,26.51802,50.58387,Top 10 % del incremento,3.878378378378379,0.0585585585585585,0.0772946859903381,1227.0,26.12923286624612,2.0
49_20,25.34685,52.50497,Top 10 % del incremento,3.863849765258216,0.0046948356807511,0.0206611570247933,144.16666666666666,75.39689612339356,22.0
21_52,28.22973,49.67388,Top 10 % del incremento,3.8385650224215246,0.0134529147982062,0.0297872340425531,1431.2333333333333,87.64103770876986,35.0
42_38,26.96847,51.7972,Top 10 % del incremento,3.830357142857143,0.0089285714285714,0.0246913580246913,123.96666666666667,89.83712985340351,68.0
65_29,26.15766,54.12274,Top 10 % del incremento,3.751366120218579,0.0136612021857923,0.0257234726688102,59.63333333333333,37.66095814793488,89.0
18_66,29.49099,49.37054,Top 10 % del incremento,3.75,0.0535714285714285,0.0714285714285714,1075.0666666666666,61.38193219197765,24.0
41_47,27.77928,51.69608,Top 10 % del incremento,3.733333333333333,0.0133333333333333,0.0285714285714285,0.6,5.441131141387686,5.0
14_53,28.31982,48.9661,Top 10 % del incremento,3.692307692307692,0.0407239819004524,0.0588235294117647,3898.8,36.2042395788657,17.0
47_22,25.52703,52.30275,Top 10 % del incremento,3.641114982578397,0.0139372822299651,0.0290456431535269,189.0,74.65709800851481,29.0
9_62,29.13063,48.46055,Top 10 % del incremento,3.640909090909091,0.0136363636363636,0.0346820809248554,1029.7333333333333,29.36495527452069,18.0
17_69,29.76126,49.26943,Top 10 % del incremento,3.608108108108107,0.0304054054054054,0.0434782608695652,2074.266666666667,38.78711036490997,23.0
32_58,28.77027,50.78609,Top 10 % del incremento,3.6,0.0101694915254237,0.0254237288135593,123.7,11.187071124421683,25.0
38_44,27.50901,51.39275,Top 10 % del incremento,3.568888888888889,0.0355555555555555,0.0526315789473684,445.9,42.354192092939606,35.0
30_39,27.05856,50.58387,Top 10 % del incremento,3.5675675675675675,0.018018018018018,0.032520325203252,513.5333333333333,60.92710070657728,43.0
80_33,26.51802,55.63939,Top 10 % del incremento,3.563876651982378,0.0352422907488986,0.0521327014218009,17.1,14.277294303353864,26.0
85_31,26.33784,56.14495,Top 10 % del incremento,3.556291390728477,0.009933774834437,0.024390243902439,107.0,10.292897279132871,97.0
64_26,25.88739,54.02163,Top 10 % del incremento,3.553488372093024,0.0186046511627906,0.0334728033472803,387.26666666666665,49.02669571652573,70.0
15_65,29.4009,49.06721,Top 10 % del incremento,3.5405405405405403,0.027027027027027,0.0398550724637681,343.93333333333334,65.30532757393088,19.0
47_40,27.14865,52.30275,Top 10 % del incremento,3.536585365853659,0.0313588850174216,0.0462184873949579,641.8333333333334,37.11552851095896,83.0
89_18,25.16667,56.54939,Top 10 % del incremento,3.5265486725663715,0.0309734513274336,0.0478468899521531,22838.8,18.59169145553192,131.0
88_25,25.7973,56.44828,Top 10 % del incremento,3.5265486725663715,0.0309734513274336,0.0478468899521531,11.533333333333333,8.536824525638004,41.0
50_43,27.41892,52.60608,Top 10 % del incremento,3.501742160278745,0.0104529616724738,0.0251046025104602,8.6,0.7502453229581235,16.0
38_41,27.23874,51.39275,Top 10 % del incremento,3.5,0.0268817204301075,0.039426523297491,213.5,70.50587468216494,70.0
84_34,26.60811,56.04383,Top 10 % del incremento,3.493392070484582,0.0308370044052863,0.0473933649289099,360.73333333333335,13.280725016942071,58.0
81_32,26.42793,55.7405,Top 10 % del incremento,3.493392070484582,0.0308370044052863,0.0473933649289099,586.6333333333333,24.15413365557988,47.0
83_32,26.42793,55.94272,Top 10 % del incremento,3.493392070484582,0.0308370044052863,0.0473933649289099,562.2666666666667,21.768508034994355,65.0
17_59,28.86036,49.26943,Top 10 % del incremento,3.4843049327354256,0.0269058295964125,0.0439024390243902,200.9,86.23907328237159,33.0
57_26,25.88739,53.31385,Top 10 % del incremento,3.4776119402985075,0.0149253731343283,0.0355029585798816,127.66666666666667,91.22626546908144,41.0
48_8,24.26577,52.40386,Top 10 % del incremento,3.475862068965517,0.0103448275862068,0.0245901639344262,66.86666666666666,16.151303882936986,14.0
28_52,28.22973,50.38165,Top 10 % del incremento,3.472972972972973,0.0337837837837837,0.0597014925373134,289.96666666666664,76.50900783165335,57.0
20_45,27.5991,49.57276,Top 10 % del incremento,3.441471571906354,0.0066889632107023,0.0214592274678111,704.9,26.377612974390573,19.0
15_50,28.04955,49.06721,Top 10 % del incremento,3.418918918918919,0.0067567567567567,0.0213675213675213,1066.9,27.673732569701023,9.0
70_30,26.24775,54.62829,Top 10 % del incremento,3.416666666666668,0.0462962962962962,0.0628019323671497,56.6,9.342983074281529,89.0
67_33,26.51802,54.32496,Top 10 % del incremento,3.416666666666668,0.0462962962962962,0.0628019323671497,118.93333333333334,11.598422786546957,34.0
37_45,27.5991,51.29164,Top 10 % del incremento,3.4017857142857144,0.0267857142857142,0.0430622009569378,402.6333333333333,38.45227328146585,41.0
29_50,28.04955,50.48276,Top 10 % del incremento,3.400900900900901,0.0315315315315315,0.0456431535269709,167.46666666666667,75.81648763104278,59.0
30_47,27.77928,50.58387,Top 10 % del incremento,3.39527027027027,0.0236486486486486,0.0379746835443038,120.6,78.78157764647517,63.0
13_51,28.13964,48.86499,Top 10 % del incremento,3.384615384615385,0.0226244343891402,0.0392156862745098,2250.4,16.393093012804556,8.0
31_60,28.95045,50.68498,Top 10 % del incremento,3.3703703703703702,0.0067340067340067,0.0206611570247933,2101.9666666666667,11.2088322241531,22.0
64_18,25.16667,54.02163,Top 10 % del incremento,3.3573883161512037,0.0274914089347079,0.039568345323741,402.43333333333334,19.19868998810092,32.0
80_34,26.60811,55.63939,Top 10 % del incremento,3.352422907488987,0.0220264317180616,0.0379146919431279,1.6,5.180602983491144,9.0
45_20,25.34685,52.10053,Top 10 % del incremento,3.3321799307958484,0.0207612456747404,0.0329670329670329,75.23333333333333,50.817164227560575,17.0
26_60,28.95045,50.17943,Top 10 % del incremento,3.324324324324324,0.027027027027027,0.0514705882352941,99.3,31.625766920467985,42.0
28_67,29.58108,50.38165,Top 10 % del incremento,3.324324324324324,0.027027027027027,0.0514705882352941,3.6,8.170315157444774,14.0
29_62,29.13063,50.48276,Top 10 % del incremento,3.324324324324324,0.027027027027027,0.0514705882352941,157.43333333333334,15.54365252940162,29.0
20_62,29.13063,49.57276,Top 10 % del incremento,3.324324324324324,0.027027027027027,0.0514705882352941,278.6333333333333,71.16337793872904,38.0
18_63,29.22072,49.37054,Top 10 % del incremento,3.3228699551569507,0.0179372197309417,0.0341463414634146,429.9,89.38498694347126,34.0
70_32,26.42793,54.62829,Top 10 % del incremento,3.322580645161291,0.032258064516129,0.0483091787439613,73.93333333333334,8.66365390892973,29.0
32_51,28.13964,50.78609,Top 10 % del incremento,3.3063063063063063,0.018018018018018,0.0341463414634146,202.66666666666666,45.3889682684298,62.0
13_56,28.59009,48.86499,Top 10 % del incremento,3.3031674208144803,0.0316742081447963,0.0452674897119341,113.1,37.73760839961937,19.0
78_29,26.15766,55.43717,Top 10 % del incremento,3.2894736842105265,0.0263157894736842,0.0496453900709219,207.43333333333334,44.80767588197103,76.0
76_23,25.61712,55.23495,Top 10 % del incremento,3.2894736842105265,0.0263157894736842,0.0496453900709219,1579.8,30.01810337857982,21.0
13_66,29.49099,48.86499,Top 10 % del incremento,3.283783783783786,0.0641891891891891,0.0760869565217391,937.9,46.69522287858261,17.0
42_35,26.6982,51.7972,Top 10 % del incremento,3.2678571428571432,0.0178571428571428,0.0334928229665071,151.56666666666666,79.33239530412628,45.0
87_34,26.60811,56.34717,Top 10 % del incremento,3.265486725663717,0.0176991150442477,0.0331753554502369,763.3666666666667,24.32135126034365,76.0
24_64,29.31081,49.97721,Top 10 % del incremento,3.2617449664429534,0.0201342281879194,0.0441176470588235,118.23333333333333,30.25246887305694,36.0
68_31,26.33784,54.42607,Top 10 % del incremento,3.25,0.0277777777777777,0.0434782608695652,212.1,7.307389264581426,28.0
21_68,29.67117,49.67388,Top 10 % del incremento,3.243243243243243,0.0202702702702702,0.0441176470588235,52.96666666666667,39.982804471954616,22.0
21_59,28.86036,49.67388,Top 10 % del incremento,3.243243243243243,0.0202702702702702,0.0441176470588235,115.0,73.51923426175003,42.0
32_44,27.50901,50.78609,Top 10 % del incremento,3.2297297297297294,0.0135135135135135,0.0292682926829268,160.2,76.82716709628757,53.0
33_53,28.31982,50.8872,Top 10 % del incremento,3.2297297297297294,0.0135135135135135,0.0292682926829268,196.76666666666668,26.608132543100425,44.0
89_20,25.34685,56.54939,Top 10 % del incremento,3.2256637168141595,0.0132743362831858,0.0287081339712918,12257.966666666667,16.9404954689367,111.0
86_32,26.42793,56.24606,Top 10 % del incremento,3.219409282700422,0.0084388185654008,0.0236966824644549,846.5666666666667,12.627485848756164,96.0
80_27,25.97748,55.63939,Top 10 % del incremento,3.2171052631578947,0.0197368421052631,0.0425531914893617,164.5,34.6827198110302,45.0
73_33,26.51802,54.93162,Top 10 % del incremento,3.2171052631578947,0.0197368421052631,0.0425531914893617,14559.8,5.281312817535447,10.0
25_55,28.5,50.07832,Top 10 % del incremento,3.216216216216216,0.027027027027027,0.05,227.9,82.20792847141762,48.0
7_62,29.13063,48.25833,Top 10 % del incremento,3.213636363636364,0.0045454545454545,0.0231213872832369,4489.8,11.669162117650378,23.0
84_35,26.6982,56.04383,Top 10 % del incremento,3.211453744493392,0.013215859030837,0.0284360189573459,133.36666666666667,5.717530503578862,43.0
30_31,26.33784,50.58387,Top 10 % del incremento,3.202702702702702,0.0135135135135135,0.0289855072463768,16766.233333333334,6.800229877084839,5.0
11_63,29.22072,48.66277,Top 10 % del incremento,3.202702702702702,0.0135135135135135,0.0289855072463768,1227.4333333333334,31.98077276511785,11.0
30_58,28.77027,50.58387,Top 10 % del incremento,3.2,0.0203389830508474,0.0338983050847457,161.93333333333334,27.61685506997713,38.0
69_29,26.15766,54.52718,Top 10 % del incremento,3.198630136986302,0.023972602739726,0.0371900826446281,476.3333333333333,10.359469694755466,87.0
45_34,26.60811,52.10053,Top 10 % del incremento,3.1812080536912752,0.0201342281879194,0.0428571428571428,178.86666666666667,93.91922476980346,62.0
11_68,29.67117,48.66277,Top 10 % del incremento,3.1802721088435373,0.0578231292517006,0.0711297071129707,8287.533333333333,30.554120543945583,11.0
43_24,25.70721,51.89831,Top 10 % del incremento,3.178571428571429,0.0178571428571428,0.0327102803738317,308.5,31.03088133846331,21.0
51_21,25.43694,52.70719,Top 10 % del incremento,3.172661870503597,0.0575539568345323,0.0808823529411764,1799.7,70.08006878644916,28.0
63_26,25.88739,53.92051,Top 10 % del incremento,3.167441860465116,0.0186046511627906,0.0339805825242718,323.3666666666667,59.15065174409807,71.0
42_14,24.80631,51.7972,Top 10 % del incremento,3.1578947368421053,0.0197368421052631,0.0416666666666666,270.6333333333333,23.31054042365902,4.0
82_25,25.7973,55.84161,Top 10 % del incremento,3.149779735682819,0.0088105726872246,0.0238095238095238,189.33333333333334,6.7964735640371625,8.0
74_32,26.42793,55.03273,Top 10 % del incremento,3.1447368421052637,0.0131578947368421,0.0354609929078014,325.76666666666665,18.99260709471109,15.0
77_31,26.33784,55.33606,Top 10 % del incremento,3.1447368421052637,0.0131578947368421,0.0354609929078014,417.8333333333333,23.10652594531975,47.0
73_28,26.06757,54.93162,Top 10 % del incremento,3.1447368421052637,0.0131578947368421,0.0354609929078014,237.16666666666666,21.97287374869061,74.0
56_27,25.97748,53.21274,Top 10 % del incremento,3.1418181818181807,0.0436363636363636,0.0591133004926108,597.5,86.26322446344876,67.0
43_44,27.50901,51.89831,Top 10 % del incremento,3.1409395973154366,0.0201342281879194,0.0422535211267605,75.06666666666666,35.7673265300101,53.0
43_43,27.41892,51.89831,Top 10 % del incremento,3.1409395973154366,0.0201342281879194,0.0422535211267605,107.56666666666666,43.546911670362725,54.0
65_18,25.16667,54.12274,Top 10 % del incremento,3.134020618556701,0.0103092783505154,0.0215827338129496,8.666666666666666,10.463129949107824,23.0
33_30,26.24775,50.8872,Top 10 % del incremento,3.1333333333333333,0.0133333333333333,0.0357142857142857,1842.3,20.5630215094496,6.0
49_30,26.24775,52.50497,Top 10 % del incremento,3.131455399061033,0.0187793427230046,0.0339805825242718,295.1666666666667,92.49629746983044,55.0
48_18,25.16667,52.40386,Top 10 % del incremento,3.130841121495328,0.0186915887850467,0.0338164251207729,126.7,70.2831794580219,10.0
61_25,25.7973,53.71829,Top 10 % del incremento,3.130232558139535,0.0325581395348837,0.0473933649289099,269.5,78.40257884634875,47.0
69_31,26.33784,54.52718,Top 10 % del incremento,3.125,0.0138888888888888,0.0289855072463768,251.86666666666667,2.30710324711835,3.0
55_33,26.51802,53.11163,Top 10 % del incremento,3.1151079136690645,0.0287769784172661,0.0518518518518518,18.1,33.14529193129369,74.0
12_70,29.85135,48.76388,Top 10 % del incremento,3.114864864864863,0.0743243243243243,0.0854092526690391,51.3,17.591446856833453,3.0
51_41,27.23874,52.70719,Top 10 % del incremento,3.112676056338028,0.0187793427230046,0.0338164251207729,76.86666666666666,7.141103072268275,45.0
42_10,24.44595,51.7972,Top 10 % del incremento,3.1116279069767443,0.0093023255813953,0.0246305418719211,1.1666666666666667,14.897561417595355,1.0
44_6,24.08559,51.99942,Top 10 % del incremento,3.110344827586207,0.0068965517241379,0.0182481751824817,165.36666666666667,10.772937406383626,2.0
45_16,24.98649,52.10053,Top 10 % del incremento,3.1038062283737027,0.0069204152249134,0.0182481751824817,11.0,49.719834986245935,11.0
48_34,26.60811,52.40386,Top 10 % del incremento,3.0985915492957745,0.0140845070422535,0.029126213592233,119.5,78.93309526304753,70.0
47_35,26.6982,52.30275,Top 10 % del incremento,3.0985915492957745,0.0140845070422535,0.029126213592233,1100.3666666666666,78.50138272404016,66.0
21_46,27.68919,49.67388,Top 10 % del incremento,3.0982142857142856,0.0044642857142857,0.0198019801980198,857.0,38.56858210304311,35.0
22_51,28.13964,49.77499,Top 10 % del incremento,3.0945945945945947,0.0067567567567567,0.0298507462686567,1643.1666666666667,84.91779042931172,44.0
43_40,27.14865,51.89831,Top 10 % del incremento,3.0872483221476514,0.0201342281879194,0.0327868852459016,405.1666666666667,68.30374986359867,47.0
54_26,25.88739,53.01052,Top 10 % del incremento,3.0863309352517985,0.0287769784172661,0.0514705882352941,145.43333333333334,103.4099184411898,45.0
49_26,25.88739,52.50497,Top 10 % del incremento,3.0836236933797903,0.0452961672473867,0.0580912863070539,335.0,92.39854189470806,48.0
21_65,29.4009,49.67388,Top 10 % del incremento,3.081081081081081,0.0067567567567567,0.0294117647058823,78.86666666666666,61.29317754037176,30.0
22_67,29.58108,49.77499,Top 10 % del incremento,3.081081081081081,0.0067567567567567,0.0294117647058823,36.63333333333333,52.720205921035,28.0
20_67,29.58108,49.57276,Top 10 % del incremento,3.081081081081081,0.0067567567567567,0.0294117647058823,181.0,48.59854162752254,21.0
24_68,29.67117,49.97721,Top 10 % del incremento,3.081081081081081,0.0067567567567567,0.0294117647058823,19.433333333333334,32.73151836750926,23.0
47_32,26.42793,52.30275,Top 10 % del incremento,3.074766355140187,0.0093457943925233,0.0242718446601941,438.9,93.8939198323722,63.0
34_45,27.5991,50.98831,Top 10 % del incremento,3.073825503355705,0.0067114093959731,0.0289855072463768,169.93333333333334,55.01312210029168,56.0
46_29,26.15766,52.20164,Top 10 % del incremento,3.0727272727272728,0.0145454545454545,0.0259259259259259,315.96666666666664,69.61033160642421,40.0
78_28,26.06757,55.43717,Top 10 % del incremento,3.072368421052632,0.006578947368421,0.0283687943262411,341.3666666666667,43.80684786290645,73.0
62_15,24.8964,53.8194,Top 10 % del incremento,3.071942446043166,0.0359712230215827,0.0583941605839416,2571.9666666666667,53.209131944892114,15.0
54_32,26.42793,53.01052,Top 10 % del incremento,3.071428571428571,0.0142857142857142,0.037037037037037,255.4,46.250079235942096,67.0
16_60,28.95045,49.16832,Top 10 % del incremento,3.070945945945946,0.0033783783783783,0.0145454545454545,139.06666666666666,79.6072976574985,33.0
82_34,26.60811,55.84161,Top 10 % del incremento,3.070484581497797,0.0044052863436123,0.0189573459715639,110.03333333333333,1.8392104578260693,39.0
87_36,26.78829,56.34717,Top 10 % del incremento,3.066371681415929,0.0044247787610619,0.0189573459715639,80.63333333333334,4.3997677037606575,63.0
89_35,26.6982,56.54939,Top 10 % del incremento,3.066371681415929,0.0044247787610619,0.0189573459715639,47.6,22.85342585099573,62.0
15_54,28.40991,49.06721,Top 10 % del incremento,3.062780269058294,0.1031390134529148,0.1182266009852216,2806.8333333333335,49.28855211032918,24.0
45_35,26.6982,52.10053,Top 10 % del incremento,3.0604026845637584,0.0067114093959731,0.0285714285714285,233.33333333333334,88.13219656486517,67.0
9_64,29.31081,48.46055,Top 10 % del incremento,3.0604026845637584,0.0067114093959731,0.0285714285714285,423.1666666666667,10.56959069352181,6.0
44_37,26.87838,51.99942,Top 10 % del incremento,3.06,0.0066666666666666,0.0283687943262411,33.166666666666664,79.65955804712965,64.0
56_20,25.34685,53.21274,Top 10 % del incremento,3.057553956834532,0.0287769784172661,0.0510948905109489,3447.0,52.33213536724944,19.0
48_24,25.70721,52.40386,Top 10 % del incremento,3.056338028169014,0.0093896713615023,0.0241545893719806,8057.8,81.63213259338686,25.0
10_66,29.49099,48.56166,Top 10 % del incremento,3.054054054054054,0.0067567567567567,0.0285714285714285,1076.7333333333333,18.42927751257291,8.0
45_43,27.41892,52.10053,Top 10 % del incremento,3.0538116591928253,0.0224215246636771,0.0397727272727272,7.433333333333334,32.46903179754595,57.0
55_9,24.35586,53.11163,Top 10 % del incremento,3.05,0.035,0.0529411764705882,98.93333333333334,10.16831677820099,3.0
57_22,25.52703,53.31385,Top 10 % del incremento,3.043165467625899,0.014388489208633,0.0367647058823529,86.56666666666666,74.41750052270307,28.0
49_15,24.8964,52.50497,Top 10 % del incremento,3.0428571428571427,0.0142857142857142,0.0364963503649635,253.7,44.29370409378227,9.0
40_36,26.78829,51.59497,Top 10 % del incremento,3.040178571428572,0.0044642857142857,0.0186046511627906,97.83333333333333,77.84776463622681,40.0
45_29,26.15766,52.10053,Top 10 % del incremento,3.0342857142857143,0.0057142857142857,0.0145348837209302,115.0,60.52058148989526,28.0
48_35,26.6982,52.40386,Top 10 % del incremento,3.032863849765258,0.0046948356807511,0.0194174757281553,225.06666666666666,72.45963977133802,66.0
48_17,25.07658,52.40386,Top 10 % del incremento,3.028169014084507,0.0046948356807511,0.0193236714975845,54.3,60.388671594483576,14.0
53_25,25.7973,52.90941,Top 10 % del incremento,3.021582733812949,0.0071942446043165,0.0294117647058823,104.3,101.43349142906808,27.0
50_25,25.7973,52.60608,Top 10 % del incremento,3.0195121951219512,0.0048780487804878,0.0199004975124378,107.7,101.73947669742935,19.0
56_15,24.8964,53.21274,Top 10 % del incremento,3.014388489208633,0.0071942446043165,0.0291970802919708,532.9,13.35429412213688,19.0
52_13,24.71622,52.8083,Top 10 % del incremento,3.014388489208633,0.0071942446043165,0.0291970802919708,157.46666666666667,31.13875355165712,16.0
58_37,26.87838,53.41496,Top 10 % del incremento,3.0049261083743843,0.0049261083743842,0.0198019801980198,41.46666666666667,5.755488526661677,28.0
32_34,26.60811,50.78609,Top 10 % del incremento,3.0,0.0,0.0214285714285714,1102.0333333333333,38.85207552062337,9.0
38_35,26.6982,51.39275,Top 10 % del incremento,3.0,0.0,0.0202702702702702,552.7,61.48534364488002,25.0
32_32,26.42793,50.78609,Top 10 % del incremento,3.0,0.0,0.0170454545454545,649.9333333333333,21.33382868912906,12.0
51_9,24.35586,52.70719,Top 10 % del incremento,3.0,0.0,0.0174418604651162,573.9666666666667,6.278220761735939,13.0
54_39,27.05856,53.01052,Top 10 % del incremento,3.0,0.0,0.0220588235294117,31.366666666666667,5.362341265483392,17.0
35_42,27.32883,51.08942,Top 10 % del incremento,3.0,0.0,0.0147783251231527,94.56666666666666,73.76288806340364,69.0
56_29,26.15766,53.21274,Top 10 % del incremento,3.0,0.0,0.0222222222222222,279.6,69.13572226973399,65.0
68_14,24.80631,54.42607,Top 10 % del incremento,3.0,0.0,0.0107913669064748,623.7,22.887876778362177,18.0
19_45,27.5991,49.47165,Top 10 % del incremento,3.0,0.0,0.0128755364806866,448.2,21.04187067600967,7.0
23_53,28.31982,49.8761,Top 10 % del incremento,3.0,0.0,0.0222222222222222,462.73333333333335,106.93295795347214,46.0
39_32,26.42793,51.49386,Top 10 % del incremento,3.0,0.0,0.0143540669856459,231.03333333333333,37.7722945422309,26.0
84_28,26.06757,56.04383,Top 10 % del incremento,3.0,0.0,0.0122448979591836,974.4666666666667,3.3703988092819,44.0
42_9,24.35586,51.7972,Top 10 % del incremento,3.0,0.0,0.0147783251231527,1.1666666666666667,8.245285336843585,9.0
10_64,29.31081,48.56166,Top 10 % del incremento,3.0,0.0,0.0144927536231884,447.9,18.22455711077215,11.0
64_8,24.26577,54.02163,Top 10 % del incremento,3.0,0.0,0.0107142857142857,2086.5,8.85189591146216,1.0
57_38,26.96847,53.31385,Top 10 % del incremento,3.0,0.0,0.0175438596491228,3.6333333333333333,5.782198855104172,29.0
57_14,24.80631,53.31385,Top 10 % del incremento,3.0,0.0,0.0218978102189781,293.2,24.309161672299663,17.0
58_16,24.98649,53.41496,Top 10 % del incremento,3.0,0.0,0.0218978102189781,227.86666666666667,35.55651587033656,17.0
38_30,26.24775,51.39275,Top 10 % del incremento,3.0,0.0,0.0214285714285714,196.76666666666668,15.336608624487129,16.0
43_31,26.33784,51.89831,Top 10 % del incremento,3.0,0.0,0.0143540669856459,507.2,57.81016005032287,28.0
42_17,25.07658,51.7972,Top 10 % del incremento,3.0,0.0,0.0144230769230769,171.16666666666666,18.83972225763621,12.0
31_61,29.04054,50.68498,Top 10 % del incremento,3.0,0.0,0.0144927536231884,2101.9666666666667,9.26682652770008,9.0
61_10,24.44595,53.71829,Top 10 % del incremento,3.0,0.0,0.0176470588235294,179.6,23.08460778336833,11.0
21_51,28.13964,49.67388,Top 10 % del incremento,3.0,0.0,0.0127118644067796,1893.6,79.05083950910073,34.0
35_39,27.05856,51.08942,Top 10 % del incremento,3.0,0.0,0.0215827338129496,169.7,97.18584557463656,69.0
51_27,25.97748,52.70719,Top 10 % del incremento,2.956834532374101,0.0071942446043165,0.0275862068965517,679.8333333333334,104.57500455493556,52.0
27_35,26.6982,50.28054,Top 10 % del incremento,2.918918918918919,0.0045045045045045,0.0166666666666666,5311.066666666667,12.766504111077737,8.0
17_68,29.67117,49.26943,Top 10 % del incremento,2.9124579124579126,0.0067340067340067,0.0161290322580645,24.133333333333333,46.82581808258228,14.0
28_33,26.51802,50.38165,Top 10 % del incremento,2.9054054054054053,0.0045045045045045,0.0164609053497942,679.7,22.923385582042567,4.0
40_47,27.77928,51.59497,Top 10 % del incremento,2.8844444444444446,0.0088888888888888,0.0210084033613445,0.3,7.3721607866515555,2.0
45_30,26.24775,52.10053,Top 10 % del incremento,2.826989619377162,0.0034602076124567,0.0117994100294985,115.0,65.76515954859535,36.0
46_12,24.62613,52.20164,Top 10 % del incremento,2.8090277777777777,0.0034722222222222,0.0116618075801749,0.8333333333333334,14.25417050630247,11.0
75_23,25.61712,55.13384,Top 10 % del incremento,2.796052631578947,0.0723684210526315,0.0921985815602836,845.3333333333334,28.130800796750407,22.0
22_54,28.40991,49.77499,Top 10 % del incremento,2.7905405405405403,0.0608108108108108,0.0814814814814814,943.1,103.55330588655264,40.0
28_39,27.05856,50.38165,Top 10 % del incremento,2.783783783783784,0.009009009009009,0.0203252032520325,1236.3,46.47978366289521,39.0
22_40,27.14865,49.77499,Top 10 % del incremento,2.763392857142857,0.0044642857142857,0.0144404332129963,7724.9,18.266365166863224,30.0
56_28,26.06757,53.21274,Top 10 % del incremento,2.755395683453237,0.0071942446043165,0.0231213872832369,276.8,77.52867493182744,70.0
18_65,29.4009,49.37054,Top 10 % del incremento,2.72645739910314,0.0403587443946188,0.0536585365853658,72.6,71.14254306650169,23.0
43_19,25.25676,51.89831,Top 10 % del incremento,2.7231833910034604,0.0138408304498269,0.0226537216828478,400.3333333333333,28.96514501047789,14.0
35_52,28.22973,51.08942,Top 10 % del incremento,2.71875,0.0133928571428571,0.0244897959183673,111.93333333333334,15.554919757815105,31.0
15_59,28.86036,49.06721,Top 10 % del incremento,2.716216216216216,0.0202702702702702,0.0290322580645161,266.5,67.54460802577532,33.0
42_21,25.43694,51.7972,Top 10 % del incremento,2.7155555555555555,0.0177777777777777,0.0290456431535269,668.1,26.911372476929703,16.0
62_26,25.88739,53.8194,Top 10 % del incremento,2.7039711191335742,0.0180505415162454,0.0294117647058823,204.4,68.46861644940086,69.0
17_62,29.13063,49.26943,Top 10 % del incremento,2.6912751677852347,0.0268456375838926,0.0382978723404255,266.3333333333333,90.0778090464886,32.0
29_51,28.13964,50.48276,Top 10 % del incremento,2.689189189189189,0.0405405405405405,0.0536585365853658,254.1,71.14309122933525,55.0
88_17,25.07658,56.44828,Top 10 % del incremento,2.685430463576159,0.0298013245033112,0.039426523297491,964.3,8.652703814379917,55.0
16_70,29.85135,49.16832,Top 10 % del incremento,2.6756756756756754,0.0337837837837837,0.0434782608695652,4140.233333333334,32.536629554328606,12.0
9_70,29.85135,48.46055,Top 10 % del incremento,2.648648648648648,0.081081081081081,0.1,745.6666666666666,9.207425854708385,5.0
26_56,28.59009,50.17943,Top 10 % del incremento,2.648648648648648,0.054054054054054,0.0735294117647058,193.13333333333333,70.07848576635595,49.0
44_36,26.78829,51.99942,Top 10 % del incremento,2.625,0.0178571428571428,0.0285714285714285,281.3333333333333,86.67971431345018,72.0
27_23,25.61712,50.28054,Top 10 % del incremento,2.610169491525424,0.0101694915254237,0.0212765957446808,10.3,2.849988348654636,8.0
33_56,28.59009,50.8872,Top 10 % del incremento,2.603603603603603,0.018018018018018,0.0286885245901639,140.03333333333333,18.179623326412614,25.0
31_47,27.77928,50.68498,Top 10 % del incremento,2.597972972972973,0.0101351351351351,0.0210970464135021,199.26666666666668,70.36925540456734,59.0
29_36,26.78829,50.48276,Top 10 % del incremento,2.5945945945945947,0.0225225225225225,0.0333333333333333,4466.366666666667,35.22202764151439,17.0
48_37,26.87838,52.40386,Top 10 % del incremento,2.591549295774648,0.0140845070422535,0.024793388429752,192.0,56.12901533330027,80.0
44_25,25.7973,51.99942,Top 10 % del incremento,2.585635359116022,0.011049723756906,0.0194174757281553,424.2,40.807513730354685,25.0
63_28,26.06757,53.92051,Top 10 % del incremento,2.582758620689656,0.0310344827586206,0.0418410041841004,363.73333333333335,47.25258136922007,80.0
66_22,25.52703,54.22385,Top 10 % del incremento,2.580756013745704,0.0446735395189003,0.0539568345323741,155.06666666666666,30.797563872034463,45.0
69_26,25.88739,54.52718,Top 10 % del incremento,2.555555555555556,0.0185185185185185,0.0291666666666666,565.0666666666667,0.9837903564411083,26.0
47_19,25.25676,52.30275,Top 10 % del incremento,2.541379310344828,0.0241379310344827,0.0323624595469255,148.63333333333333,69.64945279899557,13.0
18_53,28.31982,49.37054,Top 10 % del incremento,2.538116591928251,0.0269058295964125,0.0394088669950738,533.7333333333333,67.03191964779884,37.0
28_46,27.68919,50.38165,Top 10 % del incremento,2.536036036036037,0.0315315315315315,0.0439024390243902,79.76666666666667,80.31900584371012,54.0
88_16,24.98649,56.44828,Top 10 % del incremento,2.533112582781457,0.0231788079470198,0.032258064516129,201.33333333333334,6.583723441634055,45.0
79_26,25.88739,55.53828,Top 10 % del incremento,2.5263157894736845,0.0197368421052631,0.034090909090909,866.3333333333334,31.962987717268447,43.0
29_58,28.77027,50.48276,Top 10 % del incremento,2.520361990950226,0.0271493212669683,0.0424242424242424,108.23333333333333,36.140180277148026,48.0
69_27,25.97748,54.52718,Top 10 % del incremento,2.5,0.0185185185185185,0.0288065843621399,459.8,5.968794728858287,58.0
64_11,24.53604,54.02163,Top 10 % del incremento,2.4986301369863018,0.0438356164383561,0.0519480519480519,2712.3333333333335,25.908171457207665,13.0
44_40,27.14865,51.99942,Top 10 % del incremento,2.475336322869955,0.0313901345291479,0.0454545454545454,465.46666666666664,62.81530841320909,55.0
31_43,27.41892,50.68498,Top 10 % del incremento,2.457399103139013,0.0269058295964125,0.0388349514563106,122.86666666666666,90.92291836396,60.0
41_40,27.14865,51.69608,Top 10 % del incremento,2.449664429530202,0.0268456375838926,0.0368852459016393,315.23333333333335,75.23020103426886,71.0
22_45,27.5991,49.77499,Top 10 % del incremento,2.436241610738255,0.0067114093959731,0.0171673819742489,1568.9666666666667,32.51589557779769,28.0
68_20,25.34685,54.42607,Top 10 % del incremento,2.416666666666668,0.0462962962962962,0.0579710144927536,146.86666666666667,22.738541570138576,26.0
27_66,29.49099,50.28054,Top 10 % del incremento,2.4054054054054053,0.0337837837837837,0.0514705882352941,22.0,21.472689567319584,28.0
20_59,28.86036,49.57276,Top 10 % del incremento,2.4054054054054053,0.0337837837837837,0.0514705882352941,121.66666666666667,82.04449738950875,40.0
77_24,25.70721,55.33606,Top 10 % del incremento,2.3684210526315788,0.0263157894736842,0.0397727272727272,814.7,25.6705241763302,31.0
41_43,27.41892,51.69608,Top 10 % del incremento,2.3670033670033668,0.0235690235690235,0.0334728033472803,388.23333333333335,45.2232854917516,42.0
32_59,28.86036,50.78609,Top 10 % del incremento,2.364864864864865,0.0067567567567567,0.0165289256198347,177.03333333333333,5.822426918903549,12.0
83_33,26.51802,55.94272,Top 10 % del incremento,2.352422907488987,0.0220264317180616,0.0331753554502369,570.1,12.77729796576141,56.0
65_10,24.44595,54.12274,Top 10 % del incremento,2.3433242506811984,0.0190735694822888,0.0257879656160458,71.5,13.086601841134511,8.0
15_64,29.31081,49.06721,Top 10 % del incremento,2.3378378378378377,0.0168918918918918,0.0253623188405797,787.4666666666667,66.04924067041554,25.0
12_65,29.4009,48.76388,Top 10 % del incremento,2.3378378378378377,0.0168918918918918,0.0253623188405797,1397.1666666666667,35.65145646471696,9.0
41_33,26.51802,51.69608,Top 10 % del incremento,2.334821428571429,0.0223214285714285,0.0334928229665071,199.46666666666667,57.319809750308,40.0
23_61,29.04054,49.8761,Top 10 % del incremento,2.324324324324324,0.027027027027027,0.0441176470588235,150.33333333333334,46.4062978524297,42.0
47_37,26.87838,52.30275,Top 10 % del incremento,2.31924882629108,0.0234741784037558,0.0330578512396694,268.6666666666667,60.47193492610396,67.0
33_52,28.22973,50.8872,Top 10 % del incremento,2.3063063063063063,0.018018018018018,0.0292682926829268,194.26666666666668,31.40999209077617,54.0
29_46,27.68919,50.48276,Top 10 % del incremento,2.3063063063063063,0.018018018018018,0.0292682926829268,104.33333333333333,89.07078868028289,59.0
13_70,29.85135,48.86499,Top 10 % del incremento,2.304054054054053,0.0202702702702702,0.0284697508896797,11.233333333333333,19.364123108871457,7.0
10_67,29.58108,48.56166,Top 10 % del incremento,2.302013422818792,0.0335570469798657,0.05,530.5333333333333,24.02218335345591,8.0
61_27,25.97748,53.71829,Top 10 % del incremento,2.2920962199312718,0.0171821305841924,0.0255474452554744,309.23333333333335,61.84314119130639,74.0
31_57,28.68018,50.68498,Top 10 % del incremento,2.2882882882882885,0.018018018018018,0.029126213592233,234.56666666666666,25.2402298329202,36.0
46_45,27.5991,52.20164,Top 10 % del incremento,2.281879194630873,0.0402684563758389,0.056338028169014,46.333333333333336,10.091197819531311,71.0
67_29,26.15766,54.32496,Top 10 % del incremento,2.276497695852534,0.0276497695852534,0.038647342995169,402.43333333333334,20.55842244555477,91.0
89_14,24.80631,56.54939,Top 10 % del incremento,2.2763157894736845,0.0197368421052631,0.036231884057971,48.06666666666667,8.339362314736563,10.0
17_72,30.03153,49.26943,Top 10 % del incremento,2.27027027027027,0.0135135135135135,0.0217391304347826,0.4666666666666667,13.760291480429814,9.0
10_69,29.76126,48.56166,Top 10 % del incremento,2.27027027027027,0.0337837837837837,0.05,339.8,19.15300393137341,6.0
43_41,27.23874,51.89831,Top 10 % del incremento,2.2678571428571432,0.0267857142857142,0.0373831775700934,379.46666666666664,59.52059680651746,51.0
41_34,26.60811,51.69608,Top 10 % del incremento,2.2678571428571432,0.0178571428571428,0.0287081339712918,163.63333333333333,65.33287595336871,33.0
88_34,26.60811,56.44828,Top 10 % del incremento,2.265486725663717,0.0176991150442477,0.0284360189573459,829.5,25.81106893986069,79.0
27_59,28.86036,50.28054,Top 10 % del incremento,2.2617449664429534,0.0201342281879194,0.0367647058823529,90.73333333333333,38.83127143834862,44.0
23_58,28.77027,49.8761,Top 10 % del incremento,2.2617449664429534,0.0201342281879194,0.0367647058823529,236.3,65.07723349996708,45.0
49_38,26.96847,52.50497,Top 10 % del incremento,2.253521126760564,0.0422535211267605,0.0531400966183574,821.5333333333333,42.91764692584506,74.0
25_48,27.86937,50.07832,Top 10 % del incremento,2.248868778280543,0.004524886877828,0.0180722891566265,82.1,72.63456019758198,47.0
22_65,29.4009,49.77499,Top 10 % del incremento,2.243243243243243,0.0202702702702702,0.0367647058823529,113.8,51.758682295998085,25.0
22_71,29.94144,49.77499,Top 10 % del incremento,2.243243243243243,0.0202702702702702,0.0367647058823529,16.233333333333334,17.425887135233225,5.0
21_64,29.31081,49.67388,Top 10 % del incremento,2.243243243243243,0.0202702702702702,0.0367647058823529,128.83333333333334,59.7120994719276,30.0
21_57,28.68018,49.67388,Top 10 % del incremento,2.236486486486486,0.0472972972972973,0.0629370629370629,226.16666666666666,86.04515722114223,44.0
61_34,26.60811,53.71829,Top 10 % del incremento,2.232558139534884,0.0232558139534883,0.0341463414634146,109.43333333333334,8.927423827609442,36.0
35_45,27.5991,51.08942,Top 10 % del incremento,2.2214765100671143,0.0201342281879194,0.036231884057971,173.26666666666668,48.07871884090447,70.0
67_28,26.06757,54.32496,Top 10 % del incremento,2.2184300341296925,0.0238907849829351,0.0330578512396694,338.06666666666666,25.165953952659187,83.0
76_32,26.42793,55.23495,Top 10 % del incremento,2.2171052631578947,0.0197368421052631,0.0354609929078014,79.86666666666666,14.294206006643666,5.0
79_28,26.06757,55.53828,Top 10 % del incremento,2.2171052631578947,0.0197368421052631,0.0354609929078014,212.53333333333333,48.13529164562572,71.0
27_55,28.5,50.28054,Top 10 % del incremento,2.216216216216216,0.027027027027027,0.0428571428571428,168.63333333333333,69.12810928496309,47.0
31_54,28.40991,50.68498,Top 10 % del incremento,2.216216216216216,0.027027027027027,0.0373831775700934,137.53333333333333,41.28765755129531,52.0
65_13,24.71622,54.12274,Top 10 % del incremento,2.206896551724138,0.0172413793103448,0.0251798561151079,421.1,34.496719475686106,23.0
64_29,26.15766,54.02163,Top 10 % del incremento,2.206896551724138,0.0241379310344827,0.0333333333333333,317.06666666666666,36.70403171427253,87.0
34_56,28.59009,50.98831,Top 10 % del incremento,2.202020202020202,0.0101010101010101,0.0180505415162454,53.03333333333333,8.250164021357014,14.0
25_41,27.23874,50.07832,Top 10 % del incremento,2.2013422818791946,0.0134228187919463,0.0298507462686567,1258.1,39.77185983377667,53.0
52_39,27.05856,52.8083,Top 10 % del incremento,2.1951219512195124,0.024390243902439,0.0336134453781512,69.03333333333333,16.736939301953182,64.0
23_47,27.77928,49.8761,Top 10 % del incremento,2.189189189189189,0.0135135135135135,0.0298507462686567,1830.5666666666666,54.71186588096935,49.0
43_45,27.5991,51.89831,Top 10 % del incremento,2.1879194630872485,0.0268456375838926,0.0422535211267605,73.83333333333333,25.75773450969597,23.0
48_36,26.78829,52.40386,Top 10 % del incremento,2.186915887850468,0.0233644859813084,0.0339805825242718,200.7,64.79725445509476,66.0
63_30,26.24775,53.92051,Top 10 % del incremento,2.186046511627907,0.0186046511627906,0.0292682926829268,291.0,27.369157231852604,91.0
32_33,26.51802,50.78609,Top 10 % del incremento,2.1812080536912752,0.0201342281879194,0.0357142857142857,550.0666666666667,29.86710310751801,12.0
67_15,24.8964,54.32496,Top 10 % del incremento,2.1786941580756016,0.0137457044673539,0.0215827338129496,416.46666666666664,35.65822377388334,26.0
23_54,28.40991,49.8761,Top 10 % del incremento,2.1756756756756754,0.0135135135135135,0.0296296296296296,76.1,98.82038276818244,46.0
25_53,28.31982,50.07832,Top 10 % del incremento,2.1756756756756754,0.0135135135135135,0.0296296296296296,91.56666666666666,96.96217125284238,54.0
24_63,29.22072,49.97721,Top 10 % del incremento,2.174496644295302,0.0134228187919463,0.0294117647058823,132.1,30.382573631678625,36.0
14_72,30.03153,48.9661,Top 10 % del incremento,2.173441734417344,0.002710027100271,0.0098360655737704,219.23333333333332,4.788468754247403,4.0
52_40,27.14865,52.8083,Top 10 % del incremento,2.169014084507042,0.028169014084507,0.038647342995169,69.03333333333333,8.394811081151111,45.0
49_41,27.23874,52.50497,Top 10 % del incremento,2.169014084507042,0.028169014084507,0.038647342995169,75.13333333333334,15.877949291036446,73.0
61_24,25.70721,53.71829,Top 10 % del incremento,2.167441860465116,0.0186046511627906,0.029126213592233,238.66666666666666,70.95930846057236,38.0
20_60,28.95045,49.57276,Top 10 % del incremento,2.1621621621621623,0.0135135135135135,0.0294117647058823,58.2,77.67235557823996,39.0
44_5,23.9955,51.99942,Top 10 % del incremento,2.1487603305785123,0.0027548209366391,0.0097087378640776,33.8,0.7836310057559152,1.0
65_35,26.6982,54.12274,Top 10 % del incremento,2.1428571428571432,0.0357142857142857,0.0514705882352941,7.5,1.8343185194199536,21.0
39_47,27.77928,51.49386,Top 10 % del incremento,2.1422222222222222,0.0088888888888888,0.0191387559808612,3.7333333333333334,11.916288397409856,22.0
89_27,25.97748,56.54939,Top 10 % del incremento,2.1415929203539825,0.0088495575221238,0.019047619047619,4.533333333333333,10.18848840668043,86.0
67_12,24.62613,54.32496,Top 10 % del incremento,2.14010989010989,0.0027472527472527,0.0095846645367412,1178.2,13.19343587096208,8.0
65_30,26.24775,54.12274,Top 10 % del incremento,2.1395348837209305,0.013953488372093,0.024390243902439,59.63333333333333,28.027254704011547,86.0
68_15,24.8964,54.42607,Top 10 % del incremento,2.134020618556701,0.0103092783505154,0.0179856115107913,520.0333333333333,27.398015498681136,20.0
39_39,27.05856,51.49386,Top 10 % del incremento,2.133928571428572,0.0089285714285714,0.0191387559808612,244.1,87.84823376453262,70.0
47_33,26.51802,52.30275,Top 10 % del incremento,2.131455399061033,0.0187793427230046,0.029126213592233,1424.6,92.024729971423,63.0
11_65,29.4009,48.66277,Top 10 % del incremento,2.126696832579185,0.0090497737556561,0.0193236714975845,604.3666666666667,25.76344746546304,10.0
62_24,25.70721,53.8194,Top 10 % del incremento,2.125581395348837,0.013953488372093,0.0242718446601941,293.1333333333333,64.25913824446236,49.0
43_37,26.87838,51.89831,Top 10 % del incremento,2.125,0.0089285714285714,0.019047619047619,43.233333333333334,87.2257978342223,70.0
68_16,24.98649,54.42607,Top 10 % del incremento,2.125,0.0138888888888888,0.0241545893719806,314.9,30.97495529077272,23.0
45_32,26.42793,52.10053,Top 10 % del incremento,2.120805369127517,0.0134228187919463,0.0285714285714285,96.0,78.73589555507344,54.0
89_16,24.98649,56.54939,Top 10 % del incremento,2.1153846153846154,0.0064102564102564,0.0217391304347826,3.1333333333333333,16.486822784291515,92.0
58_30,26.24775,53.41496,Top 10 % del incremento,2.107142857142857,0.0214285714285714,0.037037037037037,227.83333333333334,50.39076064083694,74.0
56_32,26.42793,53.21274,Top 10 % del incremento,2.107142857142857,0.0214285714285714,0.037037037037037,106.5,40.79663929480149,71.0
47_14,24.80631,52.30275,Top 10 % del incremento,2.1038062283737027,0.0069204152249134,0.0145985401459854,2.2666666666666666,29.633207701213543,22.0
50_39,27.05856,52.60608,Top 10 % del incremento,2.097560975609756,0.024390243902439,0.0330578512396694,12.166666666666666,29.004438790083505,75.0
70_23,25.61712,54.62829,Top 10 % del incremento,2.0961538461538463,0.0064102564102564,0.0212765957446808,55.53333333333333,31.748399959804708,44.0
24_49,27.95946,49.97721,Top 10 % del incremento,2.0945945945945947,0.0067567567567567,0.0223880597014925,49.06666666666667,77.04395227404116,39.0
25_49,27.95946,50.07832,Top 10 % del incremento,2.0945945945945947,0.0067567567567567,0.0223880597014925,54.06666666666667,81.30154764209344,49.0
25_47,27.77928,50.07832,Top 10 % del incremento,2.0945945945945947,0.0067567567567567,0.0223880597014925,1440.3666666666666,64.36795522669685,29.0
25_44,27.50901,50.07832,Top 10 % del incremento,2.0945945945945947,0.0067567567567567,0.0223880597014925,1007.9,44.21851586957292,54.0
22_44,27.50901,49.77499,Top 10 % del incremento,2.09375,0.0044642857142857,0.0147783251231527,541.8,22.98526340198093,36.0
64_35,26.6982,54.02163,Top 10 % del incremento,2.0930232558139537,0.0093023255813953,0.0195121951219512,269.96666666666664,4.890492728051106,45.0
67_18,25.16667,54.32496,Top 10 % del incremento,2.089347079037801,0.0068728522336769,0.014388489208633,778.9666666666667,9.76396447384172,22.0
15_47,27.77928,49.06721,Top 10 % del incremento,2.0878378378378377,0.0067567567567567,0.0222222222222222,3809.133333333333,18.9153171104338,5.0
43_42,27.32883,51.89831,Top 10 % del incremento,2.0872483221476514,0.0201342281879194,0.0286885245901639,336.8666666666667,51.18908685683771,50.0
27_64,29.31081,50.28054,Top 10 % del incremento,2.087248322147651,0.0067114093959731,0.0220588235294117,1192.3666666666666,4.208295983657121,24.0
58_29,26.15766,53.41496,Top 10 % del incremento,2.0863309352517985,0.0215827338129496,0.037037037037037,227.83333333333334,59.59627399566509,70.0
47_41,27.23874,52.30275,Top 10 % del incremento,2.084507042253521,0.0140845070422535,0.0241545893719806,173.26666666666668,31.308607526075228,76.0
24_67,29.58108,49.97721,Top 10 % del incremento,2.081081081081081,0.0067567567567567,0.0220588235294117,35.56666666666667,38.52981001722468,18.0
12_54,28.40991,48.76388,Top 10 % del incremento,2.0769230769230766,0.004524886877828,0.0147058823529411,442.76666666666665,22.557658395867858,18.0
74_27,25.97748,55.03273,Top 10 % del incremento,2.072368421052632,0.006578947368421,0.0212765957446808,266.7,9.436263636955388,34.0
73_19,25.25676,54.93162,Top 10 % del incremento,2.072368421052632,0.006578947368421,0.0212765957446808,885.4666666666667,28.78641915011131,20.0
71_19,25.25676,54.7294,Top 10 % del incremento,2.072368421052632,0.006578947368421,0.0212765957446808,1055.1,40.84375175305467,26.0
30_24,25.70721,50.58387,Top 10 % del incremento,2.067114093959732,0.0067114093959731,0.0215827338129496,88.2,9.35378958848444,7.0
89_33,26.51802,56.54939,Top 10 % del incremento,2.066371681415929,0.0044247787610619,0.0142180094786729,182.76666666666668,18.291971619478524,63.0
89_34,26.60811,56.54939,Top 10 % del incremento,2.066371681415929,0.0044247787610619,0.0142180094786729,655.1666666666666,28.03994971913328,76.0
86_35,26.6982,56.24606,Top 10 % del incremento,2.066225165562914,0.0066225165562913,0.0212765957446808,252.1,16.88427470808378,70.0
46_33,26.51802,52.20164,Top 10 % del incremento,2.0657276995305165,0.0093896713615023,0.0194174757281553,1126.6,92.95840038523862,64.0
46_35,26.6982,52.20164,Top 10 % del incremento,2.0657276995305165,0.0093896713615023,0.0194174757281553,593.3666666666667,82.86088858943316,61.0
51_33,26.51802,52.70719,Top 10 % del incremento,2.0657276995305165,0.0093896713615023,0.0194174757281553,90.1,57.30574049716291,76.0
49_33,26.51802,52.50497,Top 10 % del incremento,2.0657276995305165,0.0093896713615023,0.0194174757281553,41.166666666666664,73.953817878421,75.0
55_25,25.7973,53.11163,Top 10 % del incremento,2.064748201438849,0.0215827338129496,0.0367647058823529,56.03333333333333,100.3991994839872,56.0
37_32,26.42793,51.29164,Top 10 % del incremento,2.0604026845637584,0.0067114093959731,0.0214285714285714,283.0,30.055563272439407,20.0
44_12,24.62613,51.99942,Top 10 % del incremento,2.06,0.0085714285714285,0.0145772594752186,0.7333333333333333,26.68849523618977,15.0
28_25,25.7973,50.38165,Top 10 % del incremento,2.0582959641255605,0.0044843049327354,0.0142857142857142,31.333333333333332,17.76120749958743,14.0
52_30,26.24775,52.8083,Top 10 % del incremento,2.057553956834532,0.014388489208633,0.0296296296296296,218.56666666666666,73.55769405869611,70.0
55_36,26.78829,53.11163,Top 10 % del incremento,2.057553956834532,0.014388489208633,0.0296296296296296,30.366666666666667,7.27045591263632,82.0
58_14,24.80631,53.41496,Top 10 % del incremento,2.057553956834532,0.0287769784172661,0.0437956204379562,114.83333333333333,34.37022509896182,18.0
45_15,24.8964,52.10053,Top 10 % del incremento,2.055172413793104,0.0034482758620689,0.010948905109489,7.233333333333333,44.95665849198885,18.0
24_55,28.5,49.97721,Top 10 % del incremento,2.054054054054054,0.0067567567567567,0.0214285714285714,170.33333333333334,85.56252703015575,52.0
7_65,29.4009,48.25833,Top 10 % del incremento,2.054054054054054,0.0067567567567567,0.0214285714285714,1229.8333333333333,3.3903150993876348,3.0
47_13,24.71622,52.30275,Top 10 % del incremento,2.048611111111111,0.0034722222222222,0.010948905109489,2.2666666666666666,19.634513935136383,27.0
29_49,27.95946,50.48276,Top 10 % del incremento,2.045045045045045,0.0225225225225225,0.0318181818181818,167.46666666666667,80.25931977223493,56.0
56_25,25.7973,53.21274,Top 10 % del incremento,2.043165467625899,0.014388489208633,0.0294117647058823,201.13333333333333,101.42606945328524,49.0
56_16,24.98649,53.21274,Top 10 % del incremento,2.043165467625899,0.0215827338129496,0.0364963503649635,623.8,17.152071312349094,21.0
54_19,25.25676,53.01052,Top 10 % del incremento,2.043165467625899,0.0215827338129496,0.0364963503649635,240.1,40.61732320060037,23.0
58_13,24.71622,53.41496,Top 10 % del incremento,2.0428571428571427,0.0142857142857142,0.0291970802919708,440.56666666666666,33.64701613455413,16.0
61_16,24.98649,53.71829,Top 10 % del incremento,2.0428571428571427,0.0142857142857142,0.0291970802919708,2976.0666666666666,55.539316420991206,18.0
64_28,26.06757,54.02163,Top 10 % del incremento,2.0309278350515463,0.0206185567010309,0.0290456431535269,369.23333333333335,46.68522557079621,77.0
56_36,26.78829,53.21274,Top 10 % del incremento,2.028776978417266,0.0071942446043165,0.0222222222222222,120.96666666666667,1.5418094711735484,18.0
49_19,25.25676,52.50497,Top 10 % del incremento,2.028776978417266,0.014388489208633,0.0291970802919708,144.16666666666666,69.14496416461458,18.0
58_19,25.25676,53.41496,Top 10 % del incremento,2.028776978417266,0.014388489208633,0.0291970802919708,1184.9666666666667,52.8725834516776,24.0
60_24,25.70721,53.61718,Top 10 % del incremento,2.021582733812949,0.0071942446043165,0.0220588235294117,25.066666666666666,78.41193016568528,44.0
61_13,24.71622,53.71829,Top 10 % del incremento,2.0144927536231885,0.0144927536231884,0.0291970802919708,1271.9,45.46326527898032,17.0
60_18,25.16667,53.61718,Top 10 % del incremento,2.014388489208633,0.0071942446043165,0.0218978102189781,32.3,59.02425009586404,22.0
55_15,24.8964,53.11163,Top 10 % del incremento,2.014388489208633,0.0071942446043165,0.0218978102189781,546.4,3.319581075140867,18.0
59_14,24.80631,53.51607,Top 10 % del incremento,2.014388489208633,0.0071942446043165,0.0218978102189781,2975.0,44.459661307542575,14.0
61_18,25.16667,53.71829,Top 10 % del incremento,2.014388489208633,0.0071942446043165,0.0218978102189781,186.33333333333334,48.91664314686425,31.0
50_16,24.98649,52.60608,Top 10 % del incremento,2.014388489208633,0.0071942446043165,0.0218978102189781,2.8666666666666667,47.07827550269551,8.0
49_10,24.44595,52.50497,Top 10 % del incremento,2.0,0.0,0.0140845070422535,1546.6333333333334,12.639969082385909,20.0
48_16,24.98649,52.40386,Top 10 % del incremento,2.0,0.0,0.0096618357487922,17.266666666666666,50.53688357429129,14.0
24_45,27.5991,49.97721,Top 10 % del incremento,2.0,0.0,0.0149253731343283,814.0333333333333,42.49543014046983,49.0
84_38,26.96847,56.04383,Top 10 % del incremento,2.0,0.0,0.0094786729857819,3199.633333333333,0.8201212894880492,
42_5,23.9955,51.7972,Top 10 % del incremento,2.0,0.0,0.0096153846153846,11.233333333333333,1.3717791874090732,
15_48,27.86937,49.06721,Top 10 % del incremento,2.0,0.0,0.0148148148148148,2745.633333333333,18.920395248672417,3.0
30_30,26.24775,50.58387,Top 10 % del incremento,2.0,0.0,0.00836820083682,76379.46666666666,0.6471295423355722,1.0
49_13,24.71622,52.50497,Top 10 % del incremento,2.0,0.0,0.0145985401459854,137.96666666666667,27.47410918836955,25.0
85_37,26.87838,56.14495,Top 10 % del incremento,2.0,0.0,0.0141843971631205,0.13333333333333333,1.0890010951198954,
8_58,28.77027,48.35944,Top 10 % del incremento,2.0,0.0,0.0144927536231884,538.8333333333334,2.230634073450915,4.0
41_22,25.52703,51.69608,Top 10 % del incremento,2.0,0.0,0.0096153846153846,217.96666666666667,18.76941317606721,5.0
42_12,24.62613,51.7972,Top 10 % del incremento,2.0,0.0,0.0084033613445378,8.366666666666667,6.943859433171751,18.0
41_38,26.96847,51.69608,Top 10 % del incremento,2.0,0.0,0.0082304526748971,107.76666666666667,95.24522525680388,71.0
47_36,26.78829,52.30275,Top 10 % del incremento,2.0,0.0,0.0097087378640776,296.6,69.36755066555938,61.0
46_5,23.9955,52.20164,Top 10 % del incremento,2.0,0.0,0.0064724919093851,43.13333333333333,2.444878035881754,17.0
46_16,24.98649,52.20164,Top 10 % del incremento,2.0,0.0,0.0072992700729927,269.1666666666667,50.82988768547813,19.0
26_48,27.86937,50.17943,Top 10 % del incremento,2.0,0.0,0.0120481927710843,71.73333333333333,78.43510044540704,47.0
37_36,26.78829,51.29164,Top 10 % del incremento,2.0,0.0,0.0142857142857142,1503.3666666666666,69.97011892936129,30.0
33_41,27.23874,50.8872,Top 10 % del incremento,2.0,0.0,0.0119047619047619,203.3,92.31691419217766,71.0
40_11,24.53604,51.59497,Top 10 % del incremento,2.0,0.0,0.0145985401459854,30.433333333333334,10.789416707772856,3.0
36_37,26.87838,51.19053,Top 10 % del incremento,2.0,0.0,0.0115606936416184,100.76666666666667,80.10741704532052,40.0
33_34,26.60811,50.8872,Top 10 % del incremento,2.0,0.0,0.0142857142857142,973.1,43.58443767788309,12.0
80_36,26.78829,55.63939,Top 10 % del incremento,2.0,0.0,0.0094786729857819,5.6,2.9000902799191786,
59_11,24.53604,53.51607,Top 10 % del incremento,2.0,0.0,0.0116279069767441,216.5,16.979147057159032,12.0
72_16,24.98649,54.83051,Top 10 % del incremento,2.0,0.0,0.0141843971631205,1014.9333333333333,11.051322012641434,9.0
62_9,24.35586,53.8194,Top 10 % del incremento,2.0,0.0,0.0093457943925233,103.06666666666666,9.422153992436805,5.0
10_65,29.4009,48.56166,Top 10 % del incremento,2.0,0.0,0.0142857142857142,392.4,15.874384025217266,11.0
56_38,26.96847,53.21274,Top 10 % del incremento,2.0,0.0,0.0116959064327485,35.86666666666667,9.013897638241172,43.0
18_41,27.23874,49.37054,Top 10 % del incremento,2.0,0.0,0.0084033613445378,6592.366666666667,2.2286485007827634,1.0
59_12,24.62613,53.51607,Top 10 % del incremento,2.0,0.0,0.0145985401459854,13.966666666666667,25.710877234054347,11.0
55_30,26.24775,53.11163,Top 10 % del incremento,2.0,0.0,0.0148148148148148,36.63333333333333,62.220803059314015,72.0
89_29,26.15766,56.54939,Top 10 % del incremento,2.0,0.0,0.0081632653061224,3.066666666666667,7.0751070229800375,67.0
22_64,29.31081,49.77499,Top 10 % del incremento,2.0,0.0,0.0147058823529411,101.33333333333333,49.866968503843246,27.0
71_18,25.16667,54.7294,Top 10 % del incremento,2.0,0.0,0.0141843971631205,1554.9666666666667,32.901226195197665,28.0
50_14,24.80631,52.60608,Top 10 % del incremento,2.0,0.0,0.0145985401459854,655.9,41.73964022341786,6.0
50_15,24.8964,52.60608,Top 10 % del incremento,2.0,0.0,0.0145985401459854,266.4,45.77706217013241,7.0
49_9,24.35586,52.50497,Top 10 % del incremento,2.0,0.0,0.0116279069767441,1546.6333333333334,6.304185437019327,9.0
23_37,26.87838,49.8761,Top 10 % del incremento,2.0,0.0,0.0095238095238095,8217.966666666667,1.6793392758415704,6.0
18_42,27.32883,49.37054,Top 10 % del incremento,2.0,0.0,0.0098522167487684,2738.5666666666666,6.031613180747252,1.0
57_30,26.24775,53.31385,Top 10 % del incremento,2.0,0.0,0.0148148148148148,302.56666666666666,55.19907803712732,45.0
55_14,24.80631,53.11163,Top 10 % del incremento,2.0,0.0,0.0145985401459854,134.13333333333333,6.171838669141487,9.0
55_7,24.17568,53.11163,Top 10 % del incremento,2.0,0.0,0.0145985401459854,4.6,3.3185392171948,4.0
47_8,24.26577,52.30275,Top 10 % del incremento,2.0,0.0,0.0081967213114754,20.7,23.33270523786357,19.0
30_63,29.22072,50.58387,Top 10 % del incremento,2.0,0.0,0.0147058823529411,18.733333333333334,5.270069702302987,15.0
30_66,29.49099,50.58387,Top 10 % del incremento,2.0,0.0,0.0147058823529411,18.733333333333334,0.7617589204352044,
80_30,26.24775,55.63939,Top 10 % del incremento,1.993377483443708,0.0165562913907284,0.024793388429752,98.96666666666667,40.79155796622875,77.0
62_12,24.62613,53.8194,Top 10 % del incremento,1.971223021582733,0.014388489208633,0.0283687943262411,190.16666666666666,39.02991208658372,12.0
58_11,24.53604,53.41496,Top 10 % del incremento,1.9710144927536235,0.0072463768115942,0.0211267605633802,1161.5333333333333,13.66516920943842,2.0
19_66,29.49099,49.47165,Top 10 % del incremento,1.9592760180995472,0.0180995475113122,0.0297619047619047,86.9,59.33448428913689,20.0
45_19,25.25676,52.10053,Top 10 % del incremento,1.9344827586206896,0.0034482758620689,0.0097087378640776,75.23333333333333,49.27437280504537,8.0
81_29,26.15766,55.7405,Top 10 % del incremento,1.9162995594713657,0.0572687224669603,0.0663507109004739,930.8,35.262449636626144,79.0
49_37,26.87838,52.50497,Top 10 % del incremento,1.910798122065728,0.0375586854460093,0.0454545454545454,335.76666666666665,50.62841359628053,77.0
43_36,26.78829,51.89831,Top 10 % del incremento,1.90625,0.0044642857142857,0.0122448979591836,37.666666666666664,93.3927771437098,70.0
20_51,28.13964,49.57276,Top 10 % del incremento,1.8928571428571428,0.0089285714285714,0.0169491525423728,1157.0333333333333,74.07898113594922,30.0
65_12,24.62613,54.12274,Top 10 % del incremento,1.854794520547946,0.0164383561643835,0.0223642172523961,203.7,27.66828156363565,17.0
25_70,29.85135,50.07832,Top 10 % del incremento,1.8513513513513515,0.0067567567567567,0.0176470588235294,15.933333333333334,11.367544047237915,19.0
31_36,26.78829,50.68498,Top 10 % del incremento,1.8378378378378375,0.009009009009009,0.0166666666666666,1347.0666666666666,54.40683732338902,15.0
73_26,25.88739,54.93162,Top 10 % del incremento,1.8355263157894737,0.006578947368421,0.0169491525423728,443.03333333333336,8.087039472517045,57.0
87_24,25.70721,56.34717,Top 10 % del incremento,1.827242524916944,0.0132890365448504,0.019108280254777,265.6,5.624495837974041,13.0
37_48,27.86937,51.29164,Top 10 % del incremento,1.8222222222222224,0.0088888888888888,0.0163265306122449,85.7,12.743068674163,24.0
47_26,25.88739,52.30275,Top 10 % del incremento,1.8013937282229966,0.0174216027874564,0.0248962655601659,621.1666666666666,72.27626369666272,20.0
43_26,25.88739,51.89831,Top 10 % del incremento,1.787878787878788,0.0303030303030303,0.0378151260504201,2291.9333333333334,32.03021300256526,23.0
14_60,28.95045,48.9661,Top 10 % del incremento,1.7804054054054053,0.0371621621621621,0.0436363636363636,355.8333333333333,60.86833385717603,29.0
28_30,26.24775,50.38165,Top 10 % del incremento,1.7702702702702702,0.0135135135135135,0.0209205020920502,3526.6666666666665,8.288366267407982,8.0
34_54,28.40991,50.98831,Top 10 % del incremento,1.7702702702702702,0.0135135135135135,0.0209205020920502,109.8,13.611832882846889,31.0
46_30,26.24775,52.20164,Top 10 % del incremento,1.7663551401869162,0.0093457943925233,0.0167364016736401,315.96666666666664,74.2924218559713,37.0
57_21,25.43694,53.31385,Top 10 % del incremento,1.762589928057554,0.0071942446043165,0.0174418604651162,60.833333333333336,65.02300699050137,27.0
26_57,28.68018,50.17943,Top 10 % del incremento,1.7601809954751122,0.0361990950226244,0.045,184.93333333333334,60.259618295541664,48.0
45_13,24.71622,52.10053,Top 10 % del incremento,1.7361111111111116,0.0138888888888888,0.019543973941368,0.16666666666666666,28.58081626007534,5.0
24_52,28.22973,49.97721,Top 10 % del incremento,1.7297297297297298,0.0135135135135135,0.0238095238095238,6458.2,105.5940563979883,46.0
34_41,27.23874,50.98831,Top 10 % del incremento,1.7297297297297298,0.0135135135135135,0.0238095238095238,287.06666666666666,87.19795805408518,68.0
47_29,26.15766,52.30275,Top 10 % del incremento,1.727699530516432,0.0093896713615023,0.0165289256198347,2402.8,78.95667800088714,49.0
18_58,28.77027,49.37054,Top 10 % del incremento,1.7142857142857144,0.0178571428571428,0.025,112.13333333333334,91.30082797805592,34.0
22_58,28.77027,49.77499,Resto,1.7046979865771812,0.0134228187919463,0.023391812865497,155.96666666666667,71.92206550081283,44.0
82_29,26.15766,55.84161,Resto,1.678414096916299,0.0616740088105726,0.0694444444444444,816.2666666666667,25.61448581463653,77.0
32_56,28.59009,50.78609,Resto,1.6756756756756754,0.0135135135135135,0.0203252032520325,217.16666666666666,28.11046345001465,33.0
23_57,28.68018,49.8761,Resto,1.6651583710407245,0.0316742081447963,0.04,221.93333333333334,72.90704915621221,49.0
31_49,27.95946,50.68498,Resto,1.6576576576576576,0.018018018018018,0.0248962655601659,172.2,61.13160095443655,61.0
30_50,28.04955,50.58387,Resto,1.6576576576576576,0.018018018018018,0.0248962655601659,192.23333333333332,67.4305355160779,61.0
20_58,28.77027,49.57276,Resto,1.6470588235294117,0.0176470588235294,0.0263157894736842,227.96666666666667,87.35665952719496,41.0
19_58,28.77027,49.47165,Resto,1.6428571428571423,0.0223214285714285,0.0291666666666666,166.0,95.68436761770477,30.0
11_54,28.40991,48.66277,Resto,1.615384615384615,0.0361990950226244,0.0441176470588235,860.8,12.574170486965308,18.0
22_52,28.22973,49.77499,Resto,1.5945945945945943,0.0202702702702702,0.0297619047619047,845.4666666666667,92.96171394091616,37.0
27_53,28.31982,50.28054,Resto,1.5945945945945943,0.0202702702702702,0.0297619047619047,278.8666666666667,81.71532224906564,57.0
37_42,27.32883,51.29164,Resto,1.5858585858585856,0.0101010101010101,0.0167364016736401,127.96666666666667,64.76097640293284,64.0
79_32,26.42793,55.53828,Resto,1.578947368421053,0.0526315789473684,0.0638297872340425,421.1666666666667,18.827070436134623,37.0
29_38,26.96847,50.48276,Resto,1.5765765765765778,0.1126126126126126,0.1201923076923077,4191.733333333334,46.71152370212059,25.0
30_65,29.4009,50.58387,Resto,1.5746606334841626,0.0271493212669683,0.0368098159509202,21.066666666666666,7.937387147754887,31.0
28_50,28.04955,50.38165,Resto,1.5720720720720722,0.0225225225225225,0.0290456431535269,154.36666666666667,84.51869813553414,52.0
21_47,27.77928,49.67388,Resto,1.565022421524663,0.0269058295964125,0.0346534653465346,571.4666666666667,48.13907438404631,37.0
48_22,25.52703,52.40386,Resto,1.564459930313589,0.0557491289198606,0.0622406639004149,6377.7,84.48904245224678,27.0
60_32,26.42793,53.61718,Resto,1.558139534883722,0.055813953488372,0.0634146341463414,59.0,25.589389044680985,88.0
30_60,28.95045,50.58387,Resto,1.5555555555555554,0.0101010101010101,0.0165289256198347,180.4,21.07846470454133,31.0
60_33,26.51802,53.61718,Resto,1.5529953917050694,0.0460829493087557,0.0536585365853658,44.86666666666667,15.683385959837668,77.0
89_21,25.43694,56.54939,Resto,1.5364238410596025,0.0264900662251655,0.0327868852459016,18618.866666666665,18.596249247723943,97.0
64_19,25.25676,54.02163,Resto,1.536082474226804,0.0412371134020618,0.0467625899280575,83.06666666666666,17.984378551296498,28.0
15_72,30.03153,49.06721,Resto,1.5203252032520322,0.008130081300813,0.0131147540983606,357.9,13.825134298227118,1.0
72_26,25.88739,54.83051,Resto,1.5065789473684212,0.0197368421052631,0.0282485875706214,448.76666666666665,18.207379285596858,68.0
37_44,27.50901,51.29164,Resto,1.4977777777777783,0.0311111111111111,0.0382775119617224,334.8,47.265512856934215,45.0
16_73,30.12162,49.16832,Resto,1.48780487804878,0.008130081300813,0.0129449838187702,0.06666666666666667,8.138053024623158,1.0
21_62,29.13063,49.67388,Resto,1.486486486486486,0.0405405405405405,0.0514705882352941,330.9,61.54340838549287,46.0
35_31,26.33784,51.08942,Resto,1.48,0.02,0.0284090909090909,60.96666666666667,23.70108192322242,9.0
27_57,28.68018,50.28054,Resto,1.4751131221719458,0.0226244343891402,0.03,180.26666666666668,58.38156130753493,47.0
24_66,29.49099,49.97721,Resto,1.4727272727272729,0.009090909090909,0.0178571428571428,26.3,38.77943906904693,29.0
69_25,25.7973,54.52718,Resto,1.4657534246575343,0.0273972602739726,0.0327272727272727,287.1333333333333,10.733308730169847,52.0
17_61,29.04054,49.26943,Resto,1.461279461279461,0.0235690235690235,0.0297872340425531,133.86666666666667,92.2445076093284,33.0
28_53,28.31982,50.38165,Resto,1.4594594594594597,0.027027027027027,0.0357142857142857,257.46666666666664,72.79424126350315,58.0
31_48,27.86937,50.68498,Resto,1.4594594594594588,0.027027027027027,0.0341463414634146,221.86666666666667,65.14595555393387,62.0
17_71,29.94144,49.26943,Resto,1.4560810810810807,0.0304054054054054,0.0355871886120996,25.366666666666667,23.81128854170732,9.0
33_42,27.32883,50.8872,Resto,1.4484304932735426,0.0089686098654708,0.0173410404624277,297.96666666666664,84.11912678333147,49.0
17_50,28.04955,49.26943,Resto,1.447457627118644,0.0067796610169491,0.0131004366812227,783.4,45.49089298101145,21.0
36_45,27.5991,51.19053,Resto,1.4429530201342289,0.0402684563758389,0.0507246376811594,314.06666666666666,42.3905793042677,69.0
22_53,28.31982,49.77499,Resto,1.4391891891891886,0.0337837837837837,0.0444444444444444,4642.466666666666,101.36376699519772,45.0
27_40,27.14865,50.28054,Resto,1.4067796610169492,0.0067796610169491,0.0127659574468085,3608.8,45.89244759741293,45.0
24_61,29.04054,49.97721,Resto,1.4054054054054053,0.0337837837837837,0.0441176470588235,97.4,37.65621794278468,43.0
41_28,26.06757,51.69608,Resto,1.4017857142857144,0.0267857142857142,0.0334928229665071,1351.3666666666666,21.77733606264419,19.0
70_25,25.7973,54.62829,Resto,1.3767123287671232,0.0445205479452054,0.0490196078431372,65.33333333333333,13.607587149124251,58.0
11_71,29.94144,48.66277,Resto,1.376681614349775,0.0269058295964125,0.0334928229665071,718.4,3.566947790519428,1.0
71_29,26.15766,54.7294,Resto,1.3698630136986305,0.0273972602739726,0.0330578512396694,399.93333333333334,22.828136290061465,80.0
74_24,25.70721,55.03273,Resto,1.3684210526315788,0.0263157894736842,0.034090909090909,1687.2666666666667,16.33471859052208,41.0
10_62,29.13063,48.56166,Resto,1.3617747440273038,0.0068259385665529,0.0125,401.56666666666666,32.90836969976496,15.0
48_21,25.43694,52.40386,Resto,1.36150234741784,0.0516431924882629,0.058252427184466,460.23333333333335,82.87386181153367,22.0
29_64,29.31081,50.48276,Resto,1.3600000000000003,0.04,0.0496453900709219,67.73333333333333,15.581654073671412,28.0
19_52,28.22973,49.47165,Resto,1.3587443946188342,0.0179372197309417,0.0246305418719211,825.1333333333333,71.69236763448934,37.0
53_27,25.97748,52.90941,Resto,1.3563636363636355,0.0327272727272727,0.0394088669950738,244.6,96.44510778567737,47.0
14_70,29.85135,48.9661,Resto,1.354729729729729,0.0236486486486486,0.0284697508896797,5.5,20.97998845335224,7.0
85_34,26.60811,56.14495,Resto,1.3524229074889869,0.0220264317180616,0.0284360189573459,72.06666666666666,19.885344904437687,76.0
23_59,28.86036,49.8761,Resto,1.324324324324324,0.027027027027027,0.0367647058823529,234.46666666666667,57.81019747569835,44.0
34_48,27.86937,50.98831,Resto,1.3228699551569507,0.0179372197309417,0.024390243902439,290.43333333333334,40.24488276357435,60.0
17_67,29.58108,49.26943,Resto,1.3224932249322494,0.021680216802168,0.0259740259740259,36.7,55.52334960179969,19.0
16_67,29.58108,49.16832,Resto,1.3224932249322494,0.021680216802168,0.0259740259740259,15.4,56.5777091166412,18.0
11_53,28.31982,48.66277,Resto,1.3076923076923077,0.0180995475113122,0.0245098039215686,1742.1,10.940740018894518,14.0
42_15,24.8964,51.7972,Resto,1.3022222222222224,0.0177777777777777,0.0240384615384615,159.16666666666666,22.22950931745668,5.0
84_29,26.15766,56.04383,Resto,1.2913907284768211,0.0132450331125827,0.0178571428571428,647.2,7.052469033965369,47.0
75_28,26.06757,55.13384,Resto,1.2894736842105263,0.0263157894736842,0.0354609929078014,106.26666666666667,21.354212932110347,82.0
77_27,25.97748,55.33606,Resto,1.2894736842105263,0.0263157894736842,0.0354609929078014,266.7,30.52941486446423,69.0
41_32,26.42793,51.69608,Resto,1.2844444444444445,0.0177777777777777,0.0239234449760765,205.96666666666667,50.03322517848624,37.0
26_49,27.95946,50.17943,Resto,1.2837837837837838,0.0202702702702702,0.0298507462686567,37.166666666666664,86.51746239945884,54.0
15_70,29.85135,49.06721,Resto,1.2702702702702702,0.0135135135135135,0.0181159420289855,136.2,25.850233498669933,6.0
65_21,25.43694,54.12274,Resto,1.268041237113402,0.0206185567010309,0.0251798561151079,38.166666666666664,22.61175331374988,33.0
41_31,26.33784,51.69608,Resto,1.2678571428571432,0.0178571428571428,0.0239234449760765,556.9666666666667,43.54881862443519,22.0
86_34,26.60811,56.24606,Resto,1.2649006622516556,0.0264900662251655,0.0354609929078014,297.1333333333333,25.60542095952411,81.0
51_40,27.14865,52.70719,Resto,1.253521126760564,0.0422535211267605,0.0483091787439613,62.93333333333333,14.85347387481467,62.0
68_21,25.43694,54.42607,Resto,1.25,0.0277777777777777,0.0338164251207729,267.56666666666666,29.07313060557869,30.0
67_27,25.97748,54.32496,Resto,1.25,0.0277777777777777,0.0329218106995884,339.3,19.82069315532624,76.0
48_45,27.5991,52.40386,Resto,1.2472727272727273,0.0072727272727272,0.0124481327800829,418.8333333333333,5.564215156238467,48.0
28_61,29.04054,50.38165,Resto,1.243243243243243,0.0202702702702702,0.0294117647058823,112.26666666666667,19.5150007045136,35.0
26_61,29.04054,50.17943,Resto,1.243243243243243,0.0202702702702702,0.0294117647058823,99.3,22.933553558779884,41.0
22_59,28.86036,49.77499,Resto,1.243243243243243,0.0202702702702702,0.0294117647058823,235.86666666666667,65.38617712539067,44.0
24_73,30.12162,49.97721,Resto,1.243243243243243,0.0202702702702702,0.0294117647058823,0.36666666666666664,10.662713124237811,19.0
19_71,29.94144,49.47165,Resto,1.236486486486486,0.0337837837837837,0.0425531914893617,12.566666666666666,10.82596993973726,4.0
24_72,30.03153,49.97721,Resto,1.236486486486486,0.0337837837837837,0.0425531914893617,7.266666666666667,15.505206151016798,17.0
64_31,26.33784,54.02163,Resto,1.232558139534884,0.0232558139534883,0.0292682926829268,365.76666666666665,16.75557268862598,80.0
66_33,26.51802,54.22385,Resto,1.2304147465437785,0.0230414746543778,0.0289855072463768,135.06666666666666,17.151708719612373,41.0
47_27,25.97748,52.30275,Resto,1.230046948356807,0.0328638497652582,0.0388349514563106,387.4,73.64382978046002,36.0
66_16,24.98649,54.22385,Resto,1.223367697594501,0.0171821305841924,0.0215827338129496,991.7333333333333,24.676149329590423,15.0
18_45,27.5991,49.37054,Resto,1.220735785953177,0.0033444816053511,0.0085836909871244,1345.0,13.667542724030971,6.0
89_32,26.42793,56.54939,Resto,1.219409282700422,0.0084388185654008,0.0142180094786729,70.46666666666667,9.059535985325446,161.0
41_44,27.50901,51.69608,Resto,1.2133333333333334,0.0133333333333333,0.0191387559808612,205.0,35.23249232825235,26.0
63_29,26.15766,53.92051,Resto,1.206896551724138,0.0241379310344827,0.0291666666666666,291.0,37.29837699111222,85.0
28_23,25.61712,50.38165,Resto,1.2033898305084745,0.0033898305084745,0.0085106382978723,110.36666666666666,11.60564080854946,15.0
28_34,26.60811,50.38165,Resto,1.2027027027027026,0.0135135135135135,0.0193236714975845,1385.2333333333333,22.2698700515554,17.0
23_41,27.23874,49.8761,Resto,1.2013422818791946,0.0134228187919463,0.0223880597014925,3195.133333333333,20.62459512143173,37.0
42_29,26.15766,51.7972,Resto,1.2008928571428572,0.0133928571428571,0.0191387559808612,994.6666666666666,36.026147972931554,25.0
89_36,26.78829,56.54939,Resto,1.1991150442477876,0.0132743362831858,0.0189573459715639,37.233333333333334,16.16162784124351,59.0
28_38,26.96847,50.38165,Resto,1.1981981981981984,0.018018018018018,0.0236966824644549,5558.933333333333,39.95348158187375,3.0
52_37,26.87838,52.8083,Resto,1.197183098591549,0.028169014084507,0.0339805825242718,263.96666666666664,33.277692428473394,70.0
48_40,27.14865,52.40386,Resto,1.197183098591549,0.0328638497652582,0.038647342995169,423.73333333333335,29.975276773414382,76.0
49_25,25.7973,52.50497,Resto,1.197183098591549,0.0328638497652582,0.038647342995169,459.96666666666664,91.5817080236564,39.0
55_23,25.61712,53.11163,Resto,1.1942446043165464,0.0647482014388489,0.0735294117647058,22.6,80.440910532184,23.0
24_44,27.50901,49.97721,Resto,1.189189189189189,0.0135135135135135,0.0223880597014925,1539.0666666666666,35.742202512426324,50.0
19_72,30.03153,49.47165,Resto,1.189189189189189,0.027027027027027,0.0354609929078014,3.2666666666666666,4.3061661835118965,34.0
60_11,24.53604,53.61718,Resto,1.1886792452830188,0.0047169811320754,0.0116279069767441,11.4,24.460776162804702,11.0
43_46,27.68919,51.89831,Resto,1.1879194630872485,0.0268456375838926,0.0352112676056338,116.5,15.749146831621884,19.0
65_31,26.33784,54.12274,Resto,1.1860465116279069,0.0186046511627906,0.024390243902439,49.5,18.76726250113385,68.0
28_26,25.88739,50.38165,Resto,1.1858108108108107,0.0033783783783783,0.0082987551867219,83.36666666666666,11.674163697624216,24.0
70_28,26.06757,54.62829,Resto,1.1843317972350231,0.0184331797235023,0.0241545893719806,19.766666666666666,17.64675064893062,85.0
61_9,24.35586,53.71829,Resto,1.183168316831683,0.0049504950495049,0.0121212121212121,179.6,13.596760875524229,11.0
68_33,26.51802,54.42607,Resto,1.166666666666667,0.0185185185185185,0.0241545893719806,101.0,7.905827062718459,23.0
68_30,26.24775,54.42607,Resto,1.166666666666667,0.0185185185185185,0.0241545893719806,402.6333333333333,6.897897960037886,45.0
71_30,26.24775,54.7294,Resto,1.166666666666667,0.0185185185185185,0.0241545893719806,399.93333333333334,18.792513673263663,81.0
69_19,25.25676,54.52718,Resto,1.166666666666667,0.0185185185185185,0.0241545893719806,528.4666666666667,29.452078264156142,21.0
69_22,25.52703,54.52718,Resto,1.166666666666667,0.0185185185185185,0.0241545893719806,221.56666666666666,40.59594149271501,42.0
23_73,30.12162,49.8761,Resto,1.162162162162162,0.0135135135135135,0.0220588235294117,0.2,5.743343362379807,5.0
46_42,27.32883,52.20164,Resto,1.161073825503356,0.0201342281879194,0.0283687943262411,89.16666666666667,37.899994221495405,73.0
44_9,24.35586,51.99942,Resto,1.1606648199445984,0.002770083102493,0.0066006600660066,0.3,11.057818141180576,5.0
49_22,25.52703,52.50497,Resto,1.160278745644599,0.0034843205574912,0.0082987551867219,161.1,89.95459931912212,22.0
42_20,25.34685,51.7972,Resto,1.16,0.0088888888888888,0.0144927536231884,2289.1666666666665,21.545069573209467,16.0
32_37,26.87838,50.78609,Resto,1.1589403973509933,0.0132450331125827,0.0215827338129496,790.5,67.07542920455994,39.0
62_21,25.43694,53.8194,Resto,1.1488372093023256,0.0186046511627906,0.0241545893719806,71.63333333333334,44.38960114649713,32.0
33_57,28.68018,50.8872,Resto,1.148648648648649,0.0135135135135135,0.0189573459715639,74.76666666666667,16.397685966077095,17.0
79_33,26.51802,55.53828,Resto,1.1447368421052633,0.0131578947368421,0.0212765957446808,39.0,9.213722185623253,6.0
69_16,24.98649,54.52718,Resto,1.1447368421052633,0.0131578947368421,0.0212765957446808,631.7666666666667,27.198853275774336,23.0
27_37,26.87838,50.28054,Resto,1.1441441441441442,0.009009009009009,0.0145631067961165,2303.4333333333334,25.902563394334724,17.0
58_33,26.51802,53.41496,Resto,1.1428571428571428,0.0285714285714285,0.037037037037037,422.56666666666666,25.632331704808102,90.0
53_35,26.6982,52.90941,Resto,1.1428571428571428,0.0285714285714285,0.037037037037037,488.8,29.11093527312552,73.0
39_46,27.68919,51.49386,Resto,1.1422222222222222,0.0088888888888888,0.0143540669856459,110.63333333333334,19.95772175692658,16.0
42_27,25.97748,51.7972,Resto,1.1422222222222222,0.0088888888888888,0.0143540669856459,1619.1666666666667,24.432355511874185,23.0
85_35,26.6982,56.14495,Resto,1.1409691629955945,0.0088105726872246,0.0142180094786729,87.23333333333333,11.56930702506576,56.0
44_46,27.68919,51.99942,Resto,1.1409395973154366,0.0201342281879194,0.028169014084507,90.73333333333333,14.689290659571467,59.0
49_23,25.61712,52.50497,Resto,1.140845070422535,0.0234741784037558,0.0289855072463768,1370.1333333333334,92.69765239358884,34.0
63_35,26.6982,53.92051,Resto,1.1395348837209305,0.013953488372093,0.0195121951219512,983.0,2.0559935684458885,36.0
27_34,26.60811,50.28054,Resto,1.135135135135135,0.009009009009009,0.0144927536231884,16700.233333333334,12.374039042074005,17.0
33_38,26.96847,50.8872,Resto,1.1342281879194631,0.0134228187919463,0.0215827338129496,178.36666666666667,79.9446916360748,56.0
65_19,25.25676,54.12274,Resto,1.134020618556701,0.0103092783505154,0.014388489208633,8.433333333333334,8.061481861218716,23.0
43_35,26.6982,51.89831,Resto,1.1339285714285716,0.0089285714285714,0.0143540669856459,2249.4666666666667,85.67410840657625,55.0
36_47,27.77928,51.19053,Resto,1.1339285714285716,0.0089285714285714,0.0143540669856459,278.3,26.74832150905042,36.0
39_45,27.5991,51.49386,Resto,1.1339285714285716,0.0089285714285714,0.0143540669856459,229.36666666666667,29.24423267778296,25.0
87_37,26.87838,56.34717,Resto,1.1327433628318584,0.0088495575221238,0.0142180094786729,1566.6333333333334,0.3459893767853658,
83_31,26.33784,55.94272,Resto,1.1287128712871288,0.0198019801980198,0.024390243902439,905.0333333333333,25.91926012089837,73.0
68_27,25.97748,54.42607,Resto,1.125,0.0324074074074074,0.037037037037037,321.26666666666665,10.964493938027651,59.0
65_14,24.80631,54.12274,Resto,1.124137931034483,0.0103448275862068,0.014388489208633,190.0,41.442730623914855,21.0
67_14,24.80631,54.32496,Resto,1.124137931034483,0.0103448275862068,0.014388489208633,375.6,30.478271007516287,21.0
33_28,26.06757,50.8872,Resto,1.1208053691275168,0.0134228187919463,0.0214285714285714,1278.5,13.678504504966345,3.0
45_33,26.51802,52.10053,Resto,1.1208053691275168,0.0134228187919463,0.0214285714285714,121.23333333333333,86.10186778364529,55.0
32_35,26.6982,50.78609,Resto,1.1208053691275168,0.0134228187919463,0.0214285714285714,1104.7333333333333,48.222885441924376,17.0
62_20,25.34685,53.8194,Resto,1.1116279069767443,0.013953488372093,0.0193236714975845,88.03333333333333,40.21773990724153,23.0
43_12,24.62613,51.89831,Resto,1.1000000000000003,0.0142857142857142,0.0174927113702623,0.2,16.601495809418687,14.0
17_45,27.5991,49.26943,Resto,1.0982142857142858,0.0044642857142857,0.0099009900990099,1239.1666666666667,6.70735349587161,8.0
23_72,30.03153,49.8761,Resto,1.0945945945945943,0.0135135135135135,0.0212765957446808,0.9,14.2175711750114,9.0
27_46,27.68919,50.28054,Resto,1.0945945945945943,0.0067567567567567,0.0149253731343283,511.8,71.90299331430084,56.0
47_45,27.5991,52.30275,Resto,1.0939597315436242,0.0134228187919463,0.0211267605633802,79.13333333333334,7.706596878247577,45.0
18_43,27.41892,49.37054,Resto,1.09375,0.0044642857142857,0.0098522167487684,1960.0666666666666,6.6387964028689215,13.0
60_35,26.6982,53.61718,Resto,1.0930232558139534,0.0093023255813953,0.0146341463414634,18.466666666666665,0.8266064212216195,3.0
15_49,27.95946,49.06721,Resto,1.09009009009009,0.0045045045045045,0.0099009900990099,1066.9,23.233565314127738,4.0
24_54,28.40991,49.97721,Resto,1.0878378378378375,0.0067567567567567,0.0148148148148148,134.6,94.89376023519236,42.0
24_37,26.87838,49.97721,Resto,1.0878378378378375,0.0067567567567567,0.0148148148148148,12047.0,3.685939690787874,9.0
42_40,27.14865,51.7972,Resto,1.0872483221476514,0.0201342281879194,0.0245901639344262,364.4,73.3512367445232,47.0
54_34,26.60811,53.01052,Resto,1.0863309352517985,0.0215827338129496,0.0296296296296296,265.03333333333336,29.10384602926067,69.0
52_34,26.60811,52.8083,Resto,1.0863309352517985,0.0215827338129496,0.0296296296296296,227.36666666666667,43.16905058193791,68.0
47_24,25.70721,52.30275,Resto,1.084507042253521,0.0140845070422535,0.0193236714975845,505.53333333333336,71.49129953535255,31.0
51_32,26.42793,52.70719,Resto,1.083720930232558,0.0093023255813953,0.0145631067961165,85.86666666666666,64.05104899423522,72.0
62_29,26.15766,53.8194,Resto,1.0833333333333337,0.0138888888888888,0.019047619047619,293.8666666666667,39.54496830480868,78.0
20_65,29.4009,49.57276,Resto,1.0810810810810811,0.0067567567567567,0.0147058823529411,47.2,68.68885569982001,29.0
22_73,30.12162,49.77499,Resto,1.0810810810810811,0.0067567567567567,0.0147058823529411,2.2,0.4833545537597372,5.0
27_68,29.67117,50.28054,Resto,1.0810810810810811,0.0067567567567567,0.0147058823529411,8.333333333333334,8.704226749094243,25.0
34_43,27.41892,50.98831,Resto,1.08,0.0066666666666666,0.0144927536231884,171.03333333333333,70.09572718920963,65.0
34_44,27.50901,50.98831,Resto,1.0738255033557047,0.0067114093959731,0.0144927536231884,147.8,62.20560512322964,64.0
35_50,28.04955,51.08942,Resto,1.0738255033557047,0.0067114093959731,0.0144927536231884,153.4,20.460169957556907,39.0
9_58,28.77027,48.46055,Resto,1.0723981900452488,0.004524886877828,0.0097560975609756,492.76666666666665,7.247936495249647,18.0
70_16,24.98649,54.62829,Resto,1.0723684210526316,0.006578947368421,0.0141843971631205,362.0,21.74044917903096,15.0
55_32,26.42793,53.11163,Resto,1.0714285714285714,0.0142857142857142,0.0222222222222222,42.766666666666666,42.69744860446336,27.0
36_38,26.96847,51.19053,Resto,1.0671140939597317,0.0067114093959731,0.014388489208633,137.03333333333333,90.1004977766994,64.0
33_39,27.05856,50.8872,Resto,1.0671140939597317,0.0134228187919463,0.0208333333333333,157.86666666666667,84.94275646561888,63.0
42_34,26.60811,51.7972,Resto,1.0669642857142858,0.0044642857142857,0.0095693779904306,502.8,71.49148933917601,40.0
52_7,24.17568,52.8083,Resto,1.064285714285714,0.0214285714285714,0.0291970802919708,690.3666666666667,3.0530498275009355,1.0
30_62,29.13063,50.58387,Resto,1.0633484162895923,0.004524886877828,0.0096618357487922,120.06666666666666,6.026430262791702,20.0
42_37,26.87838,51.7972,Resto,1.0625,0.0044642857142857,0.0095238095238095,67.16666666666667,95.2538824384863,64.0
41_37,26.87838,51.69608,Resto,1.0625,0.0044642857142857,0.0095238095238095,84.3,91.40141827938636,72.0
34_35,26.6982,50.98831,Resto,1.0604026845637584,0.0067114093959731,0.0142857142857142,551.3666666666667,57.54409135630896,19.0
9_67,29.58108,48.46055,Resto,1.0604026845637584,0.0067114093959731,0.0142857142857142,605.4333333333333,16.510332792813177,5.0
36_36,26.78829,51.19053,Resto,1.0604026845637584,0.0067114093959731,0.0142857142857142,1061.0,70.12175685741173,18.0
6_65,29.4009,48.15722,Resto,1.0604026845637584,0.0067114093959731,0.0142857142857142,1156.8333333333333,7.972755916745092,2.0
36_32,26.42793,51.19053,Resto,1.0604026845637584,0.0067114093959731,0.0142857142857142,333.5,30.39862881917912,14.0
58_36,26.78829,53.41496,Resto,1.0575539568345322,0.014388489208633,0.0222222222222222,5509.533333333334,3.67038785041584,10.0
59_20,25.34685,53.51607,Resto,1.057553956834532,0.0287769784172661,0.0364963503649635,3220.7,67.092770872397,26.0
59_15,24.8964,53.51607,Resto,1.057553956834532,0.0287769784172661,0.0364963503649635,2460.1666666666665,43.87843707957376,20.0
46_15,24.8964,52.20164,Resto,1.0551724137931036,0.0034482758620689,0.0072992700729927,41.13333333333333,41.11914386901745,16.0
44_42,27.32883,51.99942,Resto,1.0538116591928253,0.0224215246636771,0.0284090909090909,194.6,45.90750433966041,53.0
46_14,24.80631,52.20164,Resto,1.0519031141868511,0.0034602076124567,0.0072992700729927,9.7,31.591878279986258,18.0
64_33,26.51802,54.02163,Resto,1.050925925925926,0.0046296296296296,0.0097560975609756,51.53333333333333,1.7695313222726743,
63_33,26.51802,53.92051,Resto,1.050925925925926,0.0046296296296296,0.0097560975609756,60.166666666666664,0.4461992029257022,3.0
63_34,26.60811,53.92051,Resto,1.050925925925926,0.0046296296296296,0.0097560975609756,220.3,5.291624284237159,14.0
63_16,24.98649,53.92051,Resto,1.047945205479452,0.0034246575342465,0.0071942446043165,350.3666666666667,38.94245443203932,27.0
58_24,25.70721,53.41496,Resto,1.0431654676258992,0.014388489208633,0.0220588235294117,192.73333333333332,94.79756223699208,31.0
57_25,25.7973,53.31385,Resto,1.0431654676258992,0.014388489208633,0.0220588235294117,191.5,99.52589764775324,50.0
57_23,25.61712,53.31385,Resto,1.0431654676258992,0.014388489208633,0.0220588235294117,203.7,83.95071025512445,32.0
59_19,25.25676,53.51607,Resto,1.043165467625899,0.0215827338129496,0.0291970802919708,3220.7,59.9350500248871,27.0
55_18,25.16667,53.11163,Resto,1.043165467625899,0.0215827338129496,0.0291970802919708,140.43333333333334,30.72760772237776,21.0
58_15,24.8964,53.41496,Resto,1.043165467625899,0.0215827338129496,0.0291970802919708,311.8333333333333,33.671466717054614,19.0
61_17,25.07658,53.71829,Resto,1.043165467625899,0.0215827338129496,0.0291970802919708,949.4,51.37104894578407,27.0
58_17,25.07658,53.41496,Resto,1.042857142857143,0.0142857142857142,0.0218978102189781,572.8666666666667,39.685550667563895,26.0
28_57,28.68018,50.38165,Resto,1.0407239819004523,0.0542986425339366,0.0606060606060606,148.8,49.70703547179563,48.0
52_31,26.33784,52.8083,Resto,1.0357142857142856,0.0071428571428571,0.0148148148148148,61.7,65.22830465962265,71.0
57_10,24.44595,53.31385,Resto,1.0330188679245285,0.0047169811320754,0.0097560975609756,347.93333333333334,9.935259905494412,18.0
48_15,24.8964,52.40386,Resto,1.032710280373832,0.0046728971962616,0.0096618357487922,13.7,40.75874434453874,27.0
52_33,26.51802,52.8083,Resto,1.028776978417266,0.0071942446043165,0.0148148148148148,168.73333333333332,49.83946779553578,75.0
50_17,25.07658,52.60608,Resto,1.028776978417266,0.014388489208633,0.0218978102189781,309.26666666666665,50.27745057230791,11.0
57_16,24.98649,53.31385,Resto,1.028776978417266,0.014388489208633,0.0218978102189781,1429.8666666666666,25.974799665138324,21.0
60_13,24.71622,53.61718,Resto,1.028776978417266,0.014388489208633,0.0218978102189781,347.0,39.30723485192171,9.0
55_37,26.87838,53.11163,Resto,1.028776978417266,0.0071942446043165,0.0148148148148148,4.333333333333333,5.052504832170829,31.0
57_20,25.34685,53.31385,Resto,1.028776978417266,0.014388489208633,0.0218978102189781,1565.5,55.83723758535654,26.0
63_12,24.62613,53.92051,Resto,1.0274914089347078,0.0034364261168384,0.0070671378091872,279.03333333333336,39.40769029249568,19.0
52_21,25.43694,52.8083,Resto,1.0215827338129495,0.0071942446043165,0.0147058823529411,510.5,65.46562837109009,24.0
51_25,25.7973,52.70719,Resto,1.0215827338129495,0.0071942446043165,0.0147058823529411,302.26666666666665,106.43911490651962,38.0
54_23,25.61712,53.01052,Resto,1.0215827338129495,0.0071942446043165,0.0147058823529411,51.53333333333333,80.44140532372663,32.0
53_40,27.14865,52.90941,Resto,1.0215827338129495,0.0071942446043165,0.0147058823529411,98.53333333333333,2.6001632022504952,29.0
81_28,26.06757,55.7405,Resto,1.0198675496688736,0.0463576158940397,0.05,736.3666666666667,32.077026395192384,60.0
53_15,24.8964,52.90941,Resto,1.014388489208633,0.0071942446043165,0.0145985401459854,234.36666666666667,15.09942447360388,20.0
50_19,25.25676,52.60608,Resto,1.014388489208633,0.0071942446043165,0.0145985401459854,78.66666666666667,61.12920911775773,17.0
60_12,24.62613,53.61718,Resto,1.014388489208633,0.0071942446043165,0.0145985401459854,3.4,31.19195313880858,19.0
71_26,25.88739,54.7294,Resto,1.0131578947368425,0.0394736842105263,0.0451977401129943,275.1333333333333,17.712190963157756,68.0
89_30,26.24775,56.54939,Resto,1.0,0.0,0.0035714285714285,3.066666666666667,6.353918274629046,100.0
55_38,26.96847,53.11163,Resto,1.0,0.0,0.0058479532163742,8.4,12.238251854223195,57.0
25_36,26.78829,50.07832,Resto,1.0,0.0,0.0074074074074074,347.3666666666667,4.25506855220041,6.0
55_39,27.05856,53.11163,Resto,1.0,0.0,0.0073529411764705,1.7666666666666666,2.768321455999119,32.0
12_49,27.95946,48.76388,Resto,1.0,0.0,0.0049019607843137,9288.933333333332,1.5770061647714937,2.0
11_56,28.59009,48.66277,Resto,1.0,0.0,0.00418410041841,113.3,19.391852275035927,23.0
32_27,25.97748,50.78609,Resto,1.0,0.0,0.0071428571428571,973.4333333333333,16.829516629462585,8.0
55_10,24.44595,53.11163,Resto,1.0,0.0,0.0049261083743842,98.93333333333334,17.949689291290255,7.0
32_25,25.7973,50.78609,Resto,1.0,0.0,0.0057471264367816,195.26666666666668,4.624570848110804,3.0
60_7,24.17568,53.61718,Resto,1.0,0.0,0.0072992700729927,4.7,1.1544654860675216,1.0
26_34,26.60811,50.17943,Resto,1.0,0.0,0.0048309178743961,43676.166666666664,3.886301136113656,4.0
36_35,26.6982,51.19053,Resto,1.0,0.0,0.0071428571428571,412.8,60.14718250490383,21.0
26_33,26.51802,50.17943,Resto,1.0,0.0,0.0041152263374485,32504.4,10.135553514753676,5.0
26_32,26.42793,50.17943,Resto,1.0,0.0,0.0048309178743961,3027.8333333333335,1.2154802638709996,
60_6,24.08559,53.61718,Resto,1.0,0.0,0.0072992700729927,12.866666666666667,3.3924056112198766,5.0
60_17,25.07658,53.61718,Resto,1.0,0.0,0.0072992700729927,176.93333333333334,58.13542839910704,25.0
29_26,25.88739,50.48276,Resto,1.0,0.0,0.0042194092827004,111.7,3.975118633032991,4.0
29_21,25.43694,50.48276,Resto,1.0,0.0,0.0069930069930069,3.3,1.0463871677995065,2.0
53_16,24.98649,52.90941,Resto,1.0,0.0,0.0072992700729927,830.1,18.463736224717483,20.0
41_18,25.16667,51.69608,Resto,1.0,0.0,0.0072992700729927,852.4,8.112537198318343,18.0
31_30,26.24775,50.68498,Resto,1.0,0.0,0.0071428571428571,47592.8,2.419011220067348,1.0
41_12,24.62613,51.69608,Resto,1.0,0.0,0.0072992700729927,181.66666666666666,3.077914563165408,2.0
29_67,29.58108,50.48276,Resto,1.0,0.0,0.0073529411764705,549.9,2.050510498036912,6.0
52_25,25.7973,52.8083,Resto,1.0,0.0,0.0073529411764705,224.06666666666666,103.46503871080556,49.0
36_53,28.31982,51.19053,Resto,1.0,0.0,0.0047846889952153,100.23333333333333,1.7349149857968915,4.0
51_42,27.32883,52.70719,Resto,1.0,0.0,0.0048309178743961,14.633333333333333,1.7913414235448253,
33_40,27.14865,50.8872,Resto,1.0,0.0,0.0071942446043165,157.86666666666667,90.50285230975176,63.0
41_17,25.07658,51.69608,Resto,1.0,0.0,0.0072992700729927,863.9333333333333,8.65516572601555,15.0
58_8,24.26577,53.41496,Resto,1.0,0.0,0.0072992700729927,6.366666666666666,5.783892294614633,30.0
59_10,24.44595,53.51607,Resto,1.0,0.0,0.005,215.36666666666667,10.144414619541072,15.0
28_32,26.42793,50.38165,Resto,1.0,0.0,0.0041152263374485,945.9,18.47341360065765,7.0
40_25,25.7973,51.59497,Resto,1.0,0.0,0.0042016806722689,958.2,0.4239903263447405,
35_56,28.59009,51.08942,Resto,1.0,0.0,0.003610108303249,45.0,1.6779314760658093,
50_12,24.62613,52.60608,Resto,1.0,0.0,0.0058823529411764,38.0,28.0735136137438,13.0
29_40,27.14865,50.48276,Resto,1.0,0.0,0.0042553191489361,632.7333333333333,60.55040473730583,54.0
38_50,28.04955,51.39275,Resto,1.0,0.0,0.0047846889952153,0.9666666666666667,4.266629589269058,
32_29,26.15766,50.78609,Resto,1.0,0.0,0.0071428571428571,4145.4,12.130791296983436,18.0
24_74,30.21171,49.97721,Resto,1.0,0.0,0.006060606060606,0.3,0.7441475528105533,
40_16,24.98649,51.59497,Resto,1.0,0.0,0.0072992700729927,12752.9,0.0363193063135009,
45_46,27.68919,52.10053,Resto,1.0,0.0,0.0070422535211267,44.266666666666666,7.902586399613622,57.0
25_35,26.6982,50.07832,Resto,1.0,0.0,0.0059171597633136,328.0,0.8285804358532063,
37_33,26.51802,51.29164,Resto,1.0,0.0,0.0071428571428571,432.1,40.00464961397297,17.0
27_30,26.24775,50.28054,Resto,1.0,0.0,0.00418410041841,900.9,6.464652433369541,4.0
27_31,26.33784,50.28054,Resto,1.0,0.0,0.0048309178743961,997.1333333333333,6.575948336326987,4.0
45_47,27.77928,52.10053,Resto,1.0,0.0,0.0056179775280898,128.16666666666666,0.5550750080552478,1.0
27_32,26.42793,50.28054,Resto,1.0,0.0,0.0048309178743961,1870.5,9.231681084803482,3.0
33_59,28.86036,50.8872,Resto,1.0,0.0,0.0041322314049586,1.2333333333333334,2.44392165609757,
25_68,29.67117,50.07832,Resto,1.0,0.0,0.0073529411764705,39.266666666666666,25.008544057175857,23.0
9_57,28.68018,48.46055,Resto,1.0,0.0,0.0048780487804878,461.9,7.297141059105722,12.0
86_39,27.05856,56.24606,Resto,1.0,0.0,0.0056818181818181,10690.266666666666,6.7632041006808965,16.0
35_36,26.78829,51.08942,Resto,1.0,0.0,0.0071428571428571,329.03333333333336,71.60638336026524,19.0
78_35,26.6982,55.43717,Resto,1.0,0.0,0.0070921985815602,26.8,1.552294051936009,6.0
75_35,26.6982,55.13384,Resto,1.0,0.0,0.0070921985815602,0.0,1.436604678053701,
73_17,25.07658,54.93162,Resto,1.0,0.0,0.0070921985815602,5227.2,13.350767882138928,11.0
72_33,26.51802,54.83051,Resto,1.0,0.0,0.0070921985815602,290.8666666666667,0.2106002208351843,2.0
71_15,24.8964,54.7294,Resto,1.0,0.0,0.0070921985815602,203.56666666666666,7.859264190486598,7.0
17_43,27.41892,49.26943,Resto,1.0,0.0,0.0049261083743842,2714.766666666667,0.7904862788532158,1.0
80_35,26.6982,55.63939,Resto,1.0,0.0,0.0047393364928909,3.8,2.9386428211426203,
35_35,26.6982,51.08942,Resto,1.0,0.0,0.0071428571428571,154.7,61.99806762911399,19.0
40_14,24.80631,51.59497,Resto,1.0,0.0,0.0072992700729927,96.03333333333333,10.115105689421624,8.0
6_63,29.22072,48.15722,Resto,1.0,0.0,0.005813953488372,711.9,4.979944780272018,23.0
35_30,26.24775,51.08942,Resto,1.0,0.0,0.0071428571428571,89.93333333333334,14.844474395917294,7.0
69_14,24.80631,54.52718,Resto,1.0,0.0,0.0070921985815602,2600.233333333333,13.372422048033927,10.0
58_23,25.61712,53.41496,Resto,1.0,0.0,0.0073529411764705,221.76666666666668,87.37081551166283,27.0
88_40,27.14865,56.44828,Resto,1.0,0.0,0.0047393364928909,1021.1333333333333,3.059189418144233,2.0
32_62,29.13063,50.78609,Resto,1.0,0.0,0.0048309178743961,9.566666666666666,1.3299734769547171,
57_36,26.78829,53.31385,Resto,1.0,0.0,0.0074074074074074,1081.3,0.964184570890915,12.0
57_12,24.62613,53.31385,Resto,1.0,0.0,0.0072992700729927,848.2,25.858286268719528,4.0
58_38,26.96847,53.41496,Resto,1.0,0.0,0.0048780487804878,16.3,2.210713447492365,42.0
25_43,27.41892,50.07832,Resto,1.0,0.0,0.0074626865671641,899.6,40.36308592478746,53.0
60_9,24.35586,53.61718,Resto,1.0,0.0,0.0058823529411764,15.5,17.48638734002758,14.0
18_67,29.58108,49.37054,Resto,0.9830508474576272,0.0169491525423728,0.0210970464135021,85.43333333333334,51.73153802270068,18.0
35_54,28.40991,51.08942,Resto,0.9562289562289564,0.0033670033670033,0.0064516129032258,27.333333333333332,4.397761892606511,48.0
25_69,29.76126,50.07832,Resto,0.9324324324324323,0.0067567567567567,0.0126582278481012,30.5,18.840037581504475,23.0
26_35,26.6982,50.17943,Resto,0.9189189189189187,0.0045045045045045,0.0083333333333333,6592.333333333333,4.0439236256917255,21.0
28_35,26.6982,50.38165,Resto,0.9189189189189187,0.0045045045045045,0.0083333333333333,2063.0,22.63588150252296,17.0
30_36,26.78829,50.58387,Resto,0.9189189189189187,0.0045045045045045,0.0083333333333333,1195.8,44.7020483897781,21.0
78_30,26.24775,55.43717,Resto,0.912280701754386,0.0175438596491228,0.0227272727272727,207.43333333333334,35.293310006161846,72.0
43_30,26.24775,51.89831,Resto,0.9111111111111112,0.0044444444444444,0.0081632653061224,761.6333333333333,50.26954250000494,23.0
16_49,27.95946,49.16832,Resto,0.9107142857142864,0.0535714285714285,0.0579710144927536,276.96666666666664,31.88470011049994,16.0
65_28,26.06757,54.12274,Resto,0.8991825613079021,0.0163487738419618,0.0192307692307692,78.7,42.35418831920472,81.0
61_22,25.52703,53.71829,Resto,0.8744186046511628,0.0046511627906976,0.0082644628099173,202.76666666666668,58.33709864051114,38.0
46_19,25.25676,52.20164,Resto,0.8689655172413793,0.0068965517241379,0.0097087378640776,161.23333333333332,59.458223886707486,9.0
24_69,29.76126,49.97721,Resto,0.8513513513513513,0.0067567567567567,0.0117647058823529,11.8,25.410575079706824,20.0
26_70,29.85135,50.17943,Resto,0.8513513513513513,0.0067567567567567,0.0117647058823529,0.16666666666666666,5.147368537368151,3.0
42_18,25.16667,51.7972,Resto,0.8399999999999999,0.0088888888888888,0.0123456790123456,331.23333333333335,18.334969984577764,9.0
33_37,26.87838,50.8872,Resto,0.8389261744966443,0.0067114093959731,0.0115606936416184,917.7,70.51634250657177,40.0
74_26,25.88739,55.03273,Resto,0.8355263157894737,0.006578947368421,0.0112994350282485,567.7333333333333,0.3062992496161,
74_22,25.52703,55.03273,Resto,0.7960526315789469,0.0723684210526315,0.0780141843971631,2965.5333333333333,36.29710096683892,23.0
29_37,26.87838,50.48276,Resto,0.7927927927927936,0.0495495495495495,0.0533980582524271,10126.966666666667,40.20194808095027,29.0
54_27,25.97748,53.01052,Resto,0.7854545454545452,0.0109090909090909,0.0147783251231527,222.03333333333333,93.64784576479144,46.0
31_56,28.59009,50.68498,Resto,0.7837837837837838,0.009009009009009,0.0121951219512195,167.6,32.814002748997765,41.0
32_54,28.40991,50.78609,Resto,0.7702702702702702,0.0135135135135135,0.0167364016736401,171.23333333333332,32.03445264859157,45.0
57_11,24.53604,53.31385,Resto,0.7681159420289856,0.0072463768115942,0.0117647058823529,157.43333333333334,17.186935178396126,6.0
21_40,27.14865,49.67388,Resto,0.7633928571428572,0.0044642857142857,0.0072202166064981,27439.666666666668,10.232178718646798,11.0
28_58,28.77027,50.38165,Resto,0.7601809954751131,0.0135746606334841,0.0181818181818181,88.93333333333334,45.23433039942572,43.0
32_42,27.32883,50.78609,Resto,0.7567567567567566,0.0135135135135135,0.0166666666666666,158.16666666666666,90.52598492691348,62.0
12_67,29.58108,48.76388,Resto,0.7449664429530181,0.0738255033557047,0.0761904761904762,15852.3,40.57905277858724,14.0
44_23,25.61712,51.99942,Resto,0.7438016528925617,0.0137741046831955,0.0161812297734627,200.5,42.54217290198282,18.0
39_31,26.33784,51.49386,Resto,0.733333333333333,0.0133333333333333,0.0163265306122449,223.66666666666666,29.11692860262092,23.0
41_30,26.24775,51.69608,Resto,0.733333333333333,0.0133333333333333,0.0163265306122449,477.46666666666664,38.27946367205421,27.0
81_27,25.97748,55.7405,Resto,0.7312775330396448,0.0704845814977973,0.073469387755102,1415.0,27.29897928524332,43.0
51_39,27.05856,52.70719,Resto,0.7247386759581893,0.0383275261324041,0.0413223140495867,62.93333333333333,22.33941398303656,63.0
66_25,25.7973,54.22385,Resto,0.7053824362606242,0.0396600566572237,0.0419354838709677,350.26666666666665,31.325706415699067,65.0
32_50,28.04955,50.78609,Resto,0.6891891891891895,0.0405405405405405,0.0439024390243902,227.0,48.77485153219341,61.0
30_51,28.13964,50.58387,Resto,0.6891891891891895,0.0405405405405405,0.0439024390243902,156.86666666666667,62.17899111330285,58.0
31_50,28.04955,50.68498,Resto,0.6891891891891895,0.0405405405405405,0.0439024390243902,172.2,58.52117355696958,59.0
32_36,26.78829,50.78609,Resto,0.6778523489932886,0.0134228187919463,0.0173410404624277,1498.3,57.81407417248607,17.0
44_19,25.25676,51.99942,Resto,0.6724137931034484,0.0172413793103448,0.0194174757281553,336.1,39.10461991423108,8.0
83_29,26.15766,55.94272,Resto,0.668874172185431,0.0298013245033112,0.032520325203252,1209.6666666666667,15.914692775324552,68.0
43_38,26.96847,51.89831,Resto,0.6607142857142856,0.0178571428571428,0.0205761316872428,130.2,81.28373437192924,57.0
11_58,28.77027,48.66277,Resto,0.6515837104072393,0.0407239819004524,0.0439024390243902,146.06666666666666,26.67442753163607,21.0
78_32,26.42793,55.43717,Resto,0.651315789473685,0.0592105263157894,0.0638297872340425,149.9,16.500570460547106,6.0
60_31,26.33784,53.61718,Resto,0.6511627906976738,0.0651162790697674,0.0682926829268292,46.6,35.5345365233066,85.0
61_26,25.88739,53.71829,Resto,0.6462093862815887,0.0433212996389891,0.0460251046025104,186.26666666666668,71.17505920710644,69.0
26_64,29.31081,50.17943,Resto,0.6107382550335565,0.046979865771812,0.0514705882352941,56.266666666666666,11.160870130502117,37.0
46_36,26.78829,52.20164,Resto,0.6074766355140189,0.014018691588785,0.0165289256198347,425.43333333333334,74.23000753502002,60.0
78_24,25.70721,55.43717,Resto,0.5964912280701755,0.0307017543859649,0.034090909090909,849.5,18.266122724555217,33.0
26_52,28.22973,50.17943,Resto,0.5945945945945943,0.0202702702702702,0.0238095238095238,119.16666666666667,94.97296527733216,57.0
68_26,25.88739,54.42607,Resto,0.5753424657534252,0.0273972602739726,0.029520295202952,222.6,8.882471496872443,52.0
44_32,26.42793,51.99942,Resto,0.568888888888889,0.0355555555555555,0.0382775119617224,2611.3,71.94266529153371,42.0
31_39,27.05856,50.68498,Resto,0.5675675675675675,0.018018018018018,0.0203252032520325,599.2666666666667,68.45552993336867,29.0
27_43,27.41892,50.28054,Resto,0.5675675675675675,0.0101351351351351,0.0125,660.8,59.93576702209017,53.0
15_61,29.04054,49.06721,Resto,0.5633484162895925,0.0248868778280542,0.0265486725663716,92.63333333333334,74.06263576994567,31.0
88_15,24.8964,56.44828,Resto,0.5424164524421595,0.0205655526992287,0.0222929936305732,1.5666666666666667,3.857242588532481,34.0
30_53,28.31982,50.58387,Resto,0.5405405405405403,0.027027027027027,0.0292887029288702,122.3,54.25915221304616,56.0
28_55,28.5,50.38165,Resto,0.5270270270270263,0.0405405405405405,0.0444444444444444,127.26666666666667,61.01747558947152,48.0
60_22,25.52703,53.61718,Resto,0.5251798561151078,0.014388489208633,0.0174418604651162,26.3,67.0155882211238,32.0
19_67,29.58108,49.47165,Resto,0.5181818181818183,0.009090909090909,0.0122699386503067,130.83333333333334,49.42744283708181,19.0
75_26,25.88739,55.13384,Resto,0.5065789473684212,0.0197368421052631,0.0225988700564971,236.06666666666666,8.355067000748383,54.0
37_49,27.95946,51.29164,Resto,0.4977777777777783,0.0311111111111111,0.0334928229665071,23.466666666666665,9.206652633096748,4.0
82_32,26.42793,55.84161,Resto,0.4933920704845818,0.0308370044052863,0.0331753554502369,704.1666666666666,20.68785861719313,55.0
30_23,25.61712,50.58387,Resto,0.4864864864864864,0.009009009009009,0.0119047619047619,38.0,15.695867049538402,11.0
16_59,28.86036,49.16832,Resto,0.4663677130044839,0.0313901345291479,0.0333333333333333,273.43333333333334,77.31987089853943,31.0
34_42,27.32883,50.98831,Resto,0.4484304932735425,0.0089686098654708,0.0115606936416184,191.3,78.47331404946615,65.0
30_25,25.7973,50.58387,Resto,0.4464285714285716,0.0089285714285714,0.0114942528735632,873.5,1.143264096144601,1.0
81_33,26.51802,55.7405,Resto,0.4229074889867839,0.026431718061674,0.0284360189573459,161.03333333333333,16.007608200512973,34.0
17_70,29.85135,49.26943,Resto,0.4189189189189193,0.0709459459459459,0.072463768115942,25.366666666666667,31.90910815732538,18.0
39_37,26.87838,51.49386,Resto,0.40625,0.03125,0.0329218106995884,135.96666666666667,83.46603938752544,67.0
15_66,29.49099,49.06721,Resto,0.4054054054054052,0.0202702702702702,0.0217391304347826,101.46666666666667,62.34591981068333,18.0
28_60,28.95045,50.38165,Resto,0.4054054054054052,0.0337837837837837,0.0367647058823529,112.26666666666667,29.288573777967244,43.0
19_70,29.85135,49.47165,Resto,0.4054054054054052,0.0337837837837837,0.0367647058823529,12.566666666666666,20.02042720271252,13.0
21_60,28.95045,49.67388,Resto,0.4054054054054052,0.0337837837837837,0.0367647058823529,235.8,68.61526944456897,39.0
66_21,25.43694,54.22385,Resto,0.4020618556701034,0.0309278350515463,0.0323741007194244,264.93333333333334,20.824559399040893,34.0
44_35,26.6982,51.99942,Resto,0.4017857142857144,0.0267857142857142,0.0287081339712918,3092.4666666666667,92.68762278684316,64.0
42_45,27.5991,51.7972,Resto,0.4017857142857144,0.0267857142857142,0.0287081339712918,145.1,26.04038888568311,15.0
88_35,26.6982,56.44828,Resto,0.3982300884955752,0.0265486725663716,0.0284360189573459,101.5,17.010605488721048,70.0
42_8,24.26577,51.7972,Resto,0.3944636678200692,0.0069204152249134,0.0086206896551724,33.1,1.8524694658423928,6.0
46_28,26.06757,52.20164,Resto,0.3927272727272726,0.0109090909090909,0.0125523012552301,509.8,66.02374384984115,44.0
14_52,28.22973,48.9661,Resto,0.384615384615385,0.0226244343891402,0.0245098039215686,1466.5666666666666,30.24101598889057,10.0
29_52,28.22973,50.48276,Resto,0.3828828828828827,0.0225225225225225,0.024390243902439,236.16666666666666,67.28890119413153,58.0
30_46,27.68919,50.58387,Resto,0.3828828828828827,0.0225225225225225,0.024390243902439,131.3,84.35915588881518,58.0
29_43,27.41892,50.48276,Resto,0.3783783783783783,0.0067567567567567,0.0083333333333333,249.56666666666666,79.76977125588208,52.0
28_51,28.13964,50.38165,Resto,0.378378378378378,0.027027027027027,0.0298507462686567,179.5,80.33225957451036,57.0
27_49,27.95946,50.28054,Resto,0.378378378378378,0.027027027027027,0.0298507462686567,92.83333333333333,92.52924141807688,55.0
61_11,24.53604,53.71829,Resto,0.3773584905660379,0.0094339622641509,0.0116279069767441,1246.1333333333334,31.796293788229388,10.0
89_25,25.7973,56.54939,Resto,0.3761061946902657,0.0221238938053097,0.0239234449760765,4.666666666666667,18.050992882363087,86.0
45_39,27.05856,52.10053,Resto,0.3758389261744961,0.046979865771812,0.0496453900709219,93.03333333333333,59.050258452812535,57.0
61_31,26.33784,53.71829,Resto,0.3720930232558137,0.0372093023255813,0.0390243902439024,355.6333333333333,27.71439141179336,87.0
64_30,26.24775,54.02163,Resto,0.3720930232558137,0.0372093023255813,0.0390243902439024,317.06666666666666,26.72777118747116,86.0
67_32,26.42793,54.32496,Resto,0.3686635944700462,0.0368663594470046,0.038647342995169,433.1666666666667,20.47934554249068,46.0
43_18,25.16667,51.89831,Resto,0.3633217993079585,0.0242214532871972,0.0255474452554744,239.9,28.55620742290412,9.0
84_33,26.51802,56.04383,Resto,0.3524229074889868,0.0220264317180616,0.0236966824644549,847.5666666666667,19.31358464695005,67.0
31_59,28.86036,50.68498,Resto,0.3468468468468471,0.0315315315315315,0.0331753554502369,377.06666666666666,13.922209211592584,26.0
77_25,25.7973,55.33606,Resto,0.3421052631578947,0.0263157894736842,0.0282485875706214,859.7666666666667,29.21033537506973,41.0
50_38,26.96847,52.60608,Resto,0.338028169014084,0.056338028169014,0.0579710144927536,57.63333333333333,36.46724555281617,72.0
16_69,29.76126,49.16832,Resto,0.3378378378378377,0.0168918918918918,0.0181159420289855,867.7666666666667,39.854167870488666,14.0
86_33,26.51802,56.24606,Resto,0.331858407079646,0.0221238938053097,0.0236966824644549,741.6666666666666,18.752190684368497,90.0
45_9,24.35586,52.10053,Resto,0.3259668508287294,0.005524861878453,0.0066006600660066,0.4,13.861748917811836,6.0
61_8,24.26577,53.71829,Resto,0.3168316831683169,0.0099009900990099,0.0117647058823529,328.2,3.9275629658364495,2.0
39_40,27.14865,51.49386,Resto,0.3125,0.03125,0.0327102803738317,244.1,78.04491873122063,73.0
47_18,25.16667,52.30275,Resto,0.3114186851211071,0.0207612456747404,0.0218978102189781,88.6,69.42961514062368,7.0
8_61,29.04054,48.35944,Resto,0.3040540540540535,0.0337837837837837,0.0359712230215827,2246.0,18.12410832588676,23.0
34_47,27.77928,50.98831,Resto,0.2953020134228188,0.0268456375838926,0.0289855072463768,292.5,44.07505383728003,66.0
66_30,26.24775,54.22385,Resto,0.2916666666666669,0.0324074074074074,0.0338164251207729,405.3,26.838935583032907,79.0
74_28,26.06757,55.03273,Resto,0.2894736842105265,0.0263157894736842,0.0283687943262411,951.5,19.384820037436427,75.0
30_57,28.68018,50.58387,Resto,0.2882882882882884,0.018018018018018,0.0194174757281553,131.03333333333333,33.19549185073274,44.0
31_37,26.87838,50.68498,Resto,0.2882882882882884,0.018018018018018,0.0194174757281553,865.5,57.74267804003095,24.0
59_22,25.52703,53.51607,Resto,0.2877697841726618,0.0215827338129496,0.0232558139534883,139.76666666666668,76.06952194316213,30.0
89_15,24.8964,56.54939,Resto,0.2857142857142858,0.0124223602484472,0.0144927536231884,3.066666666666667,13.065920136295418,62.0
22_50,28.04955,49.77499,Resto,0.2837837837837837,0.0202702702702702,0.0223880597014925,3749.0333333333333,77.34232743342838,34.0
22_43,27.41892,49.77499,Resto,0.28125,0.0133928571428571,0.0147783251231527,1087.1666666666667,14.1732062266294,30.0
20_44,27.50901,49.57276,Resto,0.28125,0.0133928571428571,0.0147783251231527,811.7,16.47923204622272,6.0
62_31,26.33784,53.8194,Resto,0.2790697674418609,0.027906976744186,0.0292682926829268,389.4,21.37995442031817,89.0
74_25,25.7973,55.03273,Resto,0.2763157894736845,0.0131578947368421,0.0144927536231884,257.06666666666666,6.353356447500079,49.0
22_56,28.59009,49.77499,Resto,0.2669683257918551,0.0226244343891402,0.0242424242424242,157.1,86.90762811259154,47.0
25_37,26.87838,50.07832,Resto,0.2635135135135131,0.0202702702702702,0.0222222222222222,5708.133333333333,10.249202257399606,21.0
47_17,25.07658,52.30275,Resto,0.2595155709342558,0.0173010380622837,0.0182481751824817,32.5,59.63850472747796,14.0
37_41,27.23874,51.29164,Resto,0.25,0.0241935483870967,0.025089605734767,214.56666666666666,73.85276893615872,76.0
47_25,25.7973,52.30275,Resto,0.2439024390243904,0.024390243902439,0.0254237288135593,260.8,71.2663885751868,37.0
25_58,28.77027,50.07832,Resto,0.2432432432432429,0.0202702702702702,0.0220588235294117,124.63333333333334,54.011586433646656,47.0
18_60,28.95045,49.37054,Resto,0.2421524663677128,0.0134529147982062,0.0146341463414634,155.7,96.13607404014736,38.0
35_43,27.41892,51.08942,Resto,0.2399999999999997,0.02,0.0217391304347826,107.4,64.78487812092636,68.0
41_25,25.7973,51.69608,Resto,0.2390572390572396,0.0269360269360269,0.0278884462151394,4148.233333333334,10.494229904901326,9.0
78_31,26.33784,55.43717,Resto,0.2352941176470588,0.0196078431372549,0.0212765957446808,332.9,25.959051465865468,58.0
45_45,27.5991,52.10053,Resto,0.2348993288590604,0.0335570469798657,0.0352112676056338,4.733333333333333,15.249227648674935,60.0
34_51,28.13964,50.98831,Resto,0.2297297297297293,0.0135135135135135,0.0146341463414634,233.0,27.36029198363982,48.0
29_41,27.23874,50.48276,Resto,0.2297297297297293,0.0135135135135135,0.0146341463414634,210.93333333333334,67.13068461772457,62.0
77_30,26.24775,55.33606,Resto,0.2280701754385965,0.0043859649122807,0.0056818181818181,69.6,32.99647413046694,18.0
65_22,25.52703,54.12274,Resto,0.2233676975945009,0.0171821305841924,0.0179856115107913,35.666666666666664,32.03276177457142,40.0
62_16,24.98649,53.8194,Resto,0.2173913043478261,0.0217391304347826,0.0229885057471264,951.6,46.90853501142457,22.0
10_58,28.77027,48.56166,Resto,0.2171945701357467,0.0135746606334841,0.0146341463414634,391.26666666666665,16.82185495939785,22.0
72_17,25.07658,54.83051,Resto,0.2171052631578947,0.0197368421052631,0.0212765957446808,4295.266666666666,18.676031787629,14.0
28_37,26.87838,50.38165,Resto,0.2162162162162162,0.0135135135135135,0.0145631067961165,2084.366666666667,32.4916776943693,24.0
23_39,27.05856,49.8761,Resto,0.2121212121212121,0.0033670033670033,0.0042735042735042,658.1666666666666,18.99959691806185,37.0
68_17,25.07658,54.42607,Resto,0.2083333333333339,0.0231481481481481,0.0241545893719806,263.46666666666664,23.81616274718909,22.0
31_34,26.60811,50.68498,Resto,0.2027027027027026,0.0135135135135135,0.0144927536231884,594.5666666666667,36.071323605376136,15.0
22_48,27.86937,49.77499,Resto,0.201342281879195,0.0201342281879194,0.0215827338129496,1421.2,60.92023901677223,50.0
43_39,27.05856,51.89831,Resto,0.2008928571428572,0.0133928571428571,0.0143540669856459,405.1666666666667,76.19692798747617,56.0
50_40,27.14865,52.60608,Resto,0.197183098591549,0.0328638497652582,0.0338164251207729,12.166666666666666,20.55918634409822,74.0
29_30,26.24775,50.48276,Resto,0.1925675675675675,0.0033783783783783,0.00418410041841,6562.266666666666,0.580006420402071,3.0
28_47,27.77928,50.38165,Resto,0.1925675675675666,0.0371621621621621,0.0379746835443038,1297.0333333333333,85.9006585099838,52.0
44_26,25.88739,51.99942,Resto,0.1919191919191911,0.0202020202020202,0.0210084033613445,1115.4666666666667,42.0919603480681,25.0
23_44,27.50901,49.8761,Resto,0.189189189189189,0.0135135135135135,0.0149253731343283,761.0,28.316405164683506,43.0
53_9,24.35586,52.90941,Resto,0.1886792452830189,0.0047169811320754,0.005813953488372,137.46666666666667,23.01494489166098,3.0
22_42,27.32883,49.77499,Resto,0.1875,0.0089285714285714,0.0098522167487684,2533.6666666666665,8.669027374665427,37.0
26_26,25.88739,50.17943,Resto,0.1858108108108107,0.0033783783783783,0.0041493775933609,119.73333333333333,6.466150032343517,12.0
33_29,26.15766,50.8872,Resto,0.1812080536912752,0.0201342281879194,0.0214285714285714,1842.3,19.855540998753543,4.0
38_32,26.42793,51.39275,Resto,0.1812080536912752,0.0201342281879194,0.0214285714285714,275.8333333333333,32.98468341276196,24.0
45_27,25.97748,52.10053,Resto,0.1805555555555558,0.0138888888888888,0.0145454545454545,208.36666666666667,53.63505386593413,37.0
64_17,25.07658,54.02163,Resto,0.1786941580756016,0.0137457044673539,0.014388489208633,167.53333333333333,24.698494727045727,23.0
25_63,29.22072,50.07832,Resto,0.1744966442953019,0.0134228187919463,0.0147058823529411,117.53333333333333,20.73115005895444,45.0
41_41,27.23874,51.69608,Resto,0.1744966442953019,0.023489932885906,0.0241935483870967,272.8666666666667,65.22482101468732,51.0
41_14,24.80631,51.69608,Resto,0.1733333333333331,0.0133333333333333,0.0145985401459854,86.9,18.57469003349817,10.0
22_38,26.96847,49.77499,Resto,0.1696428571428572,0.0089285714285714,0.0097560975609756,2161.8333333333335,4.793698010965614,8.0
49_40,27.14865,52.50497,Resto,0.169014084507042,0.028169014084507,0.0289855072463768,179.23333333333332,24.61120861637863,77.0
66_35,26.6982,54.22385,Resto,0.1666666666666669,0.0185185185185185,0.0193236714975845,434.3666666666667,1.236278261382416,7.0
45_42,27.32883,52.10053,Resto,0.165919282511211,0.0224215246636771,0.023391812865497,12.366666666666667,41.68977205872452,66.0
27_60,28.95045,50.28054,Resto,0.162162162162162,0.0135135135135135,0.0147058823529411,107.93333333333334,28.85299344791025,36.0
23_70,29.85135,49.8761,Resto,0.162162162162162,0.0135135135135135,0.0147058823529411,14.866666666666667,27.68907061351448,12.0
25_71,29.94144,50.07832,Resto,0.162162162162162,0.0135135135135135,0.0147058823529411,15.933333333333334,6.011727455618317,4.0
26_69,29.76126,50.17943,Resto,0.162162162162162,0.0135135135135135,0.0147058823529411,355.0,11.55960497916269,16.0
28_66,29.49099,50.38165,Resto,0.162162162162162,0.0135135135135135,0.0147058823529411,25.5,15.287009988241378,23.0
23_65,29.4009,49.8761,Resto,0.1610738255033559,0.0201342281879194,0.0212765957446808,68.3,42.3828691784828,31.0
44_38,26.96847,51.99942,Resto,0.1610738255033559,0.0201342281879194,0.0212765957446808,154.7,73.11281822357907,50.0
73_30,26.24775,54.93162,Resto,0.1568627450980391,0.0196078431372549,0.0206896551724137,204.83333333333334,30.644292481868074,76.0
49_11,24.53604,52.50497,Resto,0.154228855721393,0.0049751243781094,0.0058823529411764,1227.8333333333333,17.262880916484313,14.0
33_45,27.5991,50.8872,Resto,0.1531531531531531,0.009009009009009,0.0097560975609756,171.26666666666668,62.78288613824521,59.0
27_41,27.23874,50.28054,Resto,0.1531531531531531,0.009009009009009,0.0097560975609756,938.9666666666667,53.767454450956414,41.0
29_44,27.50901,50.48276,Resto,0.1531531531531531,0.009009009009009,0.0097560975609756,73.9,81.76315081269291,53.0
64_34,26.60811,54.02163,Resto,0.1527777777777781,0.0138888888888888,0.0146341463414634,9917.566666666668,5.824176045238902,43.0
34_57,28.68018,50.98831,Resto,0.1515151515151513,0.0101010101010101,0.0106382978723404,17.666666666666668,8.175261034765688,11.0
32_57,28.68018,50.78609,Resto,0.1486486486486486,0.0135135135135135,0.0142180094786729,189.56666666666666,19.0660483185248,30.0
48_11,24.53604,52.40386,Resto,0.1474820143884891,0.0035971223021582,0.0042194092827004,1640.0,7.307383575304009,17.0
76_35,26.6982,55.23495,Resto,0.1447368421052632,0.0131578947368421,0.0141843971631205,19.333333333333332,4.255417805995268,2.0
71_17,25.07658,54.7294,Resto,0.1447368421052632,0.0131578947368421,0.0141843971631205,415.6333333333333,25.08171333631529,22.0
72_19,25.25676,54.83051,Resto,0.1447368421052632,0.0131578947368421,0.0141843971631205,684.1333333333333,34.49858109026133,27.0
74_33,26.51802,55.03273,Resto,0.1447368421052632,0.0131578947368421,0.0141843971631205,96.56666666666666,11.104912643103653,7.0
76_20,25.34685,55.23495,Resto,0.1447368421052632,0.0131578947368421,0.0141843971631205,3025.3,9.656191694337126,18.0
76_31,26.33784,55.23495,Resto,0.1447368421052632,0.0131578947368421,0.0141843971631205,304.3,23.66240088724382,46.0
78_27,25.97748,55.43717,Resto,0.1447368421052632,0.0131578947368421,0.0141843971631205,333.6666666666667,40.22152535942324,60.0
32_40,27.14865,50.78609,Resto,0.1441441441441442,0.009009009009009,0.0097087378640776,265.7,82.6179321783526,55.0
26_36,26.78829,50.17943,Resto,0.1441441441441442,0.009009009009009,0.0097087378640776,1600.3333333333333,11.851455861688445,21.0
57_18,25.16667,53.31385,Resto,0.1438848920863318,0.0719424460431654,0.072992700729927,6466.166666666667,38.68747978942018,18.0
65_15,24.8964,54.12274,Resto,0.1438356164383565,0.0102739726027397,0.0107913669064748,23.2,36.42028545186855,15.0
56_31,26.33784,53.21274,Resto,0.1428571428571428,0.0285714285714285,0.0296296296296296,265.3333333333333,50.68302446934575,74.0
22_72,30.03153,49.77499,Resto,0.1418918918918916,0.0202702702702702,0.0212765957446808,3.8666666666666667,8.954168682455679,3.0
85_30,26.24775,56.14495,Resto,0.1409691629955944,0.0088105726872246,0.0094786729857819,273.3666666666667,3.399379302974412,56.0
58_28,26.06757,53.41496,Resto,0.140845070422535,0.0140845070422535,0.0147783251231527,353.93333333333334,69.0208143372977,68.0
31_24,25.70721,50.68498,Resto,0.1373626373626373,0.0054945054945054,0.0063694267515923,236.43333333333334,6.456741822394494,3.0
35_38,26.96847,51.08942,Resto,0.1342281879194631,0.0134228187919463,0.014388489208633,187.16666666666666,88.36670008903128,61.0
36_49,27.95946,51.19053,Resto,0.1339285714285716,0.0089285714285714,0.0095693779904306,131.4,17.943506839781037,33.0
40_28,26.06757,51.59497,Resto,0.1339285714285716,0.0089285714285714,0.0095693779904306,296.26666666666665,15.8497751183362,19.0
49_27,25.97748,52.50497,Resto,0.1314553990610329,0.0187793427230046,0.0194174757281553,245.6,93.7488398735339,51.0
45_11,24.53604,52.10053,Resto,0.1253561253561252,0.0028490028490028,0.003257328990228,0.5333333333333333,18.688871075018188,9.0
53_10,24.44595,52.90941,Resto,0.125,0.005,0.0057142857142857,137.46666666666667,28.83863230956166,9.0
67_13,24.71622,54.32496,Resto,0.124137931034483,0.0103448275862068,0.0107913669064748,477.3,21.87404209833624,17.0
74_29,26.15766,55.03273,Resto,0.123348017621145,0.0220264317180616,0.0227272727272727,864.2666666666667,29.35599626839918,78.0
46_31,26.33784,52.20164,Resto,0.1121495327102803,0.014018691588785,0.0145631067961165,593.6666666666666,79.804879055647,40.0
50_32,26.42793,52.60608,Resto,0.1121495327102803,0.014018691588785,0.0145631067961165,6.266666666666667,71.47860894165659,77.0
47_6,24.08559,52.30275,Resto,0.1111111111111111,0.0092592592592592,0.0098039215686274,76.96666666666667,8.999119618196119,12.0
56_17,25.07658,53.21274,Resto,0.1071428571428576,0.0357142857142857,0.0364963503649635,430.8,24.60974467731773,17.0
58_20,25.34685,53.41496,Resto,0.1007194244604319,0.0503597122302158,0.0510948905109489,1184.9666666666667,60.8720934112604,29.0
24_46,27.68919,49.97721,Resto,0.1006711409395972,0.0067114093959731,0.0074626865671641,2936.2,50.357369090199015,52.0
48_43,27.41892,52.40386,Resto,0.0975609756097561,0.024390243902439,0.024793388429752,50.06666666666667,17.60865266058014,63.0
23_50,28.04955,49.8761,Resto,0.0945945945945945,0.0067567567567567,0.0074626865671641,821.8666666666667,83.31422950387885,42.0
26_45,27.5991,50.17943,Resto,0.0945945945945945,0.0067567567567567,0.0074626865671641,778.7333333333333,57.98211987767701,49.0
24_50,28.04955,49.97721,Resto,0.0945945945945945,0.0067567567567567,0.0074626865671641,49.06666666666667,86.4429145187004,45.0
65_20,25.34685,54.12274,Resto,0.0893470790378008,0.0068728522336769,0.0071942446043165,8.433333333333334,13.99769382251337,28.0
66_19,25.25676,54.22385,Resto,0.0893470790378008,0.0068728522336769,0.0071942446043165,125.26666666666667,1.1716556090461152,
25_54,28.40991,50.07832,Resto,0.0878378378378378,0.0067567567567567,0.0074074074074074,112.46666666666667,91.30004771545173,55.0
15_45,27.5991,49.06721,Resto,0.0878378378378378,0.0067567567567567,0.0074074074074074,1176.3333333333333,3.651525211501021,5.0
56_24,25.70721,53.21274,Resto,0.0863309352517984,0.0287769784172661,0.0294117647058823,165.83333333333334,91.54117700386688,33.0
60_25,25.7973,53.61718,Resto,0.0863309352517984,0.0287769784172661,0.0294117647058823,44.7,84.2019403738127,38.0
60_15,24.8964,53.61718,Resto,0.086330935251798,0.0431654676258992,0.0437956204379562,960.7333333333333,54.09265862661483,15.0
51_30,26.24775,52.70719,Resto,0.0851063829787235,0.0141843971631205,0.0148148148148148,263.1,79.28453774704498,63.0
47_23,25.61712,52.30275,Resto,0.084507042253521,0.0140845070422535,0.0144927536231884,558.0333333333333,72.51807573864706,28.0
25_67,29.58108,50.07832,Resto,0.081081081081081,0.0067567567567567,0.0073529411764705,21.266666666666666,30.39592002009517,28.0
10_70,29.85135,48.56166,Resto,0.0810810810810807,0.1351351351351351,0.1357142857142857,270.6666666666667,9.382041232309431,2.0
27_42,27.32883,50.28054,Resto,0.0807174887892376,0.0044843049327354,0.0048780487804878,913.9333333333333,58.90207616530868,55.0
53_38,26.96847,52.90941,Resto,0.0791366906474815,0.0287769784172661,0.0292397660818713,53.46666666666667,19.154846350973525,70.0
10_53,28.31982,48.56166,Resto,0.0769230769230768,0.004524886877828,0.0049019607843137,763.1,3.4538634973589946,4.0
89_17,25.07658,56.54939,Resto,0.0752212389380531,0.0044247787610619,0.0047846889952153,3746.766666666667,18.846490643677623,126.0
87_25,25.7973,56.34717,Resto,0.0752212389380531,0.0044247787610619,0.0047846889952153,1.0666666666666667,0.3968837163089989,
11_57,28.68018,48.66277,Resto,0.0723981900452488,0.004524886877828,0.0048780487804878,374.73333333333335,26.06451515527792,10.0
69_15,24.8964,54.52718,Resto,0.0723684210526316,0.006578947368421,0.0070921985815602,1453.3,19.895155206514243,21.0
70_19,25.25676,54.62829,Resto,0.0723684210526316,0.006578947368421,0.0070921985815602,71.8,39.51795478657928,20.0
70_13,24.71622,54.62829,Resto,0.0723684210526316,0.006578947368421,0.0070921985815602,1649.7333333333333,2.1521808474465827,1.0
71_16,24.98649,54.7294,Resto,0.0723684210526316,0.006578947368421,0.0070921985815602,128.2,16.47058336848842,15.0
27_28,26.06757,50.28054,Resto,0.0675675675675675,0.0045045045045045,0.0048309178743961,221.36666666666667,12.272453277462056,18.0
30_61,29.04054,50.58387,Resto,0.0675675675675675,0.0045045045045045,0.0048309178743961,180.4,12.476395313204405,24.0
31_62,29.13063,50.68498,Resto,0.0675675675675675,0.0045045045045045,0.0048309178743961,17.066666666666666,0.6917033865992823,
35_40,27.14865,51.08942,Resto,0.0671140939597316,0.0134228187919463,0.0138888888888888,169.7,92.08980015799354,69.0
43_28,26.06757,51.89831,Resto,0.0669642857142858,0.0044642857142857,0.0047846889952153,959.6333333333333,37.92880297576863,29.0
32_30,26.24775,50.78609,Resto,0.0666666666666666,0.0066666666666666,0.0071428571428571,4145.4,10.6111240663824,11.0
89_40,27.14865,56.54939,Resto,0.0663716814159292,0.0044247787610619,0.0047393364928909,23.766666666666666,1.978609371381264,1.0
56_13,24.71622,53.21274,Resto,0.064285714285714,0.0214285714285714,0.0218978102189781,1125.4333333333334,20.357328403798736,11.0
50_18,25.16667,52.60608,Resto,0.064285714285714,0.0214285714285714,0.0218978102189781,98.26666666666667,55.06677164090322,18.0
51_18,25.16667,52.70719,Resto,0.064285714285714,0.0214285714285714,0.0218978102189781,35.9,46.86821810455568,22.0
36_33,26.51802,51.19053,Resto,0.0604026845637584,0.0067114093959731,0.0071428571428571,226.7,40.26406788122296,19.0
38_34,26.60811,51.39275,Resto,0.0604026845637584,0.0067114093959731,0.0071428571428571,285.26666666666665,51.79060118048975,33.0
7_64,29.31081,48.25833,Resto,0.0604026845637584,0.0067114093959731,0.0071428571428571,1005.6,13.331384402575464,4.0
34_29,26.15766,50.98831,Resto,0.0604026845637584,0.0067114093959731,0.0071428571428571,81.06666666666666,13.061243089343169,5.0
35_28,26.06757,51.08942,Resto,0.0604026845637584,0.0067114093959731,0.0071428571428571,44.3,0.1019121180971325,
6_66,29.49099,48.15722,Resto,0.0604026845637584,0.0067114093959731,0.0071428571428571,29.7,5.384445483717166,2.0
50_42,27.32883,52.60608,Resto,0.056338028169014,0.0093896713615023,0.0096618357487922,14.766666666666667,2.2580793605762595,10.0
43_10,24.44595,51.89831,Resto,0.0551724137931034,0.0034482758620689,0.0036496350364963,0.26666666666666666,21.621386337547687,11.0
33_31,26.33784,50.8872,Resto,0.0533333333333332,0.0066666666666666,0.0070422535211267,600.7666666666667,24.094504496441,9.0
47_10,24.44595,52.30275,Resto,0.0519031141868512,0.0034602076124567,0.0036496350364963,41.46666666666667,3.498462040764104,14.0
35_57,28.68018,51.08942,Resto,0.0505050505050505,0.0033670033670033,0.0035460992907801,11.166666666666666,1.7442763429348838,
48_10,24.44595,52.40386,Resto,0.0467289719626169,0.0046728971962616,0.0049019607843137,335.3,8.761715521188863,24.0
89_13,24.71622,56.54939,Resto,0.0466666666666666,0.0066666666666666,0.0069930069930069,935.5,5.827890639566338,30.0
54_24,25.70721,53.01052,Resto,0.0431654676258992,0.014388489208633,0.0147058823529411,260.2,90.4195723823427,45.0
54_20,25.34685,53.01052,Resto,0.043165467625899,0.0215827338129496,0.0218978102189781,240.1,50.5496942886247,26.0
60_21,25.43694,53.61718,Resto,0.043165467625899,0.0215827338129496,0.0218978102189781,15.533333333333333,62.76945126618429,36.0
55_17,25.07658,53.11163,Resto,0.0428571428571429,0.0142857142857142,0.0145985401459854,55.03333333333333,20.84314517008616,18.0
34_40,27.14865,50.98831,Resto,0.0335570469798658,0.0067114093959731,0.0069444444444444,196.6,96.17523603460027,57.0
51_17,25.07658,52.70719,Resto,0.028776978417266,0.014388489208633,0.0145985401459854,137.13333333333333,41.12836439196953,16.0
59_21,25.43694,53.51607,Resto,0.028776978417266,0.014388489208633,0.0145985401459854,1364.5666666666666,72.36302995375287,27.0
55_16,24.98649,53.11163,Resto,0.028776978417266,0.014388489208633,0.0145985401459854,196.73333333333332,11.08308433756358,22.0
52_41,27.23874,52.8083,Resto,0.028169014084507,0.0046948356807511,0.0048309178743961,41.8,0.7087431819986196,
89_22,25.52703,56.54939,Resto,0.0264900662251652,0.0165562913907284,0.0166666666666666,18.9,18.02880761864352,87.0
59_16,24.98649,53.51607,Resto,0.0214285714285714,0.0071428571428571,0.0072992700729927,313.7,45.41875683641671,24.0
54_13,24.71622,53.01052,Resto,0.0214285714285714,0.0071428571428571,0.0072992700729927,136.03333333333333,16.75093847250374,12.0
54_17,25.07658,53.01052,Resto,0.0214285714285714,0.0071428571428571,0.0072992700729927,1823.8333333333333,20.93421529833569,23.0
55_13,24.71622,53.11163,Resto,0.0214285714285714,0.0071428571428571,0.0072992700729927,50.43333333333333,15.577151481630828,11.0
56_7,24.17568,53.21274,Resto,0.0214285714285714,0.0071428571428571,0.0072992700729927,89.03333333333333,2.7577313246017914,3.0
56_10,24.44595,53.21274,Resto,0.0188679245283029,0.0754716981132075,0.0755813953488372,333.0,15.853751449853462,10.0
51_16,24.98649,52.70719,Resto,0.014388489208633,0.0071942446043165,0.0072992700729927,61.333333333333336,37.21352227964323,14.0
53_13,24.71622,52.90941,Resto,0.014388489208633,0.0071942446043165,0.0072992700729927,240.36666666666667,22.921631965713747,15.0
61_21,25.43694,53.71829,Resto,0.014388489208633,0.0071942446043165,0.0072992700729927,98.26666666666667,53.39817496340963,26.0
58_18,25.16667,53.41496,Resto,0.014388489208633,0.0071942446043165,0.0072992700729927,1227.0333333333333,45.66569553520166,27.0
57_15,24.8964,53.31385,Resto,0.014388489208633,0.0071942446043165,0.0072992700729927,177.46666666666667,23.482375813943445,19.0
52_16,24.98649,52.8083,Resto,0.014388489208633,0.0071942446043165,0.0072992700729927,261.1333333333333,27.548656880487208,22.0
30_43,27.41892,50.58387,Resto,0.0135135135135131,0.0168918918918918,0.0169491525423728,91.53333333333333,88.47898128121878,51.0
51_8,24.26577,52.70719,Resto,0.0072463768115942,0.0072463768115942,0.0072992700729927,799.8333333333334,7.669521809712719,19.0
1_30,26.24775,47.65167,Resto,0.0,0.0,0.0,0.03333333333333333,193.0429851018653,
1_3,23.81532,47.65167,Resto,0.0,0.0,0.0,0.0,327.9971697059749,
1_29,26.15766,47.65167,Resto,0.0,0.0,0.0,0.0,201.1267055727065,
1_28,26.06757,47.65167,Resto,0.0,0.0,0.0,0.0,209.382923018384,
21_15,24.8964,49.67388,Resto,0.0,0.0,0.0,0.03333333333333333,91.5633189817448,
21_14,24.80631,49.67388,Resto,0.0,0.0,0.0,0.0,94.32031092260296,
21_4,23.90541,49.67388,Resto,0.0,0.0,0.0,0.03333333333333333,144.44589383557835,
21_39,27.05856,49.67388,Resto,0.0,0.0,0.0,27439.666666666668,4.363686744893126,11.0
21_38,26.96847,49.67388,Resto,0.0,0.0,0.0,94357.23333333334,1.2793550833049692,
21_37,26.87838,49.67388,Resto,0.0,0.0,0.0,0.9333333333333333,8.910093055715077,
21_36,26.78829,49.67388,Resto,0.0,0.0,0.0,0.03333333333333333,17.000645674126755,
21_35,26.6982,49.67388,Resto,0.0,0.0,0.0,0.13333333333333333,25.86621417363129,
21_34,26.60811,49.67388,Resto,0.0,0.0,0.0,0.0,32.11033275996089,
21_33,26.51802,49.67388,Resto,0.0,0.0,0.0,0.0,33.57660775032817,
21_32,26.42793,49.67388,Resto,0.0,0.0,0.0,0.0,36.34819128730806,
21_31,26.33784,49.67388,Resto,0.0,0.0,0.0,0.0,37.54134559206263,
21_30,26.24775,49.67388,Resto,0.0,0.0,0.0,0.0,32.66788076978757,
21_3,23.81532,49.67388,Resto,0.0,0.0,0.0,0.06666666666666667,151.0997308376734,
21_29,26.15766,49.67388,Resto,0.0,0.0,0.0,0.0,30.441133519042776,
21_5,23.9955,49.67388,Resto,0.0,0.0,0.0,0.03333333333333333,138.20062567710949,
89_46,27.68919,56.54939,Resto,0.0,0.0,0.0,0.06666666666666667,56.86091644973936,
89_45,27.5991,56.54939,Resto,0.0,0.0,0.0,0.06666666666666667,47.390938140705664,
89_44,27.50901,56.54939,Resto,0.0,0.0,0.0,0.1,37.52768749524085,
89_43,27.41892,56.54939,Resto,0.0,0.0,0.0,0.1,27.568989503960843,
89_42,27.32883,56.54939,Resto,0.0,0.0,0.0,0.5,17.633641792718553,
89_41,27.23874,56.54939,Resto,0.0,0.0,0.0,0.6333333333333333,7.794825829320347,
89_4,23.90541,56.54939,Resto,0.0,0.0,0.0,0.0,45.37543652426045,
19_7,24.17568,49.47165,Resto,0.0,0.0,0.0,0.0,145.34505491690854,
1_24,25.70721,47.65167,Resto,0.0,0.0,0.0,0.0,236.6604875805911,
1_23,25.61712,47.65167,Resto,0.0,0.0,0.0,0.0,240.2311310262824,
1_22,25.52703,47.65167,Resto,0.0,0.0,0.0,0.0,242.3209421294883,
1_21,25.43694,47.65167,Resto,0.0,0.0,0.0,0.03333333333333333,244.806508459126,
1_20,25.34685,47.65167,Resto,0.0,0.0,0.0,0.03333333333333333,247.6759188875925,
1_2,23.72523,47.65167,Resto,0.0,0.0,0.0,0.0,332.45864607044933,
1_19,25.25676,47.65167,Resto,0.0,0.0,0.0,0.03333333333333333,250.9160085184043,
1_18,25.16667,47.65167,Resto,0.0,0.0,0.0,0.1,254.51262417972617,
1_17,25.07658,47.65167,Resto,0.0,0.0,0.0,0.1,258.4508852161242,
1_16,24.98649,47.65167,Resto,0.0,0.0,0.0,0.10344827586206896,262.7154308074746,
1_15,24.8964,47.65167,Resto,0.0,0.0,0.0,0.10344827586206896,267.2906471296611,
1_14,24.80631,47.65167,Resto,0.0,0.0,0.0,0.10344827586206896,272.1608698138708,
1_13,24.71622,47.65167,Resto,0.0,0.0,0.0,0.0,276.3287476411312,
21_7,24.17568,49.67388,Resto,0.0,0.0,0.0,0.03333333333333333,127.16041548183546,
21_6,24.08559,49.67388,Resto,0.0,0.0,0.0,0.03333333333333333,132.42175156352536,
22_15,24.8964,49.77499,Resto,0.0,0.0,0.0,0.03333333333333333,81.57579700468375,
22_14,24.80631,49.77499,Resto,0.0,0.0,0.0,0.0,84.60667162562859,
22_13,24.71622,49.77499,Resto,0.0,0.0,0.0,0.0,88.42624647237724,
22_12,24.62613,49.77499,Resto,0.0,0.0,0.0,0.0,93.17444019792224,
22_11,24.53604,49.77499,Resto,0.0,0.0,0.0,0.0,98.71733871895331,
22_10,24.44595,49.77499,Resto,0.0,0.0,0.0,0.0,104.83101848110084,
22_1,23.63514,49.77499,Resto,0.0,0.0,0.0,0.06666666666666667,158.5634691986597,
22_0,23.54505,49.77499,Resto,0.0,0.0,0.0,0.03333333333333333,166.40256310577155,
21_9,24.35586,49.67388,Resto,0.0,0.0,0.0,0.0,118.14616547334674,
21_8,24.26577,49.67388,Resto,0.0,0.0,0.0,0.03333333333333333,122.35773352215706,
21_77,30.48198,49.67388,Resto,0.0,0.0,0.0,0.0,38.64536479359499,
21_76,30.39189,49.67388,Resto,0.0,0.0,0.0,0.03333333333333333,30.181633477891683,
21_75,30.3018,49.67388,Resto,0.0,0.0,0.0,0.03333333333333333,21.71698334722468,
21_74,30.21171,49.67388,Resto,0.0,0.0,0.0,0.23333333333333334,13.251413734154436,
21_73,30.12162,49.67388,Resto,0.0,0.0,0.0,0.03333333333333333,4.784923974135556,
22_3,23.81532,49.77499,Resto,0.0,0.0,0.0,0.06666666666666667,143.67886311528542,
22_29,26.15766,49.77499,Resto,0.0,0.0,0.0,0.03333333333333333,20.302106448306848,
22_28,26.06757,49.77499,Resto,0.0,0.0,0.0,0.0,21.656295827582024,
22_27,25.97748,49.77499,Resto,0.0,0.0,0.0,0.0,21.82423724650372,
22_26,25.88739,49.77499,Resto,0.0,0.0,0.0,0.0,25.136150901062965,
22_25,25.7973,49.77499,Resto,0.0,0.0,0.0,0.03333333333333333,31.44747050076022,
22_24,25.70721,49.77499,Resto,0.0,0.0,0.0,0.0,36.99099942556963,
22_23,25.61712,49.77499,Resto,0.0,0.0,0.0,0.06666666666666667,38.53466412064963,
22_22,25.52703,49.77499,Resto,0.0,0.0,0.0,0.0,42.38138658568473,
22_21,25.43694,49.77499,Resto,0.0,0.0,0.0,0.13333333333333333,47.79791855612016,
22_20,25.34685,49.77499,Resto,0.0,0.0,0.0,0.06666666666666667,54.54012098683156,
22_2,23.72523,49.77499,Resto,0.0,0.0,0.0,0.06666666666666667,150.98410933443364,
22_19,25.25676,49.77499,Resto,0.0,0.0,0.0,0.06666666666666667,61.18125042767928,
22_18,25.16667,49.77499,Resto,0.0,0.0,0.0,0.06666666666666667,67.36695097354949,
22_17,25.07658,49.77499,Resto,0.0,0.0,0.0,0.03333333333333333,73.55121389018419,
22_16,24.98649,49.77499,Resto,0.0,0.0,0.0,0.03333333333333333,79.54258992278159,
22_4,23.90541,49.77499,Resto,0.0,0.0,0.0,0.03333333333333333,136.6711669364959,
22_37,26.87838,49.77499,Resto,0.0,0.0,0.0,2867.4333333333334,3.392788076665605,
22_36,26.78829,49.77499,Resto,0.0,0.0,0.0,0.06666666666666667,12.395328949682284,
22_35,26.6982,49.77499,Resto,0.0,0.0,0.0,0.16666666666666666,20.716662887688265,
22_34,26.60811,49.77499,Resto,0.0,0.0,0.0,0.03333333333333333,22.37461523840672,
22_33,26.51802,49.77499,Resto,0.0,0.0,0.0,0.0,23.6617929816701,
22_32,26.42793,49.77499,Resto,0.0,0.0,0.0,0.0,26.685325920779324,
22_31,26.33784,49.77499,Resto,0.0,0.0,0.0,0.0,29.24079131006018,
22_30,26.24775,49.77499,Resto,0.0,0.0,0.0,0.03333333333333333,23.517628551016283,
89_66,29.49099,56.54939,Resto,0.0,0.0,0.0,0.0,254.35797255287665,
89_65,29.4009,56.54939,Resto,0.0,0.0,0.0,0.0,244.4061644630748,
89_64,29.31081,56.54939,Resto,0.0,0.0,0.0,0.0,234.4570758529212,
89_63,29.22072,56.54939,Resto,0.0,0.0,0.0,0.0,224.5110500547608,
89_62,29.13063,56.54939,Resto,0.0,0.0,0.0,0.03333333333333333,214.56849398508453,
89_61,29.04054,56.54939,Resto,0.0,0.0,0.0,0.03333333333333333,204.6298935318014,
1_1,23.63514,47.65167,Resto,0.0,0.0,0.0,0.0,337.1608572181969,
1_0,23.54505,47.65167,Resto,0.0,0.0,0.0,0.0,342.09387821614604,
19_9,24.35586,49.47165,Resto,0.0,0.0,0.0,0.0,135.58410930720817,
19_8,24.26577,49.47165,Resto,0.0,0.0,0.0,0.0,141.10052518754628,
19_77,30.48198,49.47165,Resto,0.0,0.0,0.0,0.0,20.402416523218783,
19_76,30.39189,49.47165,Resto,0.0,0.0,0.0,0.0,20.690208601515696,
19_75,30.3018,49.47165,Resto,0.0,0.0,0.0,0.06666666666666667,15.16212558068198,
19_74,30.21171,49.47165,Resto,0.0,0.0,0.0,0.06666666666666667,5.324386345251779,
22_5,23.9955,49.77499,Resto,0.0,0.0,0.0,0.03333333333333333,130.0602775587901,
89_31,26.33784,56.54939,Resto,0.0,0.0,0.0,10.8,3.8533584654528834,95.0
89_3,23.81532,56.54939,Resto,0.0,0.0,0.0,0.0,51.793463669241234,
19_6,24.08559,49.47165,Resto,0.0,0.0,0.0,0.03333333333333333,150.0968219003383,
89_75,30.3018,56.54939,Resto,0.0,0.0,0.0,0.03333333333333333,344.0096349929665,
89_74,30.21171,56.54939,Resto,0.0,0.0,0.0,0.03333333333333333,334.0426370896879,
89_73,30.12162,56.54939,Resto,0.0,0.0,0.0,0.03333333333333333,324.07678788143136,
89_72,30.03153,56.54939,Resto,0.0,0.0,0.0,0.03333333333333333,314.11218340932083,
89_71,29.94144,56.54939,Resto,0.0,0.0,0.0,0.03333333333333333,304.148932317434,
89_70,29.85135,56.54939,Resto,0.0,0.0,0.0,0.03333333333333333,294.18715798261434,
89_7,24.17568,56.54939,Resto,0.0,0.0,0.0,0.0,28.72504198724876,
89_69,29.76126,56.54939,Resto,0.0,0.0,0.0,0.03333333333333333,284.2270010907359,
89_68,29.67117,56.54939,Resto,0.0,0.0,0.0,0.03333333333333333,274.2686227723927,
89_67,29.58108,56.54939,Resto,0.0,0.0,0.0,0.0,264.312208444863,
89_2,23.72523,56.54939,Resto,0.0,0.0,0.0,0.0,58.711275428315965,
22_7,24.17568,49.77499,Resto,0.0,0.0,0.0,0.03333333333333333,118.29135919258772,
22_6,24.08559,49.77499,Resto,0.0,0.0,0.0,0.03333333333333333,123.90972991545632,
23_17,25.07658,49.8761,Resto,0.0,0.0,0.0,0.0,65.76531020892396,
23_16,24.98649,49.8761,Resto,0.0,0.0,0.0,0.0,69.4449409891699,
23_15,24.8964,49.8761,Resto,0.0,0.0,0.0,0.0,71.67064195692218,
23_14,24.80631,49.8761,Resto,0.0,0.0,0.0,0.03333333333333333,74.97151144398615,
23_13,24.71622,49.8761,Resto,0.0,0.0,0.0,0.0,79.24893897385874,
23_12,24.62613,49.8761,Resto,0.0,0.0,0.0,0.0,84.506749342445,
23_11,24.53604,49.8761,Resto,0.0,0.0,0.0,0.0,90.56836873039856,
23_10,24.44595,49.8761,Resto,0.0,0.0,0.0,0.0,95.22600080629805,
23_1,23.63514,49.8761,Resto,0.0,0.0,0.0,0.06666666666666667,152.12603899652927,
23_0,23.54505,49.8761,Resto,0.0,0.0,0.0,0.03333333333333333,160.27448261962158,
22_9,24.35586,49.77499,Resto,0.0,0.0,0.0,0.0,108.7193011706274,
22_8,24.26577,49.77499,Resto,0.0,0.0,0.0,0.03333333333333333,113.2058416698074,
22_77,30.48198,49.77499,Resto,0.0,0.0,0.0,0.03333333333333333,33.803121359591515,
22_76,30.39189,49.77499,Resto,0.0,0.0,0.0,0.03333333333333333,24.92366845939587,
22_75,30.3018,49.77499,Resto,0.0,0.0,0.0,0.23333333333333334,16.4555633572047,
22_74,30.21171,49.77499,Resto,0.0,0.0,0.0,0.23333333333333334,7.986555906606862,
23_31,26.33784,49.8761,Resto,0.0,0.0,0.0,0.03333333333333333,21.35241882423132,
23_30,26.24775,49.8761,Resto,0.0,0.0,0.0,0.03333333333333333,15.499876914434042,
23_3,23.81532,49.8761,Resto,0.0,0.0,0.0,0.06666666666666667,136.58285698254664,
23_29,26.15766,49.8761,Resto,0.0,0.0,0.0,0.03333333333333333,10.231418010468293,
23_28,26.06757,49.8761,Resto,0.0,0.0,0.0,0.0,11.491147598046872,
23_27,25.97748,49.8761,Resto,0.0,0.0,0.0,0.0,11.786297662765952,
23_26,25.88739,49.8761,Resto,0.0,0.0,0.0,0.03333333333333333,17.151022393299094,
23_25,25.7973,49.8761,Resto,0.0,0.0,0.0,0.0,25.51374716208687,
23_24,25.70721,49.8761,Resto,0.0,0.0,0.0,0.0,26.78503092792252,
23_23,25.61712,49.8761,Resto,0.0,0.0,0.0,0.0,28.870530123291665,
23_22,25.52703,49.8761,Resto,0.0,0.0,0.0,0.0,33.601148927108575,
23_21,25.43694,49.8761,Resto,0.0,0.0,0.0,0.13333333333333333,40.210741827664464,
23_20,25.34685,49.8761,Resto,0.0,0.0,0.0,0.13333333333333333,46.92703968075553,
23_2,23.72523,49.8761,Resto,0.0,0.0,0.0,0.06666666666666667,144.21507139985744,
23_19,25.25676,49.8761,Resto,0.0,0.0,0.0,0.13333333333333333,53.10700647955456,
23_18,25.16667,49.8761,Resto,0.0,0.0,0.0,0.13333333333333333,59.285554607914406,
23_4,23.90541,49.8761,Resto,0.0,0.0,0.0,0.03333333333333333,129.2558771341465,
23_36,26.78829,49.8761,Resto,0.0,0.0,0.0,15.4,8.173383022609995,
23_35,26.6982,49.8761,Resto,0.0,0.0,0.0,0.3,10.695720934847166,
23_34,26.60811,49.8761,Resto,0.0,0.0,0.0,0.06666666666666667,12.749720849694494,
23_33,26.51802,49.8761,Resto,0.0,0.0,0.0,0.0,13.965815108758502,
23_32,26.42793,49.8761,Resto,0.0,0.0,0.0,0.06666666666666667,17.1862344568418,
23_6,24.08559,49.8761,Resto,0.0,0.0,0.0,0.03333333333333333,115.693960570936,
19_24,25.70721,49.47165,Resto,0.0,0.0,0.0,0.0,61.736964485298806,
19_23,25.61712,49.47165,Resto,0.0,0.0,0.0,0.0,67.6305616253456,
19_5,23.9955,49.47165,Resto,0.0,0.0,0.0,0.03333333333333333,155.26741021575032,
19_44,27.50901,49.47165,Resto,0.0,0.0,0.0,771.4,16.74001017004521,14.0
19_42,27.32883,49.47165,Resto,0.0,0.0,0.0,804.6333333333333,0.7373981327162616,2.0
19_41,27.23874,49.47165,Resto,0.0,0.0,0.0,512.3333333333334,5.957992229709217,1.0
19_40,27.14865,49.47165,Resto,0.0,0.0,0.0,5.433333333333334,0.29150618884714,1.0
19_4,23.90541,49.47165,Resto,0.0,0.0,0.0,0.0,160.86448709807317,
19_39,27.05856,49.47165,Resto,0.0,0.0,0.0,5.433333333333334,9.172366169647017,
19_38,26.96847,49.47165,Resto,0.0,0.0,0.0,0.1,17.83602734880807,
23_5,23.9955,49.8761,Resto,0.0,0.0,0.0,0.03333333333333333,122.25164629448508,
89_12,24.62613,56.54939,Resto,0.0,0.0,0.0,1.0666666666666667,1.1714818059897931,8.0
89_11,24.53604,56.54939,Resto,0.0,0.0,0.0,0.03333333333333333,3.484772267669768,
89_10,24.44595,56.54939,Resto,0.0,0.0,0.0,0.0,8.385856784509723,
89_1,23.63514,56.54939,Resto,0.0,0.0,0.0,0.0,66.28271031380001,
89_0,23.54505,56.54939,Resto,0.0,0.0,0.0,0.0,73.89961245491915,
88_9,24.35586,56.44828,Resto,0.0,0.0,0.0,0.06666666666666667,22.67841220506996,
88_8,24.26577,56.44828,Resto,0.0,0.0,0.0,0.0,29.63662464527315,
88_77,30.48198,56.44828,Resto,0.0,0.0,0.0,0.03333333333333333,363.5636227189039,
88_76,30.39189,56.44828,Resto,0.0,0.0,0.0,0.03333333333333333,353.58329271078253,
88_75,30.3018,56.44828,Resto,0.0,0.0,0.0,0.03333333333333333,343.6033005558256,
88_74,30.21171,56.44828,Resto,0.0,0.0,0.0,0.03333333333333333,333.62366401900914,
23_75,30.3018,49.8761,Resto,0.0,0.0,0.0,0.0,11.525672749262895,
23_74,30.21171,49.8761,Resto,0.0,0.0,0.0,0.0,2.729997841903811,18.0
23_7,24.17568,49.8761,Resto,0.0,0.0,0.0,0.03333333333333333,109.66296573584664,
23_67,29.58108,49.8761,Resto,0.0,0.0,0.0,21.2,46.72693340418878,22.0
24_19,25.25676,49.97721,Resto,0.0,0.0,0.0,0.06666666666666667,45.02941308712922,
24_18,25.16667,49.97721,Resto,0.0,0.0,0.0,0.06666666666666667,51.41554011659587,
24_17,25.07658,49.97721,Resto,0.0,0.0,0.0,0.0,57.66068820794282,
24_16,24.98649,49.97721,Resto,0.0,0.0,0.0,0.0,59.347712782622864,
24_15,24.8964,49.97721,Resto,0.0,0.0,0.0,0.03333333333333333,61.88645226015499,
24_14,24.80631,49.97721,Resto,0.0,0.0,0.0,0.03333333333333333,65.53280086436797,
24_13,24.71622,49.97721,Resto,0.0,0.0,0.0,0.03333333333333333,70.37845002929514,
24_12,24.62613,49.97721,Resto,0.0,0.0,0.0,0.03333333333333333,76.24303594567594,
24_11,24.53604,49.97721,Resto,0.0,0.0,0.0,0.0,82.03714447184441,
24_10,24.44595,49.97721,Resto,0.0,0.0,0.0,0.03333333333333333,85.77840920231932,
24_1,23.63514,49.97721,Resto,0.0,0.0,0.0,0.06666666666666667,146.1380709925655,
24_0,23.54505,49.97721,Resto,0.0,0.0,0.0,0.03333333333333333,154.5969221611874,
23_9,24.35586,49.8761,Resto,0.0,0.0,0.0,0.0,99.39249250957292,
23_8,24.26577,49.8761,Resto,0.0,0.0,0.0,0.03333333333333333,104.25011968306434,
23_77,30.48198,49.8761,Resto,0.0,0.0,0.0,0.0,30.620381354166945,
23_76,30.39189,49.8761,Resto,0.0,0.0,0.0,0.0,20.998288516768152,
24_33,26.51802,49.97721,Resto,0.0,0.0,0.0,41554.13333333333,4.309636444180606,
24_32,26.42793,49.97721,Resto,0.0,0.0,0.0,0.4,8.585931270333651,
24_31,26.33784,49.97721,Resto,0.0,0.0,0.0,0.1,16.208739669830656,
24_30,26.24775,49.97721,Resto,0.0,0.0,0.0,149.33333333333334,7.107771109774667,
24_3,23.81532,49.97721,Resto,0.0,0.0,0.0,0.03333333333333333,129.8929988104726,
24_29,26.15766,49.97721,Resto,0.0,0.0,0.0,149.33333333333334,1.6299111180242705,
24_28,26.06757,49.97721,Resto,0.0,0.0,0.0,1.9333333333333333,1.4843859968233637,
24_27,25.97748,49.97721,Resto,0.0,0.0,0.0,0.5333333333333333,2.998289588730824,
24_26,25.88739,49.97721,Resto,0.0,0.0,0.0,0.0,12.521462008456544,
24_25,25.7973,49.97721,Resto,0.0,0.0,0.0,0.0,16.153232146466358,
24_24,25.70721,49.97721,Resto,0.0,0.0,0.0,0.0,16.58432372341942,
24_23,25.61712,49.97721,Resto,0.0,0.0,0.0,0.03333333333333333,19.61527988984225,
24_22,25.52703,49.97721,Resto,0.0,0.0,0.0,0.03333333333333333,25.898576661962508,
24_21,25.43694,49.97721,Resto,0.0,0.0,0.0,0.06666666666666667,32.68367227482677,
24_20,25.34685,49.97721,Resto,0.0,0.0,0.0,0.06666666666666667,38.85659951407179,
24_2,23.72523,49.97721,Resto,0.0,0.0,0.0,0.06666666666666667,137.8900386148574,
24_4,23.90541,49.97721,Resto,0.0,0.0,0.0,0.03333333333333333,122.19624747828496,
24_36,26.78829,49.97721,Resto,0.0,0.0,0.0,652.2666666666667,3.887768047449421,
24_35,26.6982,49.97721,Resto,0.0,0.0,0.0,215.4,0.5871585317247824,
24_34,26.60811,49.97721,Resto,0.0,0.0,0.0,3862.133333333333,2.6399790327455297,
88_73,30.12162,56.44828,Resto,0.0,0.0,0.0,0.03333333333333333,323.644403084346,
88_72,30.03153,56.44828,Resto,0.0,0.0,0.0,0.03333333333333333,313.6655403078602,
88_71,29.94144,56.44828,Resto,0.0,0.0,0.0,0.03333333333333333,303.68710124011926,
88_70,29.85135,56.44828,Resto,0.0,0.0,0.0,0.03333333333333333,293.7091149347959,
19_1,23.63514,49.47165,Resto,0.0,0.0,0.0,0.06666666666666667,179.98299004194166,
19_0,23.54505,49.47165,Resto,0.0,0.0,0.0,0.03333333333333333,186.9994300549716,
19_37,26.87838,49.47165,Resto,0.0,0.0,0.0,0.03333333333333333,23.475622242565034,
19_36,26.78829,49.47165,Resto,0.0,0.0,0.0,0.06666666666666667,29.632003781130507,
19_35,26.6982,49.47165,Resto,0.0,0.0,0.0,0.03333333333333333,36.8793846654738,
19_34,26.60811,49.47165,Resto,0.0,0.0,0.0,0.06666666666666667,45.07927204393932,
19_33,26.51802,49.47165,Resto,0.0,0.0,0.0,0.0,53.31346715519792,
19_32,26.42793,49.47165,Resto,0.0,0.0,0.0,0.0,55.68358499128998,
19_31,26.33784,49.47165,Resto,0.0,0.0,0.0,0.0,55.2934423379695,
19_30,26.24775,49.47165,Resto,0.0,0.0,0.0,0.0,52.11878239787952,
19_3,23.81532,49.47165,Resto,0.0,0.0,0.0,0.0,166.8777204711092,
19_29,26.15766,49.47165,Resto,0.0,0.0,0.0,0.03333333333333333,50.76489989532142,
19_28,26.06757,49.47165,Resto,0.0,0.0,0.0,0.03333333333333333,51.37593230382888,
19_27,25.97748,49.47165,Resto,0.0,0.0,0.0,0.03333333333333333,52.29049819487311,
19_26,25.88739,49.47165,Resto,0.0,0.0,0.0,0.03333333333333333,53.77409552417089,
19_25,25.7973,49.47165,Resto,0.0,0.0,0.0,0.0,57.01496216339068,
88_7,24.17568,56.44828,Resto,0.0,0.0,0.0,0.03333333333333333,36.66000387810961,
88_69,29.76126,56.44828,Resto,0.0,0.0,0.0,0.03333333333333333,283.7316145644504,
88_68,29.67117,56.44828,Resto,0.0,0.0,0.0,0.03333333333333333,273.75463817084494,
88_67,29.58108,56.44828,Resto,0.0,0.0,0.0,0.0,263.7782295853584,
88_66,29.49099,56.44828,Resto,0.0,0.0,0.0,0.0,253.80243956624523,
88_65,29.4009,56.44828,Resto,0.0,0.0,0.0,0.0,243.82732721476543,
88_64,29.31081,56.44828,Resto,0.0,0.0,0.0,0.0,233.8529617533099,
88_63,29.22072,56.44828,Resto,0.0,0.0,0.0,0.0,223.8794247782508,
88_62,29.13063,56.44828,Resto,0.0,0.0,0.0,0.03333333333333333,213.9068131421802,
88_61,29.04054,56.44828,Resto,0.0,0.0,0.0,0.03333333333333333,203.93524268059235,
88_60,28.95045,56.44828,Resto,0.0,0.0,0.0,0.03333333333333333,193.96485308626865,
88_6,24.08559,56.44828,Resto,0.0,0.0,0.0,0.0,42.73917413812144,
24_6,24.08559,49.97721,Resto,0.0,0.0,0.0,0.03333333333333333,107.84160470953,
24_5,23.9955,49.97721,Resto,0.0,0.0,0.0,0.03333333333333333,114.8418814927037,
24_77,30.48198,49.97721,Resto,0.0,0.0,0.0,0.0,29.22379261255904,
24_76,30.39189,49.97721,Resto,0.0,0.0,0.0,0.0,19.19459425508561,
24_75,30.3018,49.97721,Resto,0.0,0.0,0.0,0.3,9.187967302404362,
19_22,25.52703,49.47165,Resto,0.0,0.0,0.0,0.03333333333333333,70.80246098024688,
19_21,25.43694,49.47165,Resto,0.0,0.0,0.0,0.03333333333333333,74.39994811790615,
19_20,25.34685,49.47165,Resto,0.0,0.0,0.0,0.13333333333333333,78.96744224344559,
19_2,23.72523,49.47165,Resto,0.0,0.0,0.0,0.0,173.2637830610026,
19_19,25.25676,49.47165,Resto,0.0,0.0,0.0,0.06666666666666667,84.4411678545502,
19_18,25.16667,49.47165,Resto,0.0,0.0,0.0,0.06666666666666667,90.6994638727902,
19_17,25.07658,49.47165,Resto,0.0,0.0,0.0,0.06666666666666667,97.59150342839108,
19_16,24.98649,49.47165,Resto,0.0,0.0,0.0,0.0,104.00132186945392,
19_15,24.8964,49.47165,Resto,0.0,0.0,0.0,0.0,110.20410635483148,
19_14,24.80631,49.47165,Resto,0.0,0.0,0.0,0.0,113.98409970709946,
19_13,24.71622,49.47165,Resto,0.0,0.0,0.0,0.03333333333333333,117.07065149250028,
19_12,24.62613,49.47165,Resto,0.0,0.0,0.0,0.03333333333333333,120.71915866611118,
19_11,24.53604,49.47165,Resto,0.0,0.0,0.0,0.0,125.06651433709638,
19_10,24.44595,49.47165,Resto,0.0,0.0,0.0,0.0,130.04465348105805,
24_7,24.17568,49.97721,Resto,0.0,0.0,0.0,0.03333333333333333,101.35175706992932,
25_20,25.34685,50.07832,Resto,0.0,0.0,0.0,0.13333333333333333,30.782780146011984,
25_2,23.72523,50.07832,Resto,0.0,0.0,0.0,0.0,132.0723574370847,
25_19,25.25676,50.07832,Resto,0.0,0.0,0.0,0.13333333333333333,37.07605286339084,
25_18,25.16667,50.07832,Resto,0.0,0.0,0.0,0.0,44.41413419467276,
25_17,25.07658,50.07832,Resto,0.0,0.0,0.0,0.0,47.59432352859904,
25_16,24.98649,50.07832,Resto,0.0,0.0,0.0,0.0,49.2702613405153,
25_15,24.8964,50.07832,Resto,0.0,0.0,0.0,0.03333333333333333,52.18478104644741,
25_14,24.80631,50.07832,Resto,0.0,0.0,0.0,0.03333333333333333,56.38823476788356,
25_13,24.71622,50.07832,Resto,0.0,0.0,0.0,0.03333333333333333,61.94577694024367,
25_12,24.62613,50.07832,Resto,0.0,0.0,0.0,0.03333333333333333,68.39450333155958,
25_11,24.53604,50.07832,Resto,0.0,0.0,0.0,0.03333333333333333,72.35146337269389,
25_10,24.44595,50.07832,Resto,0.0,0.0,0.0,0.03333333333333333,76.44927916616712,
25_1,23.63514,50.07832,Resto,0.0,0.0,0.0,0.06666666666666667,140.6565470136198,
25_0,23.54505,50.07832,Resto,0.0,0.0,0.0,0.03333333333333333,149.26642928491952,
24_9,24.35586,49.97721,Resto,0.0,0.0,0.0,0.03333333333333333,90.27936821083496,
24_8,24.26577,49.97721,Resto,0.0,0.0,0.0,0.0,95.47649209838924,
25_34,26.60811,50.07832,Resto,0.0,0.0,0.0,11363.666666666666,7.467510588610645,1.0
25_33,26.51802,50.07832,Resto,0.0,0.0,0.0,68005.4,5.347312562391828,7.0
25_32,26.42793,50.07832,Resto,0.0,0.0,0.0,5.566666666666666,2.6611898653959054,
25_31,26.33784,50.07832,Resto,0.0,0.0,0.0,0.2,12.147539780356103,
25_30,26.24775,50.07832,Resto,0.0,0.0,0.0,34.166666666666664,6.776616658928507,
25_3,23.81532,50.07832,Resto,0.0,0.0,0.0,0.0,123.70577572082225,
25_29,26.15766,50.07832,Resto,0.0,0.0,0.0,34.166666666666664,0.6601959792861284,
25_28,26.06757,50.07832,Resto,0.0,0.0,0.0,40.5,4.354244194889994,1.0
25_27,25.97748,50.07832,Resto,0.0,0.0,0.0,51.333333333333336,1.843934259570243,
25_26,25.88739,50.07832,Resto,0.0,0.0,0.0,9.233333333333333,3.516278592947308,1.0
25_25,25.7973,50.07832,Resto,0.0,0.0,0.0,1.5,6.729320430756353,
25_24,25.70721,50.07832,Resto,0.0,0.0,0.0,0.06666666666666667,6.405270207461935,
25_23,25.61712,50.07832,Resto,0.0,0.0,0.0,0.03333333333333333,11.637377684190202,
25_22,25.52703,50.07832,Resto,0.0,0.0,0.0,0.03333333333333333,18.54666149313348,
25_21,25.43694,50.07832,Resto,0.0,0.0,0.0,0.03333333333333333,24.61572102021183,
25_5,23.9955,50.07832,Resto,0.0,0.0,0.0,0.0,107.82696211500723,
25_4,23.90541,50.07832,Resto,0.0,0.0,0.0,0.0,115.60406703394727,
25_6,24.08559,50.07832,Resto,0.0,0.0,0.0,0.0,100.43733523874248,
88_59,28.86036,56.44828,Resto,0.0,0.0,0.0,0.0,183.9958143657928,
88_58,28.77027,56.44828,Resto,0.0,0.0,0.0,0.0,174.02833551104965,
88_57,28.68018,56.44828,Resto,0.0,0.0,0.0,0.0,164.06267632528863,
88_56,28.59009,56.44828,Resto,0.0,0.0,0.0,0.0,154.0991638275714,
88_55,28.5,56.44828,Resto,0.0,0.0,0.0,0.0,144.13821544385658,
88_54,28.40991,56.44828,Resto,0.0,0.0,0.0,0.0,134.1803724984308,
88_53,28.31982,56.44828,Resto,0.0,0.0,0.0,0.03333333333333333,124.22634976146148,
88_52,28.22973,56.44828,Resto,0.0,0.0,0.0,0.03333333333333333,114.2771107959136,
88_51,28.13964,56.44828,Resto,0.0,0.0,0.0,0.03333333333333333,104.3339862302888,
88_50,28.04955,56.44828,Resto,0.0,0.0,0.0,0.0,94.39886640126792,
88_5,23.9955,56.44828,Resto,0.0,0.0,0.0,0.0,47.25001798430305,
88_49,27.95946,56.44828,Resto,0.0,0.0,0.0,0.0,84.47452911662178,
88_48,27.86937,56.44828,Resto,0.0,0.0,0.0,0.03333333333333333,74.56522722977265,
88_47,27.77928,56.44828,Resto,0.0,0.0,0.0,0.03333333333333333,64.67781135220979,
88_46,27.68919,56.44828,Resto,0.0,0.0,0.0,0.03333333333333333,54.80620274087734,
88_45,27.5991,56.44828,Resto,0.0,0.0,0.0,0.06666666666666667,44.93477561498313,
25_9,24.35586,50.07832,Resto,0.0,0.0,0.0,0.03333333333333333,81.3776463172954,
25_8,24.26577,50.07832,Resto,0.0,0.0,0.0,0.0,87.04165822478195,
25_77,30.48198,50.07832,Resto,0.0,0.0,0.0,0.0,30.06902443302089,
25_76,30.39189,50.07832,Resto,0.0,0.0,0.0,0.0,20.26046947976084,
25_75,30.3018,50.07832,Resto,0.0,0.0,0.0,0.0,10.782237568517688,
8_10,24.44595,48.35944,Resto,0.0,0.0,0.0,0.03333333333333333,229.4114499509988,
8_1,23.63514,48.35944,Resto,0.0,0.0,0.0,0.0,274.4616055680495,
8_0,23.54505,48.35944,Resto,0.0,0.0,0.0,0.0,279.2438707676731,
89_9,24.35586,56.54939,Resto,0.0,0.0,0.0,0.0,15.36505841600251,
89_8,24.26577,56.54939,Resto,0.0,0.0,0.0,0.0,22.39495187593274,
89_77,30.48198,56.54939,Resto,0.0,0.0,0.0,0.03333333333333333,363.9467453988533,
89_76,30.39189,56.54939,Resto,0.0,0.0,0.0,0.03333333333333333,353.97769638205125,
18_9,24.35586,49.37054,Resto,0.0,0.0,0.0,0.0,144.1425229829567,
18_8,24.26577,49.37054,Resto,0.0,0.0,0.0,0.0,149.8399434029797,
18_77,30.48198,49.37054,Resto,0.0,0.0,0.0,0.0,10.924087669900798,
18_76,30.39189,49.37054,Resto,0.0,0.0,0.0,0.03333333333333333,11.35732102993864,
18_75,30.3018,49.37054,Resto,0.0,0.0,0.0,0.06666666666666667,14.254443931164646,
18_74,30.21171,49.37054,Resto,0.0,0.0,0.0,0.06666666666666667,4.457717498449518,
18_7,24.17568,49.37054,Resto,0.0,0.0,0.0,0.03333333333333333,154.6709499389501,
25_74,30.21171,50.07832,Resto,0.0,0.0,0.0,0.03333333333333333,1.730210861529335,
25_7,24.17568,50.07832,Resto,0.0,0.0,0.0,0.0,93.44176412731896,
26_22,25.52703,50.17943,Resto,0.0,0.0,0.0,0.8333333333333334,10.384362353589813,
26_21,25.43694,50.17943,Resto,0.0,0.0,0.0,0.03333333333333333,16.545647014176495,
26_20,25.34685,50.17943,Resto,0.0,0.0,0.0,0.06666666666666667,22.75117361278344,
26_2,23.72523,50.17943,Resto,0.0,0.0,0.0,0.0,126.83139240706832,
26_19,25.25676,50.17943,Resto,0.0,0.0,0.0,0.06666666666666667,30.114929597166096,
26_18,25.16667,50.17943,Resto,0.0,0.0,0.0,0.0,35.24264176842523,
26_17,25.07658,50.17943,Resto,0.0,0.0,0.0,0.0,37.40190817626733,
26_16,24.98649,50.17943,Resto,0.0,0.0,0.0,0.0,39.28779252300441,
26_15,24.8964,50.17943,Resto,0.0,0.0,0.0,0.03333333333333333,42.664131721591865,
26_14,24.80631,50.17943,Resto,0.0,0.0,0.0,0.03333333333333333,47.706053055599945,
26_13,24.71622,50.17943,Resto,0.0,0.0,0.0,0.03333333333333333,54.02662925601223,
26_12,24.62613,50.17943,Resto,0.0,0.0,0.0,0.03333333333333333,59.33678737358765,
26_11,24.53604,50.17943,Resto,0.0,0.0,0.0,0.03333333333333333,62.86013926993891,
26_10,24.44595,50.17943,Resto,0.0,0.0,0.0,0.03333333333333333,67.39449918174383,
26_1,23.63514,50.17943,Resto,0.0,0.0,0.0,0.0,135.045713642023,
26_0,23.54505,50.17943,Resto,0.0,0.0,0.0,0.03333333333333333,140.8424023707771,
26_31,26.33784,50.17943,Resto,0.0,0.0,0.0,827.2,3.46660582791631,
26_30,26.24775,50.17943,Resto,0.0,0.0,0.0,2447.5,3.6900353647446655,
26_3,23.81532,50.17943,Resto,0.0,0.0,0.0,0.0,118.09970875911831,
26_29,26.15766,50.17943,Resto,0.0,0.0,0.0,2447.5,0.4030418034214259,1.0
26_28,26.06757,50.17943,Resto,0.0,0.0,0.0,296.8,2.7846953097083054,9.0
26_27,25.97748,50.17943,Resto,0.0,0.0,0.0,383.23333333333335,6.560803795283893,10.0
26_25,25.7973,50.17943,Resto,0.0,0.0,0.0,94.13333333333334,2.3298339380037807,3.0
26_24,25.70721,50.17943,Resto,0.0,0.0,0.0,6.266666666666667,0.4501953549416486,5.0
26_23,25.61712,50.17943,Resto,0.0,0.0,0.0,0.8333333333333334,4.883199650896563,
26_5,23.9955,50.17943,Resto,0.0,0.0,0.0,0.0,101.35892503401794,
26_4,23.90541,50.17943,Resto,0.0,0.0,0.0,0.0,109.59022315642189,
88_44,27.50901,56.44828,Resto,0.0,0.0,0.0,0.06666666666666667,35.08461614780273,
88_43,27.41892,56.44828,Resto,0.0,0.0,0.0,0.13333333333333333,25.334803058206187,
88_42,27.32883,56.44828,Resto,0.0,0.0,0.0,1.7333333333333334,15.864368590117614,
88_41,27.23874,56.44828,Resto,0.0,0.0,0.0,493.76666666666665,6.592552808860616,
18_6,24.08559,49.37054,Resto,0.0,0.0,0.0,0.03333333333333333,159.15162288583463,
8_19,25.25676,48.35944,Resto,0.0,0.0,0.0,0.06666666666666667,184.7155305327722,
8_18,25.16667,48.35944,Resto,0.0,0.0,0.0,0.06666666666666667,189.50747578744424,
8_17,25.07658,48.35944,Resto,0.0,0.0,0.0,0.03333333333333333,194.08299809066307,
8_16,24.98649,48.35944,Resto,0.0,0.0,0.0,0.03333333333333333,198.0481002941657,
8_15,24.8964,48.35944,Resto,0.0,0.0,0.0,0.03333333333333333,202.41200441048764,
8_14,24.80631,48.35944,Resto,0.0,0.0,0.0,0.03333333333333333,207.11922636684565,
8_13,24.71622,48.35944,Resto,0.0,0.0,0.0,0.03333333333333333,212.19837435550767,
8_12,24.62613,48.35944,Resto,0.0,0.0,0.0,0.03333333333333333,217.62340962390564,
8_11,24.53604,48.35944,Resto,0.0,0.0,0.0,0.03333333333333333,223.3691325431272,
88_4,23.90541,56.44828,Resto,0.0,0.0,0.0,0.0,53.2512984178441,
88_39,27.05856,56.44828,Resto,0.0,0.0,0.0,1021.1333333333333,0.873407458315527,
88_31,26.33784,56.44828,Resto,0.0,0.0,0.0,23.966666666666665,0.2719294071628825,
88_30,26.24775,56.44828,Resto,0.0,0.0,0.0,57.53333333333333,1.1320142024534208,26.0
26_6,24.08559,50.17943,Resto,0.0,0.0,0.0,0.0,93.47934213411752,
27_1,23.63514,50.28054,Resto,0.0,0.0,0.0,0.0,126.5306792449085,
27_0,23.54505,50.28054,Resto,0.0,0.0,0.0,0.03333333333333333,132.69298591266394,
26_9,24.35586,50.17943,Resto,0.0,0.0,0.0,0.03333333333333333,72.77792974724099,
26_8,24.26577,50.17943,Resto,0.0,0.0,0.0,0.0,79.05339226871553,
26_77,30.48198,50.17943,Resto,0.0,0.0,0.0,0.0,33.02890376449548,
26_76,30.39189,50.17943,Resto,0.0,0.0,0.0,0.0,23.904706795741,
26_75,30.3018,50.17943,Resto,0.0,0.0,0.0,0.0,15.644946732038274,
26_74,30.21171,50.17943,Resto,0.0,0.0,0.0,0.03333333333333333,10.123420321332665,
26_73,30.12162,50.17943,Resto,0.0,0.0,0.0,42.2,5.011266234878038,
26_72,30.03153,50.17943,Resto,0.0,0.0,0.0,42.2,3.432245009396929,
26_71,29.94144,50.17943,Resto,0.0,0.0,0.0,0.16666666666666666,2.666613688285912,
26_7,24.17568,50.17943,Resto,0.0,0.0,0.0,0.0,86.04176367698423,
27_24,25.70721,50.28054,Resto,0.0,0.0,0.0,60.8,4.4739917559003,19.0
27_21,25.43694,50.28054,Resto,0.0,0.0,0.0,0.03333333333333333,8.472151335679342,
27_20,25.34685,50.28054,Resto,0.0,0.0,0.0,0.1,15.87255980919627,
27_2,23.72523,50.28054,Resto,0.0,0.0,0.0,0.0,120.87499031815408,
27_19,25.25676,50.28054,Resto,0.0,0.0,0.0,0.1,24.039298490052413,
27_18,25.16667,50.28054,Resto,0.0,0.0,0.0,0.0,25.30753182009284,
27_17,25.07658,50.28054,Resto,0.0,0.0,0.0,0.0,27.25871838489235,
27_16,24.98649,50.28054,Resto,0.0,0.0,0.0,0.03333333333333333,29.492453307598986,
27_15,24.8964,50.28054,Resto,0.0,0.0,0.0,0.03333333333333333,33.58698005728824,
27_14,24.80631,50.28054,Resto,0.0,0.0,0.0,0.03333333333333333,39.67164166383976,
27_13,24.71622,50.28054,Resto,0.0,0.0,0.0,0.03333333333333333,46.29419680945583,
27_12,24.62613,50.28054,Resto,0.0,0.0,0.0,0.03333333333333333,49.55542972524445,
27_11,24.53604,50.28054,Resto,0.0,0.0,0.0,0.03333333333333333,53.52833086910128,
27_10,24.44595,50.28054,Resto,0.0,0.0,0.0,0.03333333333333333,58.5886715362323,
27_3,23.81532,50.28054,Resto,0.0,0.0,0.0,0.0,113.16068699505804,
27_26,25.88739,50.28054,Resto,0.0,0.0,0.0,69.76666666666667,15.938770709806732,8.0
27_25,25.7973,50.28054,Resto,0.0,0.0,0.0,84.86666666666666,10.232697556044895,16.0
88_3,23.81532,56.44828,Resto,0.0,0.0,0.0,0.0,59.67485691870557,
88_29,26.15766,56.44828,Resto,0.0,0.0,0.0,57.53333333333333,0.4095257570446235,
88_28,26.06757,56.44828,Resto,0.0,0.0,0.0,19.4,0.5226479927930988,2.0
18_24,25.70721,49.37054,Resto,0.0,0.0,0.0,0.0,70.58821586018091,
18_23,25.61712,49.37054,Resto,0.0,0.0,0.0,0.03333333333333333,75.80353148844748,
18_22,25.52703,49.37054,Resto,0.0,0.0,0.0,0.03333333333333333,80.6311860713936,
18_21,25.43694,49.37054,Resto,0.0,0.0,0.0,0.03333333333333333,83.81514312921216,
18_5,23.9955,49.37054,Resto,0.0,0.0,0.0,0.03333333333333333,164.1127748224306,
18_40,27.14865,49.37054,Resto,0.0,0.0,0.0,11.533333333333333,0.3904633276850019,8.0
18_4,23.90541,49.37054,Resto,0.0,0.0,0.0,0.0,169.42490660385943,
18_39,27.05856,49.37054,Resto,0.0,0.0,0.0,11.533333333333333,9.040086857053666,
18_38,26.96847,49.37054,Resto,0.0,0.0,0.0,0.0,18.68048695556254,
18_37,26.87838,49.37054,Resto,0.0,0.0,0.0,0.03333333333333333,28.6034653141423,
18_36,26.78829,49.37054,Resto,0.0,0.0,0.0,0.06666666666666667,37.526245474503206,
88_2,23.72523,56.44828,Resto,0.0,0.0,0.0,0.0,66.10597268216196,
27_5,23.9955,50.28054,Resto,0.0,0.0,0.0,0.0,95.5702743853642,
27_4,23.90541,50.28054,Resto,0.0,0.0,0.0,0.0,104.25428707005317,
18_1,23.63514,49.37054,Resto,0.0,0.0,0.0,0.0,187.6926075116422,
18_0,23.54505,49.37054,Resto,0.0,0.0,0.0,0.0,194.43739336366096,
17_9,24.35586,49.26943,Resto,0.0,0.0,0.0,0.0,152.91786599808142,
17_8,24.26577,49.26943,Resto,0.0,0.0,0.0,0.0,158.30672082370086,
18_35,26.6982,49.37054,Resto,0.0,0.0,0.0,0.03333333333333333,43.86075459089388,
18_34,26.60811,49.37054,Resto,0.0,0.0,0.0,0.06666666666666667,51.07042387898555,
18_33,26.51802,49.37054,Resto,0.0,0.0,0.0,0.03333333333333333,59.0495267586808,
18_32,26.42793,49.37054,Resto,0.0,0.0,0.0,0.03333333333333333,65.47193889116862,
18_31,26.33784,49.37054,Resto,0.0,0.0,0.0,0.0,64.74440963206084,
18_30,26.24775,49.37054,Resto,0.0,0.0,0.0,0.03333333333333333,62.06179532715778,
18_3,23.81532,49.37054,Resto,0.0,0.0,0.0,0.0,175.15125824807637,
18_29,26.15766,49.37054,Resto,0.0,0.0,0.0,0.03333333333333333,60.936314495819616,
18_28,26.06757,49.37054,Resto,0.0,0.0,0.0,0.03333333333333333,61.45357262431547,
18_27,25.97748,49.37054,Resto,0.0,0.0,0.0,0.03333333333333333,62.47109191998907,
18_26,25.88739,49.37054,Resto,0.0,0.0,0.0,0.03333333333333333,63.7253970670653,
18_25,25.7973,49.37054,Resto,0.0,0.0,0.0,0.0,66.4901961234696,
27_6,24.08559,50.28054,Resto,0.0,0.0,0.0,0.0,87.17514726846031,
88_13,24.71622,56.44828,Resto,0.0,0.0,0.0,1.8333333333333333,4.268841341746089,
88_12,24.62613,56.44828,Resto,0.0,0.0,0.0,0.3,7.877418619569005,
88_11,24.53604,56.44828,Resto,0.0,0.0,0.0,0.4,12.540207689140844,
88_10,24.44595,56.44828,Resto,0.0,0.0,0.0,0.06666666666666667,17.202819866504097,
88_1,23.63514,56.44828,Resto,0.0,0.0,0.0,0.0,73.03453909436237,
88_0,23.54505,56.44828,Resto,0.0,0.0,0.0,0.0,80.55957231858375,
87_9,24.35586,56.34717,Resto,0.0,0.0,0.0,0.0,30.95544526685497,
87_8,24.26577,56.34717,Resto,0.0,0.0,0.0,0.0,36.976938948980525,
87_77,30.48198,56.34717,Resto,0.0,0.0,0.0,0.03333333333333333,363.4480141945362,
87_76,30.39189,56.34717,Resto,0.0,0.0,0.0,0.03333333333333333,353.46417017591585,
87_75,30.3018,56.34717,Resto,0.0,0.0,0.0,0.03333333333333333,343.4804638212955,
87_74,30.21171,56.34717,Resto,0.0,0.0,0.0,0.03333333333333333,333.496894955174,
87_73,30.12162,56.34717,Resto,0.0,0.0,0.0,0.03333333333333333,323.5134634091856,
87_72,30.03153,56.34717,Resto,0.0,0.0,0.0,0.03333333333333333,313.53016902343944,
28_11,24.53604,50.38165,Resto,0.0,0.0,0.0,0.03333333333333333,44.53754253958422,
28_10,24.44595,50.38165,Resto,0.0,0.0,0.0,0.13333333333333333,50.32351820448382,
28_1,23.63514,50.38165,Resto,0.0,0.0,0.0,0.0,118.30951003780218,
28_0,23.54505,50.38165,Resto,0.0,0.0,0.0,0.03333333333333333,124.87148329764238,
27_9,24.35586,50.28054,Resto,0.0,0.0,0.0,0.03333333333333333,64.6789076828749,
27_8,24.26577,50.28054,Resto,0.0,0.0,0.0,0.0,71.65350482884372,
27_77,30.48198,50.28054,Resto,0.0,0.0,0.0,0.0,37.60253140585725,
27_76,30.39189,50.28054,Resto,0.0,0.0,0.0,0.0,29.63819726422614,
27_75,30.3018,50.28054,Resto,0.0,0.0,0.0,0.0,23.2573480908424,
27_74,30.21171,50.28054,Resto,0.0,0.0,0.0,42.2,17.936917478231194,
27_73,30.12162,50.28054,Resto,0.0,0.0,0.0,42.2,14.801822737866267,
27_72,30.03153,50.28054,Resto,0.0,0.0,0.0,42.2,13.131641347929431,
27_71,29.94144,50.28054,Resto,0.0,0.0,0.0,0.06666666666666667,8.602522256918546,
27_70,29.85135,50.28054,Resto,0.0,0.0,0.0,0.06666666666666667,1.9559937391304416,
27_7,24.17568,50.28054,Resto,0.0,0.0,0.0,0.0,79.1608839033671,
28_21,25.43694,50.38165,Resto,0.0,0.0,0.0,0.13333333333333333,2.7989771174964826,
28_20,25.34685,50.38165,Resto,0.0,0.0,0.0,0.13333333333333333,11.154318939041106,
28_2,23.72523,50.38165,Resto,0.0,0.0,0.0,0.0,112.25990999781776,
28_19,25.25676,50.38165,Resto,0.0,0.0,0.0,0.1,13.82500361837346,
28_18,25.16667,50.38165,Resto,0.0,0.0,0.0,0.03333333333333333,15.761532824297818,
28_17,25.07658,50.38165,Resto,0.0,0.0,0.0,0.03333333333333333,17.17005280694652,
28_16,24.98649,50.38165,Resto,0.0,0.0,0.0,0.03333333333333333,19.830685859840823,
28_15,24.8964,50.38165,Resto,0.0,0.0,0.0,0.03333333333333333,25.33809000372613,
28_14,24.80631,50.38165,Resto,0.0,0.0,0.0,0.03333333333333333,32.710102206224526,
28_13,24.71622,50.38165,Resto,0.0,0.0,0.0,0.03333333333333333,36.88974496300048,
28_12,24.62613,50.38165,Resto,0.0,0.0,0.0,0.03333333333333333,39.9654640210866,
28_4,23.90541,50.38165,Resto,0.0,0.0,0.0,0.0,99.70458345167744,
18_20,25.34685,49.37054,Resto,0.0,0.0,0.0,0.1,87.9888916528792,
18_2,23.72523,49.37054,Resto,0.0,0.0,0.0,0.0,181.2526844871049,
18_19,25.25676,49.37054,Resto,0.0,0.0,0.0,0.1,92.93977288375284,
18_18,25.16667,49.37054,Resto,0.0,0.0,0.0,0.1,98.66722479613554,
18_17,25.07658,49.37054,Resto,0.0,0.0,0.0,0.1,105.04429372428838,
18_16,24.98649,49.37054,Resto,0.0,0.0,0.0,0.1,111.96002661272736,
18_15,24.8964,49.37054,Resto,0.0,0.0,0.0,0.0,118.29385929593973,
18_14,24.80631,49.37054,Resto,0.0,0.0,0.0,0.0,123.92773035160856,
18_13,24.71622,49.37054,Resto,0.0,0.0,0.0,0.03333333333333333,126.79552214040648,
18_12,24.62613,49.37054,Resto,0.0,0.0,0.0,0.03333333333333333,130.23518249913985,
18_11,24.53604,49.37054,Resto,0.0,0.0,0.0,0.0,134.28202740216983,
18_10,24.44595,49.37054,Resto,0.0,0.0,0.0,0.0,138.93746066586556,
28_3,23.81532,50.38165,Resto,0.0,0.0,0.0,0.0,106.78102653562864,
28_29,26.15766,50.38165,Resto,0.0,0.0,0.0,3526.6666666666665,0.0812526236932251,1.0
28_27,25.97748,50.38165,Resto,0.0,0.0,0.0,164.63333333333333,7.978071657051547,12.0
28_5,23.9955,50.38165,Resto,0.0,0.0,0.0,0.0,90.59070887002775,
28_7,24.17568,50.38165,Resto,0.0,0.0,0.0,0.13333333333333333,73.0838483650532,
28_69,29.76126,50.38165,Resto,0.0,0.0,0.0,0.1,5.289302655815852,
28_6,24.08559,50.38165,Resto,0.0,0.0,0.0,0.0,81.69102788291535,
87_71,29.94144,56.34717,Resto,0.0,0.0,0.0,0.03333333333333333,303.5470116481457,
87_70,29.85135,56.34717,Resto,0.0,0.0,0.0,0.03333333333333333,293.56399114555023,
87_7,24.17568,56.34717,Resto,0.0,0.0,0.0,0.0,43.91251975599113,
87_69,29.76126,56.34717,Resto,0.0,0.0,0.0,0.03333333333333333,283.58110739229767,
87_68,29.67117,56.34717,Resto,0.0,0.0,0.0,0.03333333333333333,273.5983602822899,
87_67,29.58108,56.34717,Resto,0.0,0.0,0.0,0.0,263.61574973022186,
87_66,29.49099,56.34717,Resto,0.0,0.0,0.0,0.0,253.63327567591912,
87_65,29.4009,56.34717,Resto,0.0,0.0,0.0,0.0,243.6509380897656,
87_64,29.31081,56.34717,Resto,0.0,0.0,0.0,0.0,233.66873697950533,
87_63,29.22072,56.34717,Resto,0.0,0.0,0.0,0.0,223.68667239888225,
87_62,29.13063,56.34717,Resto,0.0,0.0,0.0,0.03333333333333333,213.70474445867765,
87_61,29.04054,56.34717,Resto,0.0,0.0,0.0,0.03333333333333333,203.722953341016,
87_60,28.95045,56.34717,Resto,0.0,0.0,0.0,0.03333333333333333,193.7412993180673,
87_6,24.08559,56.34717,Resto,0.0,0.0,0.0,0.03333333333333333,50.931590047387125,
87_59,28.86036,56.34717,Resto,0.0,0.0,0.0,0.0,183.75978277686207,
87_58,28.77027,56.34717,Resto,0.0,0.0,0.0,0.0,173.77840425264327,
29_13,24.71622,50.48276,Resto,0.0,0.0,0.0,0.0,26.893557306742963,
29_12,24.62613,50.48276,Resto,0.0,0.0,0.0,0.03333333333333333,30.631250443969314,
29_11,24.53604,50.48276,Resto,0.0,0.0,0.0,0.03333333333333333,36.000763502395976,
29_10,24.44595,50.48276,Resto,0.0,0.0,0.0,0.13333333333333333,42.90157279102368,
29_1,23.63514,50.48276,Resto,0.0,0.0,0.0,0.0,110.44732296299978,
29_0,23.54505,50.48276,Resto,0.0,0.0,0.0,0.03333333333333333,117.44293431244525,
28_9,24.35586,50.38165,Resto,0.0,0.0,0.0,0.13333333333333333,57.27250905506562,
28_8,24.26577,50.38165,Resto,0.0,0.0,0.0,0.13333333333333333,64.88569584042925,
28_77,30.48198,50.38165,Resto,0.0,0.0,0.0,0.03333333333333333,43.63088089695643,
28_76,30.39189,50.38165,Resto,0.0,0.0,0.0,0.03333333333333333,36.94873849733698,
28_75,30.3018,50.38165,Resto,0.0,0.0,0.0,0.03333333333333333,31.79126615609881,
28_74,30.21171,50.38165,Resto,0.0,0.0,0.0,42.2,26.5896205561024,
28_73,30.12162,50.38165,Resto,0.0,0.0,0.0,42.2,24.59143808182479,
28_72,30.03153,50.38165,Resto,0.0,0.0,0.0,0.06666666666666667,22.58812163559844,
28_71,29.94144,50.38165,Resto,0.0,0.0,0.0,0.06666666666666667,15.727133835083936,
28_70,29.85135,50.38165,Resto,0.0,0.0,0.0,0.06666666666666667,10.489574546979073,
29_28,26.06757,50.48276,Resto,0.0,0.0,0.0,1485.4666666666667,0.515936725061686,
29_27,25.97748,50.48276,Resto,0.0,0.0,0.0,628.7666666666667,1.9807392916565565,
29_20,25.34685,50.48276,Resto,0.0,0.0,0.0,0.16666666666666666,2.26675416681179,
29_2,23.72523,50.48276,Resto,0.0,0.0,0.0,0.0,103.94827285154828,
29_19,25.25676,50.48276,Resto,0.0,0.0,0.0,0.16666666666666666,3.619178808241774,
29_18,25.16667,50.48276,Resto,0.0,0.0,0.0,0.06666666666666667,6.3404268038040055,
29_17,25.07658,50.48276,Resto,0.0,0.0,0.0,0.03333333333333333,7.082382122637439,
29_16,24.98649,50.48276,Resto,0.0,0.0,0.0,0.03333333333333333,11.046844853965396,
29_15,24.8964,50.48276,Resto,0.0,0.0,0.0,0.0,18.68843795546853,
29_14,24.80631,50.48276,Resto,0.0,0.0,0.0,0.0,23.458841735389875,
29_4,23.90541,50.48276,Resto,0.0,0.0,0.0,0.0,92.79852716829171,
8_26,25.88739,48.35944,Resto,0.0,0.0,0.0,0.0,165.00173098129582,
8_25,25.7973,48.35944,Resto,0.0,0.0,0.0,0.0,166.1451082808635,
8_24,25.70721,48.35944,Resto,0.0,0.0,0.0,0.03333333333333333,167.8836237990775,
8_23,25.61712,48.35944,Resto,0.0,0.0,0.0,0.03333333333333333,170.19904292962784,
8_22,25.52703,48.35944,Resto,0.0,0.0,0.0,0.03333333333333333,173.0682143031908,
8_21,25.43694,48.35944,Resto,0.0,0.0,0.0,0.03333333333333333,176.46413082105397,
8_20,25.34685,48.35944,Resto,0.0,0.0,0.0,0.03333333333333333,180.3570424432095,
8_2,23.72523,48.35944,Resto,0.0,0.0,0.0,0.0,269.4634641780458,
17_77,30.48198,49.26943,Resto,0.0,0.0,0.0,0.0,3.647355461849735,
17_76,30.39189,49.26943,Resto,0.0,0.0,0.0,0.03333333333333333,2.99481776328126,
17_75,30.3018,49.26943,Resto,0.0,0.0,0.0,0.0,6.251939060655653,
17_74,30.21171,49.26943,Resto,0.0,0.0,0.0,0.03333333333333333,3.1923740159829306,
17_7,24.17568,49.26943,Resto,0.0,0.0,0.0,0.0,164.08415251726697,
29_3,23.81532,50.48276,Resto,0.0,0.0,0.0,0.0,98.0445933471908,
29_29,26.15766,50.48276,Resto,0.0,0.0,0.0,6562.266666666666,3.0463570356619205,
29_5,23.9955,50.48276,Resto,0.0,0.0,0.0,0.0,86.55932766413193,
87_57,28.68018,56.34717,Resto,0.0,0.0,0.0,0.0,163.79716447442053,
87_56,28.59009,56.34717,Resto,0.0,0.0,0.0,0.0,153.81606442825253,
87_55,28.5,56.34717,Resto,0.0,0.0,0.0,0.0,143.83510544686783,
87_54,28.40991,56.34717,Resto,0.0,0.0,0.0,0.0,133.8542893393792,
87_53,28.31982,56.34717,Resto,0.0,0.0,0.0,0.0,123.8736185837136,
87_52,28.22973,56.34717,Resto,0.0,0.0,0.0,0.0,113.89309662017448,
87_51,28.13964,56.34717,Resto,0.0,0.0,0.0,0.0,103.91272831419464,
87_50,28.04955,56.34717,Resto,0.0,0.0,0.0,0.0,93.93252071403954,
87_5,23.9955,56.34717,Resto,0.0,0.0,0.0,0.0,56.20101063064532,
87_49,27.95946,56.34717,Resto,0.0,0.0,0.0,0.0,83.95248434892314,
87_48,27.86937,56.34717,Resto,0.0,0.0,0.0,0.0,73.9726355778227,
87_47,27.77928,56.34717,Resto,0.0,0.0,0.0,0.03333333333333333,63.99300113591858,
87_46,27.68919,56.34717,Resto,0.0,0.0,0.0,0.03333333333333333,54.013627720528525,
87_45,27.5991,56.34717,Resto,0.0,0.0,0.0,0.06666666666666667,44.034604610201,
87_44,27.50901,56.34717,Resto,0.0,0.0,0.0,0.13333333333333333,34.0561260453202,
87_43,27.41892,56.34717,Resto,0.0,0.0,0.0,0.36666666666666664,24.07870868985952,
29_71,29.94144,50.48276,Resto,0.0,0.0,0.0,0.0,23.90861677483337,
29_70,29.85135,50.48276,Resto,0.0,0.0,0.0,0.0,19.069362950424924,
29_7,24.17568,50.48276,Resto,0.0,0.0,0.0,0.13333333333333333,68.03370349718581,
29_69,29.76126,50.48276,Resto,0.0,0.0,0.0,0.0,12.890280667345785,
29_68,29.67117,50.48276,Resto,0.0,0.0,0.0,0.0,4.876381490133518,
29_6,24.08559,50.48276,Resto,0.0,0.0,0.0,0.0,77.2012227275816,
2_15,24.8964,47.75278,Resto,0.0,0.0,0.0,0.06666666666666667,258.2134751456938,
2_14,24.80631,47.75278,Resto,0.0,0.0,0.0,0.06666666666666667,262.8123717884101,
2_13,24.71622,47.75278,Resto,0.0,0.0,0.0,0.0,266.93349498038833,
2_12,24.62613,47.75278,Resto,0.0,0.0,0.0,0.0,271.34929614094585,
2_11,24.53604,47.75278,Resto,0.0,0.0,0.0,0.0,276.01985973555486,
2_10,24.44595,47.75278,Resto,0.0,0.0,0.0,0.0,280.97282834912926,
2_1,23.63514,47.75278,Resto,0.0,0.0,0.0,0.0,328.035775047355,
2_0,23.54505,47.75278,Resto,0.0,0.0,0.0,0.0,333.09637254224583,
29_9,24.35586,50.48276,Resto,0.0,0.0,0.0,0.13333333333333333,50.6837285536687,
29_8,24.26577,50.48276,Resto,0.0,0.0,0.0,0.13333333333333333,59.14548006439392,
29_77,30.48198,50.48276,Resto,0.0,0.0,0.0,0.03333333333333333,50.79976427183791,
29_76,30.39189,50.48276,Resto,0.0,0.0,0.0,0.03333333333333333,45.198249887622936,
29_75,30.3018,50.48276,Resto,0.0,0.0,0.0,0.03333333333333333,39.83443366747613,
29_74,30.21171,50.48276,Resto,0.0,0.0,0.0,0.03333333333333333,35.82851911054692,
29_73,30.12162,50.48276,Resto,0.0,0.0,0.0,0.0,34.039888584721346,
29_72,30.03153,50.48276,Resto,0.0,0.0,0.0,0.0,29.55314019869828,
2_3,23.81532,47.75278,Resto,0.0,0.0,0.0,0.0,318.625440075815,
2_29,26.15766,47.75278,Resto,0.0,0.0,0.0,0.0,195.3112047235268,
2_28,26.06757,47.75278,Resto,0.0,0.0,0.0,0.0,202.5283378787388,
2_27,25.97748,47.75278,Resto,0.0,0.0,0.0,0.0,209.0298300585217,
2_26,25.88739,47.75278,Resto,0.0,0.0,0.0,0.0,215.52478002658435,
2_25,25.7973,47.75278,Resto,0.0,0.0,0.0,0.0,222.2858457436282,
2_24,25.70721,47.75278,Resto,0.0,0.0,0.0,0.0,228.4087513136153,
2_23,25.61712,47.75278,Resto,0.0,0.0,0.0,0.0,230.1582746752706,
2_22,25.52703,47.75278,Resto,0.0,0.0,0.0,0.03333333333333333,232.33039411864485,
2_21,25.43694,47.75278,Resto,0.0,0.0,0.0,0.03333333333333333,234.913390689502,
2_20,25.34685,47.75278,Resto,0.0,0.0,0.0,0.03333333333333333,237.8938843824677,
2_2,23.72523,47.75278,Resto,0.0,0.0,0.0,0.0,323.2085951511124,
2_19,25.25676,47.75278,Resto,0.0,0.0,0.0,0.03333333333333333,241.2571467601088,
2_18,25.16667,47.75278,Resto,0.0,0.0,0.0,0.03333333333333333,244.98741711673551,
2_17,25.07658,47.75278,Resto,0.0,0.0,0.0,0.03333333333333333,249.0682090717189,
2_16,24.98649,47.75278,Resto,0.0,0.0,0.0,0.06666666666666667,253.48259706776983,
2_44,27.50901,47.75278,Resto,0.0,0.0,0.0,0.0,104.83670516638836,
2_43,27.41892,47.75278,Resto,0.0,0.0,0.0,0.0,107.52997383493316,
2_42,27.32883,47.75278,Resto,0.0,0.0,0.0,0.0,111.07433751505556,
2_41,27.23874,47.75278,Resto,0.0,0.0,0.0,0.0,115.39140525900083,
2_40,27.14865,47.75278,Resto,0.0,0.0,0.0,0.0,119.51035141340112,
2_4,23.90541,47.75278,Resto,0.0,0.0,0.0,0.0,314.296983445918,
2_39,27.05856,47.75278,Resto,0.0,0.0,0.0,0.0,124.25006364342924,
2_38,26.96847,47.75278,Resto,0.0,0.0,0.0,0.03333333333333333,129.60041936532116,
2_37,26.87838,47.75278,Resto,0.0,0.0,0.0,0.03333333333333333,135.48910395055606,
2_36,26.78829,47.75278,Resto,0.0,0.0,0.0,0.03333333333333333,141.84909625917177,
2_35,26.6982,47.75278,Resto,0.0,0.0,0.0,0.03333333333333333,148.6199083872235,
2_34,26.60811,47.75278,Resto,0.0,0.0,0.0,0.03333333333333333,155.74797738627103,
2_33,26.51802,47.75278,Resto,0.0,0.0,0.0,0.03333333333333333,163.18650053755638,
2_32,26.42793,47.75278,Resto,0.0,0.0,0.0,0.03333333333333333,170.8949490801662,
2_31,26.33784,47.75278,Resto,0.0,0.0,0.0,0.03333333333333333,178.83842817494752,
2_30,26.24775,47.75278,Resto,0.0,0.0,0.0,0.03333333333333333,186.986992049208,
2_59,28.86036,47.75278,Resto,0.0,0.0,0.0,0.0,43.606907937277626,
2_58,28.77027,47.75278,Resto,0.0,0.0,0.0,0.03333333333333333,48.03138651476419,
2_57,28.68018,47.75278,Resto,0.0,0.0,0.0,0.06666666666666667,53.54647564225232,
2_56,28.59009,47.75278,Resto,0.0,0.0,0.0,0.06666666666666667,58.45254026508306,
2_55,28.5,47.75278,Resto,0.0,0.0,0.0,0.03333333333333333,61.19621859278242,
2_54,28.40991,47.75278,Resto,0.0,0.0,0.0,0.0,64.5463907315704,
2_53,28.31982,47.75278,Resto,0.0,0.0,0.0,0.0,69.21364035613324,
2_52,28.22973,47.75278,Resto,0.0,0.0,0.0,0.0,73.01137365989501,
2_51,28.13964,47.75278,Resto,0.0,0.0,0.0,0.03333333333333333,76.09907222727804,
2_50,28.04955,47.75278,Resto,0.0,0.0,0.0,0.03333333333333333,80.33965817526249,
2_5,23.9955,47.75278,Resto,0.0,0.0,0.0,0.0,309.4725935484507,
2_49,27.95946,47.75278,Resto,0.0,0.0,0.0,0.03333333333333333,85.56189926298269,
2_48,27.86937,47.75278,Resto,0.0,0.0,0.0,0.03333333333333333,89.46562936932874,
2_47,27.77928,47.75278,Resto,0.0,0.0,0.0,0.0,93.22408609046327,
2_46,27.68919,47.75278,Resto,0.0,0.0,0.0,0.0,97.8627416598392,
2_45,27.5991,47.75278,Resto,0.0,0.0,0.0,0.0,102.41657957725668,
2_73,30.12162,47.75278,Resto,0.0,0.0,0.0,0.2,17.781984579802856,
2_72,30.03153,47.75278,Resto,0.0,0.0,0.0,0.03333333333333333,18.32563667549669,
2_71,29.94144,47.75278,Resto,0.0,0.0,0.0,0.06666666666666667,19.90786460158161,
2_70,29.85135,47.75278,Resto,0.0,0.0,0.0,0.06666666666666667,22.387779031320846,
2_7,24.17568,47.75278,Resto,0.0,0.0,0.0,0.0,297.38109334844773,
2_69,29.76126,47.75278,Resto,0.0,0.0,0.0,0.1,24.82580735816181,
2_68,29.67117,47.75278,Resto,0.0,0.0,0.0,0.06666666666666667,21.13079224876072,
2_67,29.58108,47.75278,Resto,0.0,0.0,0.0,0.0,12.91061394932012,
2_66,29.49099,47.75278,Resto,0.0,0.0,0.0,3.033333333333333,5.888400843958184,
2_65,29.4009,47.75278,Resto,0.0,0.0,0.0,450.3333333333333,0.7559278398548473,1.0
2_64,29.31081,47.75278,Resto,0.0,0.0,0.0,20.366666666666667,6.073805064351361,
2_63,29.22072,47.75278,Resto,0.0,0.0,0.0,0.16666666666666666,14.321076831864117,
2_62,29.13063,47.75278,Resto,0.0,0.0,0.0,0.0,23.191986373786285,
2_61,29.04054,47.75278,Resto,0.0,0.0,0.0,0.0,32.76259189976046,
2_60,28.95045,47.75278,Resto,0.0,0.0,0.0,0.0,40.594775393489535,
2_6,24.08559,47.75278,Resto,0.0,0.0,0.0,0.0,303.320415905764,
30_17,25.07658,50.58387,Resto,0.0,0.0,0.0,23.633333333333333,1.642315070002003,
30_16,24.98649,50.58387,Resto,0.0,0.0,0.0,0.6333333333333333,5.667483764905242,
30_15,24.8964,50.58387,Resto,0.0,0.0,0.0,0.0,10.063599689923214,
30_14,24.80631,50.58387,Resto,0.0,0.0,0.0,0.0,15.486982201217208,
30_13,24.71622,50.58387,Resto,0.0,0.0,0.0,0.0,17.12138887588385,
30_12,24.62613,50.58387,Resto,0.0,0.0,0.0,0.03333333333333333,21.759827790636027,
30_11,24.53604,50.58387,Resto,0.0,0.0,0.0,0.03333333333333333,28.548980541519068,
30_10,24.44595,50.58387,Resto,0.0,0.0,0.0,0.03333333333333333,36.63111445039503,
30_1,23.63514,50.58387,Resto,0.0,0.0,0.0,0.0,103.0257841210299,
17_34,26.60811,49.26943,Resto,0.0,0.0,0.0,0.03333333333333333,58.116296688809854,
17_6,24.08559,49.26943,Resto,0.0,0.0,0.0,0.03333333333333333,168.3546032845402,
17_5,23.9955,49.26943,Resto,0.0,0.0,0.0,0.03333333333333333,173.07015932309943,
8_33,26.51802,48.35944,Resto,0.0,0.0,0.0,0.0,123.29084660926506,
8_32,26.42793,48.35944,Resto,0.0,0.0,0.0,0.03333333333333333,129.75666550369257,
8_31,26.33784,48.35944,Resto,0.0,0.0,0.0,0.03333333333333333,136.25774644515184,
8_30,26.24775,48.35944,Resto,0.0,0.0,0.0,0.03333333333333333,143.17092748430306,
8_3,23.81532,48.35944,Resto,0.0,0.0,0.0,0.0,263.9988927641468,
8_29,26.15766,48.35944,Resto,0.0,0.0,0.0,0.03333333333333333,150.4394097798805,
8_28,26.06757,48.35944,Resto,0.0,0.0,0.0,0.03333333333333333,158.01417281501006,
8_27,25.97748,48.35944,Resto,0.0,0.0,0.0,0.0,163.92246283261036,
30_0,23.54505,50.58387,Resto,0.0,0.0,0.0,0.03333333333333333,110.4861130415536,
2_9,24.35586,47.75278,Resto,0.0,0.0,0.0,0.0,286.19354250436146,
2_8,24.26577,47.75278,Resto,0.0,0.0,0.0,0.0,291.6676272794278,
2_77,30.48198,47.75278,Resto,0.0,0.0,0.0,0.03333333333333333,45.51540359416374,
2_76,30.39189,47.75278,Resto,0.0,0.0,0.0,0.03333333333333333,36.44203043523055,
2_75,30.3018,47.75278,Resto,0.0,0.0,0.0,0.4666666666666667,28.063633359952703,
2_74,30.21171,47.75278,Resto,0.0,0.0,0.0,0.03333333333333333,21.2200950168034,
30_3,23.81532,50.58387,Resto,0.0,0.0,0.0,0.0,89.61627922213489,
30_29,26.15766,50.58387,Resto,0.0,0.0,0.0,76379.46666666666,0.9396610000762252,
30_28,26.06757,50.58387,Resto,0.0,0.0,0.0,50107.0,3.531764058213008,
30_27,25.97748,50.58387,Resto,0.0,0.0,0.0,1773.0,3.506972603622488,
30_26,25.88739,50.58387,Resto,0.0,0.0,0.0,426.6333333333333,2.407886685791533,
30_22,25.52703,50.58387,Resto,0.0,0.0,0.0,0.06666666666666667,15.112056566904124,12.0
30_21,25.43694,50.58387,Resto,0.0,0.0,0.0,0.4,10.564113612701512,20.0
30_2,23.72523,50.58387,Resto,0.0,0.0,0.0,0.0,96.0326856987273,
30_19,25.25676,50.58387,Resto,0.0,0.0,0.0,18.866666666666667,6.477646508727216,8.0
30_18,25.16667,50.58387,Resto,0.0,0.0,0.0,3.1333333333333333,3.350617389376014,2.0
30_4,23.90541,50.58387,Resto,0.0,0.0,0.0,0.0,83.89536584989872,
30_6,24.08559,50.58387,Resto,0.0,0.0,0.0,0.0,73.88647308569729,
30_5,23.9955,50.58387,Resto,0.0,0.0,0.0,0.0,78.98253382083578,
87_42,27.32883,56.34717,Resto,0.0,0.0,0.0,1.9,14.104331863724015,
87_41,27.23874,56.34717,Resto,0.0,0.0,0.0,7462.1,4.139364526999642,
87_40,27.14865,56.34717,Resto,0.0,0.0,0.0,6412.733333333334,5.8238599755254254,7.0
87_4,23.90541,56.34717,Resto,0.0,0.0,0.0,0.0,61.352280845301,
87_39,27.05856,56.34717,Resto,0.0,0.0,0.0,6412.733333333334,8.678704906201478,14.0
87_38,26.96847,56.34717,Resto,0.0,0.0,0.0,6420.0,6.10841947902518,26.0
87_30,26.24775,56.34717,Resto,0.0,0.0,0.0,1000.0,0.8532576141410118,
87_3,23.81532,56.34717,Resto,0.0,0.0,0.0,0.0,67.55163734906864,
87_29,26.15766,56.34717,Resto,0.0,0.0,0.0,1000.0,1.1534637577375826,
30_75,30.3018,50.58387,Resto,0.0,0.0,0.0,0.03333333333333333,48.51822233602125,
30_74,30.21171,50.58387,Resto,0.0,0.0,0.0,0.03333333333333333,45.295376966174544,
30_73,30.12162,50.58387,Resto,0.0,0.0,0.0,0.0,43.491087450664985,
30_72,30.03153,50.58387,Resto,0.0,0.0,0.0,0.0,37.56515498889797,
30_71,29.94144,50.58387,Resto,0.0,0.0,0.0,0.0,32.517326408312364,
30_70,29.85135,50.58387,Resto,0.0,0.0,0.0,0.0,26.69325885574468,
30_7,24.17568,50.58387,Resto,0.0,0.0,0.0,0.0,64.25218949973734,
30_69,29.76126,50.58387,Resto,0.0,0.0,0.0,0.0,18.836328250769977,
30_68,29.67117,50.58387,Resto,0.0,0.0,0.0,0.0,11.798718452867435,
30_67,29.58108,50.58387,Resto,0.0,0.0,0.0,18.733333333333334,6.107035587395056,
17_22,25.52703,49.26943,Resto,0.0,0.0,0.0,0.03333333333333333,89.96435620263819,
17_21,25.43694,49.26943,Resto,0.0,0.0,0.0,0.03333333333333333,93.4032978995174,
17_20,25.34685,49.26943,Resto,0.0,0.0,0.0,0.03333333333333333,97.21551578685408,
17_2,23.72523,49.26943,Resto,0.0,0.0,0.0,0.0,189.47095648281032,
17_44,27.50901,49.26943,Resto,0.0,0.0,0.0,6981.033333333334,0.3347398638767233,
17_42,27.32883,49.26943,Resto,0.0,0.0,0.0,110.7,2.3407239089470235,
17_41,27.23874,49.26943,Resto,0.0,0.0,0.0,3.7,4.814732502986462,1.0
17_40,27.14865,49.26943,Resto,0.0,0.0,0.0,0.1,8.259292709709856,
17_4,23.90541,49.26943,Resto,0.0,0.0,0.0,0.0,178.17522663602995,
17_39,27.05856,49.26943,Resto,0.0,0.0,0.0,0.1,14.585033501484835,
17_38,26.96847,49.26943,Resto,0.0,0.0,0.0,0.06666666666666667,22.73292935627109,
17_37,26.87838,49.26943,Resto,0.0,0.0,0.0,0.0,31.53000568118191,
17_36,26.78829,49.26943,Resto,0.0,0.0,0.0,0.0,40.81135980929622,
17_35,26.6982,49.26943,Resto,0.0,0.0,0.0,0.03333333333333333,50.388389460235615,
31_19,25.25676,50.68498,Resto,0.0,0.0,0.0,1.3666666666666667,7.433135023732464,15.0
31_18,25.16667,50.68498,Resto,0.0,0.0,0.0,0.5666666666666667,7.690854023435349,22.0
31_17,25.07658,50.68498,Resto,0.0,0.0,0.0,0.03333333333333333,8.594187254361099,1.0
31_16,24.98649,50.68498,Resto,0.0,0.0,0.0,0.13333333333333333,2.4769017753100733,9.0
31_15,24.8964,50.68498,Resto,0.0,0.0,0.0,0.6,1.4298829664807675,
31_14,24.80631,50.68498,Resto,0.0,0.0,0.0,0.0,5.221752042657605,
31_13,24.71622,50.68498,Resto,0.0,0.0,0.0,0.0,7.77711770637464,
31_12,24.62613,50.68498,Resto,0.0,0.0,0.0,0.03333333333333333,14.24693246313134,
31_11,24.53604,50.68498,Resto,0.0,0.0,0.0,0.03333333333333333,22.98878505258024,
31_10,24.44595,50.68498,Resto,0.0,0.0,0.0,0.03333333333333333,32.48054763971106,
31_1,23.63514,50.68498,Resto,0.0,0.0,0.0,0.0,96.14640890391036,
31_0,23.54505,50.68498,Resto,0.0,0.0,0.0,0.03333333333333333,104.09510476589304,
30_9,24.35586,50.58387,Resto,0.0,0.0,0.0,0.13333333333333333,45.49346115737973,
30_8,24.26577,50.58387,Resto,0.0,0.0,0.0,0.13333333333333333,54.75847880819792,
30_77,30.48198,50.58387,Resto,0.0,0.0,0.0,0.03333333333333333,58.72140253689996,
30_76,30.39189,50.58387,Resto,0.0,0.0,0.0,0.03333333333333333,53.45756484372687,
31_3,23.81532,50.68498,Resto,0.0,0.0,0.0,0.0,81.62858733206997,
31_29,26.15766,50.68498,Resto,0.0,0.0,0.0,47592.8,4.165918324073799,11.0
31_27,25.97748,50.68498,Resto,0.0,0.0,0.0,747.0666666666667,6.662168448226955,5.0
31_23,25.61712,50.68498,Resto,0.0,0.0,0.0,29.7,5.804129942773825,19.0
31_22,25.52703,50.68498,Resto,0.0,0.0,0.0,7.6,7.574739127034156,12.0
31_21,25.43694,50.68498,Resto,0.0,0.0,0.0,3.2666666666666666,6.936224644600632,29.0
31_2,23.72523,50.68498,Resto,0.0,0.0,0.0,0.0,88.61871212700801,
31_4,23.90541,50.68498,Resto,0.0,0.0,0.0,0.0,75.3258600703631,
31_35,26.6982,50.68498,Resto,0.0,0.0,0.0,690.5666666666667,46.01516022845876,19.0
87_28,26.06757,56.34717,Resto,0.0,0.0,0.0,15.266666666666667,4.453901546533914,
87_27,25.97748,56.34717,Resto,0.0,0.0,0.0,0.03333333333333333,5.51930258118896,
87_26,25.88739,56.34717,Resto,0.0,0.0,0.0,0.03333333333333333,4.165579298037584,
87_21,25.43694,56.34717,Resto,0.0,0.0,0.0,0.36666666666666664,1.692245922475112,
87_20,25.34685,56.34717,Resto,0.0,0.0,0.0,0.1,2.244765477811383,
87_2,23.72523,56.34717,Resto,0.0,0.0,0.0,0.0,73.98054254234944,
87_19,25.25676,56.34717,Resto,0.0,0.0,0.0,0.1,2.858206814401456,
87_18,25.16667,56.34717,Resto,0.0,0.0,0.0,0.13333333333333333,1.7812765707145168,
87_17,25.07658,56.34717,Resto,0.0,0.0,0.0,0.06666666666666667,1.541415064640926,
87_16,24.98649,56.34717,Resto,0.0,0.0,0.0,0.0,3.324067320661149,
87_15,24.8964,56.34717,Resto,0.0,0.0,0.0,0.03333333333333333,5.734971803606412,
87_14,24.80631,56.34717,Resto,0.0,0.0,0.0,0.0,9.670174986516022,
31_6,24.08559,50.68498,Resto,0.0,0.0,0.0,0.0,65.43358115424687,
31_5,23.9955,50.68498,Resto,0.0,0.0,0.0,0.0,69.85588002689737,
31_77,30.48198,50.68498,Resto,0.0,0.0,0.0,0.03333333333333333,67.12921180599737,
31_76,30.39189,50.68498,Resto,0.0,0.0,0.0,0.03333333333333333,61.76602093962908,
31_75,30.3018,50.68498,Resto,0.0,0.0,0.0,0.03333333333333333,57.55264931592115,
31_74,30.21171,50.68498,Resto,0.0,0.0,0.0,0.03333333333333333,54.87156236739187,
31_73,30.12162,50.68498,Resto,0.0,0.0,0.0,0.0,51.308926366282165,
31_72,30.03153,50.68498,Resto,0.0,0.0,0.0,0.0,45.91628031450776,
31_71,29.94144,50.68498,Resto,0.0,0.0,0.0,0.03333333333333333,40.635587188061166,
31_70,29.85135,50.68498,Resto,0.0,0.0,0.0,0.03333333333333333,32.85859245801632,
31_7,24.17568,50.68498,Resto,0.0,0.0,0.0,0.0,61.9711120963088,
31_69,29.76126,50.68498,Resto,0.0,0.0,0.0,0.13333333333333333,25.78744893296365,
31_68,29.67117,50.68498,Resto,0.0,0.0,0.0,0.13333333333333333,19.94128415997132,
31_67,29.58108,50.68498,Resto,0.0,0.0,0.0,0.0,11.519874857718026,
31_66,29.49099,50.68498,Resto,0.0,0.0,0.0,0.0,4.796919565573844,
31_65,29.4009,50.68498,Resto,0.0,0.0,0.0,1.5,1.8560394118399843,
31_64,29.31081,50.68498,Resto,0.0,0.0,0.0,2.1666666666666665,1.5750305676950782,28.0
31_63,29.22072,50.68498,Resto,0.0,0.0,0.0,0.1,2.4982084028590483,
32_20,25.34685,50.78609,Resto,0.0,0.0,0.0,0.23333333333333334,2.134160580315569,
32_2,23.72523,50.78609,Resto,0.0,0.0,0.0,0.0,81.84212077284803,
32_19,25.25676,50.78609,Resto,0.0,0.0,0.0,0.23333333333333334,2.7855376173730417,
32_18,25.16667,50.78609,Resto,0.0,0.0,0.0,0.9666666666666667,1.9919759790426843,
32_17,25.07658,50.78609,Resto,0.0,0.0,0.0,0.5333333333333333,0.9019905304584248,1.0
32_16,24.98649,50.78609,Resto,0.0,0.0,0.0,0.3,1.4303843750375251,7.0
32_15,24.8964,50.78609,Resto,0.0,0.0,0.0,2.0,6.1047050847384,1.0
32_14,24.80631,50.78609,Resto,0.0,0.0,0.0,0.7333333333333333,5.042084250852619,6.0
32_13,24.71622,50.78609,Resto,0.0,0.0,0.0,0.43333333333333335,1.226195493405008,
32_12,24.62613,50.78609,Resto,0.0,0.0,0.0,0.43333333333333335,11.247989724853811,
32_11,24.53604,50.78609,Resto,0.0,0.0,0.0,0.0,21.26976778829768,
32_10,24.44595,50.78609,Resto,0.0,0.0,0.0,0.06666666666666667,31.291529600533128,
32_1,23.63514,50.78609,Resto,0.0,0.0,0.0,0.0,89.93309316117085,
32_0,23.54505,50.78609,Resto,0.0,0.0,0.0,0.0,98.37968506202644,
31_9,24.35586,50.68498,Resto,0.0,0.0,0.0,0.0,42.21939716789844,
16_9,24.35586,49.16832,Resto,0.0,0.0,0.0,0.0,161.87526840924832,
16_8,24.26577,49.16832,Resto,0.0,0.0,0.0,0.0,166.98235679171395,
16_77,30.48198,49.16832,Resto,0.0,0.0,0.0,536.1,0.0456206716726141,1.0
16_76,30.39189,49.16832,Resto,0.0,0.0,0.0,3.8666666666666667,1.6654392983281538,1.0
17_33,26.51802,49.26943,Resto,0.0,0.0,0.0,0.03333333333333333,65.30354854688339,
17_32,26.42793,49.26943,Resto,0.0,0.0,0.0,0.03333333333333333,73.14431681488934,
17_31,26.33784,49.26943,Resto,0.0,0.0,0.0,0.03333333333333333,74.38716005957106,
17_30,26.24775,49.26943,Resto,0.0,0.0,0.0,0.03333333333333333,72.07124757398321,
17_3,23.81532,49.26943,Resto,0.0,0.0,0.0,0.0,183.63579867394515,
17_29,26.15766,49.26943,Resto,0.0,0.0,0.0,0.03333333333333333,71.11156906433064,
17_28,26.06757,49.26943,Resto,0.0,0.0,0.0,0.03333333333333333,71.56270236417836,
17_27,25.97748,49.26943,Resto,0.0,0.0,0.0,0.03333333333333333,72.65683381572516,
17_26,25.88739,49.26943,Resto,0.0,0.0,0.0,0.03333333333333333,73.74549297058196,
17_25,25.7973,49.26943,Resto,0.0,0.0,0.0,0.0,76.15475460136629,
17_24,25.70721,49.26943,Resto,0.0,0.0,0.0,0.0,79.76503894258717,
17_23,25.61712,49.26943,Resto,0.0,0.0,0.0,0.0,84.42239802967478,
31_8,24.26577,50.68498,Resto,0.0,0.0,0.0,0.0,52.06684177716422,
32_3,23.81532,50.78609,Resto,0.0,0.0,0.0,0.0,74.22317600248346,
32_24,25.70721,50.78609,Resto,0.0,0.0,0.0,153.83333333333334,0.4663143853933991,
32_23,25.61712,50.78609,Resto,0.0,0.0,0.0,1.2,0.7968266320853626,1.0
32_22,25.52703,50.78609,Resto,0.0,0.0,0.0,7.133333333333334,0.1345979528835919,
32_21,25.43694,50.78609,Resto,0.0,0.0,0.0,0.26666666666666666,2.9946215806908056,
32_5,23.9955,50.78609,Resto,0.0,0.0,0.0,0.0,61.10084198900765,
32_4,23.90541,50.78609,Resto,0.0,0.0,0.0,0.0,67.23693615796235,
87_13,24.71622,56.34717,Resto,0.0,0.0,0.0,0.4,14.002442557563969,
87_12,24.62613,56.34717,Resto,0.0,0.0,0.0,0.1,16.922928786197396,
87_11,24.53604,56.34717,Resto,0.0,0.0,0.0,0.0,21.592262783165456,
87_10,24.44595,56.34717,Resto,0.0,0.0,0.0,0.0,26.261397706826944,
87_1,23.63514,56.34717,Resto,0.0,0.0,0.0,0.0,80.434061661326,
87_0,23.54505,56.34717,Resto,0.0,0.0,0.0,0.0,87.36943120929395,
86_9,24.35586,56.24606,Resto,0.0,0.0,0.0,0.03333333333333333,39.99207017877612,
86_8,24.26577,56.24606,Resto,0.0,0.0,0.0,0.0,44.97533923946977,
86_77,30.48198,56.24606,Resto,0.0,0.0,0.0,0.03333333333333333,363.6001860651704,
86_76,30.39189,56.24606,Resto,0.0,0.0,0.0,0.03333333333333333,353.620618380752,
86_75,30.3018,56.24606,Resto,0.0,0.0,0.0,0.03333333333333333,343.64144056654027,
86_74,30.21171,56.24606,Resto,0.0,0.0,0.0,0.03333333333333333,333.6626750935024,
86_73,30.12162,56.24606,Resto,0.0,0.0,0.0,0.03333333333333333,323.68434723097914,
86_72,30.03153,56.24606,Resto,0.0,0.0,0.0,0.03333333333333333,313.7064854916081,
86_71,29.94144,56.24606,Resto,0.0,0.0,0.0,0.03333333333333333,303.729122163889,
86_70,29.85135,56.24606,Resto,0.0,0.0,0.0,0.03333333333333333,293.7522939531358,
32_64,29.31081,50.78609,Resto,0.0,0.0,0.0,0.03333333333333333,9.685530138429131,
32_63,29.22072,50.78609,Resto,0.0,0.0,0.0,0.1,8.67866337245215,
32_6,24.08559,50.78609,Resto,0.0,0.0,0.0,0.0,56.012955857014944,
32_9,24.35586,50.78609,Resto,0.0,0.0,0.0,0.06666666666666667,41.31327507819758,
32_8,24.26577,50.78609,Resto,0.0,0.0,0.0,0.0,50.44844809271636,
32_77,30.48198,50.78609,Resto,0.0,0.0,0.0,0.03333333333333333,75.27319121842474,
32_76,30.39189,50.78609,Resto,0.0,0.0,0.0,0.03333333333333333,70.44975148473168,
32_75,30.3018,50.78609,Resto,0.0,0.0,0.0,0.03333333333333333,66.79496885840187,
32_74,30.21171,50.78609,Resto,0.0,0.0,0.0,0.03333333333333333,64.50776120084247,
32_73,30.12162,50.78609,Resto,0.0,0.0,0.0,0.0,59.42779558142091,
32_72,30.03153,50.78609,Resto,0.0,0.0,0.0,0.0,54.5237708534059,
32_71,29.94144,50.78609,Resto,0.0,0.0,0.0,0.0,46.879886222063405,
32_70,29.85135,50.78609,Resto,0.0,0.0,0.0,0.03333333333333333,39.80342827299693,
32_7,24.17568,50.78609,Resto,0.0,0.0,0.0,0.0,52.35315439935705,
32_69,29.76126,50.78609,Resto,0.0,0.0,0.0,0.03333333333333333,33.60490447593239,
32_68,29.67117,50.78609,Resto,0.0,0.0,0.0,0.06666666666666667,25.40938357921717,
32_67,29.58108,50.78609,Resto,0.0,0.0,0.0,0.0,18.621883035141423,
32_66,29.49099,50.78609,Resto,0.0,0.0,0.0,0.0,13.56620284055521,
32_65,29.4009,50.78609,Resto,0.0,0.0,0.0,0.03333333333333333,11.64897890330093,
33_22,25.52703,50.8872,Resto,0.0,0.0,0.0,5.1,0.3117629793839884,
33_21,25.43694,50.8872,Resto,0.0,0.0,0.0,0.06666666666666667,5.272040465962848,
33_20,25.34685,50.8872,Resto,0.0,0.0,0.0,0.06666666666666667,12.343066779811268,
33_2,23.72523,50.8872,Resto,0.0,0.0,0.0,0.0,75.87318197865166,
33_19,25.25676,50.8872,Resto,0.0,0.0,0.0,0.03333333333333333,12.945616170465454,
33_18,25.16667,50.8872,Resto,0.0,0.0,0.0,0.03333333333333333,12.186064195891886,
33_17,25.07658,50.8872,Resto,0.0,0.0,0.0,0.1,8.006958682013266,
33_16,24.98649,50.8872,Resto,0.0,0.0,0.0,0.0,7.6731902983704865,
33_15,24.8964,50.8872,Resto,0.0,0.0,0.0,0.7666666666666667,3.717133284163706,
33_14,24.80631,50.8872,Resto,0.0,0.0,0.0,0.7666666666666667,2.8875484906704005,
33_13,24.71622,50.8872,Resto,0.0,0.0,0.0,0.03333333333333333,6.791640056624106,
33_12,24.62613,50.8872,Resto,0.0,0.0,0.0,0.03333333333333333,14.958966908114505,
33_11,24.53604,50.8872,Resto,0.0,0.0,0.0,0.0,23.62528602651772,
33_10,24.44595,50.8872,Resto,0.0,0.0,0.0,0.06666666666666667,32.94133275778111,
33_1,23.63514,50.8872,Resto,0.0,0.0,0.0,0.0,84.53220172387468,
33_0,23.54505,50.8872,Resto,0.0,0.0,0.0,0.0,93.4633018424564,
33_3,23.81532,50.8872,Resto,0.0,0.0,0.0,0.0,67.59091438525601,
33_25,25.7973,50.8872,Resto,0.0,0.0,0.0,20.9,1.6967111521995497,2.0
33_24,25.70721,50.8872,Resto,0.0,0.0,0.0,20.566666666666666,0.4416519396446822,6.0
33_23,25.61712,50.8872,Resto,0.0,0.0,0.0,8.9,1.2726170353417503,2.0
86_7,24.17568,56.24606,Resto,0.0,0.0,0.0,0.0,51.28140031390629,
86_69,29.76126,56.24606,Resto,0.0,0.0,0.0,0.03333333333333333,283.7760427575104,
86_68,29.67117,56.24606,Resto,0.0,0.0,0.0,0.03333333333333333,273.800416613497,
86_67,29.58108,56.24606,Resto,0.0,0.0,0.0,0.0,263.8254708556217,
16_7,24.17568,49.16832,Resto,0.0,0.0,0.0,0.0,172.5229624704754,
17_19,25.25676,49.26943,Resto,0.0,0.0,0.0,0.03333333333333333,101.76056299087004,
17_18,25.16667,49.26943,Resto,0.0,0.0,0.0,0.03333333333333333,107.02397155217868,
17_17,25.07658,49.26943,Resto,0.0,0.0,0.0,0.03333333333333333,112.93691598103216,
17_16,24.98649,49.26943,Resto,0.0,0.0,0.0,0.0,119.40293474761324,
17_15,24.8964,49.26943,Resto,0.0,0.0,0.0,0.0,126.33713278437368,
17_14,24.80631,49.26943,Resto,0.0,0.0,0.0,0.0,132.59600482135914,
17_13,24.71622,49.26943,Resto,0.0,0.0,0.0,0.0,136.5898905614448,
17_12,24.62613,49.26943,Resto,0.0,0.0,0.0,0.0,139.86281291650343,
17_11,24.53604,49.26943,Resto,0.0,0.0,0.0,0.0,143.64597822075353,
17_10,24.44595,49.26943,Resto,0.0,0.0,0.0,0.0,148.01437931429783,
17_1,23.63514,49.26943,Resto,0.0,0.0,0.0,0.0,195.6471843395915,
17_0,23.54505,49.26943,Resto,0.0,0.0,0.0,0.0,202.1332176678672,
86_66,29.49099,56.24606,Resto,0.0,0.0,0.0,0.0,253.8512695492413,
86_65,29.4009,56.24606,Resto,0.0,0.0,0.0,0.0,243.87788727444848,
86_64,29.31081,56.24606,Resto,0.0,0.0,0.0,0.0,233.90541136567973,
86_63,29.22072,56.24606,Resto,0.0,0.0,0.0,0.0,223.9339447488499,
86_62,29.13063,56.24606,Resto,0.0,0.0,0.0,0.03333333333333333,213.9636095704507,
86_61,29.04054,56.24606,Resto,0.0,0.0,0.0,0.03333333333333333,203.99455188903053,
86_60,28.95045,56.24606,Resto,0.0,0.0,0.0,0.03333333333333333,194.0269478101252,
86_6,24.08559,56.24606,Resto,0.0,0.0,0.0,0.03333333333333333,58.204392848165234,
86_59,28.86036,56.24606,Resto,0.0,0.0,0.0,0.0,184.06100739305583,
86_58,28.77027,56.24606,Resto,0.0,0.0,0.0,0.0,174.09592581715495,
86_57,28.68018,56.24606,Resto,0.0,0.0,0.0,0.0,164.13096563839497,
86_56,28.59009,56.24606,Resto,0.0,0.0,0.0,0.0,154.1661265841123,
33_5,23.9955,50.8872,Resto,0.0,0.0,0.0,0.03333333333333333,52.86174418661507,
33_4,23.90541,50.8872,Resto,0.0,0.0,0.0,0.0,59.84205960244082,
33_66,29.49099,50.8872,Resto,0.0,0.0,0.0,0.06666666666666667,23.04244647433914,
33_65,29.4009,50.8872,Resto,0.0,0.0,0.0,0.06666666666666667,21.443810958494986,
33_64,29.31081,50.8872,Resto,0.0,0.0,0.0,0.03333333333333333,19.417676038349526,
33_63,29.22072,50.8872,Resto,0.0,0.0,0.0,0.0,10.020694459339593,
33_62,29.13063,50.8872,Resto,0.0,0.0,0.0,52.333333333333336,2.30385253130754,
33_61,29.04054,50.8872,Resto,0.0,0.0,0.0,5323.566666666667,3.057839158550025,14.0
33_60,28.95045,50.8872,Resto,0.0,0.0,0.0,5323.566666666667,0.3343626321566346,1.0
33_6,24.08559,50.8872,Resto,0.0,0.0,0.0,0.03333333333333333,46.97320099795131,
34_1,23.63514,50.98831,Resto,0.0,0.0,0.0,0.0,80.10757027621189,
34_0,23.54505,50.98831,Resto,0.0,0.0,0.0,0.0,89.47717547948592,
33_9,24.35586,50.8872,Resto,0.0,0.0,0.0,0.06666666666666667,39.913003802407296,
33_8,24.26577,50.8872,Resto,0.0,0.0,0.0,0.03333333333333333,40.19314995121355,
33_77,30.48198,50.8872,Resto,0.0,0.0,0.0,0.03333333333333333,83.68723848188594,
33_76,30.39189,50.8872,Resto,0.0,0.0,0.0,0.03333333333333333,79.38519159826095,
33_75,30.3018,50.8872,Resto,0.0,0.0,0.0,0.03333333333333333,76.16900913025476,
33_74,30.21171,50.8872,Resto,0.0,0.0,0.0,0.03333333333333333,73.11440092926681,
33_73,30.12162,50.8872,Resto,0.0,0.0,0.0,0.0,67.90422945143013,
33_72,30.03153,50.8872,Resto,0.0,0.0,0.0,0.0,60.895199687122265,
33_71,29.94144,50.8872,Resto,0.0,0.0,0.0,0.0,53.81894739247133,
33_70,29.85135,50.8872,Resto,0.0,0.0,0.0,0.0,47.41360883655216,
33_7,24.17568,50.8872,Resto,0.0,0.0,0.0,0.03333333333333333,42.5511990743478,
33_69,29.76126,50.8872,Resto,0.0,0.0,0.0,0.0,39.40149264936274,
33_68,29.67117,50.8872,Resto,0.0,0.0,0.0,0.06666666666666667,32.48035181921911,
33_67,29.58108,50.8872,Resto,0.0,0.0,0.0,0.0,26.87049043175106,
34_24,25.70721,50.98831,Resto,0.0,0.0,0.0,0.06666666666666667,6.878573397552187,
34_23,25.61712,50.98831,Resto,0.0,0.0,0.0,0.0,2.445487911042984,
34_22,25.52703,50.98831,Resto,0.0,0.0,0.0,0.1,8.783001406579459,
34_21,25.43694,50.98831,Resto,0.0,0.0,0.0,0.1,13.936355076499694,
34_20,25.34685,50.98831,Resto,0.0,0.0,0.0,0.06666666666666667,19.572306589365265,
34_2,23.72523,50.98831,Resto,0.0,0.0,0.0,0.0,70.91539040300081,
34_19,25.25676,50.98831,Resto,0.0,0.0,0.0,0.0,23.021993147646626,
34_18,25.16667,50.98831,Resto,0.0,0.0,0.0,0.0,21.18911858935597,
34_17,25.07658,50.98831,Resto,0.0,0.0,0.0,0.06666666666666667,18.22595930241266,
34_16,24.98649,50.98831,Resto,0.0,0.0,0.0,0.16666666666666666,16.708892669363667,
34_15,24.8964,50.98831,Resto,0.0,0.0,0.0,0.7666666666666667,13.928566268280624,
34_14,24.80631,50.98831,Resto,0.0,0.0,0.0,0.03333333333333333,13.120368892034708,
34_13,24.71622,50.98831,Resto,0.0,0.0,0.0,0.03333333333333333,15.011636905697046,
34_12,24.62613,50.98831,Resto,0.0,0.0,0.0,0.03333333333333333,21.11196293482949,
34_11,24.53604,50.98831,Resto,0.0,0.0,0.0,0.0,25.02528384565972,
34_10,24.44595,50.98831,Resto,0.0,0.0,0.0,0.06666666666666667,30.14858736905945,
34_39,27.05856,50.98831,Resto,0.0,0.0,0.0,196.6,92.87567708131526,59.0
34_3,23.81532,50.98831,Resto,0.0,0.0,0.0,0.0,61.979653519834834,
34_28,26.06757,50.98831,Resto,0.0,0.0,0.0,26.3,5.798734203334048,4.0
34_27,25.97748,50.98831,Resto,0.0,0.0,0.0,17.133333333333333,0.0986133418144739,4.0
34_26,25.88739,50.98831,Resto,0.0,0.0,0.0,10.433333333333334,2.25853230037476,
34_25,25.7973,50.98831,Resto,0.0,0.0,0.0,15.9,1.526411321280164,1.0
8_44,27.50901,48.35944,Resto,0.0,0.0,0.0,0.0,47.71920360278431,
8_43,27.41892,48.35944,Resto,0.0,0.0,0.0,0.0,51.78054372171785,
8_42,27.32883,48.35944,Resto,0.0,0.0,0.0,0.0,56.74188963290751,
8_41,27.23874,48.35944,Resto,0.0,0.0,0.0,0.0,62.9336458947293,
8_40,27.14865,48.35944,Resto,0.0,0.0,0.0,0.0,70.03021460540064,
8_4,23.90541,48.35944,Resto,0.0,0.0,0.0,0.0,258.8090194252304,
8_39,27.05856,48.35944,Resto,0.0,0.0,0.0,0.0,77.78434645735098,
8_38,26.96847,48.35944,Resto,0.0,0.0,0.0,0.0,86.01840245390414,
8_37,26.87838,48.35944,Resto,0.0,0.0,0.0,0.0,94.24816090396604,
8_36,26.78829,48.35944,Resto,0.0,0.0,0.0,0.0,102.69335946600386,
8_35,26.6982,48.35944,Resto,0.0,0.0,0.0,0.0,111.40780394387065,
8_34,26.60811,48.35944,Resto,0.0,0.0,0.0,0.0,117.2579101180772,
16_75,30.3018,49.16832,Resto,0.0,0.0,0.0,0.0,5.205236045934525,
16_74,30.21171,49.16832,Resto,0.0,0.0,0.0,0.03333333333333333,1.4283528058455417,
34_5,23.9955,50.98831,Resto,0.0,0.0,0.0,0.03333333333333333,45.48192090971384,
34_4,23.90541,50.98831,Resto,0.0,0.0,0.0,0.0,53.42921077456067,
86_55,28.5,56.24606,Resto,0.0,0.0,0.0,0.0,144.20140838039987,
86_54,28.40991,56.24606,Resto,0.0,0.0,0.0,0.0,134.23681075209464,
86_53,28.31982,56.24606,Resto,0.0,0.0,0.0,0.0,124.272333422799,
86_52,28.22973,56.24606,Resto,0.0,0.0,0.0,0.0,114.30797611486872,
86_51,28.13964,56.24606,Resto,0.0,0.0,0.0,0.0,104.3437385494213,
86_50,28.04955,56.24606,Resto,0.0,0.0,0.0,0.0,94.3796204463411,
86_5,23.9955,56.24606,Resto,0.0,0.0,0.0,0.0,65.2097094365313,
86_49,27.95946,56.24606,Resto,0.0,0.0,0.0,0.0,84.41562152427656,
86_48,27.86937,56.24606,Resto,0.0,0.0,0.0,0.03333333333333333,74.45203222200611,
86_47,27.77928,56.24606,Resto,0.0,0.0,0.0,0.03333333333333333,64.49269760510299,
86_46,27.68919,56.24606,Resto,0.0,0.0,0.0,0.0,54.54109265219076,
86_45,27.5991,56.24606,Resto,0.0,0.0,0.0,0.0,44.602304658167526,
86_44,27.50901,56.24606,Resto,0.0,0.0,0.0,0.13333333333333333,34.68724109952314,
86_43,27.41892,56.24606,Resto,0.0,0.0,0.0,0.4666666666666667,24.8241903075617,
86_42,27.32883,56.24606,Resto,0.0,0.0,0.0,1.7,15.0969800187687,
86_41,27.23874,56.24606,Resto,0.0,0.0,0.0,1229.8666666666666,5.431106159202192,
34_68,29.67117,50.98831,Resto,0.0,0.0,0.0,0.0,40.45793081546922,
34_67,29.58108,50.98831,Resto,0.0,0.0,0.0,0.0,35.58927872087536,
34_66,29.49099,50.98831,Resto,0.0,0.0,0.0,0.03333333333333333,32.59442459444974,
34_65,29.4009,50.98831,Resto,0.0,0.0,0.0,0.03333333333333333,31.264962000150472,
34_64,29.31081,50.98831,Resto,0.0,0.0,0.0,0.03333333333333333,23.81770429705608,
34_63,29.22072,50.98831,Resto,0.0,0.0,0.0,0.16666666666666666,16.321068351199795,
34_62,29.13063,50.98831,Resto,0.0,0.0,0.0,0.06666666666666667,9.55518770097566,
34_61,29.04054,50.98831,Resto,0.0,0.0,0.0,0.16666666666666666,5.538302554847872,
34_60,28.95045,50.98831,Resto,0.0,0.0,0.0,0.16666666666666666,8.441825677276046,
34_6,24.08559,50.98831,Resto,0.0,0.0,0.0,0.03333333333333333,38.51304127339922,
34_59,28.86036,50.98831,Resto,0.0,0.0,0.0,0.3,4.951507645076124,
35_11,24.53604,51.08942,Resto,0.0,0.0,0.0,0.03333333333333333,15.88562715195654,
35_10,24.44595,51.08942,Resto,0.0,0.0,0.0,0.03333333333333333,22.533161854310425,
35_1,23.63514,51.08942,Resto,0.0,0.0,0.0,0.0,76.82738909974898,
35_0,23.54505,51.08942,Resto,0.0,0.0,0.0,0.0,86.54933891349984,
34_9,24.35586,50.98831,Resto,0.0,0.0,0.0,0.06666666666666667,29.62141595119117,
34_8,24.26577,50.98831,Resto,0.0,0.0,0.0,0.0,29.977621509464345,
34_77,30.48198,50.98831,Resto,0.0,0.0,0.0,0.03333333333333333,92.36620404723288,
34_76,30.39189,50.98831,Resto,0.0,0.0,0.0,0.03333333333333333,88.49568047753816,
34_75,30.3018,50.98831,Resto,0.0,0.0,0.0,0.03333333333333333,85.63105835600531,
34_74,30.21171,50.98831,Resto,0.0,0.0,0.0,0.03333333333333333,81.34168370768117,
34_73,30.12162,50.98831,Resto,0.0,0.0,0.0,0.03333333333333333,74.90329183468103,
34_72,30.03153,50.98831,Resto,0.0,0.0,0.0,0.03333333333333333,67.8292144756524,
34_71,29.94144,50.98831,Resto,0.0,0.0,0.0,0.03333333333333333,61.2501245018518,
34_70,29.85135,50.98831,Resto,0.0,0.0,0.0,0.03333333333333333,53.40919967047096,
34_7,24.17568,50.98831,Resto,0.0,0.0,0.0,0.0,33.064079255477175,
34_69,29.76126,50.98831,Resto,0.0,0.0,0.0,0.0,46.417465696881685,
35_26,25.88739,51.08942,Resto,0.0,0.0,0.0,0.03333333333333333,11.733354135770838,
35_25,25.7973,51.08942,Resto,0.0,0.0,0.0,0.03333333333333333,11.57413810972164,
35_24,25.70721,51.08942,Resto,0.0,0.0,0.0,0.06666666666666667,13.163726566840108,
35_23,25.61712,51.08942,Resto,0.0,0.0,0.0,0.03333333333333333,11.73345777942768,
35_22,25.52703,51.08942,Resto,0.0,0.0,0.0,0.16666666666666666,16.002315057435304,
35_21,25.43694,51.08942,Resto,0.0,0.0,0.0,0.03333333333333333,21.94509735344451,
35_20,25.34685,51.08942,Resto,0.0,0.0,0.0,0.03333333333333333,27.90522042014894,
35_2,23.72523,51.08942,Resto,0.0,0.0,0.0,0.0,67.19217882369115,
35_19,25.25676,51.08942,Resto,0.0,0.0,0.0,0.0,33.16799719563226,
35_18,25.16667,51.08942,Resto,0.0,0.0,0.0,0.03333333333333333,30.438924983854434,
35_17,25.07658,51.08942,Resto,0.0,0.0,0.0,0.03333333333333333,28.452197117378347,
35_16,24.98649,51.08942,Resto,0.0,0.0,0.0,0.03333333333333333,26.209816641501696,
35_15,24.8964,51.08942,Resto,0.0,0.0,0.0,0.03333333333333333,24.15283482104763,
35_14,24.80631,51.08942,Resto,0.0,0.0,0.0,0.03333333333333333,22.43513216863259,
35_13,24.71622,51.08942,Resto,0.0,0.0,0.0,0.0,15.518041087237703,
35_12,24.62613,51.08942,Resto,0.0,0.0,0.0,0.0,12.546812040082749,
35_4,23.90541,51.08942,Resto,0.0,0.0,0.0,0.0,48.38934781608575,
35_37,26.87838,51.08942,Resto,0.0,0.0,0.0,269.1,79.7971925386829,42.0
35_3,23.81532,51.08942,Resto,0.0,0.0,0.0,0.0,57.68721597311491,
35_27,25.97748,51.08942,Resto,0.0,0.0,0.0,0.03333333333333333,7.681845186531299,
35_5,23.9955,51.08942,Resto,0.0,0.0,0.0,0.03333333333333333,39.44533534779261,
35_41,27.23874,51.08942,Resto,0.0,0.0,0.0,199.0,82.97946557701349,69.0
35_7,24.17568,51.08942,Resto,0.0,0.0,0.0,0.0,24.22463473526657,
35_69,29.76126,51.08942,Resto,0.0,0.0,0.0,0.0,54.2551552690669,
35_68,29.67117,51.08942,Resto,0.0,0.0,0.0,0.03333333333333333,48.92370767463942,
35_67,29.58108,51.08942,Resto,0.0,0.0,0.0,0.0,44.7361704424338,
35_66,29.49099,51.08942,Resto,0.0,0.0,0.0,0.0,42.225746833468286,
35_65,29.4009,51.08942,Resto,0.0,0.0,0.0,0.0,37.80553140063872,
35_64,29.31081,51.08942,Resto,0.0,0.0,0.0,0.0,30.35173817751096,
35_63,29.22072,51.08942,Resto,0.0,0.0,0.0,0.16666666666666666,23.62358791297977,
35_62,29.13063,51.08942,Resto,0.0,0.0,0.0,0.06666666666666667,17.73069721425556,
35_61,29.04054,51.08942,Resto,0.0,0.0,0.0,0.03333333333333333,15.387572776831268,
35_60,28.95045,51.08942,Resto,0.0,0.0,0.0,0.03333333333333333,17.02395253139774,
35_6,24.08559,51.08942,Resto,0.0,0.0,0.0,0.0,31.16142953395577,
35_59,28.86036,51.08942,Resto,0.0,0.0,0.0,0.06666666666666667,10.273114850638832,
35_58,28.77027,51.08942,Resto,0.0,0.0,0.0,11.166666666666666,4.453945107879379,
36_13,24.71622,51.19053,Resto,0.0,0.0,0.0,0.03333333333333333,8.58008664574822,
36_12,24.62613,51.19053,Resto,0.0,0.0,0.0,0.1,2.390435202457984,
36_11,24.53604,51.19053,Resto,0.0,0.0,0.0,0.0,9.48515249072969,
36_10,24.44595,51.19053,Resto,0.0,0.0,0.0,0.0,12.604866941664833,
36_1,23.63514,51.19053,Resto,0.0,0.0,0.0,0.0,74.8416155732175,
36_0,23.54505,51.19053,Resto,0.0,0.0,0.0,0.0,81.06579267582352,
35_9,24.35586,51.08942,Resto,0.0,0.0,0.0,0.03333333333333333,19.34491268045184,
35_8,24.26577,51.08942,Resto,0.0,0.0,0.0,0.0,19.860770038100497,
35_77,30.48198,51.08942,Resto,0.0,0.0,0.0,0.0,101.24159761331468,
35_76,30.39189,51.08942,Resto,0.0,0.0,0.0,0.0,97.7318793003548,
35_75,30.3018,51.08942,Resto,0.0,0.0,0.0,0.0,94.92762100642511,
35_74,30.21171,51.08942,Resto,0.0,0.0,0.0,0.0,88.90371891234577,
35_73,30.12162,51.08942,Resto,0.0,0.0,0.0,0.03333333333333333,81.83273685016185,
35_72,30.03153,51.08942,Resto,0.0,0.0,0.0,0.03333333333333333,75.12912450166648,
35_71,29.94144,51.08942,Resto,0.0,0.0,0.0,0.03333333333333333,67.4177074937957,
35_70,29.85135,51.08942,Resto,0.0,0.0,0.0,0.03333333333333333,60.39004032458512,
36_28,26.06757,51.19053,Resto,0.0,0.0,0.0,3470.3333333333335,5.38144805281896,
36_27,25.97748,51.19053,Resto,0.0,0.0,0.0,0.16666666666666666,12.985363252650906,
36_26,25.88739,51.19053,Resto,0.0,0.0,0.0,0.03333333333333333,20.6795629361736,
36_25,25.7973,51.19053,Resto,0.0,0.0,0.0,2.066666666666667,21.684397673822875,
36_24,25.70721,51.19053,Resto,0.0,0.0,0.0,0.03333333333333333,22.514833596041804,
36_23,25.61712,51.19053,Resto,0.0,0.0,0.0,0.03333333333333333,21.71557616019101,
36_22,25.52703,51.19053,Resto,0.0,0.0,0.0,0.13333333333333333,25.1494503551898,
36_21,25.43694,51.19053,Resto,0.0,0.0,0.0,0.13333333333333333,29.832779800512647,
36_20,25.34685,51.19053,Resto,0.0,0.0,0.0,0.13333333333333333,32.52917308447207,
36_2,23.72523,51.19053,Resto,0.0,0.0,0.0,0.0,64.91554840312726,
36_19,25.25676,51.19053,Resto,0.0,0.0,0.0,0.03333333333333333,33.11370606834798,
36_18,25.16667,51.19053,Resto,0.0,0.0,0.0,0.03333333333333333,36.21832598234104,
36_17,25.07658,51.19053,Resto,0.0,0.0,0.0,0.36666666666666664,38.67732737530091,
36_16,24.98649,51.19053,Resto,0.0,0.0,0.0,0.06666666666666667,34.61870543061888,
16_38,26.96847,49.16832,Resto,0.0,0.0,0.0,0.03333333333333333,28.83697608866722,
16_37,26.87838,49.16832,Resto,0.0,0.0,0.0,0.1,36.5786221097232,
16_36,26.78829,49.16832,Resto,0.0,0.0,0.0,0.0,45.23535578676337,
16_35,26.6982,49.16832,Resto,0.0,0.0,0.0,0.03333333333333333,54.038255999598384,
16_34,26.60811,49.16832,Resto,0.0,0.0,0.0,0.03333333333333333,63.214424523659375,
16_33,26.51802,49.16832,Resto,0.0,0.0,0.0,0.03333333333333333,72.3878061009915,
16_32,26.42793,49.16832,Resto,0.0,0.0,0.0,0.03333333333333333,79.56073098093971,
16_6,24.08559,49.16832,Resto,0.0,0.0,0.0,0.0,177.68311556107886,
16_5,23.9955,49.16832,Resto,0.0,0.0,0.0,0.0,182.1645135600751,
8_48,27.86937,48.35944,Resto,0.0,0.0,0.0,0.0,35.11451211537698,
8_47,27.77928,48.35944,Resto,0.0,0.0,0.0,0.03333333333333333,41.6244516141785,
8_46,27.68919,48.35944,Resto,0.0,0.0,0.0,0.0,41.83894166116019,
8_45,27.5991,48.35944,Resto,0.0,0.0,0.0,0.0,43.76916020281861,
36_15,24.8964,51.19053,Resto,0.0,0.0,0.0,0.06666666666666667,27.432434348100674,
36_14,24.80631,51.19053,Resto,0.0,0.0,0.0,0.03333333333333333,18.00394680159145,
36_4,23.90541,51.19053,Resto,0.0,0.0,0.0,0.0,45.18315524983426,
36_39,27.05856,51.19053,Resto,0.0,0.0,0.0,206.73333333333332,96.2408725285232,68.0
36_3,23.81532,51.19053,Resto,0.0,0.0,0.0,0.0,55.022213618293485,
36_29,26.15766,51.19053,Resto,0.0,0.0,0.0,796.4,2.385180141226744,4.0
36_57,28.68018,51.19053,Resto,0.0,0.0,0.0,0.03333333333333333,11.662471883789994,
36_56,28.59009,51.19053,Resto,0.0,0.0,0.0,0.03333333333333333,11.604680173782308,
36_55,28.5,51.19053,Resto,0.0,0.0,0.0,62.56666666666667,8.578396865356485,
36_54,28.40991,51.19053,Resto,0.0,0.0,0.0,0.26666666666666666,4.417363100814921,
36_5,23.9955,51.19053,Resto,0.0,0.0,0.0,0.0,35.44365119232549,
86_40,27.14865,56.24606,Resto,0.0,0.0,0.0,10690.266666666666,3.2441310860702632,4.0
86_4,23.90541,56.24606,Resto,0.0,0.0,0.0,0.0,70.01497975353529,
86_38,26.96847,56.24606,Resto,0.0,0.0,0.0,1844.7666666666667,2.480694278403382,
86_3,23.81532,56.24606,Resto,0.0,0.0,0.0,0.03333333333333333,75.54740787373233,
86_29,26.15766,56.24606,Resto,0.0,0.0,0.0,2620.4,6.140931677997672,
86_28,26.06757,56.24606,Resto,0.0,0.0,0.0,0.06666666666666667,10.22956108188058,
86_27,25.97748,56.24606,Resto,0.0,0.0,0.0,0.06666666666666667,14.636499227295284,
36_71,29.94144,51.19053,Resto,0.0,0.0,0.0,0.0,74.3735083357465,
36_70,29.85135,51.19053,Resto,0.0,0.0,0.0,0.0,68.07521146909762,
36_7,24.17568,51.19053,Resto,0.0,0.0,0.0,0.0,16.96230969885498,
36_69,29.76126,51.19053,Resto,0.0,0.0,0.0,0.0,62.41463448725192,
36_68,29.67117,51.19053,Resto,0.0,0.0,0.0,0.03333333333333333,57.63693325430962,
36_67,29.58108,51.19053,Resto,0.0,0.0,0.0,0.0,54.12520418051045,
36_66,29.49099,51.19053,Resto,0.0,0.0,0.0,0.0,51.82336433158911,
36_65,29.4009,51.19053,Resto,0.0,0.0,0.0,0.0,44.385795277365965,
36_64,29.31081,51.19053,Resto,0.0,0.0,0.0,0.0,37.54107574957386,
36_63,29.22072,51.19053,Resto,0.0,0.0,0.0,0.03333333333333333,31.336450060797105,
36_62,29.13063,51.19053,Resto,0.0,0.0,0.0,0.03333333333333333,26.83063236758268,
36_61,29.04054,51.19053,Resto,0.0,0.0,0.0,0.0,25.259036284668085,
36_60,28.95045,51.19053,Resto,0.0,0.0,0.0,0.1,24.34422489002283,
36_6,24.08559,51.19053,Resto,0.0,0.0,0.0,0.0,25.91625126553016,
36_59,28.86036,51.19053,Resto,0.0,0.0,0.0,0.1,17.986621794322307,
36_58,28.77027,51.19053,Resto,0.0,0.0,0.0,0.0,13.462728249711104,
37_15,24.8964,51.29164,Resto,0.0,0.0,0.0,0.06666666666666667,21.62200825885754,
37_14,24.80631,51.29164,Resto,0.0,0.0,0.0,0.0,15.993515765424304,
37_13,24.71622,51.29164,Resto,0.0,0.0,0.0,0.03333333333333333,6.0167813049391805,
37_12,24.62613,51.29164,Resto,0.0,0.0,0.0,0.1,1.5823446296398096,1.0
37_11,24.53604,51.29164,Resto,0.0,0.0,0.0,0.0,0.6241476439839428,
37_10,24.44595,51.29164,Resto,0.0,0.0,0.0,2.8,3.644566920816636,
37_1,23.63514,51.29164,Resto,0.0,0.0,0.0,0.0,66.72957549926655,
37_0,23.54505,51.29164,Resto,0.0,0.0,0.0,0.0,73.2698650120922,
36_9,24.35586,51.19053,Resto,0.0,0.0,0.0,0.0,9.129137092016464,
36_8,24.26577,51.19053,Resto,0.0,0.0,0.0,0.0,10.137427771057578,
36_77,30.48198,51.19053,Resto,0.0,0.0,0.0,0.0,110.26565339935574,
36_76,30.39189,51.19053,Resto,0.0,0.0,0.0,0.0,107.06090274686971,
36_75,30.3018,51.19053,Resto,0.0,0.0,0.0,0.0,102.89629122257072,
36_74,30.21171,51.19053,Resto,0.0,0.0,0.0,0.0,95.82885054945056,
36_73,30.12162,51.19053,Resto,0.0,0.0,0.0,0.0,89.04394239911184,
36_72,30.03153,51.19053,Resto,0.0,0.0,0.0,0.03333333333333333,81.42241802368042,
37_3,23.81532,51.29164,Resto,0.0,0.0,0.0,0.0,53.911044617437305,
37_29,26.15766,51.29164,Resto,0.0,0.0,0.0,192.43333333333334,1.694525664411615,3.0
37_28,26.06757,51.29164,Resto,0.0,0.0,0.0,252.76666666666668,5.537628597861785,
37_27,25.97748,51.29164,Resto,0.0,0.0,0.0,1.8333333333333333,8.792592554997805,
37_26,25.88739,51.29164,Resto,0.0,0.0,0.0,0.4666666666666667,13.15702256630613,
37_25,25.7973,51.29164,Resto,0.0,0.0,0.0,0.5,20.77387096137081,
37_24,25.70721,51.29164,Resto,0.0,0.0,0.0,0.0,21.61956966538967,
37_23,25.61712,51.29164,Resto,0.0,0.0,0.0,0.03333333333333333,20.133045589379343,
16_23,25.61712,49.16832,Resto,0.0,0.0,0.0,0.0,93.36441758864709,
16_22,25.52703,49.16832,Resto,0.0,0.0,0.0,0.0,98.41116402589444,
16_21,25.43694,49.16832,Resto,0.0,0.0,0.0,0.03333333333333333,103.11678455284496,
16_20,25.34685,49.16832,Resto,0.0,0.0,0.0,0.13333333333333333,106.58956116850136,
16_2,23.72523,49.16832,Resto,0.0,0.0,0.0,0.0,197.89036436158403,
16_19,25.25676,49.16832,Resto,0.0,0.0,0.0,0.13333333333333333,110.82720447870297,
16_18,25.16667,49.16832,Resto,0.0,0.0,0.0,0.13333333333333333,115.68598341841296,
16_45,27.5991,49.16832,Resto,0.0,0.0,0.0,5929.1,4.712688982366051,3.0
16_44,27.50901,49.16832,Resto,0.0,0.0,0.0,2001.1333333333334,4.446147471538449,
16_43,27.41892,49.16832,Resto,0.0,0.0,0.0,120.66666666666667,0.3042437586606262,1.0
16_42,27.32883,49.16832,Resto,0.0,0.0,0.0,0.7333333333333333,5.495484429772158,
16_41,27.23874,49.16832,Resto,0.0,0.0,0.0,0.7333333333333333,11.695699379770517,
16_40,27.14865,49.16832,Resto,0.0,0.0,0.0,0.1,16.659398875998264,
16_4,23.90541,49.16832,Resto,0.0,0.0,0.0,0.0,187.07754443223808,
16_39,27.05856,49.16832,Resto,0.0,0.0,0.0,0.03333333333333333,22.4057060479397,
37_22,25.52703,51.29164,Resto,0.0,0.0,0.0,0.16666666666666666,18.197496791755444,
37_21,25.43694,51.29164,Resto,0.0,0.0,0.0,0.13333333333333333,20.238553068156563,
37_20,25.34685,51.29164,Resto,0.0,0.0,0.0,0.1,22.331912220421327,
37_2,23.72523,51.29164,Resto,0.0,0.0,0.0,0.0,61.13647999276621,
37_19,25.25676,51.29164,Resto,0.0,0.0,0.0,0.1,23.113253309159603,
37_18,25.16667,51.29164,Resto,0.0,0.0,0.0,0.2,27.16174895073231,
37_17,25.07658,51.29164,Resto,0.0,0.0,0.0,0.06666666666666667,31.942816934091084,
37_16,24.98649,51.29164,Resto,0.0,0.0,0.0,0.03333333333333333,25.5645189016952,
37_4,23.90541,51.29164,Resto,0.0,0.0,0.0,0.0,43.93593167431924,
37_37,26.87838,51.29164,Resto,0.0,0.0,0.0,96.2,79.9734879910625,48.0
37_35,26.6982,51.29164,Resto,0.0,0.0,0.0,628.0333333333333,59.97173110137458,19.0
37_59,28.86036,51.29164,Resto,0.0,0.0,0.0,0.0,26.646313511932394,
37_58,28.77027,51.29164,Resto,0.0,0.0,0.0,0.0,23.04997741557592,
37_57,28.68018,51.29164,Resto,0.0,0.0,0.0,0.03333333333333333,21.57934249290824,
37_56,28.59009,51.29164,Resto,0.0,0.0,0.0,0.03333333333333333,21.53009907669741,
37_55,28.5,51.29164,Resto,0.0,0.0,0.0,0.03333333333333333,17.787810312011057,
37_54,28.40991,51.29164,Resto,0.0,0.0,0.0,0.0,12.053895837365989,
37_53,28.31982,51.29164,Resto,0.0,0.0,0.0,0.03333333333333333,5.840233275003509,
37_52,28.22973,51.29164,Resto,0.0,0.0,0.0,4.866666666666666,0.5570185310816484,
37_51,28.13964,51.29164,Resto,0.0,0.0,0.0,0.9333333333333333,1.4895055900371803,
37_5,23.9955,51.29164,Resto,0.0,0.0,0.0,0.0,33.96063124865616,
37_73,30.12162,51.29164,Resto,0.0,0.0,0.0,0.0,95.42144756557664,
37_72,30.03153,51.29164,Resto,0.0,0.0,0.0,0.0,88.35885529631658,
37_71,29.94144,51.29164,Resto,0.0,0.0,0.0,0.0,81.9165106626066,
37_70,29.85135,51.29164,Resto,0.0,0.0,0.0,0.0,76.07348623556777,
37_7,24.17568,51.29164,Resto,0.0,0.0,0.0,0.03333333333333333,14.009468457659208,
37_69,29.76126,51.29164,Resto,0.0,0.0,0.0,0.0,70.95662525663028,
37_68,29.67117,51.29164,Resto,0.0,0.0,0.0,0.03333333333333333,66.65266079647049,
37_67,29.58108,51.29164,Resto,0.0,0.0,0.0,0.0,63.644758853829394,
37_66,29.49099,51.29164,Resto,0.0,0.0,0.0,0.0,58.42218931847066,
37_65,29.4009,51.29164,Resto,0.0,0.0,0.0,0.0,51.49918151799471,
37_64,29.31081,51.29164,Resto,0.0,0.0,0.0,0.03333333333333333,45.1472320348982,
37_63,29.22072,51.29164,Resto,0.0,0.0,0.0,0.03333333333333333,39.86575904264641,
37_62,29.13063,51.29164,Resto,0.0,0.0,0.0,0.0,36.33840066817496,
37_61,29.04054,51.29164,Resto,0.0,0.0,0.0,0.0,35.13640871865754,
37_60,28.95045,51.29164,Resto,0.0,0.0,0.0,0.0,31.8812561992739,
37_6,24.08559,51.29164,Resto,0.0,0.0,0.0,0.0,23.985143467330204,
38_17,25.07658,51.39275,Resto,0.0,0.0,0.0,0.1,21.911272351805025,
38_16,24.98649,51.39275,Resto,0.0,0.0,0.0,0.06666666666666667,17.745573586306776,
38_15,24.8964,51.39275,Resto,0.0,0.0,0.0,0.0,11.81652165425874,
38_14,24.80631,51.39275,Resto,0.0,0.0,0.0,0.03333333333333333,9.173280377030585,
38_13,24.71622,51.39275,Resto,0.0,0.0,0.0,0.06666666666666667,5.699792005082249,
38_12,24.62613,51.39275,Resto,0.0,0.0,0.0,1.0666666666666667,0.2692199665998037,
38_11,24.53604,51.39275,Resto,0.0,0.0,0.0,13.366666666666667,2.77062099997282,
38_10,24.44595,51.39275,Resto,0.0,0.0,0.0,15.2,3.6013497045446146,3.0
38_1,23.63514,51.39275,Resto,0.0,0.0,0.0,0.0,58.86148361587845,
38_0,23.54505,51.39275,Resto,0.0,0.0,0.0,0.0,66.17775744648455,
37_9,24.35586,51.29164,Resto,0.0,0.0,0.0,2.8,0.7906725932313066,
37_8,24.26577,51.29164,Resto,0.0,0.0,0.0,3.6666666666666665,4.033606347400388,
37_77,30.48198,51.29164,Resto,0.0,0.0,0.0,0.0,119.40435970727336,
37_76,30.39189,51.29164,Resto,0.0,0.0,0.0,0.0,116.46012647378762,
37_75,30.3018,51.29164,Resto,0.0,0.0,0.0,0.0,109.8167069348143,
37_74,30.21171,51.29164,Resto,0.0,0.0,0.0,0.0,102.97676785211738,
38_3,23.81532,51.39275,Resto,0.0,0.0,0.0,0.0,47.2529945662079,11.0
38_29,26.15766,51.39275,Resto,0.0,0.0,0.0,196.76666666666668,7.344214189151844,12.0
38_27,25.97748,51.39275,Resto,0.0,0.0,0.0,746.8666666666667,0.6945248318640977,
38_26,25.88739,51.39275,Resto,0.0,0.0,0.0,7.766666666666667,7.498816531385971,
38_25,25.7973,51.39275,Resto,0.0,0.0,0.0,16.166666666666668,16.561180155289055,
38_24,25.70721,51.39275,Resto,0.0,0.0,0.0,0.9666666666666667,11.536480768930838,
38_23,25.61712,51.39275,Resto,0.0,0.0,0.0,3.1666666666666665,9.941436463725283,
38_22,25.52703,51.39275,Resto,0.0,0.0,0.0,4.1,8.011273288469862,
38_21,25.43694,51.39275,Resto,0.0,0.0,0.0,8.533333333333333,11.302783617070636,
38_20,25.34685,51.39275,Resto,0.0,0.0,0.0,11.233333333333333,12.137306839147865,
38_2,23.72523,51.39275,Resto,0.0,0.0,0.0,0.0,52.4432588707631,3.0
38_19,25.25676,51.39275,Resto,0.0,0.0,0.0,11.233333333333333,13.45057753385603,
38_18,25.16667,51.39275,Resto,0.0,0.0,0.0,1.7,19.301539543512,
38_4,23.90541,51.39275,Resto,0.0,0.0,0.0,0.0,42.56557684792404,
38_33,26.51802,51.39275,Resto,0.0,0.0,0.0,218.8,42.24667587093613,34.0
86_26,25.88739,56.24606,Resto,0.0,0.0,0.0,1.3,13.00427228352296,
86_25,25.7973,56.24606,Resto,0.0,0.0,0.0,0.03333333333333333,6.762434327305984,
86_24,25.70721,56.24606,Resto,0.0,0.0,0.0,0.03333333333333333,2.700896683759968,
86_23,25.61712,56.24606,Resto,0.0,0.0,0.0,0.03333333333333333,3.5004626513187067,
86_22,25.52703,56.24606,Resto,0.0,0.0,0.0,0.0,11.274678455534056,
86_21,25.43694,56.24606,Resto,0.0,0.0,0.0,0.06666666666666667,11.845076689184475,
86_20,25.34685,56.24606,Resto,0.0,0.0,0.0,0.0,11.705588627074365,
86_2,23.72523,56.24606,Resto,0.0,0.0,0.0,0.03333333333333333,81.8582664876374,
86_19,25.25676,56.24606,Resto,0.0,0.0,0.0,0.0,12.858759283662618,
86_18,25.16667,56.24606,Resto,0.0,0.0,0.0,0.03333333333333333,11.968279178354484,
86_17,25.07658,56.24606,Resto,0.0,0.0,0.0,0.03333333333333333,11.735886492745545,
86_16,24.98649,56.24606,Resto,0.0,0.0,0.0,0.0,13.232685377942335,
86_15,24.8964,56.24606,Resto,0.0,0.0,0.0,0.0,15.641939474150456,
86_14,24.80631,56.24606,Resto,0.0,0.0,0.0,0.0,18.87931142102637,
86_13,24.71622,56.24606,Resto,0.0,0.0,0.0,0.03333333333333333,23.207729003878896,
86_12,24.62613,56.24606,Resto,0.0,0.0,0.0,0.03333333333333333,26.34698862485198,
38_60,28.95045,51.39275,Resto,0.0,0.0,0.0,0.0,40.114257791052495,
38_6,24.08559,51.39275,Resto,0.0,0.0,0.0,0.0,24.08827693115837,
38_59,28.86036,51.39275,Resto,0.0,0.0,0.0,0.0,35.52133076169757,
38_58,28.77027,51.39275,Resto,0.0,0.0,0.0,0.0,32.646240018019235,
38_57,28.68018,51.39275,Resto,0.0,0.0,0.0,0.03333333333333333,31.49490507248702,
38_56,28.59009,51.39275,Resto,0.0,0.0,0.0,0.03333333333333333,30.74386316956948,
38_55,28.5,51.39275,Resto,0.0,0.0,0.0,0.03333333333333333,25.90223450196568,
38_54,28.40991,51.39275,Resto,0.0,0.0,0.0,0.0,19.94273157444027,
38_53,28.31982,51.39275,Resto,0.0,0.0,0.0,0.03333333333333333,13.603033703088965,
38_52,28.22973,51.39275,Resto,0.0,0.0,0.0,0.03333333333333333,10.502205722551771,
38_51,28.13964,51.39275,Resto,0.0,0.0,0.0,0.03333333333333333,9.051569908398791,
38_5,23.9955,51.39275,Resto,0.0,0.0,0.0,0.0,33.23046841943504,
38_48,27.86937,51.39275,Resto,0.0,0.0,0.0,6.866666666666666,6.967637040272617,2.0
38_75,30.3018,51.39275,Resto,0.0,0.0,0.0,0.0,116.91827615717688,
38_74,30.21171,51.39275,Resto,0.0,0.0,0.0,0.0,109.413888869786,
38_73,30.12162,51.39275,Resto,0.0,0.0,0.0,0.0,102.34200716130673,
38_72,30.03153,51.39275,Resto,0.0,0.0,0.0,0.0,95.79844082745537,
38_71,29.94144,51.39275,Resto,0.0,0.0,0.0,0.0,89.83343715029197,
38_70,29.85135,51.39275,Resto,0.0,0.0,0.0,0.0,84.39953598753262,
38_7,24.17568,51.39275,Resto,0.0,0.0,0.0,0.0,14.346470973791336,
38_69,29.76126,51.39275,Resto,0.0,0.0,0.0,0.0,79.67073567785769,
38_68,29.67117,51.39275,Resto,0.0,0.0,0.0,0.0,75.8702590091133,
38_67,29.58108,51.39275,Resto,0.0,0.0,0.0,0.0,72.45492155965111,
38_66,29.49099,51.39275,Resto,0.0,0.0,0.0,0.0,65.48841984438396,
38_65,29.4009,51.39275,Resto,0.0,0.0,0.0,0.0,59.06514085520499,
38_64,29.31081,51.39275,Resto,0.0,0.0,0.0,0.03333333333333333,53.39413894633468,
38_63,29.22072,51.39275,Resto,0.0,0.0,0.0,0.0,48.82778057369926,
38_62,29.13063,51.39275,Resto,0.0,0.0,0.0,0.0,46.00096173222114,
38_61,29.04054,51.39275,Resto,0.0,0.0,0.0,0.0,45.01492375303969,
39_19,25.25676,51.49386,Resto,0.0,0.0,0.0,6409.966666666666,5.1409520982976415,
39_18,25.16667,51.49386,Resto,0.0,0.0,0.0,16.9,12.33599674935494,
39_17,25.07658,51.49386,Resto,0.0,0.0,0.0,0.8666666666666667,11.72031048527367,
39_16,24.98649,51.49386,Resto,0.0,0.0,0.0,0.4666666666666667,9.919909345422342,
39_15,24.8964,51.49386,Resto,0.0,0.0,0.0,396.93333333333334,3.652124801275232,
39_14,24.80631,51.49386,Resto,0.0,0.0,0.0,52.233333333333334,0.7527218604634159,2.0
39_12,24.62613,51.49386,Resto,0.0,0.0,0.0,383.3333333333333,3.927824557811873,6.0
39_11,24.53604,51.49386,Resto,0.0,0.0,0.0,37.2,3.879417822258023,12.0
39_10,24.44595,51.49386,Resto,0.0,0.0,0.0,109.66666666666667,10.995087195714603,7.0
39_1,23.63514,51.49386,Resto,0.0,0.0,0.0,0.0,51.86981347116362,
39_0,23.54505,51.49386,Resto,0.0,0.0,0.0,0.0,60.03859906496894,
38_9,24.35586,51.39275,Resto,0.0,0.0,0.0,15.2,3.851284348735857,2.0
38_8,24.26577,51.39275,Resto,0.0,0.0,0.0,4.933333333333334,4.851761815321882,
38_77,30.48198,51.39275,Resto,0.0,0.0,0.0,0.0,128.63300080261362,
38_76,30.39189,51.39275,Resto,0.0,0.0,0.0,0.0,123.79612479954297,
39_3,23.81532,51.49386,Resto,0.0,0.0,0.0,0.0,38.2546091621268,5.0
39_27,25.97748,51.49386,Resto,0.0,0.0,0.0,717.7,2.849473107690359,12.0
39_26,25.88739,51.49386,Resto,0.0,0.0,0.0,219.93333333333334,6.58881974449102,
39_25,25.7973,51.49386,Resto,0.0,0.0,0.0,0.36666666666666664,7.53679885511518,
39_24,25.70721,51.49386,Resto,0.0,0.0,0.0,2322.3,2.5001041052082504,
39_23,25.61712,51.49386,Resto,0.0,0.0,0.0,59.96666666666667,0.0295424383707364,
39_22,25.52703,51.49386,Resto,0.0,0.0,0.0,19.8,1.566646692933954,1.0
39_21,25.43694,51.49386,Resto,0.0,0.0,0.0,19644.233333333334,2.30381076642192,
39_20,25.34685,51.49386,Resto,0.0,0.0,0.0,6409.966666666666,1.944644091300272,
16_0,23.54505,49.16832,Resto,0.0,0.0,0.0,0.0,210.05888522978532,
15_9,24.35586,49.06721,Resto,0.0,0.0,0.0,0.0,170.9865107054457,
15_8,24.26577,49.06721,Resto,0.0,0.0,0.0,0.0,175.83631976517557,
15_77,30.48198,49.06721,Resto,0.0,0.0,0.0,4.466666666666667,3.5433279121713435,
15_76,30.39189,49.06721,Resto,0.0,0.0,0.0,8993.366666666667,1.638859624948514,
15_75,30.3018,49.06721,Resto,0.0,0.0,0.0,0.03333333333333333,2.7697081383255333,
15_74,30.21171,49.06721,Resto,0.0,0.0,0.0,0.03333333333333333,6.118450493756074,1.0
16_31,26.33784,49.16832,Resto,0.0,0.0,0.0,0.03333333333333333,84.15651679885241,
16_30,26.24775,49.16832,Resto,0.0,0.0,0.0,0.03333333333333333,82.12359069819102,
16_3,23.81532,49.16832,Resto,0.0,0.0,0.0,0.0,192.30376444248645,
16_29,26.15766,49.16832,Resto,0.0,0.0,0.0,0.03333333333333333,81.28997246378181,
16_28,26.06757,49.16832,Resto,0.0,0.0,0.0,0.03333333333333333,81.69238090159907,
16_27,25.97748,49.16832,Resto,0.0,0.0,0.0,0.03333333333333333,82.84656644250526,
16_26,25.88739,49.16832,Resto,0.0,0.0,0.0,0.03333333333333333,83.810446634007,
16_25,25.7973,49.16832,Resto,0.0,0.0,0.0,0.0,85.94550998108821,
16_24,25.70721,49.16832,Resto,0.0,0.0,0.0,0.0,89.16766272524193,
39_2,23.72523,51.49386,Resto,0.0,0.0,0.0,0.0,44.46050907357701,
39_4,23.90541,51.49386,Resto,0.0,0.0,0.0,0.0,33.60831139197778,10.0
86_11,24.53604,56.24606,Resto,0.0,0.0,0.0,0.06666666666666667,30.640955931862,
86_10,24.44595,56.24606,Resto,0.0,0.0,0.0,0.03333333333333333,35.316623647932126,
86_1,23.63514,56.24606,Resto,0.0,0.0,0.0,0.0,88.29249407191197,
86_0,23.54505,56.24606,Resto,0.0,0.0,0.0,0.0,94.77303927197852,
85_9,24.35586,56.14495,Resto,0.0,0.0,0.0,0.0,49.05048343018687,
85_8,24.26577,56.14495,Resto,0.0,0.0,0.0,0.0,53.73401987781381,
85_77,30.48198,56.14495,Resto,0.0,0.0,0.0,0.03333333333333333,364.0198158559288,
85_76,30.39189,56.14495,Resto,0.0,0.0,0.0,0.03333333333333333,354.05228577500736,
85_75,30.3018,56.14495,Resto,0.0,0.0,0.0,0.03333333333333333,344.08543016639175,
85_74,30.21171,56.14495,Resto,0.0,0.0,0.0,0.03333333333333333,334.1187021293001,
85_73,30.12162,56.14495,Resto,0.0,0.0,0.0,0.03333333333333333,324.15209777090865,
85_72,30.03153,56.14495,Resto,0.0,0.0,0.0,0.03333333333333333,314.1856168390448,
85_71,29.94144,56.14495,Resto,0.0,0.0,0.0,0.03333333333333333,304.2192590802628,
85_70,29.85135,56.14495,Resto,0.0,0.0,0.0,0.03333333333333333,294.25302423983254,
85_7,24.17568,56.14495,Resto,0.0,0.0,0.0,0.0,59.1415428297535,
85_69,29.76126,56.14495,Resto,0.0,0.0,0.0,0.03333333333333333,284.2869120617495,
39_62,29.13063,51.49386,Resto,0.0,0.0,0.0,0.0,55.73717968981101,
39_61,29.04054,51.49386,Resto,0.0,0.0,0.0,0.0,53.7859395100989,
39_60,28.95045,51.49386,Resto,0.0,0.0,0.0,0.0,48.8184263063012,
39_6,24.08559,51.49386,Resto,0.0,0.0,0.0,0.0,20.379562024964294,
39_59,28.86036,51.49386,Resto,0.0,0.0,0.0,0.03333333333333333,44.8077885259521,
39_58,28.77027,51.49386,Resto,0.0,0.0,0.0,0.0,42.28833907745967,
39_57,28.68018,51.49386,Resto,0.0,0.0,0.0,0.03333333333333333,41.40917652178004,
39_56,28.59009,51.49386,Resto,0.0,0.0,0.0,0.06666666666666667,39.909186846368186,
39_55,28.5,51.49386,Resto,0.0,0.0,0.0,0.06666666666666667,34.038128055486794,
39_54,28.40991,51.49386,Resto,0.0,0.0,0.0,0.03333333333333333,27.353514578935464,
39_53,28.31982,51.49386,Resto,0.0,0.0,0.0,0.03333333333333333,22.323471776430683,
39_52,28.22973,51.49386,Resto,0.0,0.0,0.0,0.03333333333333333,20.44647428295553,
39_51,28.13964,51.49386,Resto,0.0,0.0,0.0,0.1,17.54904356224019,
39_50,28.04955,51.49386,Resto,0.0,0.0,0.0,0.03333333333333333,11.773877053503275,
39_5,23.9955,51.49386,Resto,0.0,0.0,0.0,0.0,29.394842289777767,
39_49,27.95946,51.49386,Resto,0.0,0.0,0.0,0.03333333333333333,4.220251965967242,
39_77,30.48198,51.49386,Resto,0.0,0.0,0.0,0.0,137.7671091088191,
39_76,30.39189,51.49386,Resto,0.0,0.0,0.0,0.0,130.8631234141654,
39_75,30.3018,51.49386,Resto,0.0,0.0,0.0,0.0,123.39925667251184,
39_74,30.21171,51.49386,Resto,0.0,0.0,0.0,0.0,116.32086099662224,
39_73,30.12162,51.49386,Resto,0.0,0.0,0.0,0.0,109.70255837875864,
39_72,30.03153,51.49386,Resto,0.0,0.0,0.0,0.0,103.6276382421116,
39_71,29.94144,51.49386,Resto,0.0,0.0,0.0,0.03333333333333333,97.9660278290254,
39_70,29.85135,51.49386,Resto,0.0,0.0,0.0,0.03333333333333333,92.96994028370528,
39_7,24.17568,51.49386,Resto,0.0,0.0,0.0,0.0,10.80261934291073,
39_69,29.76126,51.49386,Resto,0.0,0.0,0.0,0.03333333333333333,88.61600957130639,
39_68,29.67117,51.49386,Resto,0.0,0.0,0.0,0.03333333333333333,85.22381372827998,
39_67,29.58108,51.49386,Resto,0.0,0.0,0.0,0.03333333333333333,79.48814095816329,
39_66,29.49099,51.49386,Resto,0.0,0.0,0.0,0.03333333333333333,73.02436630618575,
39_65,29.4009,51.49386,Resto,0.0,0.0,0.0,0.03333333333333333,67.04554137294525,
39_64,29.31081,51.49386,Resto,0.0,0.0,0.0,0.03333333333333333,61.98203969053456,
39_63,29.22072,51.49386,Resto,0.0,0.0,0.0,0.03333333333333333,58.084341087960674,
3_20,25.34685,47.85389,Resto,0.0,0.0,0.0,0.03333333333333333,228.15576917345243,
3_2,23.72523,47.85389,Resto,0.0,0.0,0.0,0.0,314.0304736703592,
3_19,25.25676,47.85389,Resto,0.0,0.0,0.0,0.03333333333333333,231.65223995797217,
3_18,25.16667,47.85389,Resto,0.0,0.0,0.0,0.03333333333333333,235.5265200716113,
3_17,25.07658,47.85389,Resto,0.0,0.0,0.0,0.03333333333333333,239.76029795237497,
3_16,24.98649,47.85389,Resto,0.0,0.0,0.0,0.03333333333333333,244.33488912220216,
3_15,24.8964,47.85389,Resto,0.0,0.0,0.0,0.06666666666666667,249.2315302272744,
3_14,24.80631,47.85389,Resto,0.0,0.0,0.0,0.06666666666666667,253.34468543323348,
3_13,24.71622,47.85389,Resto,0.0,0.0,0.0,0.06666666666666667,257.6093167169695,
3_12,24.62613,47.85389,Resto,0.0,0.0,0.0,0.0,262.1441890960821,
3_11,24.53604,47.85389,Resto,0.0,0.0,0.0,0.0,266.96798105633167,
3_10,24.44595,47.85389,Resto,0.0,0.0,0.0,0.0,272.0779994055804,
3_1,23.63514,47.85389,Resto,0.0,0.0,0.0,0.0,318.98896042865897,
3_0,23.54505,47.85389,Resto,0.0,0.0,0.0,0.0,324.1832656402615,
39_9,24.35586,51.49386,Resto,0.0,0.0,0.0,109.66666666666667,5.225026270207378,18.0
39_8,24.26577,51.49386,Resto,0.0,0.0,0.0,5.733333333333333,2.638194883802285,
3_35,26.6982,47.85389,Resto,0.0,0.0,0.0,0.03333333333333333,141.4353862930599,
3_34,26.60811,47.85389,Resto,0.0,0.0,0.0,0.03333333333333333,148.90049531520506,
3_33,26.51802,47.85389,Resto,0.0,0.0,0.0,0.03333333333333333,156.6574298015234,
3_32,26.42793,47.85389,Resto,0.0,0.0,0.0,0.03333333333333333,164.6649589231154,
3_31,26.33784,47.85389,Resto,0.0,0.0,0.0,0.03333333333333333,172.88827150806773,
3_30,26.24775,47.85389,Resto,0.0,0.0,0.0,0.03333333333333333,181.17833478802817,
3_3,23.81532,47.85389,Resto,0.0,0.0,0.0,0.0,309.3191447139791,
3_29,26.15766,47.85389,Resto,0.0,0.0,0.0,0.0,188.24572361547845,
3_28,26.06757,47.85389,Resto,0.0,0.0,0.0,0.0,194.71013744079377,
3_27,25.97748,47.85389,Resto,0.0,0.0,0.0,0.0,201.1887034099032,
3_26,25.88739,47.85389,Resto,0.0,0.0,0.0,0.0,207.921183347493,
3_25,25.7973,47.85389,Resto,0.0,0.0,0.0,0.0,214.9141866574806,
3_24,25.70721,47.85389,Resto,0.0,0.0,0.0,0.0,218.2818542941217,
3_23,25.61712,47.85389,Resto,0.0,0.0,0.0,0.03333333333333333,220.1035718404229,
3_22,25.52703,47.85389,Resto,0.0,0.0,0.0,0.03333333333333333,222.3656165040983,
3_21,25.43694,47.85389,Resto,0.0,0.0,0.0,0.03333333333333333,225.05471446295425,
3_5,23.9955,47.85389,Resto,0.0,0.0,0.0,0.0,300.6838192546068,
3_49,27.95946,47.85389,Resto,0.0,0.0,0.0,0.0,76.94716023073876,
3_48,27.86937,47.85389,Resto,0.0,0.0,0.0,0.0,80.01943589634793,
3_47,27.77928,47.85389,Resto,0.0,0.0,0.0,0.0,84.19167801301202,
3_46,27.68919,47.85389,Resto,0.0,0.0,0.0,0.0,88.77445006922827,
3_45,27.5991,47.85389,Resto,0.0,0.0,0.0,0.0,93.03725360394,
3_44,27.50901,47.85389,Resto,0.0,0.0,0.0,0.0,95.02673418377564,
3_43,27.41892,47.85389,Resto,0.0,0.0,0.0,0.0,97.98104106259002,
3_42,27.32883,47.85389,Resto,0.0,0.0,0.0,0.0,101.84939910628432,
3_41,27.23874,47.85389,Resto,0.0,0.0,0.0,0.0,106.10566658463344,
3_40,27.14865,47.85389,Resto,0.0,0.0,0.0,0.0,110.49442059865818,
3_4,23.90541,47.85389,Resto,0.0,0.0,0.0,0.0,304.8664306697719,
3_39,27.05856,47.85389,Resto,0.0,0.0,0.0,0.0,115.5959093909518,
3_38,26.96847,47.85389,Resto,0.0,0.0,0.0,0.03333333333333333,121.32026298102376,
3_37,26.87838,47.85389,Resto,0.0,0.0,0.0,0.03333333333333333,127.58367712390964,
3_36,26.78829,47.85389,Resto,0.0,0.0,0.0,0.03333333333333333,134.31076460124706,
3_64,29.31081,47.85389,Resto,0.0,0.0,0.0,1765.1,1.364393626006268,
3_63,29.22072,47.85389,Resto,0.0,0.0,0.0,4.4,11.4436614726909,
3_62,29.13063,47.85389,Resto,0.0,0.0,0.0,0.0,21.522983202812053,
3_61,29.04054,47.85389,Resto,0.0,0.0,0.0,0.06666666666666667,29.15278203826077,
3_60,28.95045,47.85389,Resto,0.0,0.0,0.0,0.06666666666666667,30.87122594200145,
3_6,24.08559,47.85389,Resto,0.0,0.0,0.0,0.0,295.07063371383856,
3_59,28.86036,47.85389,Resto,0.0,0.0,0.0,0.03333333333333333,34.566625362492054,
3_58,28.77027,47.85389,Resto,0.0,0.0,0.0,0.03333333333333333,39.64244052714591,
3_57,28.68018,47.85389,Resto,0.0,0.0,0.0,0.03333333333333333,45.28516376925892,
3_56,28.59009,47.85389,Resto,0.0,0.0,0.0,0.06666666666666667,49.456960744176506,
3_55,28.5,47.85389,Resto,0.0,0.0,0.0,0.06666666666666667,51.60652897287278,
3_54,28.40991,47.85389,Resto,0.0,0.0,0.0,0.06666666666666667,55.5289487200892,
3_53,28.31982,47.85389,Resto,0.0,0.0,0.0,0.03333333333333333,60.882543205376855,
3_52,28.22973,47.85389,Resto,0.0,0.0,0.0,0.0,63.33901317993874,
3_51,28.13964,47.85389,Resto,0.0,0.0,0.0,0.0,66.86559675430935,
3_50,28.04955,47.85389,Resto,0.0,0.0,0.0,0.0,71.64584512534528,
3_9,24.35586,47.85389,Resto,0.0,0.0,0.0,0.0,277.45843223564293,
3_8,24.26577,47.85389,Resto,0.0,0.0,0.0,0.0,283.0938636850079,
3_77,30.48198,47.85389,Resto,0.0,0.0,0.0,154.53333333333333,42.6688223498538,2.0
3_76,30.39189,47.85389,Resto,0.0,0.0,0.0,0.0,32.81646473736466,
3_75,30.3018,47.85389,Resto,0.0,0.0,0.0,0.23333333333333334,23.15915636766444,
3_74,30.21171,47.85389,Resto,0.0,0.0,0.0,10348.866666666667,14.103522860500682,
3_73,30.12162,47.85389,Resto,0.0,0.0,0.0,9625.4,8.038115621440445,
3_72,30.03153,47.85389,Resto,0.0,0.0,0.0,1839.1,8.491396359459937,
3_71,29.94144,47.85389,Resto,0.0,0.0,0.0,0.03333333333333333,10.642163769538524,
3_70,29.85135,47.85389,Resto,0.0,0.0,0.0,0.03333333333333333,12.594071529072576,
3_7,24.17568,47.85389,Resto,0.0,0.0,0.0,0.0,288.96937732162365,
3_69,29.76126,47.85389,Resto,0.0,0.0,0.0,0.0,15.680304693486816,
3_68,29.67117,47.85389,Resto,0.0,0.0,0.0,0.06666666666666667,15.164176813160488,
3_67,29.58108,47.85389,Resto,0.0,0.0,0.0,0.03333333333333333,7.515428611180459,
3_66,29.49099,47.85389,Resto,0.0,0.0,0.0,424.1666666666667,1.208784811257002,
3_65,29.4009,47.85389,Resto,0.0,0.0,0.0,11095.9,2.122239987092,1.0
40_20,25.34685,51.59497,Resto,0.0,0.0,0.0,6205.633333333333,7.003860050400058,1.0
40_2,23.72523,51.59497,Resto,0.0,0.0,0.0,0.0,37.64172393927766,
40_19,25.25676,51.59497,Resto,0.0,0.0,0.0,6205.633333333333,1.1224751349650002,
40_18,25.16667,51.59497,Resto,0.0,0.0,0.0,2905.233333333333,2.111111517358512,
40_17,25.07658,51.59497,Resto,0.0,0.0,0.0,382.1,1.5315048266357043,
40_15,24.8964,51.59497,Resto,0.0,0.0,0.0,15437.2,4.39077976278495,4.0
40_12,24.62613,51.59497,Resto,0.0,0.0,0.0,13.2,10.902714240249844,7.0
40_10,24.44595,51.59497,Resto,0.0,0.0,0.0,505.9,6.7837177834951135,5.0
40_1,23.63514,51.59497,Resto,0.0,0.0,0.0,0.0,46.15356705101215,
40_0,23.54505,51.59497,Resto,0.0,0.0,0.0,0.0,55.170571386934725,
40_3,23.81532,51.59497,Resto,0.0,0.0,0.0,0.0,30.067236729495303,
40_26,25.88739,51.59497,Resto,0.0,0.0,0.0,40312.23333333333,1.9013850098121616,2.0
40_24,25.70721,51.59497,Resto,0.0,0.0,0.0,518.5333333333333,0.6756344996537869,
40_51,28.13964,51.59497,Resto,0.0,0.0,0.0,0.06666666666666667,25.590437059695407,
40_50,28.04955,51.59497,Resto,0.0,0.0,0.0,0.1,18.09698929652785,
40_5,23.9955,51.59497,Resto,0.0,0.0,0.0,0.0,20.541757045791243,
40_49,27.95946,51.59497,Resto,0.0,0.0,0.0,0.1,9.416368123481249,
40_4,23.90541,51.59497,Resto,0.0,0.0,0.0,0.0,24.30341026989074,
85_68,29.67117,56.14495,Resto,0.0,0.0,0.0,0.03333333333333333,274.3209222887341,
85_67,29.58108,56.14495,Resto,0.0,0.0,0.0,0.0,264.35505466224004,
85_66,29.49099,56.14495,Resto,0.0,0.0,0.0,0.0,254.3893089224456,
85_65,29.4009,56.14495,Resto,0.0,0.0,0.0,0.0,244.42381220239304,
85_64,29.31081,56.14495,Resto,0.0,0.0,0.0,0.0,234.4596631541838,
85_63,29.22072,56.14495,Resto,0.0,0.0,0.0,0.0,224.49727232162232,
85_62,29.13063,56.14495,Resto,0.0,0.0,0.0,0.03333333333333333,214.53686577267203,
85_61,29.04054,56.14495,Resto,0.0,0.0,0.0,0.03333333333333333,204.5787135977641,
85_60,28.95045,56.14495,Resto,0.0,0.0,0.0,0.03333333333333333,194.62314114529565,
85_6,24.08559,56.14495,Resto,0.0,0.0,0.0,0.0,65.59179905140334,
85_59,28.86036,56.14495,Resto,0.0,0.0,0.0,0.0,184.6705438775385,
85_58,28.77027,56.14495,Resto,0.0,0.0,0.0,0.0,174.72140728267755,
85_57,28.68018,56.14495,Resto,0.0,0.0,0.0,0.0,164.77633396719455,
85_56,28.59009,56.14495,Resto,0.0,0.0,0.0,0.0,154.8360811353127,
85_55,28.5,56.14495,Resto,0.0,0.0,0.0,0.0,144.90161340604564,
85_54,28.40991,56.14495,Resto,0.0,0.0,0.0,0.0,134.9741788032265,
40_66,29.49099,51.59497,Resto,0.0,0.0,0.0,0.03333333333333333,80.82151092462594,
40_65,29.4009,51.59497,Resto,0.0,0.0,0.0,0.03333333333333333,75.44976843114493,
40_64,29.31081,51.59497,Resto,0.0,0.0,0.0,0.03333333333333333,70.8872106949025,
40_63,29.22072,51.59497,Resto,0.0,0.0,0.0,0.0,67.51384486143283,
40_62,29.13063,51.59497,Resto,0.0,0.0,0.0,0.0,65.51364959427879,
40_61,29.04054,51.59497,Resto,0.0,0.0,0.0,0.0,62.260296071818736,
40_60,28.95045,51.59497,Resto,0.0,0.0,0.0,0.0,57.66307362110499,
40_6,24.08559,51.59497,Resto,0.0,0.0,0.0,1.3,15.760728476701036,
40_59,28.86036,51.59497,Resto,0.0,0.0,0.0,0.03333333333333333,54.31130285216417,
40_58,28.77027,51.59497,Resto,0.0,0.0,0.0,0.03333333333333333,52.02728106136172,
40_57,28.68018,51.59497,Resto,0.0,0.0,0.0,0.06666666666666667,51.32217373706669,
40_56,28.59009,51.59497,Resto,0.0,0.0,0.0,0.06666666666666667,47.94940832347683,
40_55,28.5,51.59497,Resto,0.0,0.0,0.0,0.06666666666666667,41.29619463437158,
40_54,28.40991,51.59497,Resto,0.0,0.0,0.0,0.03333333333333333,35.79337692748822,
40_53,28.31982,51.59497,Resto,0.0,0.0,0.0,0.03333333333333333,31.71524924905517,
40_52,28.22973,51.59497,Resto,0.0,0.0,0.0,0.03333333333333333,30.389841371497365,
41_1,23.63514,51.69608,Resto,0.0,0.0,0.0,0.0,42.23274388257481,
41_0,23.54505,51.69608,Resto,0.0,0.0,0.0,0.0,51.90656743183485,
40_9,24.35586,51.59497,Resto,0.0,0.0,0.0,505.9,1.3801150115733976,1.0
40_8,24.26577,51.59497,Resto,0.0,0.0,0.0,150.9,1.540012433300369,2.0
40_77,30.48198,51.59497,Resto,0.0,0.0,0.0,0.06666666666666667,144.80803306222086,
40_76,30.39189,51.59497,Resto,0.0,0.0,0.0,0.06666666666666667,137.3772723945076,
40_75,30.3018,51.59497,Resto,0.0,0.0,0.0,0.0,130.29422675089077,
40_74,30.21171,51.59497,Resto,0.0,0.0,0.0,0.0,123.61866262847968,
40_73,30.12162,51.59497,Resto,0.0,0.0,0.0,0.0,117.420080491414,
40_72,30.03153,51.59497,Resto,0.0,0.0,0.0,0.03333333333333333,111.63138799085318,
40_71,29.94144,51.59497,Resto,0.0,0.0,0.0,0.03333333333333333,106.38181772750532,
40_70,29.85135,51.59497,Resto,0.0,0.0,0.0,0.03333333333333333,101.68572797321728,
40_7,24.17568,51.59497,Resto,0.0,0.0,0.0,4.466666666666667,6.968625920256703,
40_69,29.76126,51.59497,Resto,0.0,0.0,0.0,0.03333333333333333,97.7292530207612,
40_68,29.67117,51.59497,Resto,0.0,0.0,0.0,0.03333333333333333,93.49006743041345,
40_67,29.58108,51.59497,Resto,0.0,0.0,0.0,0.03333333333333333,87.00119047181256,
41_20,25.34685,51.69608,Resto,0.0,0.0,0.0,516.4,12.643892022440552,7.0
41_2,23.72523,51.69608,Resto,0.0,0.0,0.0,0.0,32.721413695474105,
41_19,25.25676,51.69608,Resto,0.0,0.0,0.0,516.4,8.83274019933855,11.0
8_54,28.40991,48.35944,Resto,0.0,0.0,0.0,0.0,11.099424392895934,
8_53,28.31982,48.35944,Resto,0.0,0.0,0.0,0.0,13.166626982193131,
8_52,28.22973,48.35944,Resto,0.0,0.0,0.0,0.0,18.917881797746546,
8_51,28.13964,48.35944,Resto,0.0,0.0,0.0,0.06666666666666667,23.926929711611923,
8_50,28.04955,48.35944,Resto,0.0,0.0,0.0,0.06666666666666667,25.942956299517625,
8_5,23.9955,48.35944,Resto,0.0,0.0,0.0,0.0,253.91068848501143,
8_49,27.95946,48.35944,Resto,0.0,0.0,0.0,0.0,30.56746073679752,
16_17,25.07658,49.16832,Resto,0.0,0.0,0.0,0.03333333333333333,121.18398469775168,
16_16,24.98649,49.16832,Resto,0.0,0.0,0.0,0.03333333333333333,127.23836957601344,
16_15,24.8964,49.16832,Resto,0.0,0.0,0.0,0.0,133.77361349093553,
16_14,24.80631,49.16832,Resto,0.0,0.0,0.0,0.0,140.68652454717295,
16_13,24.71622,49.16832,Resto,0.0,0.0,0.0,0.0,146.45387351889406,
16_12,24.62613,49.16832,Resto,0.0,0.0,0.0,0.0,149.5731373373036,
16_11,24.53604,49.16832,Resto,0.0,0.0,0.0,0.0,153.13156562598277,
16_10,24.44595,49.16832,Resto,0.0,0.0,0.0,0.0,157.24394598195607,
16_1,23.63514,49.16832,Resto,0.0,0.0,0.0,0.0,203.81837279946484,
41_11,24.53604,51.69608,Resto,0.0,0.0,0.0,0.8666666666666667,4.699057312020112,2.0
41_3,23.81532,51.69608,Resto,0.0,0.0,0.0,0.0,23.62502211345952,
41_53,28.31982,51.69608,Resto,0.0,0.0,0.0,0.03333333333333333,41.367921275600594,
41_52,28.22973,51.69608,Resto,0.0,0.0,0.0,0.03333333333333333,39.53405475270252,
41_51,28.13964,51.69608,Resto,0.0,0.0,0.0,0.03333333333333333,31.6565947182945,
41_50,28.04955,51.69608,Resto,0.0,0.0,0.0,0.2,22.78693702248173,
41_5,23.9955,51.69608,Resto,0.0,0.0,0.0,0.0,10.823640072666784,
41_49,27.95946,51.69608,Resto,0.0,0.0,0.0,0.2,14.276150916761797,
41_48,27.86937,51.69608,Resto,0.0,0.0,0.0,0.1,4.4522160645310365,
41_4,23.90541,51.69608,Resto,0.0,0.0,0.0,0.0,15.683141225855447,
85_53,28.31982,56.14495,Resto,0.0,0.0,0.0,0.0,125.05542067144758,
85_52,28.22973,56.14495,Resto,0.0,0.0,0.0,0.0,115.14754694021644,
85_51,28.13964,56.14495,Resto,0.0,0.0,0.0,0.0,105.25359403728676,
85_50,28.04955,56.14495,Resto,0.0,0.0,0.0,0.0,95.3778531328864,
85_5,23.9955,56.14495,Resto,0.0,0.0,0.0,0.0,72.51204562390761,
85_49,27.95946,56.14495,Resto,0.0,0.0,0.0,0.03333333333333333,85.52658752804969,
85_48,27.86937,56.14495,Resto,0.0,0.0,0.0,0.03333333333333333,75.70930044540559,
85_47,27.77928,56.14495,Resto,0.0,0.0,0.0,0.0,65.94111075621113,
85_46,27.68919,56.14495,Resto,0.0,0.0,0.0,0.03333333333333333,56.2456040920207,
85_45,27.5991,56.14495,Resto,0.0,0.0,0.0,0.06666666666666667,46.58126391716403,
85_44,27.50901,56.14495,Resto,0.0,0.0,0.0,0.1,36.983572210256845,
85_43,27.41892,56.14495,Resto,0.0,0.0,0.0,0.0,27.65650899425345,
85_42,27.32883,56.14495,Resto,0.0,0.0,0.0,0.36666666666666664,18.1141738396777,
85_41,27.23874,56.14495,Resto,0.0,0.0,0.0,60.56666666666667,8.145688510274926,
85_40,27.14865,56.14495,Resto,0.0,0.0,0.0,2683.866666666667,1.7134149048717549,1.0
85_4,23.90541,56.14495,Resto,0.0,0.0,0.0,0.0,79.06616934564319,
41_68,29.67117,51.69608,Resto,0.0,0.0,0.0,0.03333333333333333,100.9719065308458,
41_67,29.58108,51.69608,Resto,0.0,0.0,0.0,0.03333333333333333,94.6650345665348,
41_66,29.49099,51.69608,Resto,0.0,0.0,0.0,0.03333333333333333,89.02668929445406,
41_65,29.4009,51.69608,Resto,0.0,0.0,0.0,0.03333333333333333,84.07758842680254,
41_64,29.31081,51.69608,Resto,0.0,0.0,0.0,0.03333333333333333,80.01666450317262,
15_7,24.17568,49.06721,Resto,0.0,0.0,0.0,0.0,181.11330783775983,
15_6,24.08559,49.06721,Resto,0.0,0.0,0.0,0.0,186.78127025913105,
8_6,24.08559,48.35944,Resto,0.0,0.0,0.0,0.0,249.32108349969707,
8_57,28.68018,48.35944,Resto,0.0,0.0,0.0,14421.333333333334,0.5527427008513704,1.0
8_56,28.59009,48.35944,Resto,0.0,0.0,0.0,381.96666666666664,3.423113872889634,
8_55,28.5,48.35944,Resto,0.0,0.0,0.0,3.966666666666667,8.369063980356124,
41_63,29.22072,51.69608,Resto,0.0,0.0,0.0,0.0,77.05234930139746,
41_62,29.13063,51.69608,Resto,0.0,0.0,0.0,0.0,75.314210061054,
41_61,29.04054,51.69608,Resto,0.0,0.0,0.0,0.0,70.97040692120704,
41_60,28.95045,51.69608,Resto,0.0,0.0,0.0,0.0,66.79749264924831,
41_6,24.08559,51.69608,Resto,0.0,0.0,0.0,0.06666666666666667,9.222753119897478,
41_59,28.86036,51.69608,Resto,0.0,0.0,0.0,0.03333333333333333,63.90035843564611,
41_58,28.77027,51.69608,Resto,0.0,0.0,0.0,0.03333333333333333,61.81875174763552,
41_57,28.68018,51.69608,Resto,0.0,0.0,0.0,0.03333333333333333,61.23391361162967,
41_56,28.59009,51.69608,Resto,0.0,0.0,0.0,0.03333333333333333,55.31296197343434,
41_55,28.5,51.69608,Resto,0.0,0.0,0.0,0.03333333333333333,49.49039202513613,
41_54,28.40991,51.69608,Resto,0.0,0.0,0.0,0.0,44.564433857274814,
42_1,23.63514,51.7972,Resto,0.0,0.0,0.0,0.0,39.00557214142779,
42_0,23.54505,51.7972,Resto,0.0,0.0,0.0,0.0,48.524049555008176,
41_9,24.35586,51.69608,Resto,0.0,0.0,0.0,15.133333333333333,7.585242242084065,15.0
41_8,24.26577,51.69608,Resto,0.0,0.0,0.0,91.3,1.6334979217200694,2.0
41_77,30.48198,51.69608,Resto,0.0,0.0,0.0,0.06666666666666667,151.34776836865797,
41_76,30.39189,51.69608,Resto,0.0,0.0,0.0,0.06666666666666667,144.2613844461102,
41_75,30.3018,51.69608,Resto,0.0,0.0,0.0,0.03333333333333333,137.54068568475773,
41_74,30.21171,51.69608,Resto,0.0,0.0,0.0,0.03333333333333333,131.24184563894696,
41_73,30.12162,51.69608,Resto,0.0,0.0,0.0,0.03333333333333333,125.360620955945,
41_72,30.03153,51.69608,Resto,0.0,0.0,0.0,0.03333333333333333,119.88251668095567,
41_71,29.94144,51.69608,Resto,0.0,0.0,0.0,0.03333333333333333,114.9660688422077,
41_70,29.85135,51.69608,Resto,0.0,0.0,0.0,0.03333333333333333,110.58553697536524,
41_7,24.17568,51.69608,Resto,0.0,0.0,0.0,1.1666666666666667,5.158642948064411,
41_69,29.76126,51.69608,Resto,0.0,0.0,0.0,0.03333333333333333,106.9672110664158,
42_2,23.72523,51.7972,Resto,0.0,0.0,0.0,0.0,29.809189070427543,
15_34,26.60811,49.06721,Resto,0.0,0.0,0.0,0.03333333333333333,67.69481310217293,
15_33,26.51802,49.06721,Resto,0.0,0.0,0.0,0.03333333333333333,76.55892162685278,
15_32,26.42793,49.06721,Resto,0.0,0.0,0.0,0.03333333333333333,85.68559760903375,
15_31,26.33784,49.06721,Resto,0.0,0.0,0.0,0.03333333333333333,93.83488921658642,
15_30,26.24775,49.06721,Resto,0.0,0.0,0.0,0.03333333333333333,92.20546915494164,
15_5,23.9955,49.06721,Resto,0.0,0.0,0.0,0.0,191.3865640644344,
42_4,23.90541,51.7972,Resto,0.0,0.0,0.0,0.0,10.555356859026858,
42_3,23.81532,51.7972,Resto,0.0,0.0,0.0,0.0,20.29249018772809,
42_55,28.5,51.7972,Resto,0.0,0.0,0.0,0.03333333333333333,57.991339359187975,
42_54,28.40991,51.7972,Resto,0.0,0.0,0.0,0.0,53.74465139857843,
15_2,23.72523,49.06721,Resto,0.0,0.0,0.0,0.0,206.48663723517456,
15_19,25.25676,49.06721,Resto,0.0,0.0,0.0,0.06666666666666667,120.0565676224024,
15_18,25.16667,49.06721,Resto,0.0,0.0,0.0,0.06666666666666667,124.5901218857272,
15_17,25.07658,49.06721,Resto,0.0,0.0,0.0,0.03333333333333333,129.71840959023055,
15_16,24.98649,49.06721,Resto,0.0,0.0,0.0,0.03333333333333333,135.39867836248493,
15_44,27.50901,49.06721,Resto,0.0,0.0,0.0,0.03333333333333333,3.327266269294828,
15_43,27.41892,49.06721,Resto,0.0,0.0,0.0,0.36666666666666664,5.794987653351284,
15_42,27.32883,49.06721,Resto,0.0,0.0,0.0,0.03333333333333333,13.502450869781784,
15_41,27.23874,49.06721,Resto,0.0,0.0,0.0,0.03333333333333333,18.68609090445649,
15_40,27.14865,49.06721,Resto,0.0,0.0,0.0,0.03333333333333333,25.65346293171083,
15_4,23.90541,49.06721,Resto,0.0,0.0,0.0,0.0,196.0758078649932,
15_39,27.05856,49.06721,Resto,0.0,0.0,0.0,0.03333333333333333,30.32670719390753,
15_38,26.96847,49.06721,Resto,0.0,0.0,0.0,0.03333333333333333,36.639004765025696,
15_37,26.87838,49.06721,Resto,0.0,0.0,0.0,0.0,43.09826389792243,
15_36,26.78829,49.06721,Resto,0.0,0.0,0.0,0.0,50.66052187871357,
15_35,26.6982,49.06721,Resto,0.0,0.0,0.0,0.03333333333333333,58.971202143925225,
42_53,28.31982,51.7972,Resto,0.0,0.0,0.0,0.03333333333333333,51.13321670703919,
42_52,28.22973,51.7972,Resto,0.0,0.0,0.0,0.03333333333333333,42.98951531924252,
42_51,28.13964,51.7972,Resto,0.0,0.0,0.0,0.0,33.00478880362132,
42_50,28.04955,51.7972,Resto,0.0,0.0,0.0,0.03333333333333333,23.038630427475432,
42_49,27.95946,51.7972,Resto,0.0,0.0,0.0,0.03333333333333333,13.142368761190186,
42_48,27.86937,51.7972,Resto,0.0,0.0,0.0,0.1,3.3952274714269985,
85_3,23.81532,56.14495,Resto,0.0,0.0,0.0,0.03333333333333333,84.01025563316045,
85_29,26.15766,56.14495,Resto,0.0,0.0,0.0,273.3666666666667,1.4912204531352733,6.0
85_28,26.06757,56.14495,Resto,0.0,0.0,0.0,176.33333333333334,6.201326830359498,
85_27,25.97748,56.14495,Resto,0.0,0.0,0.0,2369.3333333333335,8.999491725573428,
85_26,25.88739,56.14495,Resto,0.0,0.0,0.0,599.7,11.25237045805,
85_25,25.7973,56.14495,Resto,0.0,0.0,0.0,1.0666666666666667,15.609203255163282,
42_7,24.17568,51.7972,Resto,0.0,0.0,0.0,64.26666666666667,2.553125329740884,14.0
42_69,29.76126,51.7972,Resto,0.0,0.0,0.0,0.03333333333333333,114.89572840669844,
42_68,29.67117,51.7972,Resto,0.0,0.0,0.0,0.03333333333333333,108.54722082173431,
42_67,29.58108,51.7972,Resto,0.0,0.0,0.0,0.03333333333333333,102.70134130070814,
42_66,29.49099,51.7972,Resto,0.0,0.0,0.0,0.03333333333333333,97.49492677415964,
42_65,29.4009,51.7972,Resto,0.0,0.0,0.0,0.03333333333333333,92.94951372208514,
42_64,29.31081,51.7972,Resto,0.0,0.0,0.0,0.03333333333333333,89.30124125065106,
42_63,29.22072,51.7972,Resto,0.0,0.0,0.0,0.0,86.66345795460343,
42_62,29.13063,51.7972,Resto,0.0,0.0,0.0,0.0,84.3935970707739,
42_61,29.04054,51.7972,Resto,0.0,0.0,0.0,0.03333333333333333,79.80125451574024,
42_60,28.95045,51.7972,Resto,0.0,0.0,0.0,0.03333333333333333,76.12141704604991,
42_6,24.08559,51.7972,Resto,0.0,0.0,0.0,1869.0,1.0859163772526623,5.0
42_59,28.86036,51.7972,Resto,0.0,0.0,0.0,0.03333333333333333,73.49138222777748,
42_58,28.77027,51.7972,Resto,0.0,0.0,0.0,0.03333333333333333,71.64070562215792,
42_57,28.68018,51.7972,Resto,0.0,0.0,0.0,0.03333333333333333,69.35419608268954,
42_56,28.59009,51.7972,Resto,0.0,0.0,0.0,0.0,63.24692304776816,
43_1,23.63514,51.89831,Resto,0.0,0.0,0.0,0.0,36.7448697633079,
43_0,23.54505,51.89831,Resto,0.0,0.0,0.0,0.0,46.72370444528084,
42_77,30.48198,51.7972,Resto,0.0,0.0,0.0,0.06666666666666667,158.22187620865134,
42_76,30.39189,51.7972,Resto,0.0,0.0,0.0,0.03333333333333333,151.464798190108,
42_75,30.3018,51.7972,Resto,0.0,0.0,0.0,0.03333333333333333,145.0857411369568,
42_74,30.21171,51.7972,Resto,0.0,0.0,0.0,0.03333333333333333,139.12520677089637,
42_73,30.12162,51.7972,Resto,0.0,0.0,0.0,0.03333333333333333,133.4750834432529,
42_72,30.03153,51.7972,Resto,0.0,0.0,0.0,0.03333333333333333,128.35189956578552,
42_71,29.94144,51.7972,Resto,0.0,0.0,0.0,0.03333333333333333,123.680610433948,
42_70,29.85135,51.7972,Resto,0.0,0.0,0.0,0.03333333333333333,119.62801378287652,
43_2,23.72523,51.89831,Resto,0.0,0.0,0.0,0.0,26.786965638695552,
85_24,25.70721,56.14495,Resto,0.0,0.0,0.0,0.0,12.69027906750486,
85_23,25.61712,56.14495,Resto,0.0,0.0,0.0,0.0,13.165433376135054,
85_22,25.52703,56.14495,Resto,0.0,0.0,0.0,0.0,17.46695860102352,
85_21,25.43694,56.14495,Resto,0.0,0.0,0.0,0.0,22.0094575118214,
85_20,25.34685,56.14495,Resto,0.0,0.0,0.0,0.1,21.777103603981548,
85_2,23.72523,56.14495,Resto,0.0,0.0,0.0,0.03333333333333333,89.79389944546433,
85_19,25.25676,56.14495,Resto,0.0,0.0,0.0,0.1,22.857775773928942,
85_18,25.16667,56.14495,Resto,0.0,0.0,0.0,0.1,22.155654728475746,
85_17,25.07658,56.14495,Resto,0.0,0.0,0.0,0.03333333333333333,21.930730972493404,
85_16,24.98649,56.14495,Resto,0.0,0.0,0.0,0.0,23.139671152653143,
85_15,24.8964,56.14495,Resto,0.0,0.0,0.0,0.0,25.547253431030345,
85_14,24.80631,56.14495,Resto,0.0,0.0,0.0,0.0,28.182480481437555,
85_13,24.71622,56.14495,Resto,0.0,0.0,0.0,0.0,32.420491317760046,
85_12,24.62613,56.14495,Resto,0.0,0.0,0.0,0.0,36.21063615137035,
85_11,24.53604,56.14495,Resto,0.0,0.0,0.0,0.06666666666666667,39.68899100058358,
85_10,24.44595,56.14495,Resto,0.0,0.0,0.0,0.0,44.36851611005417,
43_4,23.90541,51.89831,Resto,0.0,0.0,0.0,0.0,7.286699455839616,
43_3,23.81532,51.89831,Resto,0.0,0.0,0.0,0.0,16.887183646288364,
43_57,28.68018,51.89831,Resto,0.0,0.0,0.0,0.03333333333333333,77.11546540770658,
43_56,28.59009,51.89831,Resto,0.0,0.0,0.0,0.0,71.64746790060157,
43_55,28.5,51.89831,Resto,0.0,0.0,0.0,0.03333333333333333,66.79902912653665,
43_54,28.40991,51.89831,Resto,0.0,0.0,0.0,0.06666666666666667,62.79141709444832,
43_53,28.31982,51.89831,Resto,0.0,0.0,0.0,0.06666666666666667,52.8021113427068,
43_52,28.22973,51.89831,Resto,0.0,0.0,0.0,0.03333333333333333,42.823187257852005,
43_51,28.13964,51.89831,Resto,0.0,0.0,0.0,0.06666666666666667,32.86403077568696,
14_76,30.39189,48.9661,Resto,0.0,0.0,0.0,2406.5666666666666,0.7237479822354259,
14_75,30.3018,48.9661,Resto,0.0,0.0,0.0,0.03333333333333333,3.736478700449193,1.0
14_74,30.21171,48.9661,Resto,0.0,0.0,0.0,319.23333333333335,2.916493395636562,10.0
14_73,30.12162,48.9661,Resto,0.0,0.0,0.0,189.96666666666667,3.590498451579487,2.0
15_3,23.81532,49.06721,Resto,0.0,0.0,0.0,0.0,201.1317817559042,
15_29,26.15766,49.06721,Resto,0.0,0.0,0.0,0.03333333333333333,91.47115192119384,
15_28,26.06757,49.06721,Resto,0.0,0.0,0.0,0.03333333333333333,91.836485908845,
15_27,25.97748,49.06721,Resto,0.0,0.0,0.0,0.03333333333333333,93.0396497947914,
15_26,25.88739,49.06721,Resto,0.0,0.0,0.0,0.0,93.90650184555072,
15_25,25.7973,49.06721,Resto,0.0,0.0,0.0,0.0,95.82444220685574,
15_24,25.70721,49.06721,Resto,0.0,0.0,0.0,0.0,98.732232998007,
15_23,25.61712,49.06721,Resto,0.0,0.0,0.0,0.03333333333333333,102.54570152541842,
15_22,25.52703,49.06721,Resto,0.0,0.0,0.0,0.03333333333333333,107.16820615783706,
15_21,25.43694,49.06721,Resto,0.0,0.0,0.0,0.03333333333333333,112.50006149923456,
15_20,25.34685,49.06721,Resto,0.0,0.0,0.0,0.06666666666666667,116.11114739440616,
43_50,28.04955,51.89831,Resto,0.0,0.0,0.0,0.13333333333333333,22.95028697968462,
43_49,27.95946,51.89831,Resto,0.0,0.0,0.0,0.13333333333333333,13.184615760828256,
43_48,27.86937,51.89831,Resto,0.0,0.0,0.0,3.7333333333333334,4.196474793430905,
43_71,29.94144,51.89831,Resto,0.0,0.0,0.0,0.03333333333333333,132.54764484429674,
43_70,29.85135,51.89831,Resto,0.0,0.0,0.0,0.03333333333333333,128.78284740633197,
43_69,29.76126,51.89831,Resto,0.0,0.0,0.0,0.03333333333333333,122.45223004936376,
43_68,29.67117,51.89831,Resto,0.0,0.0,0.0,0.03333333333333333,116.45007703201622,
43_67,29.58108,51.89831,Resto,0.0,0.0,0.0,0.03333333333333333,111.0289518980071,
43_66,29.49099,51.89831,Resto,0.0,0.0,0.0,0.03333333333333333,106.15222759978536,
43_65,29.4009,51.89831,Resto,0.0,0.0,0.0,0.03333333333333333,102.0015633186642,
43_64,29.31081,51.89831,Resto,0.0,0.0,0.0,0.03333333333333333,98.69681967580551,
43_63,29.22072,51.89831,Resto,0.0,0.0,0.0,0.0,96.32507789024012,
43_62,29.13063,51.89831,Resto,0.0,0.0,0.0,0.03333333333333333,93.10244869618504,
43_61,29.04054,51.89831,Resto,0.0,0.0,0.0,0.03333333333333333,88.85393557203524,
43_60,28.95045,51.89831,Resto,0.0,0.0,0.0,0.03333333333333333,85.57250934004088,
43_6,24.08559,51.89831,Resto,0.0,0.0,0.0,126.8,10.324206776970732,21.0
43_59,28.86036,51.89831,Resto,0.0,0.0,0.0,0.06666666666666667,83.10667873133553,
43_58,28.77027,51.89831,Resto,0.0,0.0,0.0,0.03333333333333333,81.48168168651722,
44_1,23.63514,51.99942,Resto,0.0,0.0,0.0,0.0,37.11867301348556,
44_0,23.54505,51.99942,Resto,0.0,0.0,0.0,0.0,46.98499710818325,
43_9,24.35586,51.89831,Resto,0.0,0.0,0.0,0.26666666666666666,15.758539632587713,6.0
43_77,30.48198,51.89831,Resto,0.0,0.0,0.0,0.06666666666666667,165.38846820204645,
43_76,30.39189,51.89831,Resto,0.0,0.0,0.0,0.03333333333333333,158.94389758586556,
43_75,30.3018,51.89831,Resto,0.0,0.0,0.0,0.03333333333333333,152.88497319136204,
43_74,30.21171,51.89831,Resto,0.0,0.0,0.0,0.03333333333333333,147.13180310375006,
43_73,30.12162,51.89831,Resto,0.0,0.0,0.0,0.03333333333333333,141.80202204168424,
43_72,30.03153,51.89831,Resto,0.0,0.0,0.0,0.03333333333333333,136.9435634397649,
44_3,23.81532,51.99942,Resto,0.0,0.0,0.0,0.0,17.802908831063878,
44_2,23.72523,51.99942,Resto,0.0,0.0,0.0,0.0,27.353513961091146,
85_1,23.63514,56.14495,Resto,0.0,0.0,0.0,0.0,96.17118678245056,
85_0,23.54505,56.14495,Resto,0.0,0.0,0.0,0.0,102.61071262160104,
84_9,24.35586,56.04383,Resto,0.0,0.0,0.0,0.0,58.105591821454304,
84_8,24.26577,56.04383,Resto,0.0,0.0,0.0,0.0,62.79382476414675,
84_77,30.48198,56.04383,Resto,0.0,0.0,0.0,0.03333333333333333,364.6053212201221,
84_76,30.39189,56.04383,Resto,0.0,0.0,0.0,0.03333333333333333,354.64438662835164,
84_75,30.3018,56.04383,Resto,0.0,0.0,0.0,0.03333333333333333,344.6849302275203,
84_74,30.21171,56.04383,Resto,0.0,0.0,0.0,0.03333333333333333,334.727071551367,
84_73,30.12162,56.04383,Resto,0.0,0.0,0.0,0.03333333333333333,324.77094479997623,
84_72,30.03153,56.04383,Resto,0.0,0.0,0.0,0.03333333333333333,314.81670115237824,
84_71,29.94144,56.04383,Resto,0.0,0.0,0.0,0.03333333333333333,304.86451153022824,
84_70,29.85135,56.04383,Resto,0.0,0.0,0.0,0.03333333333333333,294.9145699184124,
84_7,24.17568,56.04383,Resto,0.0,0.0,0.0,0.0,67.62682288738394,
84_69,29.76126,56.04383,Resto,0.0,0.0,0.0,0.03333333333333333,284.9670973778664,
84_68,29.67117,56.04383,Resto,0.0,0.0,0.0,0.03333333333333333,275.02234692462434,
84_67,29.58108,56.04383,Resto,0.0,0.0,0.0,0.0,265.0806095009048,
44_4,23.90541,51.99942,Resto,0.0,0.0,0.0,0.03333333333333333,8.813644184911043,
8_69,29.76126,48.35944,Resto,0.0,0.0,0.0,224.4,0.2495438327873829,
8_67,29.58108,48.35944,Resto,0.0,0.0,0.0,776.8333333333334,9.006622209530118,2.0
8_65,29.4009,48.35944,Resto,0.0,0.0,0.0,379.8333333333333,0.1378325857150147,3.0
15_15,24.8964,49.06721,Resto,0.0,0.0,0.0,0.0,141.56449708508893,
15_14,24.80631,49.06721,Resto,0.0,0.0,0.0,0.0,148.15525436224357,
15_13,24.71622,49.06721,Resto,0.0,0.0,0.0,0.0,155.00230293289977,
15_12,24.62613,49.06721,Resto,0.0,0.0,0.0,0.0,159.31177569898978,
15_11,24.53604,49.06721,Resto,0.0,0.0,0.0,0.0,162.71792739035254,
15_10,24.44595,49.06721,Resto,0.0,0.0,0.0,0.0,166.60119285339388,
15_1,23.63514,49.06721,Resto,0.0,0.0,0.0,0.0,212.18147208970723,
15_0,23.54505,49.06721,Resto,0.0,0.0,0.0,0.0,218.189665397428,
14_9,24.35586,48.9661,Resto,0.0,0.0,0.0,0.0,180.22863935795172,
14_8,24.26577,48.9661,Resto,0.0,0.0,0.0,0.0,184.8433539185989,
14_77,30.48198,48.9661,Resto,0.0,0.0,0.0,457.46666666666664,1.0246627311518783,
44_59,28.86036,51.99942,Resto,0.0,0.0,0.0,0.06666666666666667,92.77962943316255,
44_58,28.77027,51.99942,Resto,0.0,0.0,0.0,0.06666666666666667,91.0421093009388,
44_57,28.68018,51.99942,Resto,0.0,0.0,0.0,0.03333333333333333,85.3262302356013,
44_56,28.59009,51.99942,Resto,0.0,0.0,0.0,0.03333333333333333,80.19677984154767,
44_55,28.5,51.99942,Resto,0.0,0.0,0.0,0.0,73.58957647890735,
44_54,28.40991,51.99942,Resto,0.0,0.0,0.0,0.0,63.592674744729614,
44_53,28.31982,51.99942,Resto,0.0,0.0,0.0,0.0,53.60082111645851,
44_52,28.22973,51.99942,Resto,0.0,0.0,0.0,0.0,43.61742889760907,
44_51,28.13964,51.99942,Resto,0.0,0.0,0.0,0.03333333333333333,33.649957468321496,
44_50,28.04955,51.99942,Resto,0.0,0.0,0.0,0.06666666666666667,23.715960064867563,
44_49,27.95946,51.99942,Resto,0.0,0.0,0.0,0.06666666666666667,13.7972254172137,
44_48,27.86937,51.99942,Resto,0.0,0.0,0.0,0.13333333333333333,3.8787340969656894,
44_73,30.12162,51.99942,Resto,0.0,0.0,0.0,0.03333333333333333,150.30589322778388,
44_72,30.03153,51.99942,Resto,0.0,0.0,0.0,0.03333333333333333,145.6549735844104,
44_71,29.94144,51.99942,Resto,0.0,0.0,0.0,0.03333333333333333,141.53828287847168,
44_70,29.85135,51.99942,Resto,0.0,0.0,0.0,0.03333333333333333,136.37067451245508,
44_69,29.76126,51.99942,Resto,0.0,0.0,0.0,0.03333333333333333,130.24691685815102,
44_68,29.67117,51.99942,Resto,0.0,0.0,0.0,0.06666666666666667,124.6285297290678,
44_67,29.58108,51.99942,Resto,0.0,0.0,0.0,0.03333333333333333,119.53266920904402,
44_66,29.49099,51.99942,Resto,0.0,0.0,0.0,0.03333333333333333,115.0009920827012,
44_65,29.4009,51.99942,Resto,0.0,0.0,0.0,0.03333333333333333,111.1894487438828,
44_64,29.31081,51.99942,Resto,0.0,0.0,0.0,0.0,108.17416607469556,
44_63,29.22072,51.99942,Resto,0.0,0.0,0.0,0.0,106.02307990867048,
44_62,29.13063,51.99942,Resto,0.0,0.0,0.0,0.0,101.92462705328032,
44_61,29.04054,51.99942,Resto,0.0,0.0,0.0,0.03333333333333333,98.06724603529668,
14_7,24.17568,48.9661,Resto,0.0,0.0,0.0,0.0,189.8773215785744,
14_6,24.08559,48.9661,Resto,0.0,0.0,0.0,0.0,195.2981238143594,
8_77,30.48198,48.35944,Resto,0.0,0.0,0.0,0.0,51.01527155259482,
8_76,30.39189,48.35944,Resto,0.0,0.0,0.0,3.7666666666666666,43.58077242592907,
8_75,30.3018,48.35944,Resto,0.0,0.0,0.0,3.7666666666666666,34.26007106928494,
8_74,30.21171,48.35944,Resto,0.0,0.0,0.0,356.1,25.489930145259954,2.0
8_73,30.12162,48.35944,Resto,0.0,0.0,0.0,218.66666666666666,16.391733955511036,
8_72,30.03153,48.35944,Resto,0.0,0.0,0.0,320.56666666666666,7.687317158085188,
8_71,29.94144,48.35944,Resto,0.0,0.0,0.0,875.9333333333333,1.3482796822829706,2.0
8_70,29.85135,48.35944,Resto,0.0,0.0,0.0,875.9333333333333,5.093969079448378,7.0
8_7,24.17568,48.35944,Resto,0.0,0.0,0.0,0.03333333333333333,245.057550587395,
44_60,28.95045,51.99942,Resto,0.0,0.0,0.0,0.0,95.1125039957797,
45_1,23.63514,52.10053,Resto,0.0,0.0,0.0,0.0,36.5891762782568,
45_0,23.54505,52.10053,Resto,0.0,0.0,0.0,0.0,46.57502370307815,
44_77,30.48198,51.99942,Resto,0.0,0.0,0.0,0.03333333333333333,172.81097234778773,
44_76,30.39189,51.99942,Resto,0.0,0.0,0.0,0.03333333333333333,166.66137713936268,
44_75,30.3018,51.99942,Resto,0.0,0.0,0.0,0.03333333333333333,160.83427897641505,
44_74,30.21171,51.99942,Resto,0.0,0.0,0.0,0.03333333333333333,155.3363111600022,
45_3,23.81532,52.10053,Resto,0.0,0.0,0.0,0.0,16.685230750139745,
45_2,23.72523,52.10053,Resto,0.0,0.0,0.0,0.0,26.61743262028064,
84_66,29.49099,56.04383,Resto,0.0,0.0,0.0,0.0,255.14222133375583,
84_65,29.4009,56.04383,Resto,0.0,0.0,0.0,0.0,245.2075730715704,
84_64,29.31081,56.04383,Resto,0.0,0.0,0.0,0.0,235.27712121916343,
84_63,29.22072,56.04383,Resto,0.0,0.0,0.0,0.0,225.3514025734694,
84_62,29.13063,56.04383,Resto,0.0,0.0,0.0,0.03333333333333333,215.4310526172042,
84_61,29.04054,56.04383,Resto,0.0,0.0,0.0,0.03333333333333333,205.5168291923103,
84_60,28.95045,56.04383,Resto,0.0,0.0,0.0,0.03333333333333333,195.6096433024981,
84_6,24.08559,56.04383,Resto,0.0,0.0,0.0,0.03333333333333333,73.37251060327355,
84_59,28.86036,56.04383,Resto,0.0,0.0,0.0,0.0,185.71059966992448,
84_58,28.77027,56.04383,Resto,0.0,0.0,0.0,0.0,175.82105083094558,
84_57,28.68018,56.04383,Resto,0.0,0.0,0.0,0.0,165.94267032244343,
84_56,28.59009,56.04383,Resto,0.0,0.0,0.0,0.0,156.07755325511755,
84_55,28.5,56.04383,Resto,0.0,0.0,0.0,0.0,146.22835692952887,
84_54,28.40991,56.04383,Resto,0.0,0.0,0.0,0.0,136.39850124300938,
84_53,28.31982,56.04383,Resto,0.0,0.0,0.0,0.0,126.59246048383494,
84_52,28.22973,56.04383,Resto,0.0,0.0,0.0,0.0,116.81619849065636,
45_4,23.90541,52.10053,Resto,0.0,0.0,0.0,0.0,6.83609493763517,
45_60,28.95045,52.10053,Resto,0.0,0.0,0.0,0.0,104.69694035170876,
45_59,28.86036,52.10053,Resto,0.0,0.0,0.0,0.0,102.4945583355196,
45_58,28.77027,52.10053,Resto,0.0,0.0,0.0,0.0,99.08536280889622,
45_57,28.68018,52.10053,Resto,0.0,0.0,0.0,0.03333333333333333,93.78742119672322,
45_56,28.59009,52.10053,Resto,0.0,0.0,0.0,0.03333333333333333,84.56283928782767,
45_55,28.5,52.10053,Resto,0.0,0.0,0.0,0.03333333333333333,74.64495970296379,
45_54,28.40991,52.10053,Resto,0.0,0.0,0.0,0.0,64.7273647136612,
45_53,28.31982,52.10053,Resto,0.0,0.0,0.0,0.0,54.82839571400246,
45_52,28.22973,52.10053,Resto,0.0,0.0,0.0,0.0,44.97834602529523,
45_51,28.13964,52.10053,Resto,0.0,0.0,0.0,0.0,35.21821479570997,
45_50,28.04955,52.10053,Resto,0.0,0.0,0.0,0.03333333333333333,25.650752842026,
45_49,27.95946,52.10053,Resto,0.0,0.0,0.0,0.03333333333333333,16.389992611297924,
45_48,27.86937,52.10053,Resto,0.0,0.0,0.0,0.06666666666666667,7.436971352367788,
45_75,30.3018,52.10053,Resto,0.0,0.0,0.0,0.03333333333333333,168.93258821775623,
45_74,30.21171,52.10053,Resto,0.0,0.0,0.0,0.03333333333333333,163.71491871676608,
45_73,30.12162,52.10053,Resto,0.0,0.0,0.0,0.03333333333333333,158.90148380602074,
45_72,30.03153,52.10053,Resto,0.0,0.0,0.0,0.03333333333333333,154.4965723253799,
45_71,29.94144,52.10053,Resto,0.0,0.0,0.0,0.03333333333333333,150.29664704175423,
45_70,29.85135,52.10053,Resto,0.0,0.0,0.0,0.03333333333333333,144.0757719844948,
45_69,29.76126,52.10053,Resto,0.0,0.0,0.0,0.06666666666666667,138.30135034804556,
45_68,29.67117,52.10053,Resto,0.0,0.0,0.0,0.06666666666666667,133.02966586632542,
45_67,29.58108,52.10053,Resto,0.0,0.0,0.0,0.03333333333333333,128.20602236013076,
45_66,29.49099,52.10053,Resto,0.0,0.0,0.0,0.03333333333333333,123.99997202630048,
45_65,29.4009,52.10053,Resto,0.0,0.0,0.0,0.03333333333333333,120.4818234577383,
45_64,29.31081,52.10053,Resto,0.0,0.0,0.0,0.03333333333333333,117.71325084860878,
45_63,29.22072,52.10053,Resto,0.0,0.0,0.0,0.03333333333333333,115.21562905713682,
14_35,26.6982,48.9661,Resto,0.0,0.0,0.0,0.03333333333333333,64.8305393350502,
14_34,26.60811,48.9661,Resto,0.0,0.0,0.0,0.03333333333333333,72.91774839676329,
14_33,26.51802,48.9661,Resto,0.0,0.0,0.0,0.03333333333333333,81.44397728082507,
14_32,26.42793,48.9661,Resto,0.0,0.0,0.0,0.03333333333333333,90.19612389114356,
14_31,26.33784,48.9661,Resto,0.0,0.0,0.0,0.03333333333333333,99.09150533434727,
14_30,26.24775,48.9661,Resto,0.0,0.0,0.0,0.03333333333333333,102.30876684173349,
14_3,23.81532,48.9661,Resto,0.0,0.0,0.0,0.0,210.0700376523181,
14_29,26.15766,48.9661,Resto,0.0,0.0,0.0,0.03333333333333333,101.65489377142072,
14_5,23.9955,48.9661,Resto,0.0,0.0,0.0,0.0,200.719054668325,
14_48,27.86937,48.9661,Resto,0.0,0.0,0.0,4490.066666666667,9.472919900667724,2.0
14_45,27.5991,48.9661,Resto,0.0,0.0,0.0,1575.8666666666666,2.234324791396064,
14_44,27.50901,48.9661,Resto,0.0,0.0,0.0,0.0,8.67500074576282,
14_43,27.41892,48.9661,Resto,0.0,0.0,0.0,0.0,15.50732761220039,
45_62,29.13063,52.10053,Resto,0.0,0.0,0.0,0.03333333333333333,110.92492347781142,
45_61,29.04054,52.10053,Resto,0.0,0.0,0.0,0.0,107.39954137643392,
46_1,23.63514,52.20164,Resto,0.0,0.0,0.0,0.0,37.09997974975161,
46_0,23.54505,52.20164,Resto,0.0,0.0,0.0,0.0,47.03990333525865,
45_77,30.48198,52.10053,Resto,0.0,0.0,0.0,0.03333333333333333,180.4576384469765,
45_76,30.39189,52.10053,Resto,0.0,0.0,0.0,0.03333333333333333,174.56822635637835,
46_3,23.81532,52.20164,Resto,0.0,0.0,0.0,0.0,17.439695230080158,
46_2,23.72523,52.20164,Resto,0.0,0.0,0.0,0.06666666666666667,27.206687041901983,
84_51,28.13964,56.04383,Resto,0.0,0.0,0.0,0.0,107.07783537037145,
84_50,28.04955,56.04383,Resto,0.0,0.0,0.0,0.0,97.3886222945978,
84_5,23.9955,56.04383,Resto,0.0,0.0,0.0,0.06666666666666667,79.9081383572679,
84_49,27.95946,56.04383,Resto,0.0,0.0,0.0,0.03333333333333333,87.72584689471664,
84_48,27.86937,56.04383,Resto,0.0,0.0,0.0,0.03333333333333333,78.08610184397794,
84_47,27.77928,56.04383,Resto,0.0,0.0,0.0,0.0,68.54139913231677,
84_46,27.68919,56.04383,Resto,0.0,0.0,0.0,0.06666666666666667,58.97316035233706,
84_45,27.5991,56.04383,Resto,0.0,0.0,0.0,0.03333333333333333,49.17772868450928,
84_44,27.50901,56.04383,Resto,0.0,0.0,0.0,0.13333333333333333,39.39250241030042,
84_43,27.41892,56.04383,Resto,0.0,0.0,0.0,0.2,29.68381131056252,
84_42,27.32883,56.04383,Resto,0.0,0.0,0.0,0.6,20.24086478881356,
84_41,27.23874,56.04383,Resto,0.0,0.0,0.0,56.53333333333333,11.61912310186232,
84_40,27.14865,56.04383,Resto,0.0,0.0,0.0,2253.733333333333,4.588636359083277,
84_4,23.90541,56.04383,Resto,0.0,0.0,0.0,0.0,86.83034097320132,
46_48,27.86937,52.20164,Resto,0.0,0.0,0.0,0.03333333333333333,13.572282756757376,
46_47,27.77928,52.20164,Resto,0.0,0.0,0.0,0.3,6.230395881679364,
46_4,23.90541,52.20164,Resto,0.0,0.0,0.0,0.06666666666666667,7.535320884559338,
14_20,25.34685,48.9661,Resto,0.0,0.0,0.0,0.0,125.74727995879238,
14_2,23.72523,48.9661,Resto,0.0,0.0,0.0,0.0,215.23890812750932,
14_19,25.25676,48.9661,Resto,0.0,0.0,0.0,0.06666666666666667,129.40672317093694,
14_18,25.16667,48.9661,Resto,0.0,0.0,0.0,0.06666666666666667,133.6885041263969,
14_17,25.07658,48.9661,Resto,0.0,0.0,0.0,0.06666666666666667,138.48754708674556,
14_16,24.98649,48.9661,Resto,0.0,0.0,0.0,0.06666666666666667,143.82903086875598,
14_15,24.8964,48.9661,Resto,0.0,0.0,0.0,0.0,149.65488286732574,
14_14,24.80631,48.9661,Resto,0.0,0.0,0.0,0.0,155.9108135780938,
14_42,27.32883,48.9661,Resto,0.0,0.0,0.0,0.0,19.790945279114467,
14_41,27.23874,48.9661,Resto,0.0,0.0,0.0,0.03333333333333333,27.2967407990881,
14_40,27.14865,48.9661,Resto,0.0,0.0,0.0,0.0,32.77603595444295,
14_4,23.90541,48.9661,Resto,0.0,0.0,0.0,0.0,205.20235398058256,
14_39,27.05856,48.9661,Resto,0.0,0.0,0.0,0.0,39.20009819640498,
14_38,26.96847,48.9661,Resto,0.0,0.0,0.0,0.0,44.37281132867835,
14_37,26.87838,48.9661,Resto,0.0,0.0,0.0,0.0,50.807222020767966,
14_36,26.78829,48.9661,Resto,0.0,0.0,0.0,0.0,57.36831902192219,
46_62,29.13063,52.20164,Resto,0.0,0.0,0.0,0.03333333333333333,120.063015209538,
46_61,29.04054,52.20164,Resto,0.0,0.0,0.0,0.03333333333333333,116.82202907179536,
46_60,28.95045,52.20164,Resto,0.0,0.0,0.0,0.03333333333333333,114.28301109816525,
46_59,28.86036,52.20164,Resto,0.0,0.0,0.0,0.03333333333333333,112.24027183498347,
46_58,28.77027,52.20164,Resto,0.0,0.0,0.0,0.0,105.82785712098122,
46_57,28.68018,52.20164,Resto,0.0,0.0,0.0,0.0,95.99458792315691,
46_56,28.59009,52.20164,Resto,0.0,0.0,0.0,0.0,86.20186010440855,
46_55,28.5,52.20164,Resto,0.0,0.0,0.0,0.0,76.46521776555781,
46_54,28.40991,52.20164,Resto,0.0,0.0,0.0,0.03333333333333333,66.80914839823575,
46_53,28.31982,52.20164,Resto,0.0,0.0,0.0,0.03333333333333333,57.274373972608544,
46_52,28.22973,52.20164,Resto,0.0,0.0,0.0,0.1,47.93224005011818,
46_51,28.13964,52.20164,Resto,0.0,0.0,0.0,0.03333333333333333,38.70053862771405,
46_50,28.04955,52.20164,Resto,0.0,0.0,0.0,0.03333333333333333,29.690639136301588,
46_49,27.95946,52.20164,Resto,0.0,0.0,0.0,0.03333333333333333,21.31485944395141,
46_77,30.48198,52.20164,Resto,0.0,0.0,0.0,0.03333333333333333,188.30099656574305,
46_76,30.39189,52.20164,Resto,0.0,0.0,0.0,0.03333333333333333,182.57520740798336,
46_75,30.3018,52.20164,Resto,0.0,0.0,0.0,0.03333333333333333,177.20085703252155,
46_74,30.21171,52.20164,Resto,0.0,0.0,0.0,0.03333333333333333,172.24102799793206,
46_73,30.12162,52.20164,Resto,0.0,0.0,0.0,0.03333333333333333,167.60871197449418,
46_72,30.03153,52.20164,Resto,0.0,0.0,0.0,0.03333333333333333,163.44704317549437,
46_71,29.94144,52.20164,Resto,0.0,0.0,0.0,0.03333333333333333,157.9261697738555,
46_70,29.85135,52.20164,Resto,0.0,0.0,0.0,0.06666666666666667,152.02550924759416,
46_69,29.76126,52.20164,Resto,0.0,0.0,0.0,0.06666666666666667,146.57249857839244,
46_68,29.67117,52.20164,Resto,0.0,0.0,0.0,0.06666666666666667,141.55682352254126,
46_67,29.58108,52.20164,Resto,0.0,0.0,0.0,0.03333333333333333,137.0368848303946,
46_66,29.49099,52.20164,Resto,0.0,0.0,0.0,0.03333333333333333,133.118465427777,
46_65,29.4009,52.20164,Resto,0.0,0.0,0.0,0.03333333333333333,129.8560101105235,
46_64,29.31081,52.20164,Resto,0.0,0.0,0.0,0.0,127.29994250082552,
46_63,29.22072,52.20164,Resto,0.0,0.0,0.0,0.0,124.03010194011274,
47_2,23.72523,52.30275,Resto,0.0,0.0,0.0,0.0,28.76053675635964,
47_1,23.63514,52.30275,Resto,0.0,0.0,0.0,0.0,38.46946361349623,
47_0,23.54505,52.30275,Resto,0.0,0.0,0.0,0.0,48.29832244558719,
13_9,24.35586,48.86499,Resto,0.0,0.0,0.0,0.0,189.58287698405493,
13_8,24.26577,48.86499,Resto,0.0,0.0,0.0,0.0,193.9824943219336,
13_77,30.48198,48.86499,Resto,0.0,0.0,0.0,101.93333333333334,7.803470007434979,
13_76,30.39189,48.86499,Resto,0.0,0.0,0.0,101.93333333333334,2.4139918426909857,
13_75,30.3018,48.86499,Resto,0.0,0.0,0.0,383.3,0.0360194754315286,
13_74,30.21171,48.86499,Resto,0.0,0.0,0.0,69.13333333333334,6.638996936735269,
13_73,30.12162,48.86499,Resto,0.0,0.0,0.0,0.1,6.115347443796633,
14_28,26.06757,48.9661,Resto,0.0,0.0,0.0,0.03333333333333333,101.991332596054,
14_27,25.97748,48.9661,Resto,0.0,0.0,0.0,0.03333333333333333,103.23570619547048,
14_26,25.88739,48.9661,Resto,0.0,0.0,0.0,0.0,104.02521485013632,
14_25,25.7973,48.9661,Resto,0.0,0.0,0.0,0.0,105.76744894688169,
14_24,25.70721,48.9661,Resto,0.0,0.0,0.0,0.03333333333333333,108.4164861781723,
14_23,25.61712,48.9661,Resto,0.0,0.0,0.0,0.03333333333333333,111.9079470762918,
14_22,25.52703,48.9661,Resto,0.0,0.0,0.0,0.0,116.1658956828675,
14_21,25.43694,48.9661,Resto,0.0,0.0,0.0,0.0,121.10951326736392,
47_3,23.81532,52.30275,Resto,0.0,0.0,0.0,0.13333333333333333,19.300318973558667,
84_37,26.87838,56.04383,Resto,0.0,0.0,0.0,320.1666666666667,9.21256808952435,
84_36,26.78829,56.04383,Resto,0.0,0.0,0.0,0.16666666666666666,1.9473473708301168,
84_3,23.81532,56.04383,Resto,0.0,0.0,0.0,0.03333333333333333,92.84162035739293,
84_27,25.97748,56.04383,Resto,0.0,0.0,0.0,4290.833333333333,0.5218471332107731,11.0
84_26,25.88739,56.04383,Resto,0.0,0.0,0.0,273.9,1.88482804968568,
84_25,25.7973,56.04383,Resto,0.0,0.0,0.0,507.1666666666667,8.278079567866763,
84_24,25.70721,56.04383,Resto,0.0,0.0,0.0,0.06666666666666667,11.659912395227698,
84_23,25.61712,56.04383,Resto,0.0,0.0,0.0,0.0,19.34674188515013,
47_5,23.9955,52.30275,Resto,0.0,0.0,0.0,621.6333333333333,0.91720838039616,3.0
47_49,27.95946,52.30275,Resto,0.0,0.0,0.0,0.1,27.6927943663384,
47_48,27.86937,52.30275,Resto,0.0,0.0,0.0,0.1,20.35654637217472,
47_47,27.77928,52.30275,Resto,0.0,0.0,0.0,0.16666666666666666,11.842923185013936,
47_4,23.90541,52.30275,Resto,0.0,0.0,0.0,0.0,10.327390944483634,
47_64,29.31081,52.30275,Resto,0.0,0.0,0.0,0.03333333333333333,136.9240126006504,
47_63,29.22072,52.30275,Resto,0.0,0.0,0.0,0.03333333333333333,132.99300430730457,
47_62,29.13063,52.30275,Resto,0.0,0.0,0.0,0.03333333333333333,129.30944584141085,
47_61,29.04054,52.30275,Resto,0.0,0.0,0.0,0.03333333333333333,126.3142740975892,
47_60,28.95045,52.30275,Resto,0.0,0.0,0.0,0.03333333333333333,123.8838327274562,
47_59,28.86036,52.30275,Resto,0.0,0.0,0.0,0.03333333333333333,117.70112775193331,
47_58,28.77027,52.30275,Resto,0.0,0.0,0.0,0.03333333333333333,108.02432343549224,
47_57,28.68018,52.30275,Resto,0.0,0.0,0.0,0.06666666666666667,98.41397055129428,
47_56,28.59009,52.30275,Resto,0.0,0.0,0.0,0.06666666666666667,88.89159499307935,
47_55,28.5,52.30275,Resto,0.0,0.0,0.0,0.06666666666666667,79.48878786359722,
47_54,28.40991,52.30275,Resto,0.0,0.0,0.0,0.06666666666666667,70.23167961384046,
47_53,28.31982,52.30275,Resto,0.0,0.0,0.0,0.03333333333333333,61.01495585028532,
47_52,28.22973,52.30275,Resto,0.0,0.0,0.0,0.03333333333333333,52.022497639867744,
47_51,28.13964,52.30275,Resto,0.0,0.0,0.0,0.03333333333333333,43.47428511754531,
47_50,28.04955,52.30275,Resto,0.0,0.0,0.0,0.1,35.2267849177903,
47_77,30.48198,52.30275,Resto,0.0,0.0,0.0,0.0,196.25283852982847,
47_76,30.39189,52.30275,Resto,0.0,0.0,0.0,0.0,190.7456934552972,
47_75,30.3018,52.30275,Resto,0.0,0.0,0.0,0.03333333333333333,185.61621234926065,
47_74,30.21171,52.30275,Resto,0.0,0.0,0.0,0.03333333333333333,180.8394289248193,
47_73,30.12162,52.30275,Resto,0.0,0.0,0.0,0.03333333333333333,176.42951436049984,
47_72,30.03153,52.30275,Resto,0.0,0.0,0.0,0.03333333333333333,171.7910112183093,
47_71,29.94144,52.30275,Resto,0.0,0.0,0.0,0.06666666666666667,165.7862990602907,
47_70,29.85135,52.30275,Resto,0.0,0.0,0.0,0.06666666666666667,160.18327344350098,
47_69,29.76126,52.30275,Resto,0.0,0.0,0.0,0.06666666666666667,155.0136399887513,
47_68,29.67117,52.30275,Resto,0.0,0.0,0.0,0.06666666666666667,150.23910058509966,
47_67,29.58108,52.30275,Resto,0.0,0.0,0.0,0.06666666666666667,145.9964640907154,
47_66,29.49099,52.30275,Resto,0.0,0.0,0.0,0.0,142.333284889675,
47_65,29.4009,52.30275,Resto,0.0,0.0,0.0,0.03333333333333333,139.29526766697006,
9_15,24.8964,48.46055,Resto,0.0,0.0,0.0,0.03333333333333333,193.25104164416408,
9_14,24.80631,48.46055,Resto,0.0,0.0,0.0,0.03333333333333333,198.16816063243616,
9_13,24.71622,48.46055,Resto,0.0,0.0,0.0,0.03333333333333333,203.46316621390497,
9_12,24.62613,48.46055,Resto,0.0,0.0,0.0,0.03333333333333333,209.1073545735292,
9_11,24.53604,48.46055,Resto,0.0,0.0,0.0,0.03333333333333333,215.07323719833724,
9_10,24.44595,48.46055,Resto,0.0,0.0,0.0,0.03333333333333333,221.33480327237632,
9_1,23.63514,48.46055,Resto,0.0,0.0,0.0,0.0,265.2630254474013,
9_0,23.54505,48.46055,Resto,0.0,0.0,0.0,0.0,270.200644995871,
8_9,24.35586,48.35944,Resto,0.0,0.0,0.0,0.03333333333333333,235.7275563248572,
8_8,24.26577,48.35944,Resto,0.0,0.0,0.0,0.03333333333333333,241.13738552051143,
14_13,24.71622,48.9661,Resto,0.0,0.0,0.0,0.0,162.54717205797152,
14_12,24.62613,48.9661,Resto,0.0,0.0,0.0,0.0,169.11419182355627,
14_11,24.53604,48.9661,Resto,0.0,0.0,0.0,0.0,172.3886444801925,
14_10,24.44595,48.9661,Resto,0.0,0.0,0.0,0.0,176.06614859135613,
14_1,23.63514,48.9661,Resto,0.0,0.0,0.0,0.0,220.71498390408988,
14_0,23.54505,48.9661,Resto,0.0,0.0,0.0,0.0,226.5037787609069,
48_2,23.72523,52.40386,Resto,0.0,0.0,0.0,0.0,31.891916322634746,
48_12,24.62613,52.40386,Resto,0.0,0.0,0.0,177.83333333333334,13.31736245597546,18.0
48_1,23.63514,52.40386,Resto,0.0,0.0,0.0,0.0,41.6640847892609,
48_0,23.54505,52.40386,Resto,0.0,0.0,0.0,0.0,51.02979591531637,
13_44,27.50901,48.86499,Resto,0.0,0.0,0.0,0.03333333333333333,7.710994098816977,
13_43,27.41892,48.86499,Resto,0.0,0.0,0.0,0.03333333333333333,17.382422642190583,
13_42,27.32883,48.86499,Resto,0.0,0.0,0.0,0.0,27.334812737086697,
13_41,27.23874,48.86499,Resto,0.0,0.0,0.0,0.03333333333333333,33.99573679765553,
13_7,24.17568,48.86499,Resto,0.0,0.0,0.0,0.0,198.7923841459925,
13_6,24.08559,48.86499,Resto,0.0,0.0,0.0,0.0,203.98352505880223,
9_20,25.34685,48.46055,Resto,0.0,0.0,0.0,0.03333333333333333,171.042396959363,
9_2,23.72523,48.46055,Resto,0.0,0.0,0.0,0.0,260.6190178484876,
9_19,25.25676,48.46055,Resto,0.0,0.0,0.0,0.06666666666666667,175.62418042504854,
9_18,25.16667,48.46055,Resto,0.0,0.0,0.0,0.06666666666666667,180.64954695211063,
9_17,25.07658,48.46055,Resto,0.0,0.0,0.0,0.06666666666666667,184.56770369396105,
9_16,24.98649,48.46055,Resto,0.0,0.0,0.0,0.03333333333333333,188.72481203678987,
48_3,23.81532,52.40386,Resto,0.0,0.0,0.0,0.0,22.27860897753316,
84_22,25.52703,56.04383,Resto,0.0,0.0,0.0,0.1,26.112388355047667,
84_21,25.43694,56.04383,Resto,0.0,0.0,0.0,0.03333333333333333,31.681007036710582,
84_20,25.34685,56.04383,Resto,0.0,0.0,0.0,0.03333333333333333,31.902516488642544,
84_2,23.72523,56.04383,Resto,0.0,0.0,0.0,0.03333333333333333,98.11160775628213,
84_19,25.25676,56.04383,Resto,0.0,0.0,0.0,0.03333333333333333,32.87263712405972,
84_18,25.16667,56.04383,Resto,0.0,0.0,0.0,0.13333333333333333,32.34342363473251,
84_17,25.07658,56.04383,Resto,0.0,0.0,0.0,0.03333333333333333,32.12596900971549,
84_16,24.98649,56.04383,Resto,0.0,0.0,0.0,0.0,33.045164425170896,
84_15,24.8964,56.04383,Resto,0.0,0.0,0.0,0.1,35.45093358093217,
84_14,24.80631,56.04383,Resto,0.0,0.0,0.0,0.0,37.90011741439538,
84_13,24.71622,56.04383,Resto,0.0,0.0,0.0,0.0,41.63017508848251,
84_12,24.62613,56.04383,Resto,0.0,0.0,0.0,0.06666666666666667,45.97180112072723,
84_11,24.53604,56.04383,Resto,0.0,0.0,0.0,0.0,49.01272538149394,
84_10,24.44595,56.04383,Resto,0.0,0.0,0.0,0.0,53.41709347059405,
84_1,23.63514,56.04383,Resto,0.0,0.0,0.0,0.0,104.0728595618572,
84_0,23.54505,56.04383,Resto,0.0,0.0,0.0,0.03333333333333333,110.49039961906183,
48_51,28.13964,52.40386,Resto,0.0,0.0,0.0,0.03333333333333333,49.243595874241606,
48_50,28.04955,52.40386,Resto,0.0,0.0,0.0,0.03333333333333333,41.80647108809647,
48_5,23.9955,52.40386,Resto,0.0,0.0,0.0,3.4,5.302747421940285,
48_49,27.95946,52.40386,Resto,0.0,0.0,0.0,0.03333333333333333,33.524652544420974,
48_48,27.86937,52.40386,Resto,0.0,0.0,0.0,0.06666666666666667,23.751947300335424,
48_47,27.77928,52.40386,Resto,0.0,0.0,0.0,0.2,13.979567515727828,
48_46,27.68919,52.40386,Resto,0.0,0.0,0.0,2.9,4.207513320578506,
48_4,23.90541,52.40386,Resto,0.0,0.0,0.0,0.03333333333333333,13.020348517804637,
48_66,29.49099,52.40386,Resto,0.0,0.0,0.0,0.03333333333333333,151.6266688525049,
48_65,29.4009,52.40386,Resto,0.0,0.0,0.0,0.03333333333333333,148.78700732650586,
48_64,29.31081,52.40386,Resto,0.0,0.0,0.0,0.03333333333333333,146.11656738498536,
48_63,29.22072,52.40386,Resto,0.0,0.0,0.0,0.03333333333333333,142.0760301393122,
48_62,29.13063,52.40386,Resto,0.0,0.0,0.0,0.0,138.64231729441164,
48_61,29.04054,52.40386,Resto,0.0,0.0,0.0,0.0,135.86142741326051,
48_60,28.95045,52.40386,Resto,0.0,0.0,0.0,0.0,130.014676495478,
48_6,24.08559,52.40386,Resto,0.0,0.0,0.0,615.6,4.327806799478167,34.0
48_59,28.86036,52.40386,Resto,0.0,0.0,0.0,0.03333333333333333,120.498941435288,
48_58,28.77027,52.40386,Resto,0.0,0.0,0.0,0.03333333333333333,111.06985185216656,
48_57,28.68018,52.40386,Resto,0.0,0.0,0.0,0.06666666666666667,101.75147198991466,
48_56,28.59009,52.40386,Resto,0.0,0.0,0.0,0.06666666666666667,92.523280085539,
48_55,28.5,52.40386,Resto,0.0,0.0,0.0,0.03333333333333333,83.33893232957362,
48_54,28.40991,52.40386,Resto,0.0,0.0,0.0,0.03333333333333333,74.35660865450134,
48_53,28.31982,52.40386,Resto,0.0,0.0,0.0,0.03333333333333333,65.67142249586772,
48_52,28.22973,52.40386,Resto,0.0,0.0,0.0,0.03333333333333333,57.338674499614896,
49_1,23.63514,52.50497,Resto,0.0,0.0,0.0,0.0,44.59746190210997,
49_0,23.54505,52.50497,Resto,0.0,0.0,0.0,0.0,53.99945170000947,
48_77,30.48198,52.40386,Resto,0.0,0.0,0.0,0.0,204.33612087993885,
48_76,30.39189,52.40386,Resto,0.0,0.0,0.0,0.0,199.0608298745078,
48_75,30.3018,52.40386,Resto,0.0,0.0,0.0,0.0,194.1564569589307,
48_74,30.21171,52.40386,Resto,0.0,0.0,0.0,0.0,189.54184641880613,
48_73,30.12162,52.40386,Resto,0.0,0.0,0.0,0.03333333333333333,185.3475179630424,
48_72,30.03153,52.40386,Resto,0.0,0.0,0.0,0.06666666666666667,179.57349816949795,
48_71,29.94144,52.40386,Resto,0.0,0.0,0.0,0.06666666666666667,173.84558539018775,
48_70,29.85135,52.40386,Resto,0.0,0.0,0.0,0.06666666666666667,168.5186776295418,
48_69,29.76126,52.40386,Resto,0.0,0.0,0.0,0.06666666666666667,163.56461695129573,
13_34,26.60811,48.86499,Resto,0.0,0.0,0.0,0.0,79.04596456686465,
13_33,26.51802,48.86499,Resto,0.0,0.0,0.0,0.0,86.97926633992502,
13_32,26.42793,48.86499,Resto,0.0,0.0,0.0,0.03333333333333333,95.31360884486811,
13_31,26.33784,48.86499,Resto,0.0,0.0,0.0,0.03333333333333333,103.9525768687634,
13_30,26.24775,48.86499,Resto,0.0,0.0,0.0,0.03333333333333333,112.42827821247614,
13_3,23.81532,48.86499,Resto,0.0,0.0,0.0,0.0,219.11086537062656,
13_29,26.15766,48.86499,Resto,0.0,0.0,0.0,0.03333333333333333,111.84107110209774,
13_28,26.06757,48.86499,Resto,0.0,0.0,0.0,0.03333333333333333,112.15457591742631,
13_27,25.97748,48.86499,Resto,0.0,0.0,0.0,0.03333333333333333,113.36131922705694,
13_5,23.9955,48.86499,Resto,0.0,0.0,0.0,0.0,209.52758094302268,
13_47,27.77928,48.86499,Resto,0.0,0.0,0.0,20252.533333333333,0.8920924252923286,
13_46,27.68919,48.86499,Resto,0.0,0.0,0.0,368.76666666666665,1.4463110326470072,1.0
13_45,27.5991,48.86499,Resto,0.0,0.0,0.0,2334.233333333333,0.6915074859970805,
48_68,29.67117,52.40386,Resto,0.0,0.0,0.0,0.06666666666666667,159.0551685747813,
48_67,29.58108,52.40386,Resto,0.0,0.0,0.0,0.03333333333333333,155.0622541507647,
49_2,23.72523,52.50497,Resto,0.0,0.0,0.0,0.0,35.52387852586006,
83_9,24.35586,55.94272,Resto,0.0,0.0,0.0,0.0,67.15741376828271,
83_8,24.26577,55.94272,Resto,0.0,0.0,0.0,0.0,71.85216598381226,
83_77,30.48198,55.94272,Resto,0.0,0.0,0.0,0.0,365.3941880855146,
83_76,30.39189,55.94272,Resto,0.0,0.0,0.0,0.03333333333333333,355.4558722218486,
83_75,30.3018,55.94272,Resto,0.0,0.0,0.0,0.03333333333333333,345.520337617531,
83_74,30.21171,55.94272,Resto,0.0,0.0,0.0,0.03333333333333333,335.5878189524579,
83_73,30.12162,55.94272,Resto,0.0,0.0,0.0,0.03333333333333333,325.6585794861042,
83_72,30.03153,55.94272,Resto,0.0,0.0,0.0,0.03333333333333333,315.73291552671856,
83_71,29.94144,55.94272,Resto,0.0,0.0,0.0,0.03333333333333333,305.81116176341885,
83_70,29.85135,55.94272,Resto,0.0,0.0,0.0,0.03333333333333333,295.8936976612159,
83_7,24.17568,55.94272,Resto,0.0,0.0,0.0,0.0,76.54663070020771,
83_69,29.76126,55.94272,Resto,0.0,0.0,0.0,0.03333333333333333,285.98095517377425,
83_68,29.67117,55.94272,Resto,0.0,0.0,0.0,0.03333333333333333,276.0734281005625,
83_67,29.58108,55.94272,Resto,0.0,0.0,0.0,0.0,266.1716835106314,
83_66,29.49099,55.94272,Resto,0.0,0.0,0.0,0.0,256.27637578322174,
83_65,29.4009,55.94272,Resto,0.0,0.0,0.0,0.0,246.3882639885294,
49_3,23.81532,52.50497,Resto,0.0,0.0,0.0,0.0,27.11056200217456,
49_53,28.31982,52.50497,Resto,0.0,0.0,0.0,0.0,71.21007927660051,
49_52,28.22973,52.50497,Resto,0.0,0.0,0.0,0.03333333333333333,63.29868283308656,
49_51,28.13964,52.50497,Resto,0.0,0.0,0.0,0.1,55.20407570705518,
49_50,28.04955,52.50497,Resto,0.0,0.0,0.0,0.1,45.43358213446309,
49_5,23.9955,52.50497,Resto,0.0,0.0,0.0,0.03333333333333333,9.697479379208843,
49_49,27.95946,52.50497,Resto,0.0,0.0,0.0,0.1,35.6660443038776,
49_48,27.86937,52.50497,Resto,0.0,0.0,0.0,0.0,26.022179681520385,
49_47,27.77928,52.50497,Resto,0.0,0.0,0.0,0.13333333333333333,16.727801607025686,
49_46,27.68919,52.50497,Resto,0.0,0.0,0.0,0.5,7.714612620829302,
49_45,27.5991,52.50497,Resto,0.0,0.0,0.0,693.8333333333334,0.0800777060687486,
49_4,23.90541,52.50497,Resto,0.0,0.0,0.0,0.0,18.12819006482413,
49_68,29.67117,52.50497,Resto,0.0,0.0,0.0,0.03333333333333333,167.98378897278897,
49_67,29.58108,52.50497,Resto,0.0,0.0,0.0,0.03333333333333333,164.21648590149078,
49_66,29.49099,52.50497,Resto,0.0,0.0,0.0,0.03333333333333333,160.98482818669308,
49_65,29.4009,52.50497,Resto,0.0,0.0,0.0,0.06666666666666667,158.32160311284488,
49_64,29.31081,52.50497,Resto,0.0,0.0,0.0,0.06666666666666667,155.0507672020006,
49_63,29.22072,52.50497,Resto,0.0,0.0,0.0,0.06666666666666667,151.2573419655163,
49_62,29.13063,52.50497,Resto,0.0,0.0,0.0,0.0,148.04507912671394,
49_61,29.04054,52.50497,Resto,0.0,0.0,0.0,0.0,142.65235035684677,
49_60,28.95045,52.50497,Resto,0.0,0.0,0.0,0.0,133.29125117860238,
49_6,24.08559,52.50497,Resto,0.0,0.0,0.0,48.1,2.100958214989619,
49_59,28.86036,52.50497,Resto,0.0,0.0,0.0,0.0,124.0294695805638,
49_58,28.77027,52.50497,Resto,0.0,0.0,0.0,0.0,114.80711782596894,
49_57,28.68018,52.50497,Resto,0.0,0.0,0.0,0.0,105.66056768205402,
49_56,28.59009,52.50497,Resto,0.0,0.0,0.0,0.03333333333333333,96.68470709822158,
49_55,28.5,52.50497,Resto,0.0,0.0,0.0,0.03333333333333333,87.93179136082173,
49_54,28.40991,52.50497,Resto,0.0,0.0,0.0,0.03333333333333333,79.47548066183109,
4_11,24.53604,47.955,Resto,0.0,0.0,0.0,0.03333333333333333,258.0120082432923,
4_10,24.44595,47.955,Resto,0.0,0.0,0.0,0.0,263.2881767383184,
4_1,23.63514,47.955,Resto,0.0,0.0,0.0,0.0,310.0269955811809,
4_0,23.54505,47.955,Resto,0.0,0.0,0.0,0.0,315.3614481435426,
49_77,30.48198,52.50497,Resto,0.0,0.0,0.0,0.0,212.56099846460805,
49_76,30.39189,52.50497,Resto,0.0,0.0,0.0,0.0,207.5030913677056,
49_75,30.3018,52.50497,Resto,0.0,0.0,0.0,0.0,202.75724333495145,
49_74,30.21171,52.50497,Resto,0.0,0.0,0.0,0.0,198.34498304678863,
49_73,30.12162,52.50497,Resto,0.0,0.0,0.0,0.03333333333333333,193.37979243128245,
49_72,30.03153,52.50497,Resto,0.0,0.0,0.0,0.06666666666666667,187.54645325971816,
49_71,29.94144,52.50497,Resto,0.0,0.0,0.0,0.06666666666666667,182.0774243946594,
49_70,29.85135,52.50497,Resto,0.0,0.0,0.0,0.06666666666666667,176.98376293166376,
49_7,24.17568,52.50497,Resto,0.0,0.0,0.0,1081.0,5.616701170555286,10.0
49_69,29.76126,52.50497,Resto,0.0,0.0,0.0,0.06666666666666667,172.25161132425308,
4_26,25.88739,47.955,Resto,0.0,0.0,0.0,0.0,200.54780792100044,
4_25,25.7973,47.955,Resto,0.0,0.0,0.0,0.0,206.7391702445243,
4_24,25.70721,47.955,Resto,0.0,0.0,0.0,0.0,208.1681354157796,
4_23,25.61712,47.955,Resto,0.0,0.0,0.0,0.03333333333333333,210.06925965235808,
4_22,25.52703,47.955,Resto,0.0,0.0,0.0,0.03333333333333333,212.429869587748,
4_21,25.43694,47.955,Resto,0.0,0.0,0.0,0.03333333333333333,215.23485022037585,
4_20,25.34685,47.955,Resto,0.0,0.0,0.0,0.03333333333333333,218.4670886565419,
4_2,23.72523,47.955,Resto,0.0,0.0,0.0,0.0,304.93050322918924,
4_19,25.25676,47.955,Resto,0.0,0.0,0.0,0.03333333333333333,222.10793528166343,
4_18,25.16667,47.955,Resto,0.0,0.0,0.0,0.03333333333333333,226.1376576205652,
4_17,25.07658,47.955,Resto,0.0,0.0,0.0,0.03333333333333333,230.5358666811971,
4_16,24.98649,47.955,Resto,0.0,0.0,0.0,0.03333333333333333,235.2819010483257,
4_15,24.8964,47.955,Resto,0.0,0.0,0.0,0.03333333333333333,239.86796349502373,
4_14,24.80631,47.955,Resto,0.0,0.0,0.0,0.06666666666666667,243.945786523134,
4_13,24.71622,47.955,Resto,0.0,0.0,0.0,0.06666666666666667,248.34607419332136,
4_12,24.62613,47.955,Resto,0.0,0.0,0.0,0.06666666666666667,253.02549199231623,
4_40,27.14865,47.955,Resto,0.0,0.0,0.0,0.0,101.68453555178424,
4_4,23.90541,47.955,Resto,0.0,0.0,0.0,0.0,295.5000718229069,
4_39,27.05856,47.955,Resto,0.0,0.0,0.0,0.0,107.19774379538327,
4_38,26.96847,47.955,Resto,0.0,0.0,0.0,0.03333333333333333,113.33896483223644,
4_37,26.87838,47.955,Resto,0.0,0.0,0.0,0.03333333333333333,120.0118347193585,
4_36,26.78829,47.955,Resto,0.0,0.0,0.0,0.03333333333333333,127.13267286358077,
4_35,26.6982,47.955,Resto,0.0,0.0,0.0,0.03333333333333333,134.63042267166546,
4_34,26.60811,47.955,Resto,0.0,0.0,0.0,0.03333333333333333,142.44558506660374,
4_33,26.51802,47.955,Resto,0.0,0.0,0.0,0.0,150.5287351881125,
4_32,26.42793,47.955,Resto,0.0,0.0,0.0,0.03333333333333333,158.83897050139993,
4_31,26.33784,47.955,Resto,0.0,0.0,0.0,0.03333333333333333,167.08816727837333,
4_30,26.24775,47.955,Resto,0.0,0.0,0.0,0.03333333333333333,173.9851548705338,
4_3,23.81532,47.955,Resto,0.0,0.0,0.0,0.0,300.08409416295984,
4_29,26.15766,47.955,Resto,0.0,0.0,0.0,0.03333333333333333,180.3913626537595,
4_28,26.06757,47.955,Resto,0.0,0.0,0.0,0.0,186.8668817089168,
4_27,25.97748,47.955,Resto,0.0,0.0,0.0,0.0,193.5666958130205,
4_55,28.5,47.955,Resto,0.0,0.0,0.0,0.0,42.20404119450572,
4_54,28.40991,47.955,Resto,0.0,0.0,0.0,0.03333333333333333,46.91009190873592,
4_53,28.31982,47.955,Resto,0.0,0.0,0.0,0.03333333333333333,51.36658083450082,
4_52,28.22973,47.955,Resto,0.0,0.0,0.0,0.0,53.79357167322569,
4_51,28.13964,47.955,Resto,0.0,0.0,0.0,0.0,57.89532555766302,
4_50,28.04955,47.955,Resto,0.0,0.0,0.0,0.0,63.347364927227474,
4_5,23.9955,47.955,Resto,0.0,0.0,0.0,0.0,291.1908267211296,
4_49,27.95946,47.955,Resto,0.0,0.0,0.0,0.0,67.25444791111998,
4_48,27.86937,47.955,Resto,0.0,0.0,0.0,0.0,70.73978374398806,
4_47,27.77928,47.955,Resto,0.0,0.0,0.0,0.03333333333333333,75.37281996561272,
4_46,27.68919,47.955,Resto,0.0,0.0,0.0,0.03333333333333333,79.91997501746118,
4_45,27.5991,47.955,Resto,0.0,0.0,0.0,0.03333333333333333,83.08362048236859,
4_44,27.50901,47.955,Resto,0.0,0.0,0.0,0.0,85.28166713561868,
4_43,27.41892,47.955,Resto,0.0,0.0,0.0,0.0,88.5527078208427,
4_42,27.32883,47.955,Resto,0.0,0.0,0.0,0.0,92.80609740697868,
4_41,27.23874,47.955,Resto,0.0,0.0,0.0,0.0,96.90657739347895,
4_7,24.17568,47.955,Resto,0.0,0.0,0.0,0.0,280.6868396252797,
4_69,29.76126,47.955,Resto,0.0,0.0,0.0,1.6666666666666667,6.769045661678179,
4_68,29.67117,47.955,Resto,0.0,0.0,0.0,0.13333333333333333,10.636436122887034,
4_67,29.58108,47.955,Resto,0.0,0.0,0.0,5.033333333333333,1.0776899467705998,9.0
4_66,29.49099,47.955,Resto,0.0,0.0,0.0,752.2,6.299356121894858,3.0
4_65,29.4009,47.955,Resto,0.0,0.0,0.0,15295.1,2.112215649987624,3.0
4_64,29.31081,47.955,Resto,0.0,0.0,0.0,398.6333333333333,5.6515973751773565,
4_63,29.22072,47.955,Resto,0.0,0.0,0.0,1.6333333333333333,13.932018844307324,
4_62,29.13063,47.955,Resto,0.0,0.0,0.0,0.03333333333333333,17.16707526495816,
4_61,29.04054,47.955,Resto,0.0,0.0,0.0,0.03333333333333333,19.33877353516767,
4_60,28.95045,47.955,Resto,0.0,0.0,0.0,0.03333333333333333,21.357343789821503,
4_6,24.08559,47.955,Resto,0.0,0.0,0.0,0.0,286.95690084597413,
4_59,28.86036,47.955,Resto,0.0,0.0,0.0,0.3333333333333333,25.759009896048006,
4_58,28.77027,47.955,Resto,0.0,0.0,0.0,0.3333333333333333,31.373432120877595,
4_57,28.68018,47.955,Resto,0.0,0.0,0.0,0.13333333333333333,36.09285953957897,
4_56,28.59009,47.955,Resto,0.0,0.0,0.0,0.13333333333333333,39.55692928270677,
7_30,26.24775,48.25833,Resto,0.0,0.0,0.0,0.03333333333333333,150.56753426249676,
50_10,24.44595,52.60608,Resto,0.0,0.0,0.0,76.13333333333334,8.086273682930523,13.0
50_1,23.63514,52.60608,Resto,0.0,0.0,0.0,0.03333333333333333,49.40577851105039,
50_0,23.54505,52.60608,Resto,0.0,0.0,0.0,0.0,58.03568806211884,
4_9,24.35586,47.955,Resto,0.0,0.0,0.0,0.0,268.8369458690958,
4_8,24.26577,47.955,Resto,0.0,0.0,0.0,0.0,274.64179538809594,
4_77,30.48198,47.955,Resto,0.0,0.0,0.0,369.3,41.980450526188,
4_76,30.39189,47.955,Resto,0.0,0.0,0.0,0.03333333333333333,31.917887780469314,
4_75,30.3018,47.955,Resto,0.0,0.0,0.0,0.06666666666666667,21.868630458232136,
4_74,30.21171,47.955,Resto,0.0,0.0,0.0,0.8,11.866625326100044,
4_73,30.12162,47.955,Resto,0.0,0.0,0.0,106.36666666666666,2.548175667486112,
4_72,30.03153,47.955,Resto,0.0,0.0,0.0,6656.666666666667,0.6580277485213245,
13_2,23.72523,48.86499,Resto,0.0,0.0,0.0,0.0,224.1282678386733,
13_19,25.25676,48.86499,Resto,0.0,0.0,0.0,0.03333333333333333,138.884952678656,
13_18,25.16667,48.86499,Resto,0.0,0.0,0.0,0.03333333333333333,142.92200098739073,
13_17,25.07658,48.86499,Resto,0.0,0.0,0.0,0.03333333333333333,147.44997723661288,
13_16,24.98649,48.86499,Resto,0.0,0.0,0.0,0.03333333333333333,152.48508102170567,
13_15,24.8964,48.86499,Resto,0.0,0.0,0.0,0.03333333333333333,157.9991915417372,
13_14,24.80631,48.86499,Resto,0.0,0.0,0.0,0.03333333333333333,163.94398211482158,
13_13,24.71622,48.86499,Resto,0.0,0.0,0.0,0.0,170.27434880802664,
13_12,24.62613,48.86499,Resto,0.0,0.0,0.0,0.0,176.94891349715465,
13_40,27.14865,48.86499,Resto,0.0,0.0,0.0,0.0,41.1595921163799,
13_4,23.90541,48.86499,Resto,0.0,0.0,0.0,0.0,214.44114187600616,
13_39,27.05856,48.86499,Resto,0.0,0.0,0.0,0.0,46.97056256450942,
13_38,26.96847,48.86499,Resto,0.0,0.0,0.0,0.03333333333333333,52.82754323153554,
13_37,26.87838,48.86499,Resto,0.0,0.0,0.0,0.03333333333333333,58.531905582831,
13_36,26.78829,48.86499,Resto,0.0,0.0,0.0,0.0,64.96535352406487,
13_35,26.6982,48.86499,Resto,0.0,0.0,0.0,0.0,71.64704667844529,
4_71,29.94144,47.955,Resto,0.0,0.0,0.0,13.833333333333334,1.860715580539808,
4_70,29.85135,47.955,Resto,0.0,0.0,0.0,13.833333333333334,2.8906345507692603,
50_2,23.72523,52.60608,Resto,0.0,0.0,0.0,0.03333333333333333,40.630220530152016,
7_31,26.33784,48.25833,Resto,0.0,0.0,0.0,0.03333333333333333,144.00247245990545,
9_6,24.08559,48.46055,Resto,0.0,0.0,0.0,0.03333333333333333,240.0455940430756,
0_2,23.72523,47.55056,Resto,0.0,0.0,0.0,0.0,341.7750335355841,
83_64,29.31081,55.94272,Resto,0.0,0.0,0.0,0.0,236.50823356842952,
83_63,29.22072,55.94272,Resto,0.0,0.0,0.0,0.0,226.6373236036519,
83_62,29.13063,55.94272,Resto,0.0,0.0,0.0,0.03333333333333333,216.7767614100932,
83_61,29.04054,55.94272,Resto,0.0,0.0,0.0,0.03333333333333333,206.92800685232683,
83_60,28.95045,55.94272,Resto,0.0,0.0,0.0,0.03333333333333333,197.09280968689333,
83_6,24.08559,55.94272,Resto,0.0,0.0,0.0,0.03333333333333333,81.67380296935053,
83_59,28.86036,55.94272,Resto,0.0,0.0,0.0,0.0,187.27328459165628,
83_58,28.77027,55.94272,Resto,0.0,0.0,0.0,0.0,177.47201051960525,
83_57,28.68018,55.94272,Resto,0.0,0.0,0.0,0.0,167.69216398752178,
83_56,28.59009,55.94272,Resto,0.0,0.0,0.0,0.03333333333333333,157.93770044383157,
83_55,28.5,55.94272,Resto,0.0,0.0,0.0,0.03333333333333333,148.21360490732033,
83_54,28.40991,55.94272,Resto,0.0,0.0,0.0,0.0,138.52624424259113,
83_53,28.31982,55.94272,Resto,0.0,0.0,0.0,0.03333333333333333,128.8647631087924,
83_52,28.22973,55.94272,Resto,0.0,0.0,0.0,0.03333333333333333,119.2130694137286,
83_51,28.13964,55.94272,Resto,0.0,0.0,0.0,0.03333333333333333,109.61585607819976,
83_50,28.04955,55.94272,Resto,0.0,0.0,0.0,0.03333333333333333,100.06514806201376,
9_9,24.35586,48.46055,Resto,0.0,0.0,0.0,0.03333333333333333,227.8486628701535,
0_0,23.54505,47.55056,Resto,0.0,0.0,0.0,0.0,351.16953716238123,
50_4,23.90541,52.60608,Resto,0.0,0.0,0.0,0.0,24.029041151543588,
0_1,23.63514,47.55056,Resto,0.0,0.0,0.0,0.0,346.3582654935931,
0_10,24.44595,47.55056,Resto,0.0,0.0,0.0,0.0,299.0409968174675,
50_3,23.81532,52.60608,Resto,0.0,0.0,0.0,0.0,31.99528964198015,
50_57,28.68018,52.60608,Resto,0.0,0.0,0.0,0.0,110.21194290691622,
50_56,28.59009,52.60608,Resto,0.0,0.0,0.0,0.03333333333333333,101.64391539012458,
50_55,28.5,52.60608,Resto,0.0,0.0,0.0,0.03333333333333333,93.32641729923368,
50_54,28.40991,52.60608,Resto,0.0,0.0,0.0,0.03333333333333333,85.14214673173613,
50_53,28.31982,52.60608,Resto,0.0,0.0,0.0,0.0,76.89677622216033,
50_52,28.22973,52.60608,Resto,0.0,0.0,0.0,0.03333333333333333,67.21482359882515,
50_51,28.13964,52.60608,Resto,0.0,0.0,0.0,0.03333333333333333,57.64305385433365,
50_50,28.04955,52.60608,Resto,0.0,0.0,0.0,0.03333333333333333,48.2470319438615,
50_5,23.9955,52.60608,Resto,0.0,0.0,0.0,0.03333333333333333,16.355221714432304,
50_49,27.95946,52.60608,Resto,0.0,0.0,0.0,0.03333333333333333,39.04915189464719,
50_48,27.86937,52.60608,Resto,0.0,0.0,0.0,0.03333333333333333,30.00331941432889,
50_47,27.77928,52.60608,Resto,0.0,0.0,0.0,0.16666666666666666,21.749378648976165,
50_46,27.68919,52.60608,Resto,0.0,0.0,0.0,0.26666666666666666,14.22130374091654,
50_45,27.5991,52.60608,Resto,0.0,0.0,0.0,2.9,7.246351804917927,
50_44,27.50901,52.60608,Resto,0.0,0.0,0.0,1671.6,1.912613650227144,
50_71,29.94144,52.60608,Resto,0.0,0.0,0.0,0.03333333333333333,190.4592947301401,
50_70,29.85135,52.60608,Resto,0.0,0.0,0.0,0.03333333333333333,185.5546747886065,
50_7,24.17568,52.60608,Resto,0.0,0.0,0.0,1640.4333333333334,2.882670721675625,
50_69,29.76126,52.60608,Resto,0.0,0.0,0.0,0.03333333333333333,181.054888396532,
50_68,29.67117,52.60608,Resto,0.0,0.0,0.0,0.03333333333333333,177.00776910232446,
50_67,29.58108,52.60608,Resto,0.0,0.0,0.0,0.03333333333333333,173.44499129130276,
50_66,29.49099,52.60608,Resto,0.0,0.0,0.0,0.03333333333333333,170.39692252316107,
50_65,29.4009,52.60608,Resto,0.0,0.0,0.0,0.06666666666666667,167.89158253713694,
50_64,29.31081,52.60608,Resto,0.0,0.0,0.0,0.06666666666666667,164.09122266566143,
50_63,29.22072,52.60608,Resto,0.0,0.0,0.0,0.03333333333333333,160.51989371772126,
50_62,29.13063,52.60608,Resto,0.0,0.0,0.0,0.06666666666666667,155.53316301798225,
50_61,29.04054,52.60608,Resto,0.0,0.0,0.0,0.03333333333333333,146.30215799406352,
50_60,28.95045,52.60608,Resto,0.0,0.0,0.0,0.03333333333333333,137.09081250743617,
50_6,24.08559,52.60608,Resto,0.0,0.0,0.0,0.06666666666666667,7.858930752348449,
50_59,28.86036,52.60608,Resto,0.0,0.0,0.0,0.0,127.97605038243118,
50_58,28.77027,52.60608,Resto,0.0,0.0,0.0,0.0,119.00475545548356,
51_12,24.62613,52.70719,Resto,0.0,0.0,0.0,138.5,29.69850057437183,14.0
51_10,24.44595,52.70719,Resto,0.0,0.0,0.0,573.9666666666667,11.497006817355985,15.0
51_1,23.63514,52.70719,Resto,0.0,0.0,0.0,0.0,54.399351826767344,
51_0,23.54505,52.70719,Resto,0.0,0.0,0.0,0.0,63.13885098554032,
50_8,24.26577,52.60608,Resto,0.0,0.0,0.0,329.3333333333333,0.013267843626959,
50_77,30.48198,52.60608,Resto,0.0,0.0,0.0,0.0,220.9115321131767,
50_76,30.39189,52.60608,Resto,0.0,0.0,0.0,0.0,216.05228181435663,
50_75,30.3018,52.60608,Resto,0.0,0.0,0.0,0.0,211.45445721213528,
50_74,30.21171,52.60608,Resto,0.0,0.0,0.0,0.0,207.19981628989908,
50_73,30.12162,52.60608,Resto,0.0,0.0,0.0,0.03333333333333333,201.2764086946208,
50_72,30.03153,52.60608,Resto,0.0,0.0,0.0,0.03333333333333333,195.68645215874264,
51_3,23.81532,52.70719,Resto,0.0,0.0,0.0,0.03333333333333333,36.21895853682578,
0_11,24.53604,47.55056,Resto,0.0,0.0,0.0,0.0,294.376949734762,
51_2,23.72523,52.70719,Resto,0.0,0.0,0.0,0.0,46.07892242211281,
0_12,24.62613,47.55056,Resto,0.0,0.0,0.0,0.0,289.94685667358624,
0_13,24.71622,47.55056,Resto,0.0,0.0,0.0,0.0,285.7883486627762,
0_14,24.80631,47.55056,Resto,0.0,0.0,0.0,0.034482758620689655,281.1731923930851,
83_5,23.9955,55.94272,Resto,0.0,0.0,0.0,0.06666666666666667,87.6393519561468,
83_49,27.95946,55.94272,Resto,0.0,0.0,0.0,0.03333333333333333,90.28058688373883,
83_48,27.86937,55.94272,Resto,0.0,0.0,0.0,0.03333333333333333,80.52315599366132,
83_47,27.77928,55.94272,Resto,0.0,0.0,0.0,0.06666666666666667,70.82810219416226,
83_46,27.68919,55.94272,Resto,0.0,0.0,0.0,0.06666666666666667,61.22500207780251,
83_45,27.5991,55.94272,Resto,0.0,0.0,0.0,0.06666666666666667,51.764982506198336,
83_44,27.50901,55.94272,Resto,0.0,0.0,0.0,0.0,42.5435070443172,
83_43,27.41892,55.94272,Resto,0.0,0.0,0.0,0.1,33.75652474585693,
83_42,27.32883,55.94272,Resto,0.0,0.0,0.0,0.4666666666666667,25.700197793089977,
83_41,27.23874,55.94272,Resto,0.0,0.0,0.0,0.3333333333333333,18.63412344951773,
83_40,27.14865,55.94272,Resto,0.0,0.0,0.0,15.433333333333334,10.089441799402184,
83_4,23.90541,55.94272,Resto,0.0,0.0,0.0,0.0,94.23042186966588,
83_39,27.05856,55.94272,Resto,0.0,0.0,0.0,15.433333333333334,2.336545211262313,
83_37,26.87838,55.94272,Resto,0.0,0.0,0.0,494.3,4.088357700627372,
83_36,26.78829,55.94272,Resto,0.0,0.0,0.0,0.0,8.015143421995866,
51_44,27.50901,52.70719,Resto,0.0,0.0,0.0,190.33333333333334,7.475494160874478,
51_43,27.41892,52.70719,Resto,0.0,0.0,0.0,0.6333333333333333,2.8836751603220003,
7_16,24.98649,48.25833,Resto,0.0,0.0,0.0,0.1,207.46272774944748,
51_4,23.90541,52.70719,Resto,0.0,0.0,0.0,0.0,26.25772601906485,
7_15,24.8964,48.25833,Resto,0.0,0.0,0.0,0.1,211.66215906656376,
12_9,24.35586,48.76388,Resto,0.0,0.0,0.0,0.0,199.0337693548377,
12_8,24.26577,48.76388,Resto,0.0,0.0,0.0,0.0,203.23626543077955,
12_77,30.48198,48.76388,Resto,0.0,0.0,0.0,0.03333333333333333,16.44335686756649,
12_76,30.39189,48.76388,Resto,0.0,0.0,0.0,0.03333333333333333,10.705915226144633,5.0
12_75,30.3018,48.76388,Resto,0.0,0.0,0.0,4.966666666666667,9.415644477746667,
12_74,30.21171,48.76388,Resto,0.0,0.0,0.0,4.966666666666667,13.636897923565972,
12_73,30.12162,48.76388,Resto,0.0,0.0,0.0,2.0,9.971930264738232,
12_7,24.17568,48.76388,Resto,0.0,0.0,0.0,0.0,207.839397598082,
13_26,25.88739,48.86499,Resto,0.0,0.0,0.0,0.03333333333333333,114.16112714549068,
13_25,25.7973,48.86499,Resto,0.0,0.0,0.0,0.03333333333333333,115.75857999132838,
13_24,25.70721,48.86499,Resto,0.0,0.0,0.0,0.03333333333333333,118.19155570864338,
13_23,25.61712,48.86499,Resto,0.0,0.0,0.0,0.0,121.40983379041332,
13_22,25.52703,48.86499,Resto,0.0,0.0,0.0,0.0,125.35294303359312,
13_21,25.43694,48.86499,Resto,0.0,0.0,0.0,0.0,129.9549205574706,
13_20,25.34685,48.86499,Resto,0.0,0.0,0.0,0.0,135.1484763556069,
7_14,24.80631,48.25833,Resto,0.0,0.0,0.0,0.1,216.19024153509403,
51_59,28.86036,52.70719,Resto,0.0,0.0,0.0,0.03333333333333333,132.49704562412617,
51_58,28.77027,52.70719,Resto,0.0,0.0,0.0,0.0,123.8586963837905,
51_57,28.68018,52.70719,Resto,0.0,0.0,0.0,0.0,115.44150632167108,
51_56,28.59009,52.70719,Resto,0.0,0.0,0.0,0.03333333333333333,107.17611532376114,
51_55,28.5,52.70719,Resto,0.0,0.0,0.0,0.03333333333333333,98.79912795020368,
51_54,28.40991,52.70719,Resto,0.0,0.0,0.0,0.03333333333333333,89.25359290054851,
51_53,28.31982,52.70719,Resto,0.0,0.0,0.0,0.03333333333333333,79.82042621857025,
51_52,28.22973,52.70719,Resto,0.0,0.0,0.0,0.03333333333333333,70.54460066684972,
51_51,28.13964,52.70719,Resto,0.0,0.0,0.0,0.03333333333333333,61.362800613017626,
51_50,28.04955,52.70719,Resto,0.0,0.0,0.0,0.03333333333333333,52.34240228809873,
51_5,23.9955,52.70719,Resto,0.0,0.0,0.0,0.13333333333333333,16.341101486244543,
51_49,27.95946,52.70719,Resto,0.0,0.0,0.0,0.03333333333333333,43.75147446948053,
51_48,27.86937,52.70719,Resto,0.0,0.0,0.0,0.03333333333333333,35.78840708321691,
51_47,27.77928,52.70719,Resto,0.0,0.0,0.0,0.13333333333333333,28.35503472095293,
51_46,27.68919,52.70719,Resto,0.0,0.0,0.0,0.13333333333333333,21.385904246402017,
51_45,27.5991,52.70719,Resto,0.0,0.0,0.0,0.4666666666666667,15.175029730649046,
51_73,30.12162,52.70719,Resto,0.0,0.0,0.0,0.03333333333333333,209.3344260733148,
51_72,30.03153,52.70719,Resto,0.0,0.0,0.0,0.03333333333333333,203.9733624150356,
51_71,29.94144,52.70719,Resto,0.0,0.0,0.0,0.03333333333333333,198.94136147100275,
51_70,29.85135,52.70719,Resto,0.0,0.0,0.0,0.03333333333333333,194.24371158028487,
51_69,29.76126,52.70719,Resto,0.0,0.0,0.0,0.03333333333333333,189.9581364733042,
51_68,29.67117,52.70719,Resto,0.0,0.0,0.0,0.03333333333333333,186.11308954882023,
51_67,29.58108,52.70719,Resto,0.0,0.0,0.0,0.03333333333333333,182.7363658194548,
51_66,29.49099,52.70719,Resto,0.0,0.0,0.0,0.03333333333333333,179.85432976755257,
51_65,29.4009,52.70719,Resto,0.0,0.0,0.0,0.03333333333333333,177.09458418232606,
51_64,29.31081,52.70719,Resto,0.0,0.0,0.0,0.03333333333333333,173.22113485354265,
51_63,29.22072,52.70719,Resto,0.0,0.0,0.0,0.03333333333333333,168.56705565534773,
51_62,29.13063,52.70719,Resto,0.0,0.0,0.0,0.03333333333333333,159.37542429348093,
51_61,29.04054,52.70719,Resto,0.0,0.0,0.0,0.03333333333333333,150.28385150152894,
51_60,28.95045,52.70719,Resto,0.0,0.0,0.0,0.03333333333333333,141.31602289387732,
51_6,24.08559,52.70719,Resto,0.0,0.0,0.0,10798.266666666666,6.671450859958743,
7_42,27.32883,48.25833,Resto,0.0,0.0,0.0,0.03333333333333333,65.34884551971723,
52_14,24.80631,52.8083,Resto,0.0,0.0,0.0,270.6,26.81269428884541,13.0
52_10,24.44595,52.8083,Resto,0.0,0.0,0.0,93.76666666666667,19.64280628674012,8.0
52_1,23.63514,52.8083,Resto,0.0,0.0,0.0,0.0,55.84777539772541,
52_0,23.54505,52.8083,Resto,0.0,0.0,0.0,0.0,65.83496361398107,
7_41,27.23874,48.25833,Resto,0.0,0.0,0.0,0.03333333333333333,70.7989786188619,
51_77,30.48198,52.70719,Resto,0.0,0.0,0.0,0.0,229.3738822765881,
51_76,30.39189,52.70719,Resto,0.0,0.0,0.0,0.0,224.6548959160964,
51_75,30.3018,52.70719,Resto,0.0,0.0,0.0,0.0,220.24214949785272,
51_74,30.21171,52.70719,Resto,0.0,0.0,0.0,0.03333333333333333,215.028392587082,
7_40,27.14865,48.25833,Resto,0.0,0.0,0.0,0.03333333333333333,77.18254740568656,
52_3,23.81532,52.8083,Resto,0.0,0.0,0.0,0.0,35.888557620824734,
7_4,23.90541,48.25833,Resto,0.0,0.0,0.0,0.0,267.8502416285928,
7_39,27.05856,48.25833,Resto,0.0,0.0,0.0,0.0,84.28774250006357,
52_2,23.72523,52.8083,Resto,0.0,0.0,0.0,0.0,45.864521920470295,
52_18,25.16667,52.8083,Resto,0.0,0.0,0.0,25.4,39.6239750473244,25.0
83_35,26.6982,55.94272,Resto,0.0,0.0,0.0,573.8333333333334,0.0292217713976134,
83_3,23.81532,55.94272,Resto,0.0,0.0,0.0,0.0,101.15705728169154,
7_38,26.96847,48.25833,Resto,0.0,0.0,0.0,0.0,91.94743209872574,
83_26,25.88739,55.94272,Resto,0.0,0.0,0.0,387.9,5.623315871872825,15.0
83_25,25.7973,55.94272,Resto,0.0,0.0,0.0,70.03333333333333,0.5508880619897212,8.0
83_24,25.70721,55.94272,Resto,0.0,0.0,0.0,4.233333333333333,6.862574606181834,
83_23,25.61712,55.94272,Resto,0.0,0.0,0.0,0.0,14.65818926262716,
83_22,25.52703,55.94272,Resto,0.0,0.0,0.0,0.03333333333333333,23.00723217088449,
83_21,25.43694,55.94272,Resto,0.0,0.0,0.0,0.03333333333333333,31.31323852336197,
52_46,27.68919,52.8083,Resto,0.0,0.0,0.0,0.06666666666666667,28.949771639553827,
52_45,27.5991,52.8083,Resto,0.0,0.0,0.0,0.2,21.581899255883226,
52_44,27.50901,52.8083,Resto,0.0,0.0,0.0,0.4,15.236558939659048,
52_43,27.41892,52.8083,Resto,0.0,0.0,0.0,0.3,12.831037318589354,
52_42,27.32883,52.8083,Resto,0.0,0.0,0.0,0.2,6.772644395517351,
7_37,26.87838,48.25833,Resto,0.0,0.0,0.0,0.0,100.03432897666606,
52_4,23.90541,52.8083,Resto,0.0,0.0,0.0,0.0,25.928395584056894,
9_31,26.33784,48.46055,Resto,0.0,0.0,0.0,0.0,128.8487142481316,
9_30,26.24775,48.46055,Resto,0.0,0.0,0.0,0.0,136.1314491668572,
9_3,23.81532,48.46055,Resto,0.0,0.0,0.0,0.0,255.23512329566464,
9_29,26.15766,48.46055,Resto,0.0,0.0,0.0,0.03333333333333333,143.74933975576232,
9_28,26.06757,48.46055,Resto,0.0,0.0,0.0,0.0,151.651888918846,
9_27,25.97748,48.46055,Resto,0.0,0.0,0.0,0.0,153.78220582237944,
9_26,25.88739,48.46055,Resto,0.0,0.0,0.0,0.0,154.8177159833151,
9_25,25.7973,48.46055,Resto,0.0,0.0,0.0,0.0,156.02741844596824,
9_24,25.70721,48.46055,Resto,0.0,0.0,0.0,0.03333333333333333,157.86905307827766,
9_23,25.61712,48.46055,Resto,0.0,0.0,0.0,0.03333333333333333,160.32084531910493,
9_22,25.52703,48.46055,Resto,0.0,0.0,0.0,0.03333333333333333,163.35532526229488,
9_21,25.43694,48.46055,Resto,0.0,0.0,0.0,0.03333333333333333,166.94072260960448,
13_11,24.53604,48.86499,Resto,0.0,0.0,0.0,0.0,182.1147533156868,
13_10,24.44595,48.86499,Resto,0.0,0.0,0.0,0.0,185.6227083022021,
13_1,23.63514,48.86499,Resto,0.0,0.0,0.0,0.0,229.40019995934105,
13_0,23.54505,48.86499,Resto,0.0,0.0,0.0,0.0,234.98206795374367,
7_36,26.78829,48.25833,Resto,0.0,0.0,0.0,0.0,108.327344114998,
52_60,28.95045,52.8083,Resto,0.0,0.0,0.0,0.03333333333333333,146.09429861033482,
52_6,24.08559,52.8083,Resto,0.0,0.0,0.0,2822.9,6.165808010766607,
52_59,28.86036,52.8083,Resto,0.0,0.0,0.0,0.03333333333333333,137.58716450219907,
52_58,28.77027,52.8083,Resto,0.0,0.0,0.0,0.0,129.27809321290246,
52_57,28.68018,52.8083,Resto,0.0,0.0,0.0,0.0,120.85373845436985,
52_56,28.59009,52.8083,Resto,0.0,0.0,0.0,0.0,111.40470211560924,
52_55,28.5,52.8083,Resto,0.0,0.0,0.0,0.03333333333333333,102.06145036169016,
52_54,28.40991,52.8083,Resto,0.0,0.0,0.0,0.0,92.846978084702,
52_53,28.31982,52.8083,Resto,0.0,0.0,0.0,0.0,83.67878207271465,
52_52,28.22973,52.8083,Resto,0.0,0.0,0.0,0.1,74.67820322588446,
52_51,28.13964,52.8083,Resto,0.0,0.0,0.0,2.8,65.96703652826582,
52_50,28.04955,52.8083,Resto,0.0,0.0,0.0,0.06666666666666667,57.67651564818116,
52_5,23.9955,52.8083,Resto,0.0,0.0,0.0,0.1,16.013708699855048,
52_49,27.95946,52.8083,Resto,0.0,0.0,0.0,0.06666666666666667,49.82269432976845,
52_48,27.86937,52.8083,Resto,0.0,0.0,0.0,0.03333333333333333,42.48127752440772,
52_47,27.77928,52.8083,Resto,0.0,0.0,0.0,0.1,35.51798607685706,
52_75,30.3018,52.8083,Resto,0.0,0.0,0.0,0.0,228.79704035349715,
52_74,30.21171,52.8083,Resto,0.0,0.0,0.0,0.03333333333333333,223.0127665164597,
52_73,30.12162,52.8083,Resto,0.0,0.0,0.0,0.03333333333333333,217.5357871204989,
52_72,30.03153,52.8083,Resto,0.0,0.0,0.0,0.03333333333333333,212.3894457874428,
52_71,29.94144,52.8083,Resto,0.0,0.0,0.0,0.03333333333333333,207.5262767172644,
52_70,29.85135,52.8083,Resto,0.0,0.0,0.0,0.03333333333333333,203.03557636180665,
7_35,26.6982,48.25833,Resto,0.0,0.0,0.0,0.0,116.62736865018518,
52_69,29.76126,52.8083,Resto,0.0,0.0,0.0,0.03333333333333333,198.94779960224253,
52_68,29.67117,52.8083,Resto,0.0,0.0,0.0,0.03333333333333333,195.28823556345336,
52_67,29.58108,52.8083,Resto,0.0,0.0,0.0,0.03333333333333333,192.0813461966527,
52_66,29.49099,52.8083,Resto,0.0,0.0,0.0,0.03333333333333333,189.3501178764477,
52_65,29.4009,52.8083,Resto,0.0,0.0,0.0,0.03333333333333333,186.1007401039897,
52_64,29.31081,52.8083,Resto,0.0,0.0,0.0,0.03333333333333333,181.657102237562,
52_63,29.22072,52.8083,Resto,0.0,0.0,0.0,0.03333333333333333,172.5832479812983,
52_62,29.13063,52.8083,Resto,0.0,0.0,0.0,0.03333333333333333,163.61819314600746,
52_61,29.04054,52.8083,Resto,0.0,0.0,0.0,0.03333333333333333,154.78082544510443,
53_18,25.16667,52.90941,Resto,0.0,0.0,0.0,1727.0,33.94950756854388,28.0
7_34,26.60811,48.25833,Resto,0.0,0.0,0.0,0.0,125.18657217221592,
7_33,26.51802,48.25833,Resto,0.0,0.0,0.0,0.0,131.37790507396505,
7_32,26.42793,48.25833,Resto,0.0,0.0,0.0,0.03333333333333333,137.53451729267186,
53_11,24.53604,52.90941,Resto,0.0,0.0,0.0,4777.833333333333,33.66962941228019,12.0
0_16,24.98649,47.55056,Resto,0.0,0.0,0.0,0.034482758620689655,272.02501650878065,
53_1,23.63514,52.90941,Resto,0.0,0.0,0.0,0.0,55.91138704981159,
53_0,23.54505,52.90941,Resto,0.0,0.0,0.0,0.0,65.88637533355782,
52_8,24.26577,52.8083,Resto,0.0,0.0,0.0,138.03333333333333,12.758235837823362,9.0
52_77,30.48198,52.8083,Resto,0.0,0.0,0.0,0.0,237.9286014645729,
52_76,30.39189,52.8083,Resto,0.0,0.0,0.0,0.0,233.34665511146457,
53_3,23.81532,52.90941,Resto,0.0,0.0,0.0,0.0,35.987745019432346,
53_2,23.72523,52.90941,Resto,0.0,0.0,0.0,0.0,45.94501173080681,
83_20,25.34685,55.94272,Resto,0.0,0.0,0.0,0.03333333333333333,38.08391406706487,
83_2,23.72523,55.94272,Resto,0.0,0.0,0.0,0.0,106.7732581467125,
83_19,25.25676,55.94272,Resto,0.0,0.0,0.0,0.03333333333333333,42.957140240029474,
83_18,25.16667,55.94272,Resto,0.0,0.0,0.0,0.13333333333333333,42.5316063141074,
83_17,25.07658,55.94272,Resto,0.0,0.0,0.0,0.0,42.32163682263268,
83_16,24.98649,55.94272,Resto,0.0,0.0,0.0,0.0,43.02457846318265,
83_15,24.8964,55.94272,Resto,0.0,0.0,0.0,0.0,45.360121870567895,
83_14,24.80631,55.94272,Resto,0.0,0.0,0.0,0.03333333333333333,47.799028911792,
83_13,24.71622,55.94272,Resto,0.0,0.0,0.0,0.0,50.88679115490915,
83_12,24.62613,55.94272,Resto,0.0,0.0,0.0,0.0,55.18515353170501,
83_11,24.53604,55.94272,Resto,0.0,0.0,0.0,0.0,58.64156062425519,
83_10,24.44595,55.94272,Resto,0.0,0.0,0.0,0.0,62.47563907518615,
83_1,23.63514,55.94272,Resto,0.0,0.0,0.0,0.0,112.2811218837137,
83_0,23.54505,55.94272,Resto,0.0,0.0,0.0,0.0,118.37447988852676,
82_9,24.35586,55.84161,Resto,0.0,0.0,0.0,0.03333333333333333,76.20596764374584,
82_8,24.26577,55.84161,Resto,0.0,0.0,0.0,0.0,80.90724956850464,
53_48,27.86937,52.90941,Resto,0.0,0.0,0.0,0.0,49.64260388469051,
53_47,27.77928,52.90941,Resto,0.0,0.0,0.0,0.03333333333333333,42.925670335872624,
53_46,27.68919,52.90941,Resto,0.0,0.0,0.0,0.06666666666666667,35.68567615204591,
53_45,27.5991,52.90941,Resto,0.0,0.0,0.0,0.13333333333333333,28.980280697516324,
53_44,27.50901,52.90941,Resto,0.0,0.0,0.0,0.16666666666666666,24.5914743343197,
53_43,27.41892,52.90941,Resto,0.0,0.0,0.0,0.1,20.875661567634697,
53_42,27.32883,52.90941,Resto,0.0,0.0,0.0,0.06666666666666667,13.429766233921516,
53_41,27.23874,52.90941,Resto,0.0,0.0,0.0,328.23333333333335,4.233271546970372,
1_27,25.97748,47.65167,Resto,0.0,0.0,0.0,0.0,216.8304466481466,
53_4,23.90541,52.90941,Resto,0.0,0.0,0.0,0.0,26.030654011596987,
1_26,25.88739,47.65167,Resto,0.0,0.0,0.0,0.0,223.33542029179355,
53_62,29.13063,52.90941,Resto,0.0,0.0,0.0,0.03333333333333333,168.33868200656852,
53_61,29.04054,52.90941,Resto,0.0,0.0,0.0,0.03333333333333333,159.7677940684093,
53_60,28.95045,52.90941,Resto,0.0,0.0,0.0,0.03333333333333333,151.37308458925224,
53_6,24.08559,52.90941,Resto,0.0,0.0,0.0,3.2333333333333334,6.115942544173056,
53_59,28.86036,52.90941,Resto,0.0,0.0,0.0,0.03333333333333333,142.98578302428248,
53_58,28.77027,52.90941,Resto,0.0,0.0,0.0,0.03333333333333333,133.60758745062031,
53_57,28.68018,52.90941,Resto,0.0,0.0,0.0,0.06666666666666667,124.32691399932902,
53_56,28.59009,52.90941,Resto,0.0,0.0,0.0,0.03333333333333333,115.1415207491732,
53_55,28.5,52.90941,Resto,0.0,0.0,0.0,0.0,105.99517280120696,
53_54,28.40991,52.90941,Resto,0.0,0.0,0.0,0.0,97.00649939843512,
53_53,28.31982,52.90941,Resto,0.0,0.0,0.0,0.0,88.23636288082021,
53_52,28.22973,52.90941,Resto,0.0,0.0,0.0,0.1,79.75685075842732,
53_51,28.13964,52.90941,Resto,0.0,0.0,0.0,2.8,71.6711491764201,
53_50,28.04955,52.90941,Resto,0.0,0.0,0.0,0.1,63.87615290209751,
53_5,23.9955,52.90941,Resto,0.0,0.0,0.0,0.0,16.073386547245757,
53_49,27.95946,52.90941,Resto,0.0,0.0,0.0,0.1,56.60003856773799,
53_77,30.48198,52.90941,Resto,0.0,0.0,0.0,0.0,246.532423520076,
53_76,30.39189,52.90941,Resto,0.0,0.0,0.0,0.0,242.12054389861143,
53_75,30.3018,52.90941,Resto,0.0,0.0,0.0,0.0,236.714867787958,
53_74,30.21171,52.90941,Resto,0.0,0.0,0.0,0.03333333333333333,231.1366818697354,
53_73,30.12162,52.90941,Resto,0.0,0.0,0.0,0.03333333333333333,225.86476355235723,
53_72,30.03153,52.90941,Resto,0.0,0.0,0.0,0.03333333333333333,220.88423372592203,
53_71,29.94144,52.90941,Resto,0.0,0.0,0.0,0.03333333333333333,216.21556118557697,
53_70,29.85135,52.90941,Resto,0.0,0.0,0.0,0.03333333333333333,211.9173490609567,
53_69,29.76126,52.90941,Resto,0.0,0.0,0.0,0.03333333333333333,208.0125494528484,
53_68,29.67117,52.90941,Resto,0.0,0.0,0.0,0.03333333333333333,204.52368278548343,
53_67,29.58108,52.90941,Resto,0.0,0.0,0.0,0.03333333333333333,201.47234387625164,
53_66,29.49099,52.90941,Resto,0.0,0.0,0.0,0.03333333333333333,198.8786578949193,
53_65,29.4009,52.90941,Resto,0.0,0.0,0.0,0.03333333333333333,194.8738606605785,
53_64,29.31081,52.90941,Resto,0.0,0.0,0.0,0.03333333333333333,185.9111151424169,
53_63,29.22072,52.90941,Resto,0.0,0.0,0.0,0.03333333333333333,177.06018223371456,
1_25,25.7973,47.65167,Resto,0.0,0.0,0.0,0.0,229.8741487935776,
54_2,23.72523,53.01052,Resto,0.0,0.0,0.0,0.0,44.3830071197159,
1_53,28.31982,47.65167,Resto,0.0,0.0,0.0,0.0,77.93937252276446,
1_52,28.22973,47.65167,Resto,0.0,0.0,0.0,0.0,82.76698761660684,
54_10,24.44595,53.01052,Resto,0.0,0.0,0.0,177.7,24.45596577285005,10.0
54_1,23.63514,53.01052,Resto,0.0,0.0,0.0,0.0,54.30758064839786,
54_0,23.54505,53.01052,Resto,0.0,0.0,0.0,0.0,64.25357523286391,
1_51,28.13964,47.65167,Resto,0.0,0.0,0.0,0.0,85.51132639820592,
53_8,24.26577,52.90941,Resto,0.0,0.0,0.0,359.8,13.7994754027729,9.0
82_77,30.48198,55.84161,Resto,0.0,0.0,0.0,0.0,366.4471620726253,
82_76,30.39189,55.84161,Resto,0.0,0.0,0.0,0.0,356.5389364635901,
82_75,30.3018,55.84161,Resto,0.0,0.0,0.0,0.03333333333333333,346.63520986943826,
82_74,30.21171,55.84161,Resto,0.0,0.0,0.0,0.03333333333333333,336.73636697796906,
12_44,27.50901,48.76388,Resto,0.0,0.0,0.0,0.0,13.387724099373678,
12_43,27.41892,48.76388,Resto,0.0,0.0,0.0,0.0,21.61553059424619,
12_42,27.32883,48.76388,Resto,0.0,0.0,0.0,0.0,30.2076103060708,
12_41,27.23874,48.76388,Resto,0.0,0.0,0.0,0.0,39.49889941332899,
12_40,27.14865,48.76388,Resto,0.0,0.0,0.0,0.03333333333333333,48.23287280159651,
12_4,23.90541,48.76388,Resto,0.0,0.0,0.0,0.0,223.77858932053007,
1_50,28.04955,47.65167,Resto,0.0,0.0,0.0,0.03333333333333333,89.31419566571412,
12_6,24.08559,48.76388,Resto,0.0,0.0,0.0,0.0,212.8171700937831,
9_35,26.6982,48.46055,Resto,0.0,0.0,0.0,0.0,103.20119032900811,
9_34,26.60811,48.46055,Resto,0.0,0.0,0.0,0.0,109.076006043684,
9_33,26.51802,48.46055,Resto,0.0,0.0,0.0,0.0,115.52924084332616,
9_32,26.42793,48.46055,Resto,0.0,0.0,0.0,0.0,121.96118742193391,
82_73,30.12162,55.84161,Resto,0.0,0.0,0.0,0.03333333333333333,326.84283890034067,
82_72,30.03153,55.84161,Resto,0.0,0.0,0.0,0.03333333333333333,316.95511035084223,
82_71,29.94144,55.84161,Resto,0.0,0.0,0.0,0.03333333333333333,307.0737281941034,
82_70,29.85135,55.84161,Resto,0.0,0.0,0.0,0.03333333333333333,297.1993116716007,
82_7,24.17568,55.84161,Resto,0.0,0.0,0.0,0.0,85.6082219302291,
82_69,29.76126,55.84161,Resto,0.0,0.0,0.0,0.03333333333333333,287.33256470288075,
82_68,29.67117,55.84161,Resto,0.0,0.0,0.0,0.03333333333333333,277.4742907661846,
82_67,29.58108,55.84161,Resto,0.0,0.0,0.0,0.0,267.62541100739674,
82_66,29.49099,55.84161,Resto,0.0,0.0,0.0,0.0,257.78698641816953,
82_65,29.4009,55.84161,Resto,0.0,0.0,0.0,0.0,247.96024518161528,
82_64,29.31081,55.84161,Resto,0.0,0.0,0.0,0.0,238.14661663285105,
82_63,29.22072,55.84161,Resto,0.0,0.0,0.0,0.0,228.34777375892884,
54_3,23.81532,53.01052,Resto,0.0,0.0,0.0,0.0,34.49842319350076,
1_5,23.9955,47.65167,Resto,0.0,0.0,0.0,0.0,317.69294920774684,
1_49,27.95946,47.65167,Resto,0.0,0.0,0.0,0.03333333333333333,94.04728875551704,
1_48,27.86937,47.65167,Resto,0.0,0.0,0.0,0.03333333333333333,99.03141414977657,
54_5,23.9955,53.01052,Resto,0.0,0.0,0.0,0.7333333333333333,15.165675682886876,
54_49,27.95946,53.01052,Resto,0.0,0.0,0.0,0.03333333333333333,63.75976379610985,
54_48,27.86937,53.01052,Resto,0.0,0.0,0.0,0.0,56.970174104495705,
54_47,27.77928,53.01052,Resto,0.0,0.0,0.0,0.1,49.79949835355146,
54_46,27.68919,53.01052,Resto,0.0,0.0,0.0,0.03333333333333333,42.97543113646329,
54_45,27.5991,53.01052,Resto,0.0,0.0,0.0,0.16666666666666666,37.600415788517935,
54_44,27.50901,53.01052,Resto,0.0,0.0,0.0,0.06666666666666667,34.116814708984016,
54_43,27.41892,53.01052,Resto,0.0,0.0,0.0,0.03333333333333333,26.58256089097292,
54_42,27.32883,53.01052,Resto,0.0,0.0,0.0,0.1,17.916532073607314,
54_41,27.23874,53.01052,Resto,0.0,0.0,0.0,0.03333333333333333,10.321322793745685,
54_40,27.14865,53.01052,Resto,0.0,0.0,0.0,31.366666666666667,1.526923025034436,
54_4,23.90541,53.01052,Resto,0.0,0.0,0.0,0.0,24.701988530046595,
54_64,29.31081,53.01052,Resto,0.0,0.0,0.0,0.03333333333333333,190.58543871788984,
54_63,29.22072,53.01052,Resto,0.0,0.0,0.0,0.03333333333333333,181.967112995066,
54_62,29.13063,53.01052,Resto,0.0,0.0,0.0,0.03333333333333333,173.49774248801538,
54_61,29.04054,53.01052,Resto,0.0,0.0,0.0,0.03333333333333333,165.16035231487157,
54_60,28.95045,53.01052,Resto,0.0,0.0,0.0,0.03333333333333333,155.836106609597,
54_6,24.08559,53.01052,Resto,0.0,0.0,0.0,1187.7,6.280830973910006,
54_59,28.86036,53.01052,Resto,0.0,0.0,0.0,0.03333333333333333,146.60141166130398,
54_58,28.77027,53.01052,Resto,0.0,0.0,0.0,0.03333333333333333,137.4282436487601,
54_57,28.68018,53.01052,Resto,0.0,0.0,0.0,0.03333333333333333,128.30687924512267,
54_56,28.59009,53.01052,Resto,0.0,0.0,0.0,0.03333333333333333,119.32625123131314,
54_55,28.5,53.01052,Resto,0.0,0.0,0.0,0.0,110.52128424545351,
54_54,28.40991,53.01052,Resto,0.0,0.0,0.0,0.0,101.9374780010678,
54_53,28.31982,53.01052,Resto,0.0,0.0,0.0,0.03333333333333333,93.63564354326824,
54_52,28.22973,53.01052,Resto,0.0,0.0,0.0,0.03333333333333333,85.68827116365196,
54_51,28.13964,53.01052,Resto,0.0,0.0,0.0,0.03333333333333333,77.94576474438261,
54_50,28.04955,53.01052,Resto,0.0,0.0,0.0,0.03333333333333333,70.71132380433146,
54_77,30.48198,53.01052,Resto,0.0,0.0,0.0,0.0,255.2185673155208,
54_76,30.39189,53.01052,Resto,0.0,0.0,0.0,0.0,250.4355663603495,
54_75,30.3018,53.01052,Resto,0.0,0.0,0.0,0.03333333333333333,244.7683404101056,
54_74,30.21171,53.01052,Resto,0.0,0.0,0.0,0.03333333333333333,239.385828561286,
54_73,30.12162,53.01052,Resto,0.0,0.0,0.0,0.03333333333333333,234.30300805660977,
54_72,30.03153,53.01052,Resto,0.0,0.0,0.0,0.03333333333333333,229.4790415645197,
54_71,29.94144,53.01052,Resto,0.0,0.0,0.0,0.03333333333333333,224.9970118816817,
54_70,29.85135,53.01052,Resto,0.0,0.0,0.0,0.03333333333333333,220.8780704938959,
54_69,29.76126,53.01052,Resto,0.0,0.0,0.0,0.03333333333333333,217.14286690806,
54_68,29.67117,53.01052,Resto,0.0,0.0,0.0,0.03333333333333333,213.81149960548905,
54_67,29.58108,53.01052,Resto,0.0,0.0,0.0,0.03333333333333333,210.9030922422101,
54_66,29.49099,53.01052,Resto,0.0,0.0,0.0,0.03333333333333333,208.10012803732832,
54_65,29.4009,53.01052,Resto,0.0,0.0,0.0,0.03333333333333333,199.33341507035212,
55_2,23.72523,53.11163,Resto,0.0,0.0,0.0,0.0,43.896027450269145,
1_47,27.77928,47.65167,Resto,0.0,0.0,0.0,0.0,102.4476860577966,
1_46,27.68919,47.65167,Resto,0.0,0.0,0.0,0.0,106.7089750290255,
1_45,27.5991,47.65167,Resto,0.0,0.0,0.0,0.0,111.30955352630018,
1_44,27.50901,47.65167,Resto,0.0,0.0,0.0,0.0,114.6955397826514,
1_43,27.41892,47.65167,Resto,0.0,0.0,0.0,0.0,117.17062541316804,
55_1,23.63514,53.11163,Resto,0.0,0.0,0.0,0.0,53.43155272765707,
55_0,23.54505,53.11163,Resto,0.0,0.0,0.0,0.0,63.10855492890301,
1_42,27.32883,47.65167,Resto,0.0,0.0,0.0,0.0,120.43976881565196,
12_31,26.33784,48.76388,Resto,0.0,0.0,0.0,0.03333333333333333,109.29882733085816,
12_30,26.24775,48.76388,Resto,0.0,0.0,0.0,0.03333333333333333,117.77580473249652,
12_3,23.81532,48.76388,Resto,0.0,0.0,0.0,0.0,228.2646202293768,
12_29,26.15766,48.76388,Resto,0.0,0.0,0.0,0.03333333333333333,122.02960759265832,
12_28,26.06757,48.76388,Resto,0.0,0.0,0.0,0.03333333333333333,122.3246564490573,
12_27,25.97748,48.76388,Resto,0.0,0.0,0.0,0.03333333333333333,123.4397411544336,
12_26,25.88739,48.76388,Resto,0.0,0.0,0.0,0.03333333333333333,124.3105599276919,
12_25,25.7973,48.76388,Resto,0.0,0.0,0.0,0.0,125.78689162630862,
12_5,23.9955,48.76388,Resto,0.0,0.0,0.0,0.0,218.14393729122764,
1_41,27.23874,47.65167,Resto,0.0,0.0,0.0,0.0,124.44041346737656,
12_48,27.86937,48.76388,Resto,0.0,0.0,0.0,822.6666666666666,5.894837458919384,
12_47,27.77928,48.76388,Resto,0.0,0.0,0.0,0.06666666666666667,2.953444259850415,
12_46,27.68919,48.76388,Resto,0.0,0.0,0.0,0.1,3.212008784366833,
12_45,27.5991,48.76388,Resto,0.0,0.0,0.0,0.0,6.9200187895840335,
1_40,27.14865,47.65167,Resto,0.0,0.0,0.0,0.0,128.68958099281315,
55_3,23.81532,53.11163,Resto,0.0,0.0,0.0,0.0,34.12980797062416,
82_62,29.13063,55.84161,Resto,0.0,0.0,0.0,0.03333333333333333,218.5656868220984,
82_61,29.04054,55.84161,Resto,0.0,0.0,0.0,0.03333333333333333,208.80269161169747,
82_60,28.95045,55.84161,Resto,0.0,0.0,0.0,0.03333333333333333,199.061577131708,
82_6,24.08559,55.84161,Resto,0.0,0.0,0.0,0.0,90.37898473769285,
82_59,28.86036,55.84161,Resto,0.0,0.0,0.0,0.0,189.34569939289176,
82_58,28.77027,55.84161,Resto,0.0,0.0,0.0,0.0,179.6591306749795,
82_57,28.68018,55.84161,Resto,0.0,0.0,0.0,0.03333333333333333,169.9979132529812,
82_56,28.59009,55.84161,Resto,0.0,0.0,0.0,0.03333333333333333,160.34174676183974,
82_55,28.5,55.84161,Resto,0.0,0.0,0.0,0.03333333333333333,150.7208050585059,
82_54,28.40991,55.84161,Resto,0.0,0.0,0.0,0.0,141.15007513256353,
82_53,28.31982,55.84161,Resto,0.0,0.0,0.0,0.0,131.3961369219645,
82_52,28.22973,55.84161,Resto,0.0,0.0,0.0,0.03333333333333333,121.66178839894428,
82_51,28.13964,55.84161,Resto,0.0,0.0,0.0,0.03333333333333333,111.9710629829312,
82_50,28.04955,55.84161,Resto,0.0,0.0,0.0,0.03333333333333333,102.3363160548286,
82_5,23.9955,55.84161,Resto,0.0,0.0,0.0,0.03333333333333333,95.80960848854816,
82_49,27.95946,55.84161,Resto,0.0,0.0,0.0,0.03333333333333333,92.77494764603456,
55_51,28.13964,53.11163,Resto,0.0,0.0,0.0,0.0,84.81513872321487,
55_50,28.04955,53.11163,Resto,0.0,0.0,0.0,0.03333333333333333,77.86947147380697,
55_5,23.9955,53.11163,Resto,0.0,0.0,0.0,0.0,14.402446627697383,
55_49,27.95946,53.11163,Resto,0.0,0.0,0.0,0.03333333333333333,71.0383388211616,
55_48,27.86937,53.11163,Resto,0.0,0.0,0.0,0.03333333333333333,63.91428255171068,
55_47,27.77928,53.11163,Resto,0.0,0.0,0.0,0.03333333333333333,57.03192765918594,
55_46,27.68919,53.11163,Resto,0.0,0.0,0.0,0.1,51.18825054018725,
55_45,27.5991,53.11163,Resto,0.0,0.0,0.0,0.1,46.77411929033384,
55_44,27.50901,53.11163,Resto,0.0,0.0,0.0,0.06666666666666667,40.20012808393278,
55_43,27.41892,53.11163,Resto,0.0,0.0,0.0,0.1,31.865981039413164,
55_42,27.32883,53.11163,Resto,0.0,0.0,0.0,0.06666666666666667,23.40260251785563,
55_41,27.23874,53.11163,Resto,0.0,0.0,0.0,0.03333333333333333,15.626749778604026,
55_40,27.14865,53.11163,Resto,0.0,0.0,0.0,1.7666666666666666,6.702006552707433,
55_4,23.90541,53.11163,Resto,0.0,0.0,0.0,0.0,24.21309568358585,
1_4,23.90541,47.65167,Resto,0.0,0.0,0.0,0.0,323.7863775528017,
1_68,29.67117,47.65167,Resto,0.0,0.0,0.0,0.1,27.02733760498719,
55_66,29.49099,53.11163,Resto,0.0,0.0,0.0,0.03333333333333333,212.8308519403593,
55_65,29.4009,53.11163,Resto,0.0,0.0,0.0,0.03333333333333333,204.1759239805403,
55_64,29.31081,53.11163,Resto,0.0,0.0,0.0,0.03333333333333333,195.64981347170817,
55_63,29.22072,53.11163,Resto,0.0,0.0,0.0,0.03333333333333333,187.2700995183632,
55_62,29.13063,53.11163,Resto,0.0,0.0,0.0,0.03333333333333333,178.07716310638372,
55_61,29.04054,53.11163,Resto,0.0,0.0,0.0,0.03333333333333333,168.87638724826647,
55_60,28.95045,53.11163,Resto,0.0,0.0,0.0,0.03333333333333333,159.70875727069642,
55_6,24.08559,53.11163,Resto,0.0,0.0,0.0,0.0,5.177339314837919,
55_59,28.86036,53.11163,Resto,0.0,0.0,0.0,0.03333333333333333,150.61184380916634,
55_58,28.77027,53.11163,Resto,0.0,0.0,0.0,0.03333333333333333,141.6370922517807,
55_57,28.68018,53.11163,Resto,0.0,0.0,0.0,0.03333333333333333,132.8092477322981,
55_56,28.59009,53.11163,Resto,0.0,0.0,0.0,0.03333333333333333,124.15962536804996,
55_55,28.5,53.11163,Resto,0.0,0.0,0.0,0.03333333333333333,115.7281673229819,
55_54,28.40991,53.11163,Resto,0.0,0.0,0.0,0.03333333333333333,107.56615947646466,
55_53,28.31982,53.11163,Resto,0.0,0.0,0.0,0.06666666666666667,99.70053279618888,
55_52,28.22973,53.11163,Resto,0.0,0.0,0.0,0.0,92.0208237647987,
56_1,23.63514,53.21274,Resto,0.0,0.0,0.0,0.0,51.59455398436538,
56_0,23.54505,53.21274,Resto,0.0,0.0,0.0,0.0,61.55901146786845,
55_8,24.26577,53.11163,Resto,0.0,0.0,0.0,43.833333333333336,7.565611598558155,8.0
55_77,30.48198,53.11163,Resto,0.0,0.0,0.0,0.0,263.97990525826253,
55_76,30.39189,53.11163,Resto,0.0,0.0,0.0,0.0,258.4246739186321,
55_75,30.3018,53.11163,Resto,0.0,0.0,0.0,0.0,252.94440733782096,
55_74,30.21171,53.11163,Resto,0.0,0.0,0.0,0.03333333333333333,247.7476005781404,
55_73,30.12162,53.11163,Resto,0.0,0.0,0.0,0.03333333333333333,242.8110345540656,
55_72,30.03153,53.11163,Resto,0.0,0.0,0.0,0.03333333333333333,238.1673205270822,
55_71,29.94144,53.11163,Resto,0.0,0.0,0.0,0.03333333333333333,233.86014307420567,
55_70,29.85135,53.11163,Resto,0.0,0.0,0.0,0.03333333333333333,229.9084043123173,
55_69,29.76126,53.11163,Resto,0.0,0.0,0.0,0.03333333333333333,226.3307097179433,
55_68,29.67117,53.11163,Resto,0.0,0.0,0.0,0.03333333333333333,223.145037869355,
55_67,29.58108,53.11163,Resto,0.0,0.0,0.0,0.03333333333333333,220.3683773193545,
1_67,29.58108,47.65167,Resto,0.0,0.0,0.0,0.16666666666666666,19.811447669299064,
56_2,23.72523,53.21274,Resto,0.0,0.0,0.0,0.0,41.64317126274536,
1_66,29.49099,47.65167,Resto,0.0,0.0,0.0,20.9,12.65269582614074,
1_65,29.4009,47.65167,Resto,0.0,0.0,0.0,20.9,6.539347803833745,
12_17,25.07658,48.76388,Resto,0.0,0.0,0.0,0.13333333333333333,156.57294171969295,
12_16,24.98649,48.76388,Resto,0.0,0.0,0.0,0.03333333333333333,161.330923431276,
12_15,24.8964,48.76388,Resto,0.0,0.0,0.0,0.03333333333333333,166.55967134801946,
12_14,24.80631,48.76388,Resto,0.0,0.0,0.0,0.03333333333333333,172.21631085484165,
12_13,24.71622,48.76388,Resto,0.0,0.0,0.0,0.03333333333333333,178.26011195545675,
12_12,24.62613,48.76388,Resto,0.0,0.0,0.0,0.0,184.65306205347457,
12_11,24.53604,48.76388,Resto,0.0,0.0,0.0,0.0,191.3601708474403,
12_10,24.44595,48.76388,Resto,0.0,0.0,0.0,0.0,195.25778022433823,
12_39,27.05856,48.76388,Resto,0.0,0.0,0.0,0.03333333333333333,55.05132676375534,
12_38,26.96847,48.76388,Resto,0.0,0.0,0.0,0.03333333333333333,61.20299954517295,
12_37,26.87838,48.76388,Resto,0.0,0.0,0.0,0.0,66.73190724187269,
12_36,26.78829,48.76388,Resto,0.0,0.0,0.0,0.0,72.74312638537947,
12_35,26.6982,48.76388,Resto,0.0,0.0,0.0,0.0,79.17467246931886,
12_34,26.60811,48.76388,Resto,0.0,0.0,0.0,0.0,85.93443443585443,
12_33,26.51802,48.76388,Resto,0.0,0.0,0.0,0.0,93.29001651435888,
12_32,26.42793,48.76388,Resto,0.0,0.0,0.0,0.03333333333333333,101.1114699542746,
1_64,29.31081,47.65167,Resto,0.0,0.0,0.0,8.3,7.875344074897131,
56_39,27.05856,53.21274,Resto,0.0,0.0,0.0,1.4333333333333333,0.4525602838677567,
56_37,26.87838,53.21274,Resto,0.0,0.0,0.0,53.43333333333333,3.292112289276368,20.0
1_63,29.22072,47.65167,Resto,0.0,0.0,0.0,0.03333333333333333,16.82095868640203,
56_3,23.81532,53.21274,Resto,0.0,0.0,0.0,0.0,31.717257909602782,
56_53,28.31982,53.21274,Resto,0.0,0.0,0.0,0.06666666666666667,106.09631439498666,
56_52,28.22973,53.21274,Resto,0.0,0.0,0.0,0.03333333333333333,98.91148835285878,
56_51,28.13964,53.21274,Resto,0.0,0.0,0.0,0.03333333333333333,91.9717321156652,
56_50,28.04955,53.21274,Resto,0.0,0.0,0.0,0.03333333333333333,85.11488675434519,
56_5,23.9955,53.21274,Resto,0.0,0.0,0.0,0.0,12.19396468858666,
56_49,27.95946,53.21274,Resto,0.0,0.0,0.0,0.0,78.02564922300456,
56_48,27.86937,53.21274,Resto,0.0,0.0,0.0,0.0,71.10916679245388,
56_47,27.77928,53.21274,Resto,0.0,0.0,0.0,0.03333333333333333,65.00001093735501,
56_46,27.68919,53.21274,Resto,0.0,0.0,0.0,0.03333333333333333,59.94546988754453,
56_45,27.5991,53.21274,Resto,0.0,0.0,0.0,0.03333333333333333,53.96946409730596,
56_44,27.50901,53.21274,Resto,0.0,0.0,0.0,0.0,45.7368470048595,
56_43,27.41892,53.21274,Resto,0.0,0.0,0.0,0.06666666666666667,37.26785184464262,
56_42,27.32883,53.21274,Resto,0.0,0.0,0.0,0.0,28.854284313184426,
56_41,27.23874,53.21274,Resto,0.0,0.0,0.0,0.03333333333333333,19.386651358903983,
56_40,27.14865,53.21274,Resto,0.0,0.0,0.0,1.4333333333333333,9.91940998244951,
56_4,23.90541,53.21274,Resto,0.0,0.0,0.0,0.0,21.851673853933416,
56_68,29.67117,53.21274,Resto,0.0,0.0,0.0,0.03333333333333333,232.51869074851027,
56_67,29.58108,53.21274,Resto,0.0,0.0,0.0,0.03333333333333333,226.38864766861977,
56_66,29.49099,53.21274,Resto,0.0,0.0,0.0,0.03333333333333333,217.81803602219347,
56_65,29.4009,53.21274,Resto,0.0,0.0,0.0,0.03333333333333333,209.37469448954727,
56_64,29.31081,53.21274,Resto,0.0,0.0,0.0,0.03333333333333333,200.3234846885457,
56_63,29.22072,53.21274,Resto,0.0,0.0,0.0,0.03333333333333333,191.1441672547605,
56_62,29.13063,53.21274,Resto,0.0,0.0,0.0,0.03333333333333333,181.9869218705668,
56_61,29.04054,53.21274,Resto,0.0,0.0,0.0,0.03333333333333333,172.90908511838916,
56_60,28.95045,53.21274,Resto,0.0,0.0,0.0,0.03333333333333333,163.93887018202423,
56_6,24.08559,53.21274,Resto,0.0,0.0,0.0,37.9,3.930099309547968,
56_59,28.86036,53.21274,Resto,0.0,0.0,0.0,0.03333333333333333,155.09493175385185,
56_58,28.77027,53.21274,Resto,0.0,0.0,0.0,0.03333333333333333,146.4001353555921,
56_57,28.68018,53.21274,Resto,0.0,0.0,0.0,0.03333333333333333,137.88267591895666,
56_56,28.59009,53.21274,Resto,0.0,0.0,0.0,0.03333333333333333,129.57750484787545,
56_55,28.5,53.21274,Resto,0.0,0.0,0.0,0.03333333333333333,121.52812771797174,
56_54,28.40991,53.21274,Resto,0.0,0.0,0.0,0.03333333333333333,113.7075557419973,
1_62,29.13063,47.65167,Resto,0.0,0.0,0.0,0.0,26.59354048804437,
1_61,29.04054,47.65167,Resto,0.0,0.0,0.0,0.0,36.53545029026129,
57_1,23.63514,53.31385,Resto,0.0,0.0,0.0,0.0,51.08920033006644,
57_0,23.54505,53.31385,Resto,0.0,0.0,0.0,0.0,61.07999840902136,
56_77,30.48198,53.21274,Resto,0.0,0.0,0.0,0.0,272.1008121564741,
56_76,30.39189,53.21274,Resto,0.0,0.0,0.0,0.0,266.53359518607334,
56_75,30.3018,53.21274,Resto,0.0,0.0,0.0,0.0,261.2314692415247,
56_74,30.21171,53.21274,Resto,0.0,0.0,0.0,0.0,256.1996165998442,
56_73,30.12162,53.21274,Resto,0.0,0.0,0.0,0.03333333333333333,251.41277778439192,
56_72,30.03153,53.21274,Resto,0.0,0.0,0.0,0.03333333333333333,246.9391103951096,
56_71,29.94144,53.21274,Resto,0.0,0.0,0.0,0.03333333333333333,242.79591365339235,
56_70,29.85135,53.21274,Resto,0.0,0.0,0.0,0.03333333333333333,239.00036211468668,
1_60,28.95045,47.65167,Resto,0.0,0.0,0.0,0.0,45.643328380290455,
56_69,29.76126,53.21274,Resto,0.0,0.0,0.0,0.03333333333333333,235.56924755550824,
82_48,27.86937,55.84161,Resto,0.0,0.0,0.0,0.03333333333333333,83.3121791105676,
82_47,27.77928,55.84161,Resto,0.0,0.0,0.0,0.0,73.98580065909343,
82_46,27.68919,55.84161,Resto,0.0,0.0,0.0,0.03333333333333333,64.85462010409863,
82_45,27.5991,55.84161,Resto,0.0,0.0,0.0,0.0,56.01411129575708,
82_44,27.50901,55.84161,Resto,0.0,0.0,0.0,0.06666666666666667,47.60312912975612,
82_43,27.41892,55.84161,Resto,0.0,0.0,0.0,0.1,39.813709309470205,
82_42,27.32883,55.84161,Resto,0.0,0.0,0.0,0.1,32.35123534509149,
82_41,27.23874,55.84161,Resto,0.0,0.0,0.0,0.2,23.94038409031686,
82_40,27.14865,55.84161,Resto,0.0,0.0,0.0,0.16666666666666666,14.97128425371064,
82_4,23.90541,55.84161,Resto,0.0,0.0,0.0,0.0,101.92929779709502,
82_39,27.05856,55.84161,Resto,0.0,0.0,0.0,0.16666666666666666,5.273551886438655,
82_37,26.87838,55.84161,Resto,0.0,0.0,0.0,17.733333333333334,4.914416245278499,
82_36,26.78829,55.84161,Resto,0.0,0.0,0.0,0.1,6.063141644635533,
1_6,24.08559,47.65167,Resto,0.0,0.0,0.0,0.0,311.69570548205905,
1_59,28.86036,47.65167,Resto,0.0,0.0,0.0,0.0,52.87198862901069,
1_58,28.77027,47.65167,Resto,0.0,0.0,0.0,0.03333333333333333,56.890204033022975,
11_75,30.3018,48.66277,Resto,0.0,0.0,0.0,2.466666666666667,19.14274926796186,
11_74,30.21171,48.66277,Resto,0.0,0.0,0.0,2.466666666666667,17.560953156991843,
11_73,30.12162,48.66277,Resto,0.0,0.0,0.0,2.0,7.630555524480916,
11_72,30.03153,48.66277,Resto,0.0,0.0,0.0,44.86666666666667,1.7442251491627752,
11_7,24.17568,48.66277,Resto,0.0,0.0,0.0,0.0,217.0021882998718,
12_24,25.70721,48.76388,Resto,0.0,0.0,0.0,0.03333333333333333,128.03715804661,
12_23,25.61712,48.76388,Resto,0.0,0.0,0.0,0.03333333333333333,131.02148855755834,
12_22,25.52703,48.76388,Resto,0.0,0.0,0.0,0.03333333333333333,134.69109812457418,
12_21,25.43694,48.76388,Resto,0.0,0.0,0.0,0.0,138.99171961887004,
12_20,25.34685,48.76388,Resto,0.0,0.0,0.0,0.03333333333333333,143.866775223132,
12_2,23.72523,48.76388,Resto,0.0,0.0,0.0,0.0,233.0970418564703,
12_19,25.25676,48.76388,Resto,0.0,0.0,0.0,0.03333333333333333,148.46718177697636,
12_18,25.16667,48.76388,Resto,0.0,0.0,0.0,0.13333333333333333,152.25791356130352,
57_2,23.72523,53.31385,Resto,0.0,0.0,0.0,0.0,41.09849309972692,
1_57,28.68018,47.65167,Resto,0.0,0.0,0.0,0.03333333333333333,61.821462717591565,
1_56,28.59009,47.65167,Resto,0.0,0.0,0.0,0.06666666666666667,67.46261530205794,
1_55,28.5,47.65167,Resto,0.0,0.0,0.0,0.0,70.89813051817723,
1_54,28.40991,47.65167,Resto,0.0,0.0,0.0,0.0,73.81739685592483,
57_40,27.14865,53.31385,Resto,0.0,0.0,0.0,0.03333333333333333,13.144194878913686,
57_4,23.90541,53.31385,Resto,0.0,0.0,0.0,0.03333333333333333,21.11838770461983,
57_39,27.05856,53.31385,Resto,0.0,0.0,0.0,0.03333333333333333,3.680805077963108,
20_11,24.53604,49.57276,Resto,0.0,0.0,0.0,0.03333333333333333,116.03425673306106,
57_3,23.81532,53.31385,Resto,0.0,0.0,0.0,0.0,31.10805255082998,
57_55,28.5,53.31385,Resto,0.0,0.0,0.0,0.03333333333333333,127.71960399505936,
57_54,28.40991,53.31385,Resto,0.0,0.0,0.0,0.03333333333333333,120.16958131252484,
57_53,28.31982,53.31385,Resto,0.0,0.0,0.0,0.06666666666666667,113.00079231545648,
57_52,28.22973,53.31385,Resto,0.0,0.0,0.0,0.03333333333333333,106.06655045344704,
57_51,28.13964,53.31385,Resto,0.0,0.0,0.0,0.03333333333333333,99.19321878345411,
57_50,28.04955,53.31385,Resto,0.0,0.0,0.0,0.03333333333333333,92.13191585486872,
57_5,23.9955,53.31385,Resto,0.0,0.0,0.0,0.06666666666666667,11.131835678782227,
57_49,27.95946,53.31385,Resto,0.0,0.0,0.0,0.03333333333333333,85.19334737643607,
57_48,27.86937,53.31385,Resto,0.0,0.0,0.0,0.0,78.91441230186732,
57_47,27.77928,53.31385,Resto,0.0,0.0,0.0,0.0,73.46439875081576,
57_46,27.68919,53.31385,Resto,0.0,0.0,0.0,0.03333333333333333,67.86711182523207,
57_45,27.5991,53.31385,Resto,0.0,0.0,0.0,0.03333333333333333,59.43426450512534,
57_44,27.50901,53.31385,Resto,0.0,0.0,0.0,0.03333333333333333,51.00161103447445,
57_43,27.41892,53.31385,Resto,0.0,0.0,0.0,0.03333333333333333,41.536678629167135,
57_42,27.32883,53.31385,Resto,0.0,0.0,0.0,0.06666666666666667,32.07213174196041,
57_41,27.23874,53.31385,Resto,0.0,0.0,0.0,0.03333333333333333,22.60797046248499,
57_69,29.76126,53.31385,Resto,0.0,0.0,0.0,0.03333333333333333,244.8526498973862,
57_68,29.67117,53.31385,Resto,0.0,0.0,0.0,0.03333333333333333,239.9953145336155,
57_67,29.58108,53.31385,Resto,0.0,0.0,0.0,0.03333333333333333,231.5013427262804,
57_66,29.49099,53.31385,Resto,0.0,0.0,0.0,0.03333333333333333,222.5707168044344,
57_65,29.4009,53.31385,Resto,0.0,0.0,0.0,0.03333333333333333,213.40414816630064,
57_64,29.31081,53.31385,Resto,0.0,0.0,0.0,0.03333333333333333,204.26082735409685,
57_63,29.22072,53.31385,Resto,0.0,0.0,0.0,0.03333333333333333,195.1980823527415,
57_62,29.13063,53.31385,Resto,0.0,0.0,0.0,0.03333333333333333,186.2315181024489,
57_61,29.04054,53.31385,Resto,0.0,0.0,0.0,0.03333333333333333,177.37570359188777,
57_60,28.95045,53.31385,Resto,0.0,0.0,0.0,0.03333333333333333,168.6480676748103,
57_6,24.08559,53.31385,Resto,0.0,0.0,0.0,107.23333333333333,1.2039914275250423,
57_59,28.86036,53.31385,Resto,0.0,0.0,0.0,0.03333333333333333,160.0695585457553,
57_58,28.77027,53.31385,Resto,0.0,0.0,0.0,0.03333333333333333,151.66546241129538,
57_57,28.68018,53.31385,Resto,0.0,0.0,0.0,0.03333333333333333,143.46641149606737,
57_56,28.59009,53.31385,Resto,0.0,0.0,0.0,0.0,135.50960687854524,
58_12,24.62613,53.41496,Resto,0.0,0.0,0.0,69.83333333333333,23.65589195835378,12.0
58_1,23.63514,53.41496,Resto,0.0,0.0,0.0,0.0,48.8786689695295,
58_0,23.54505,53.41496,Resto,0.0,0.0,0.0,0.03333333333333333,58.35182771963285,
57_9,24.35586,53.31385,Resto,0.0,0.0,0.0,347.93333333333334,2.659307144193732,1.0
57_8,24.26577,53.31385,Resto,0.0,0.0,0.0,178.56666666666666,0.4886523479071384,1.0
57_77,30.48198,53.31385,Resto,0.0,0.0,0.0,0.0,280.147819418553,
57_76,30.39189,53.31385,Resto,0.0,0.0,0.0,0.0,274.75164082384043,
57_75,30.3018,53.31385,Resto,0.0,0.0,0.0,0.0,269.61920881305736,
57_74,30.21171,53.31385,Resto,0.0,0.0,0.0,0.0,264.7209187242433,
57_73,30.12162,53.31385,Resto,0.0,0.0,0.0,0.03333333333333333,260.0991494297449,
57_72,30.03153,53.31385,Resto,0.0,0.0,0.0,0.03333333333333333,255.7857318192257,
57_71,29.94144,53.31385,Resto,0.0,0.0,0.0,0.03333333333333333,251.79650084357328,
57_70,29.85135,53.31385,Resto,0.0,0.0,0.0,0.03333333333333333,248.147079519206,
20_10,24.44595,49.57276,Resto,0.0,0.0,0.0,0.0,121.37590076882948,
20_1,23.63514,49.57276,Resto,0.0,0.0,0.0,0.06666666666666667,172.5507850428357,
20_0,23.54505,49.57276,Resto,0.0,0.0,0.0,0.03333333333333333,179.82414651969398,
1_9,24.35586,47.65167,Resto,0.0,0.0,0.0,0.0,295.0324579990425,
58_2,23.72523,53.41496,Resto,0.0,0.0,0.0,0.0,39.65960143007072,
1_8,24.26577,47.65167,Resto,0.0,0.0,0.0,0.0,300.35293391986505,
1_77,30.48198,47.65167,Resto,0.0,0.0,0.0,0.03333333333333333,50.15527849046223,
1_76,30.39189,47.65167,Resto,0.0,0.0,0.0,0.03333333333333333,42.09725153045035,
1_75,30.3018,47.65167,Resto,0.0,0.0,0.0,0.03333333333333333,35.100194328224944,
82_3,23.81532,55.84161,Resto,0.0,0.0,0.0,0.0,108.55865366725698,
82_24,25.70721,55.84161,Resto,0.0,0.0,0.0,7347.766666666666,0.6839141474104092,
82_23,25.61712,55.84161,Resto,0.0,0.0,0.0,0.06666666666666667,9.65226536512112,
82_22,25.52703,55.84161,Resto,0.0,0.0,0.0,0.0,17.118111990221642,
82_21,25.43694,55.84161,Resto,0.0,0.0,0.0,0.06666666666666667,24.137863988712628,
82_20,25.34685,55.84161,Resto,0.0,0.0,0.0,0.06666666666666667,30.153130910625944,
82_2,23.72523,55.84161,Resto,0.0,0.0,0.0,0.0,115.491083448476,
58_42,27.32883,53.41496,Resto,0.0,0.0,0.0,0.03333333333333333,35.29740026757847,
58_41,27.23874,53.41496,Resto,0.0,0.0,0.0,0.0,25.83669243438029,
58_40,27.14865,53.41496,Resto,0.0,0.0,0.0,0.06666666666666667,16.37636434024894,
58_4,23.90541,53.41496,Resto,0.0,0.0,0.0,0.06666666666666667,21.868428141457684,
58_39,27.05856,53.41496,Resto,0.0,0.0,0.0,0.06666666666666667,6.916416058758749,
1_74,30.21171,47.65167,Resto,0.0,0.0,0.0,0.0,29.91805467395536,
1_73,30.12162,47.65167,Resto,0.0,0.0,0.0,0.26666666666666666,27.59312414773148,
9_44,27.50901,48.46055,Resto,0.0,0.0,0.0,0.0,38.724129408333226,
9_43,27.41892,48.46055,Resto,0.0,0.0,0.0,0.0,42.83247906680639,
9_42,27.32883,48.46055,Resto,0.0,0.0,0.0,0.0,48.7055132714286,
9_41,27.23874,48.46055,Resto,0.0,0.0,0.0,0.0,55.78867560375346,
9_40,27.14865,48.46055,Resto,0.0,0.0,0.0,0.0,63.67943158532303,
9_4,23.90541,48.46055,Resto,0.0,0.0,0.0,0.0,249.8709137073836,
9_39,27.05856,48.46055,Resto,0.0,0.0,0.0,0.0,71.9926345828872,
9_38,26.96847,48.46055,Resto,0.0,0.0,0.0,0.03333333333333333,80.24938828935028,
9_37,26.87838,48.46055,Resto,0.0,0.0,0.0,0.0,88.87917979138413,
9_36,26.78829,48.46055,Resto,0.0,0.0,0.0,0.0,97.426376727746,
12_1,23.63514,48.76388,Resto,0.0,0.0,0.0,0.0,238.2208298636649,
12_0,23.54505,48.76388,Resto,0.0,0.0,0.0,0.0,243.6076878919642,
11_9,24.35586,48.66277,Resto,0.0,0.0,0.0,0.0,208.56851876627104,
11_8,24.26577,48.66277,Resto,0.0,0.0,0.0,0.0,212.5900339070832,
11_77,30.48198,48.66277,Resto,0.0,0.0,0.0,77.5,24.13054254895767,
11_76,30.39189,48.66277,Resto,0.0,0.0,0.0,77.5,20.00237043654259,
58_3,23.81532,53.41496,Resto,0.0,0.0,0.0,0.0,30.92281533460785,
58_57,28.68018,53.41496,Resto,0.0,0.0,0.0,0.0,149.4997477326803,
58_56,28.59009,53.41496,Resto,0.0,0.0,0.0,0.0,141.73952060045033,
58_55,28.5,53.41496,Resto,0.0,0.0,0.0,0.0,134.23909193793315,
58_54,28.40991,53.41496,Resto,0.0,0.0,0.0,0.0,127.08336118600285,
58_53,28.31982,53.41496,Resto,0.0,0.0,0.0,0.0,120.153930751498,
58_52,28.22973,53.41496,Resto,0.0,0.0,0.0,0.03333333333333333,113.27002718850824,
58_51,28.13964,53.41496,Resto,0.0,0.0,0.0,0.03333333333333333,106.23230501178176,
58_50,28.04955,53.41496,Resto,0.0,0.0,0.0,0.06666666666666667,99.27850780457324,
58_5,23.9955,53.41496,Resto,0.0,0.0,0.0,0.06666666666666667,12.681122919875987,
58_49,27.95946,53.41496,Resto,0.0,0.0,0.0,0.06666666666666667,92.88212223399618,
58_48,27.86937,53.41496,Resto,0.0,0.0,0.0,0.0,87.16591054467814,
58_47,27.77928,53.41496,Resto,0.0,0.0,0.0,0.0,81.6921239020347,
58_46,27.68919,53.41496,Resto,0.0,0.0,0.0,0.0,73.14402746829715,
58_45,27.5991,53.41496,Resto,0.0,0.0,0.0,0.03333333333333333,63.68180144385991,
58_44,27.50901,53.41496,Resto,0.0,0.0,0.0,0.03333333333333333,54.21995484955182,
58_43,27.41892,53.41496,Resto,0.0,0.0,0.0,0.03333333333333333,44.758487764802375,
58_71,29.94144,53.41496,Resto,0.0,0.0,0.0,0.03333333333333333,260.85511232053113,
58_70,29.85135,53.41496,Resto,0.0,0.0,0.0,0.03333333333333333,257.3426332750104,
58_69,29.76126,53.41496,Resto,0.0,0.0,0.0,0.03333333333333333,253.6418011810405,
58_68,29.67117,53.41496,Resto,0.0,0.0,0.0,0.03333333333333333,244.8160974067241,
58_67,29.58108,53.41496,Resto,0.0,0.0,0.0,0.0,235.65633826281865,
58_66,29.49099,53.41496,Resto,0.0,0.0,0.0,0.0,226.5290138185505,
58_65,29.4009,53.41496,Resto,0.0,0.0,0.0,0.0,217.47853856774063,
58_64,29.31081,53.41496,Resto,0.0,0.0,0.0,0.0,208.5150083603301,
58_63,29.22072,53.41496,Resto,0.0,0.0,0.0,0.0,199.65011796705903,
58_62,29.13063,53.41496,Resto,0.0,0.0,0.0,0.03333333333333333,190.89759299523223,
58_61,29.04054,53.41496,Resto,0.0,0.0,0.0,0.03333333333333333,182.27360352846875,
58_60,28.95045,53.41496,Resto,0.0,0.0,0.0,0.03333333333333333,173.79726644930167,
58_6,24.08559,53.41496,Resto,0.0,0.0,0.0,190.86666666666667,3.269692183224049,
58_59,28.86036,53.41496,Resto,0.0,0.0,0.0,0.0,165.49125202788255,
58_58,28.77027,53.41496,Resto,0.0,0.0,0.0,0.0,157.38250924517155,
1_72,30.03153,47.65167,Resto,0.0,0.0,0.0,0.1,28.168949394788186,
1_71,29.94144,47.65167,Resto,0.0,0.0,0.0,0.06666666666666667,29.464429796596328,
59_1,23.63514,53.51607,Resto,0.0,0.0,0.0,0.0,46.28662994289099,
59_0,23.54505,53.51607,Resto,0.0,0.0,0.0,0.03333333333333333,56.16725800793857,
1_70,29.85135,47.65167,Resto,0.0,0.0,0.0,0.06666666666666667,32.18268141296696,
58_77,30.48198,53.41496,Resto,0.0,0.0,0.0,0.0,288.30192450574737,
58_76,30.39189,53.41496,Resto,0.0,0.0,0.0,0.0,283.0692308906705,
58_75,30.3018,53.41496,Resto,0.0,0.0,0.0,0.0,278.08162003188863,
58_74,30.21171,53.41496,Resto,0.0,0.0,0.0,0.0,273.327406219051,
58_73,30.12162,53.41496,Resto,0.0,0.0,0.0,0.03333333333333333,268.8618667811358,
58_72,30.03153,53.41496,Resto,0.0,0.0,0.0,0.03333333333333333,264.69960025578536,
59_3,23.81532,53.51607,Resto,0.0,0.0,0.0,0.0,26.70025446766071,
1_7,24.17568,47.65167,Resto,0.0,0.0,0.0,0.0,305.9115966130426,
1_69,29.76126,47.65167,Resto,0.0,0.0,0.0,0.03333333333333333,34.15959767387133,
20_26,25.88739,49.57276,Resto,0.0,0.0,0.0,0.03333333333333333,43.93697792935682,
59_2,23.72523,53.51607,Resto,0.0,0.0,0.0,0.0,36.45945056142789,
20_25,25.7973,49.57276,Resto,0.0,0.0,0.0,0.0,47.840406801952206,
20_24,25.70721,49.57276,Resto,0.0,0.0,0.0,0.0,53.37236702417398,
82_19,25.25676,55.84161,Resto,0.0,0.0,0.0,0.06666666666666667,37.78768693152201,
82_18,25.16667,55.84161,Resto,0.0,0.0,0.0,0.16666666666666666,46.09239044279647,
82_17,25.07658,55.84161,Resto,0.0,0.0,0.0,0.0,52.518274986316406,
82_16,24.98649,55.84161,Resto,0.0,0.0,0.0,0.0,53.08913834179439,
82_15,24.8964,55.84161,Resto,0.0,0.0,0.0,0.06666666666666667,55.26960387270005,
82_14,24.80631,55.84161,Resto,0.0,0.0,0.0,0.0,57.70674536433754,
82_13,24.71622,55.84161,Resto,0.0,0.0,0.0,0.0,60.414891973657966,
82_12,24.62613,55.84161,Resto,0.0,0.0,0.0,0.0,64.39547393660558,
82_11,24.53604,55.84161,Resto,0.0,0.0,0.0,0.0,68.4469904391293,
82_10,24.44595,55.84161,Resto,0.0,0.0,0.0,0.03333333333333333,71.7653453212278,
82_1,23.63514,55.84161,Resto,0.0,0.0,0.0,0.0,120.80897040372272,
82_0,23.54505,55.84161,Resto,0.0,0.0,0.0,0.0,126.49771971422648,
81_9,24.35586,55.7405,Resto,0.0,0.0,0.0,0.0,85.27844716132181,
81_8,24.26577,55.7405,Resto,0.0,0.0,0.0,0.0,89.9590939298119,
81_77,30.48198,55.7405,Resto,0.0,0.0,0.0,0.0,367.76199666597887,
81_76,30.39189,55.7405,Resto,0.0,0.0,0.0,0.0,357.8911364917008,
59_44,27.50901,53.51607,Resto,0.0,0.0,0.0,0.03333333333333333,57.44575904487673,
59_43,27.41892,53.51607,Resto,0.0,0.0,0.0,0.0,47.987739236664815,
59_42,27.32883,53.51607,Resto,0.0,0.0,0.0,0.0,38.53009301015024,
59_41,27.23874,53.51607,Resto,0.0,0.0,0.0,0.03333333333333333,29.08947420557757,
59_40,27.14865,53.51607,Resto,0.0,0.0,0.0,0.03333333333333333,20.063478632859407,
59_4,23.90541,53.51607,Resto,0.0,0.0,0.0,0.06666666666666667,17.205507724777195,
59_39,27.05856,53.51607,Resto,0.0,0.0,0.0,0.03333333333333333,11.649072880069578,
59_38,26.96847,53.51607,Resto,0.0,0.0,0.0,40.2,5.5678866951830095,
59_37,26.87838,53.51607,Resto,0.0,0.0,0.0,238.8,3.5770566629485443,
59_59,28.86036,53.51607,Resto,0.0,0.0,0.0,0.0,171.31743125050164,
59_58,28.77027,53.51607,Resto,0.0,0.0,0.0,0.0,163.48535893762067,
59_57,28.68018,53.51607,Resto,0.0,0.0,0.0,0.0,155.76326628318407,
59_56,28.59009,53.51607,Resto,0.0,0.0,0.0,0.0,148.30390332734962,
59_55,28.5,53.51607,Resto,0.0,0.0,0.0,0.0,141.1590957667975,
59_54,28.40991,53.51607,Resto,0.0,0.0,0.0,0.0,134.233876805448,
59_53,28.31982,53.51607,Resto,0.0,0.0,0.0,0.0,127.34347656858816,
59_52,28.22973,53.51607,Resto,0.0,0.0,0.0,0.0,120.3264133073333,
59_51,28.13964,53.51607,Resto,0.0,0.0,0.0,0.03333333333333333,113.36166010923202,
59_50,28.04955,53.51607,Resto,0.0,0.0,0.0,0.03333333333333333,106.87945986271924,
59_5,23.9955,53.51607,Resto,0.0,0.0,0.0,0.06666666666666667,8.827228806798889,
59_49,27.95946,53.51607,Resto,0.0,0.0,0.0,0.03333333333333333,100.97276017717893,
59_48,27.86937,53.51607,Resto,0.0,0.0,0.0,0.03333333333333333,95.2815727720204,
59_47,27.77928,53.51607,Resto,0.0,0.0,0.0,0.03333333333333333,85.8220593020368,
59_46,27.68919,53.51607,Resto,0.0,0.0,0.0,0.0,76.36291914479922,
59_45,27.5991,53.51607,Resto,0.0,0.0,0.0,0.03333333333333333,66.9041523697554,
59_73,30.12162,53.51607,Resto,0.0,0.0,0.0,0.03333333333333333,277.69362781545044,
59_72,30.03153,53.51607,Resto,0.0,0.0,0.0,0.03333333333333333,273.67406885445524,
59_71,29.94144,53.51607,Resto,0.0,0.0,0.0,0.03333333333333333,269.9658300179144,
59_70,29.85135,53.51607,Resto,0.0,0.0,0.0,0.03333333333333333,266.5818914179222,
59_7,24.17568,53.51607,Resto,0.0,0.0,0.0,104.83333333333333,8.744821436659095,1.0
59_69,29.76126,53.51607,Resto,0.0,0.0,0.0,0.03333333333333333,257.9018341783213,
59_68,29.67117,53.51607,Resto,0.0,0.0,0.0,0.03333333333333333,248.79055311629085,
59_67,29.58108,53.51607,Resto,0.0,0.0,0.0,0.03333333333333333,239.7502761604833,
59_66,29.49099,53.51607,Resto,0.0,0.0,0.0,0.0,230.7893332158736,
59_65,29.4009,53.51607,Resto,0.0,0.0,0.0,0.0,221.91732021759125,
59_64,29.31081,53.51607,Resto,0.0,0.0,0.0,0.0,213.1453270983837,
59_63,29.22072,53.51607,Resto,0.0,0.0,0.0,0.0,204.48621024647628,
59_62,29.13063,53.51607,Resto,0.0,0.0,0.0,0.03333333333333333,195.9549174673041,
59_61,29.04054,53.51607,Resto,0.0,0.0,0.0,0.03333333333333333,187.56887399232065,
59_60,28.95045,53.51607,Resto,0.0,0.0,0.0,0.03333333333333333,179.34843785347456,
59_6,24.08559,53.51607,Resto,0.0,0.0,0.0,2159.0666666666666,0.9682235989883846,
5_17,25.07658,48.05611,Resto,0.0,0.0,0.0,0.1,221.4049990875333,
5_16,24.98649,48.05611,Resto,0.0,0.0,0.0,0.1,226.3346553766714,
5_15,24.8964,48.05611,Resto,0.0,0.0,0.0,0.1,230.38897729809253,
5_14,24.80631,48.05611,Resto,0.0,0.0,0.0,0.1,234.6236065802992,
5_13,24.71622,48.05611,Resto,0.0,0.0,0.0,0.03333333333333333,239.1546677291176,
5_12,24.62613,48.05611,Resto,0.0,0.0,0.0,0.03333333333333333,244.0025687590497,
5_11,24.53604,48.05611,Resto,0.0,0.0,0.0,0.03333333333333333,249.1619653393232,
5_10,24.44595,48.05611,Resto,0.0,0.0,0.0,0.03333333333333333,254.6139238416004,
5_1,23.63514,48.05611,Resto,0.0,0.0,0.0,0.0,301.157181837582,
5_0,23.54505,48.05611,Resto,0.0,0.0,0.0,0.0,306.63852976139736,
59_77,30.48198,53.51607,Resto,0.0,0.0,0.0,0.0,296.5542237293967,
59_76,30.39189,53.51607,Resto,0.0,0.0,0.0,0.0,291.4777729209259,
59_75,30.3018,53.51607,Resto,0.0,0.0,0.0,0.0,286.613348304729,
59_74,30.21171,53.51607,Resto,0.0,0.0,0.0,0.0,282.01120656471306,
5_31,26.33784,48.05611,Resto,0.0,0.0,0.0,0.0,159.7500983058812,
5_30,26.24775,48.05611,Resto,0.0,0.0,0.0,0.03333333333333333,166.0878672546715,
5_3,23.81532,48.05611,Resto,0.0,0.0,0.0,0.0,290.92679101588857,
5_29,26.15766,48.05611,Resto,0.0,0.0,0.0,0.03333333333333333,172.56060623290605,
5_28,26.06757,48.05611,Resto,0.0,0.0,0.0,0.03333333333333333,179.22265133506033,
5_27,25.97748,48.05611,Resto,0.0,0.0,0.0,0.0,186.1903235052121,
5_26,25.88739,48.05611,Resto,0.0,0.0,0.0,0.0,193.43060118159767,
5_25,25.7973,48.05611,Resto,0.0,0.0,0.0,0.0,196.57523281823163,
5_24,25.70721,48.05611,Resto,0.0,0.0,0.0,0.03333333333333333,198.0692276151896,
5_23,25.61712,48.05611,Resto,0.0,0.0,0.0,0.03333333333333333,200.05802355240368,
5_22,25.52703,48.05611,Resto,0.0,0.0,0.0,0.03333333333333333,202.5270470904093,
5_21,25.43694,48.05611,Resto,0.0,0.0,0.0,0.03333333333333333,205.45898867647333,
5_20,25.34685,48.05611,Resto,0.0,0.0,0.0,0.03333333333333333,208.8343542193413,
5_2,23.72523,48.05611,Resto,0.0,0.0,0.0,0.0,295.9156157870971,
5_19,25.25676,48.05611,Resto,0.0,0.0,0.0,0.03333333333333333,212.6320301661978,
5_18,25.16667,48.05611,Resto,0.0,0.0,0.0,0.03333333333333333,216.82983026399003,
5_46,27.68919,48.05611,Resto,0.0,0.0,0.0,0.03333333333333333,71.38541599522435,
5_45,27.5991,48.05611,Resto,0.0,0.0,0.0,0.0,73.16462325615028,
5_44,27.50901,48.05611,Resto,0.0,0.0,0.0,0.0,75.62568243810001,
5_43,27.41892,48.05611,Resto,0.0,0.0,0.0,0.0,79.28713256877948,
5_42,27.32883,48.05611,Resto,0.0,0.0,0.0,0.0,83.5637672449583,
5_41,27.23874,48.05611,Resto,0.0,0.0,0.0,0.0,87.90609141957341,
5_40,27.14865,48.05611,Resto,0.0,0.0,0.0,0.0,93.138430736462,
5_4,23.90541,48.05611,Resto,0.0,0.0,0.0,0.0,286.2039232168186,
5_39,27.05856,48.05611,Resto,0.0,0.0,0.0,0.0,99.1199467244507,
5_38,26.96847,48.05611,Resto,0.0,0.0,0.0,0.03333333333333333,105.72356453935818,
5_37,26.87838,48.05611,Resto,0.0,0.0,0.0,0.03333333333333333,112.84012389761226,
5_36,26.78829,48.05611,Resto,0.0,0.0,0.0,0.0,120.37869293184986,
5_35,26.6982,48.05611,Resto,0.0,0.0,0.0,0.0,128.26489006497582,
5_34,26.60811,48.05611,Resto,0.0,0.0,0.0,0.0,136.43845481910833,
5_33,26.51802,48.05611,Resto,0.0,0.0,0.0,0.0,144.72683416678666,
5_32,26.42793,48.05611,Resto,0.0,0.0,0.0,0.0,153.04992705685083,
5_60,28.95045,48.05611,Resto,0.0,0.0,0.0,4.433333333333334,12.269810201226475,
5_6,24.08559,48.05611,Resto,0.0,0.0,0.0,0.0,277.60958966323824,
5_59,28.86036,48.05611,Resto,0.0,0.0,0.0,0.1,17.48692391452466,
5_58,28.77027,48.05611,Resto,0.0,0.0,0.0,0.3333333333333333,23.080959116809563,
5_57,28.68018,48.05611,Resto,0.0,0.0,0.0,0.03333333333333333,27.448738951590627,
5_56,28.59009,48.05611,Resto,0.0,0.0,0.0,0.16666666666666666,29.71354799202504,
5_55,28.5,48.05611,Resto,0.0,0.0,0.0,0.0,33.146447924813785,
5_54,28.40991,48.05611,Resto,0.0,0.0,0.0,0.03333333333333333,38.84601973694557,
5_53,28.31982,48.05611,Resto,0.0,0.0,0.0,0.03333333333333333,41.49577581040359,
5_52,28.22973,48.05611,Resto,0.0,0.0,0.0,0.0,44.45537372273682,
5_51,28.13964,48.05611,Resto,0.0,0.0,0.0,0.0,49.33068858230764,
5_50,28.04955,48.05611,Resto,0.0,0.0,0.0,0.0,55.00768793094857,
5_5,23.9955,48.05611,Resto,0.0,0.0,0.0,0.0,281.76038535351734,
5_49,27.95946,48.05611,Resto,0.0,0.0,0.0,0.0,57.68139441712623,
5_48,27.86937,48.05611,Resto,0.0,0.0,0.0,0.03333333333333333,61.70075827408774,
5_47,27.77928,48.05611,Resto,0.0,0.0,0.0,0.03333333333333333,66.26442533906439,
5_75,30.3018,48.05611,Resto,0.0,0.0,0.0,0.1,24.76119933739753,
5_74,30.21171,48.05611,Resto,0.0,0.0,0.0,0.0,16.610012009600187,
5_73,30.12162,48.05611,Resto,0.0,0.0,0.0,0.13333333333333333,8.721897479481775,
5_72,30.03153,48.05611,Resto,0.0,0.0,0.0,293.23333333333335,0.761386331817618,
5_71,29.94144,48.05611,Resto,0.0,0.0,0.0,1.3666666666666667,4.061863065321608,
5_70,29.85135,48.05611,Resto,0.0,0.0,0.0,1.3666666666666667,4.254698923377828,
5_7,24.17568,48.05611,Resto,0.0,0.0,0.0,0.0,272.54496431504833,
5_69,29.76126,48.05611,Resto,0.0,0.0,0.0,1.2,1.4940492087039043,1.0
5_68,29.67117,48.05611,Resto,0.0,0.0,0.0,7.8,4.842911066660583,
11_38,26.96847,48.66277,Resto,0.0,0.0,0.0,0.03333333333333333,69.10349044076229,
11_6,24.08559,48.66277,Resto,0.0,0.0,0.0,0.0,221.7816685761601,
20_23,25.61712,49.57276,Resto,0.0,0.0,0.0,0.0,58.43097082236536,
20_22,25.52703,49.57276,Resto,0.0,0.0,0.0,0.03333333333333333,61.10545863107717,
20_21,25.43694,49.57276,Resto,0.0,0.0,0.0,0.06666666666666667,65.173514766498,
11_52,28.22973,48.66277,Resto,0.0,0.0,0.0,8045.233333333334,4.596627904129523,1.0
9_5,23.9955,48.46055,Resto,0.0,0.0,0.0,0.0,244.80151125340475,
9_49,27.95946,48.46055,Resto,0.0,0.0,0.0,0.03333333333333333,21.31891765415621,
9_48,27.86937,48.46055,Resto,0.0,0.0,0.0,0.0,27.40324317617809,
9_47,27.77928,48.46055,Resto,0.0,0.0,0.0,0.03333333333333333,32.3268511060881,
9_46,27.68919,48.46055,Resto,0.0,0.0,0.0,0.0,31.825240541533823,
9_45,27.5991,48.46055,Resto,0.0,0.0,0.0,0.0,34.277686903827004,
5_67,29.58108,48.05611,Resto,0.0,0.0,0.0,0.7333333333333333,0.177448213259862,
5_66,29.49099,48.05611,Resto,0.0,0.0,0.0,214.7,9.000260895276568,3.0
5_65,29.4009,48.05611,Resto,0.0,0.0,0.0,2664.1,5.846544416879596,15.0
5_64,29.31081,48.05611,Resto,0.0,0.0,0.0,3663.266666666667,3.665966002466632,
5_63,29.22072,48.05611,Resto,0.0,0.0,0.0,1002.1666666666666,4.631331016463037,
5_62,29.13063,48.05611,Resto,0.0,0.0,0.0,2775.6,7.937215066691122,
5_61,29.04054,48.05611,Resto,0.0,0.0,0.0,4.433333333333334,9.525495492716525,
20_20,25.34685,49.57276,Resto,0.0,0.0,0.0,0.13333333333333333,70.2801885105862,
20_2,23.72523,49.57276,Resto,0.0,0.0,0.0,0.06666666666666667,165.5370640914108,
20_19,25.25676,49.57276,Resto,0.0,0.0,0.0,0.13333333333333333,76.37156917102212,
20_18,25.16667,49.57276,Resto,0.0,0.0,0.0,0.03333333333333333,83.23172942777487,
60_1,23.63514,53.61718,Resto,0.0,0.0,0.0,0.0,45.71570853755205,
60_0,23.54505,53.61718,Resto,0.0,0.0,0.0,0.0,55.69890083476652,
5_9,24.35586,48.05611,Resto,0.0,0.0,0.0,0.0,260.34006637304816,
5_8,24.26577,48.05611,Resto,0.0,0.0,0.0,0.0,266.3227096296473,
5_77,30.48198,48.05611,Resto,0.0,0.0,0.0,62.3,43.55135016494094,
5_76,30.39189,48.05611,Resto,0.0,0.0,0.0,1429.7666666666667,33.9616481592491,
20_17,25.07658,49.57276,Resto,0.0,0.0,0.0,0.03333333333333333,89.71838156273728,
60_3,23.81532,53.61718,Resto,0.0,0.0,0.0,0.0,25.76130070828201,
20_16,24.98649,49.57276,Resto,0.0,0.0,0.0,0.0,95.91549082909157,
20_15,24.8964,49.57276,Resto,0.0,0.0,0.0,0.0,101.60951864458131,
20_14,24.80631,49.57276,Resto,0.0,0.0,0.0,0.0,104.10809983938736,
60_2,23.72523,53.61718,Resto,0.0,0.0,0.0,0.0,35.735366992449705,
81_75,30.3018,55.7405,Resto,0.0,0.0,0.0,0.0,348.02688469459395,
81_74,30.21171,55.7405,Resto,0.0,0.0,0.0,0.03333333333333333,338.1698073804497,
81_73,30.12162,55.7405,Resto,0.0,0.0,0.0,0.03333333333333333,328.3205382206391,
81_72,30.03153,55.7405,Resto,0.0,0.0,0.0,0.03333333333333333,318.4797887584951,
81_71,29.94144,55.7405,Resto,0.0,0.0,0.0,0.03333333333333333,308.6483606452874,
81_70,29.85135,55.7405,Resto,0.0,0.0,0.0,0.03333333333333333,298.82716023673373,
81_7,24.17568,55.7405,Resto,0.0,0.0,0.0,0.0,94.66658448684896,
81_69,29.76126,55.7405,Resto,0.0,0.0,0.0,0.03333333333333333,289.0172160935999,
81_68,29.67117,55.7405,Resto,0.0,0.0,0.0,0.03333333333333333,279.21970007601647,
81_67,29.58108,55.7405,Resto,0.0,0.0,0.0,0.0,269.4359529126176,
81_66,29.49099,55.7405,Resto,0.0,0.0,0.0,0.03333333333333333,259.66751537801287,
81_65,29.4009,55.7405,Resto,0.0,0.0,0.0,0.03333333333333333,249.9161665476348,
81_64,29.31081,55.7405,Resto,0.0,0.0,0.0,0.03333333333333333,240.18397104852565,
81_63,29.22072,55.7405,Resto,0.0,0.0,0.0,0.03333333333333333,230.4733378321036,
81_62,29.13063,55.7405,Resto,0.0,0.0,0.0,0.03333333333333333,220.78709382280343,
81_61,29.04054,55.7405,Resto,0.0,0.0,0.0,0.03333333333333333,211.12519061269828,
60_48,27.86937,53.61718,Resto,0.0,0.0,0.0,0.03333333333333333,98.50106286811484,
60_47,27.77928,53.61718,Resto,0.0,0.0,0.0,0.03333333333333333,89.04500286143325,
60_46,27.68919,53.61718,Resto,0.0,0.0,0.0,0.03333333333333333,79.58931013742236,
60_45,27.5991,53.61718,Resto,0.0,0.0,0.0,0.03333333333333333,70.13398475279689,
60_44,27.50901,53.61718,Resto,0.0,0.0,0.0,0.03333333333333333,60.68381395035791,
60_43,27.41892,53.61718,Resto,0.0,0.0,0.0,0.03333333333333333,51.38016389761799,
60_42,27.32883,53.61718,Resto,0.0,0.0,0.0,0.03333333333333333,42.391846178527445,
60_41,27.23874,53.61718,Resto,0.0,0.0,0.0,0.03333333333333333,33.85186994096301,
60_40,27.14865,53.61718,Resto,0.0,0.0,0.0,0.0,25.7613400950965,
60_4,23.90541,53.61718,Resto,0.0,0.0,0.0,0.0,15.805575830548165,
60_39,27.05856,53.61718,Resto,0.0,0.0,0.0,0.0,19.159746595155863,
60_38,26.96847,53.61718,Resto,0.0,0.0,0.0,0.0,15.12406844488362,
60_37,26.87838,53.61718,Resto,0.0,0.0,0.0,0.0,9.648119353278195,
60_36,26.78829,53.61718,Resto,0.0,0.0,0.0,1.5333333333333334,1.39403722795705,
60_62,29.13063,53.61718,Resto,0.0,0.0,0.0,0.03333333333333333,201.3739010167608,
60_61,29.04054,53.61718,Resto,0.0,0.0,0.0,0.03333333333333333,193.2287288280733,
60_60,28.95045,53.61718,Resto,0.0,0.0,0.0,0.03333333333333333,185.2653265442262,
20_13,24.71622,49.57276,Resto,0.0,0.0,0.0,0.03333333333333333,107.38673588799897,
60_59,28.86036,53.61718,Resto,0.0,0.0,0.0,0.0,177.46566584337162,
60_58,28.77027,53.61718,Resto,0.0,0.0,0.0,0.0,169.78814280177184,
60_57,28.68018,53.61718,Resto,0.0,0.0,0.0,0.0,162.3634063389585,
60_56,28.59009,53.61718,Resto,0.0,0.0,0.0,0.0,155.22793976319764,
60_55,28.5,53.61718,Resto,0.0,0.0,0.0,0.0,148.3063919409089,
60_54,28.40991,53.61718,Resto,0.0,0.0,0.0,0.0,141.4124706658166,
60_53,28.31982,53.61718,Resto,0.0,0.0,0.0,0.0,134.41401487451415,
60_52,28.22973,53.61718,Resto,0.0,0.0,0.0,0.0,127.4411467571966,
60_51,28.13964,53.61718,Resto,0.0,0.0,0.0,0.0,120.89368439551905,
60_50,28.04955,53.61718,Resto,0.0,0.0,0.0,0.0,114.84438213921904,
60_5,23.9955,53.61718,Resto,0.0,0.0,0.0,0.0,5.929660633226034,
60_49,27.95946,53.61718,Resto,0.0,0.0,0.0,0.03333333333333333,107.95749009928404,
60_77,30.48198,53.61718,Resto,0.0,0.0,0.0,0.0,304.8966791752561,
60_76,30.39189,53.61718,Resto,0.0,0.0,0.0,0.0,299.9482752572211,
60_75,30.3018,53.61718,Resto,0.0,0.0,0.0,0.0,295.22291741777,
60_74,30.21171,53.61718,Resto,0.0,0.0,0.0,0.0,290.7653244875066,
60_73,30.12162,53.61718,Resto,0.0,0.0,0.0,0.03333333333333333,286.5879799135138,
60_72,30.03153,53.61718,Resto,0.0,0.0,0.0,0.03333333333333333,282.70329576518685,
60_71,29.94144,53.61718,Resto,0.0,0.0,0.0,0.03333333333333333,279.1234800285507,
60_70,29.85135,53.61718,Resto,0.0,0.0,0.0,0.03333333333333333,271.04482988798526,
20_12,24.62613,49.57276,Resto,0.0,0.0,0.0,0.03333333333333333,111.3427839106564,
60_69,29.76126,53.61718,Resto,0.0,0.0,0.0,0.03333333333333333,262.0131857323329,
60_68,29.67117,53.61718,Resto,0.0,0.0,0.0,0.03333333333333333,253.05449572342872,
60_67,29.58108,53.61718,Resto,0.0,0.0,0.0,0.03333333333333333,244.17677632433848,
60_66,29.49099,53.61718,Resto,0.0,0.0,0.0,0.0,235.3891750821038,
60_65,29.4009,53.61718,Resto,0.0,0.0,0.0,0.0,226.70215735008384,
60_64,29.31081,53.61718,Resto,0.0,0.0,0.0,0.0,218.1277256736149,
60_63,29.22072,53.61718,Resto,0.0,0.0,0.0,0.0,209.67967676780103,
61_2,23.72523,53.71829,Resto,0.0,0.0,0.0,0.03333333333333333,36.38471512374385,
61_19,25.25676,53.71829,Resto,0.0,0.0,0.0,80.76666666666667,48.43739996167432,29.0
20_40,27.14865,49.57276,Resto,0.0,0.0,0.0,1649.2333333333333,1.3596833422493797,
11_24,25.70721,48.66277,Resto,0.0,0.0,0.0,0.03333333333333333,137.93867645495305,
11_23,25.61712,48.66277,Resto,0.0,0.0,0.0,0.03333333333333333,140.72089775601023,
11_50,28.04955,48.66277,Resto,0.0,0.0,0.0,6081.766666666666,0.8773488092156991,1.0
11_5,23.9955,48.66277,Resto,0.0,0.0,0.0,0.0,226.9052638032877,
11_49,27.95946,48.66277,Resto,0.0,0.0,0.0,6081.766666666666,8.01185495495122,
11_48,27.86937,48.66277,Resto,0.0,0.0,0.0,0.26666666666666666,12.558461559130189,
11_47,27.77928,48.66277,Resto,0.0,0.0,0.0,0.03333333333333333,12.724320113237692,
11_46,27.68919,48.66277,Resto,0.0,0.0,0.0,0.0,11.984786726545032,
11_45,27.5991,48.66277,Resto,0.0,0.0,0.0,0.0,16.883029583146346,
11_44,27.50901,48.66277,Resto,0.0,0.0,0.0,0.0,20.410895603659228,
11_43,27.41892,48.66277,Resto,0.0,0.0,0.0,0.0,27.397690643311304,
11_42,27.32883,48.66277,Resto,0.0,0.0,0.0,0.0,35.78849019746123,
11_41,27.23874,48.66277,Resto,0.0,0.0,0.0,0.0,43.91939605326447,
11_40,27.14865,48.66277,Resto,0.0,0.0,0.0,0.0,52.72045503227246,
11_4,23.90541,48.66277,Resto,0.0,0.0,0.0,0.0,232.3502103517644,
11_39,27.05856,48.66277,Resto,0.0,0.0,0.0,0.0,61.906506798982896,
20_4,23.90541,49.57276,Resto,0.0,0.0,0.0,0.03333333333333333,152.52551325805922,
61_1,23.63514,53.71829,Resto,0.0,0.0,0.0,0.0,46.25629123010281,
61_0,23.54505,53.71829,Resto,0.0,0.0,0.0,0.0,56.16890810424376,
20_39,27.05856,49.57276,Resto,0.0,0.0,0.0,1649.2333333333333,3.972123834822743,
20_38,26.96847,49.57276,Resto,0.0,0.0,0.0,7.233333333333333,9.5503091040232,
61_3,23.81532,53.71829,Resto,0.0,0.0,0.0,0.0,26.6000201278218,
20_37,26.87838,49.57276,Resto,0.0,0.0,0.0,0.13333333333333333,15.448745585978704,
20_36,26.78829,49.57276,Resto,0.0,0.0,0.0,0.06666666666666667,22.743174013485028,
20_35,26.6982,49.57276,Resto,0.0,0.0,0.0,0.03333333333333333,31.108212518743283,
61_5,23.9955,53.71829,Resto,0.0,0.0,0.0,0.1,7.585576670216169,
61_49,27.95946,53.71829,Resto,0.0,0.0,0.0,0.03333333333333333,111.18107621563722,
61_48,27.86937,53.71829,Resto,0.0,0.0,0.0,0.0,101.72809086782355,
61_47,27.77928,53.71829,Resto,0.0,0.0,0.0,0.03333333333333333,92.2768146129511,
61_46,27.68919,53.71829,Resto,0.0,0.0,0.0,0.06666666666666667,82.90756396209369,
61_45,27.5991,53.71829,Resto,0.0,0.0,0.0,0.06666666666666667,73.70258691650132,
61_44,27.50901,53.71829,Resto,0.0,0.0,0.0,0.03333333333333333,64.73195112249365,
61_43,27.41892,53.71829,Resto,0.0,0.0,0.0,0.03333333333333333,56.1037584230029,
61_42,27.32883,53.71829,Resto,0.0,0.0,0.0,0.03333333333333333,47.69426674146464,
61_41,27.23874,53.71829,Resto,0.0,0.0,0.0,0.03333333333333333,39.90339485298203,
61_40,27.14865,53.71829,Resto,0.0,0.0,0.0,0.0,33.221353841802376,
61_4,23.90541,53.71829,Resto,0.0,0.0,0.0,0.0,17.052595477471606,
61_39,27.05856,53.71829,Resto,0.0,0.0,0.0,0.0,27.91925619879466,
61_38,26.96847,53.71829,Resto,0.0,0.0,0.0,0.0,23.677859236022915,
61_37,26.87838,53.71829,Resto,0.0,0.0,0.0,0.06666666666666667,15.10651646352861,
61_36,26.78829,53.71829,Resto,0.0,0.0,0.0,0.06666666666666667,6.834063647615079,
61_64,29.31081,53.71829,Resto,0.0,0.0,0.0,0.0,223.43855317199512,
61_63,29.22072,53.71829,Resto,0.0,0.0,0.0,0.03333333333333333,215.20454252200508,
61_62,29.13063,53.71829,Resto,0.0,0.0,0.0,0.03333333333333333,207.1260520271276,
61_61,29.04054,53.71829,Resto,0.0,0.0,0.0,0.03333333333333333,199.22198508085128,
61_60,28.95045,53.71829,Resto,0.0,0.0,0.0,0.03333333333333333,191.44412087797227,
61_6,24.08559,53.71829,Resto,0.0,0.0,0.0,7.9,1.9513038791712567,2.0
61_59,28.86036,53.71829,Resto,0.0,0.0,0.0,0.0,183.81228173093967,
61_58,28.77027,53.71829,Resto,0.0,0.0,0.0,0.0,176.4171922824526,
61_57,28.68018,53.71829,Resto,0.0,0.0,0.0,0.0,169.28986179769612,
61_56,28.59009,53.71829,Resto,0.0,0.0,0.0,0.0,162.37147901217995,
61_55,28.5,53.71829,Resto,0.0,0.0,0.0,0.0,155.4763174484534,
61_54,28.40991,53.71829,Resto,0.0,0.0,0.0,0.0,148.4949768809823,
61_53,28.31982,53.71829,Resto,0.0,0.0,0.0,0.0,141.5159782458301,
61_52,28.22973,53.71829,Resto,0.0,0.0,0.0,0.0,134.91734717761562,
61_51,28.13964,53.71829,Resto,0.0,0.0,0.0,0.0,128.75755152935054,
61_50,28.04955,53.71829,Resto,0.0,0.0,0.0,0.03333333333333333,120.6344226473646,
20_34,26.60811,49.57276,Resto,0.0,0.0,0.0,0.03333333333333333,39.40299583392674,
61_77,30.48198,53.71829,Resto,0.0,0.0,0.0,0.0,313.3217158337357,
61_76,30.39189,53.71829,Resto,0.0,0.0,0.0,0.0,308.487982398375,
61_75,30.3018,53.71829,Resto,0.0,0.0,0.0,0.0,303.9036491160711,
61_74,30.21171,53.71829,Resto,0.0,0.0,0.0,0.0,299.5835321560617,
61_73,30.12162,53.71829,Resto,0.0,0.0,0.0,0.03333333333333333,295.53920740546107,
61_72,30.03153,53.71829,Resto,0.0,0.0,0.0,0.03333333333333333,291.7821319667127,
61_71,29.94144,53.71829,Resto,0.0,0.0,0.0,0.03333333333333333,284.2671990227362,
61_70,29.85135,53.71829,Resto,0.0,0.0,0.0,0.03333333333333333,275.3105050425611,
61_7,24.17568,53.71829,Resto,0.0,0.0,0.0,32.3,3.3267827275645296,
61_69,29.76126,53.71829,Resto,0.0,0.0,0.0,0.03333333333333333,266.42813843973823,
61_68,29.67117,53.71829,Resto,0.0,0.0,0.0,0.03333333333333333,257.62777413781976,
61_67,29.58108,53.71829,Resto,0.0,0.0,0.0,0.03333333333333333,248.9180962404841,
61_66,29.49099,53.71829,Resto,0.0,0.0,0.0,0.0,240.308951433118,
61_65,29.4009,53.71829,Resto,0.0,0.0,0.0,0.0,231.81152652793023,
62_2,23.72523,53.8194,Resto,0.0,0.0,0.0,0.03333333333333333,37.35637952905475,
20_33,26.51802,49.57276,Resto,0.0,0.0,0.0,0.0,43.59576181201356,
62_1,23.63514,53.8194,Resto,0.0,0.0,0.0,0.0,47.342915411699856,
62_0,23.54505,53.8194,Resto,0.0,0.0,0.0,0.0,57.32934765890982,
81_60,28.95045,55.7405,Resto,0.0,0.0,0.0,0.03333333333333333,201.4679614979163,
81_6,24.08559,55.7405,Resto,0.0,0.0,0.0,0.0,99.37374340744444,
81_59,28.86036,55.7405,Resto,0.0,0.0,0.0,0.03333333333333333,191.83336417479111,
81_58,28.77027,55.7405,Resto,0.0,0.0,0.0,0.03333333333333333,182.23630760745564,
81_57,28.68018,55.7405,Resto,0.0,0.0,0.0,0.03333333333333333,172.5209447523181,
81_56,28.59009,55.7405,Resto,0.0,0.0,0.0,0.03333333333333333,162.79858275423487,
81_55,28.5,55.7405,Resto,0.0,0.0,0.0,0.03333333333333333,153.10975863572088,
81_54,28.40991,55.7405,Resto,0.0,0.0,0.0,0.0,143.46124028397497,
81_53,28.31982,55.7405,Resto,0.0,0.0,0.0,0.0,133.86171427318848,
81_52,28.22973,55.7405,Resto,0.0,0.0,0.0,0.0,124.32249853475004,
81_51,28.13964,55.7405,Resto,0.0,0.0,0.0,0.03333333333333333,114.8585868173617,
81_50,28.04955,55.7405,Resto,0.0,0.0,0.0,0.03333333333333333,105.49021168466832,
81_5,23.9955,55.7405,Resto,0.0,0.0,0.0,0.0,104.35105721007665,
81_49,27.95946,55.7405,Resto,0.0,0.0,0.0,0.03333333333333333,96.24523516492692,
81_48,27.86937,55.7405,Resto,0.0,0.0,0.0,0.03333333333333333,87.16288684112263,
81_47,27.77928,55.7405,Resto,0.0,0.0,0.0,0.0,78.2997300076707,
62_37,26.87838,53.8194,Resto,0.0,0.0,0.0,0.0,18.702351634080426,
62_36,26.78829,53.8194,Resto,0.0,0.0,0.0,0.0,9.135162760649084,
20_32,26.42793,49.57276,Resto,0.0,0.0,0.0,0.0,46.0103480432009,
62_3,23.81532,53.8194,Resto,0.0,0.0,0.0,0.0,27.369739792410662,
62_51,28.13964,53.8194,Resto,0.0,0.0,0.0,0.03333333333333333,133.31240778656755,
62_50,28.04955,53.8194,Resto,0.0,0.0,0.0,0.03333333333333333,123.86228751759394,
62_5,23.9955,53.8194,Resto,0.0,0.0,0.0,1.1666666666666667,7.396147887039857,
62_49,27.95946,53.8194,Resto,0.0,0.0,0.0,0.03333333333333333,114.46389237209128,
62_48,27.86937,53.8194,Resto,0.0,0.0,0.0,0.0,105.1753545327988,
62_47,27.77928,53.8194,Resto,0.0,0.0,0.0,0.0,96.02852333697489,
62_46,27.68919,53.8194,Resto,0.0,0.0,0.0,0.0,87.0680328649532,
62_45,27.5991,53.8194,Resto,0.0,0.0,0.0,0.06666666666666667,78.35779340569253,
62_44,27.50901,53.8194,Resto,0.0,0.0,0.0,0.06666666666666667,69.88505498691283,
62_43,27.41892,53.8194,Resto,0.0,0.0,0.0,0.06666666666666667,61.66536715400775,
62_42,27.32883,53.8194,Resto,0.0,0.0,0.0,0.06666666666666667,54.04652072992313,
62_41,27.23874,53.8194,Resto,0.0,0.0,0.0,0.0,47.30822452760264,
62_40,27.14865,53.8194,Resto,0.0,0.0,0.0,0.03333333333333333,41.44049128112809,
62_4,23.90541,53.8194,Resto,0.0,0.0,0.0,0.0,17.382995984036487,
62_39,27.05856,53.8194,Resto,0.0,0.0,0.0,0.03333333333333333,37.30500816234308,
62_38,26.96847,53.8194,Resto,0.0,0.0,0.0,0.06666666666666667,28.51725613619835,
62_66,29.49099,53.8194,Resto,0.0,0.0,0.0,0.03333333333333333,245.52934450795863,
62_65,29.4009,53.8194,Resto,0.0,0.0,0.0,0.03333333333333333,237.22436951185296,
62_64,29.31081,53.8194,Resto,0.0,0.0,0.0,0.03333333333333333,229.05487293269564,
62_63,29.22072,53.8194,Resto,0.0,0.0,0.0,0.03333333333333333,221.03586192661865,
62_62,29.13063,53.8194,Resto,0.0,0.0,0.0,0.03333333333333333,213.18390574203465,
62_61,29.04054,53.8194,Resto,0.0,0.0,0.0,0.03333333333333333,205.426155126018,
62_60,28.95045,53.8194,Resto,0.0,0.0,0.0,0.0,197.8343502736064,
62_6,24.08559,53.8194,Resto,0.0,0.0,0.0,88.26666666666667,2.5908047146332955,4.0
62_59,28.86036,53.8194,Resto,0.0,0.0,0.0,0.0,190.46497870622096,
62_58,28.77027,53.8194,Resto,0.0,0.0,0.0,0.0,183.34484572058625,
62_57,28.68018,53.8194,Resto,0.0,0.0,0.0,0.0,176.4291404009569,
62_56,28.59009,53.8194,Resto,0.0,0.0,0.0,0.0,169.5345610709615,
62_55,28.5,53.8194,Resto,0.0,0.0,0.0,0.03333333333333333,162.56921903367265,
62_54,28.40991,53.8194,Resto,0.0,0.0,0.0,0.03333333333333333,155.5855304600243,
62_53,28.31982,53.8194,Resto,0.0,0.0,0.0,0.0,148.94580980401238,
62_52,28.22973,53.8194,Resto,0.0,0.0,0.0,0.0,142.69805641091295,
63_1,23.63514,53.92051,Resto,0.0,0.0,0.0,0.0,47.79429245032722,
63_0,23.54505,53.92051,Resto,0.0,0.0,0.0,0.0,57.70651892354201,
62_8,24.26577,53.8194,Resto,0.0,0.0,0.0,799.6,1.1120096638334396,1.0
62_77,30.48198,53.8194,Resto,0.0,0.0,0.0,0.0,321.7988448216631,
62_76,30.39189,53.8194,Resto,0.0,0.0,0.0,0.0,317.09934672822345,
62_75,30.3018,53.8194,Resto,0.0,0.0,0.0,0.0,312.64955770201726,
62_74,30.21171,53.8194,Resto,0.0,0.0,0.0,0.0,308.4602739256525,
62_73,30.12162,53.8194,Resto,0.0,0.0,0.0,0.0,304.542235233864,
62_72,30.03153,53.8194,Resto,0.0,0.0,0.0,0.03333333333333333,297.5573738547708,
62_71,29.94144,53.8194,Resto,0.0,0.0,0.0,0.03333333333333333,288.6711727047808,
62_70,29.85135,53.8194,Resto,0.0,0.0,0.0,0.03333333333333333,279.8602020858874,
62_7,24.17568,53.8194,Resto,0.0,0.0,0.0,8.633333333333333,1.549416550817665,
62_69,29.76126,53.8194,Resto,0.0,0.0,0.0,0.03333333333333333,271.1317838185857,
62_68,29.67117,53.8194,Resto,0.0,0.0,0.0,0.03333333333333333,262.49414012522,
62_67,29.58108,53.8194,Resto,0.0,0.0,0.0,0.03333333333333333,253.9565201587573,
63_2,23.72523,53.92051,Resto,0.0,0.0,0.0,0.0,37.88254822839232,
20_31,26.33784,49.57276,Resto,0.0,0.0,0.0,0.0,46.15093301373331,
20_30,26.24775,49.57276,Resto,0.0,0.0,0.0,0.0,42.28768216842328,
81_46,27.68919,55.7405,Resto,0.0,0.0,0.0,0.06666666666666667,69.73933072898923,
81_45,27.5991,55.7405,Resto,0.0,0.0,0.0,0.0,61.54755147722282,
81_44,27.50901,55.7405,Resto,0.0,0.0,0.0,0.0,53.93006401674192,
81_43,27.41892,55.7405,Resto,0.0,0.0,0.0,0.03333333333333333,45.68934587159242,
81_42,27.32883,55.7405,Resto,0.0,0.0,0.0,0.0,35.809713118941524,
81_41,27.23874,55.7405,Resto,0.0,0.0,0.0,0.06666666666666667,26.002473057443915,
11_1,23.63514,48.66277,Resto,0.0,0.0,0.0,0.0,247.14915990800688,
11_0,23.54505,48.66277,Resto,0.0,0.0,0.0,0.0,252.36582210767529,
11_37,26.87838,48.66277,Resto,0.0,0.0,0.0,0.0,75.39898515030406,
11_36,26.78829,48.66277,Resto,0.0,0.0,0.0,0.0,80.7749068114525,
11_35,26.6982,48.66277,Resto,0.0,0.0,0.0,0.0,86.9852061644444,
11_34,26.60811,48.66277,Resto,0.0,0.0,0.0,0.0,93.41580432720382,
11_33,26.51802,48.66277,Resto,0.0,0.0,0.0,0.0,100.23049378755285,
11_32,26.42793,48.66277,Resto,0.0,0.0,0.0,0.0,107.55478753910498,
11_31,26.33784,48.66277,Resto,0.0,0.0,0.0,0.03333333333333333,115.29160455685448,
11_30,26.24775,48.66277,Resto,0.0,0.0,0.0,0.03333333333333333,123.36335526375215,
11_3,23.81532,48.66277,Resto,0.0,0.0,0.0,0.0,237.5185522697901,
11_29,26.15766,48.66277,Resto,0.0,0.0,0.0,0.03333333333333333,131.70847579445893,
11_28,26.06757,48.66277,Resto,0.0,0.0,0.0,0.03333333333333333,132.50050004326766,
11_27,25.97748,48.66277,Resto,0.0,0.0,0.0,0.0,133.5383943609055,
11_26,25.88739,48.66277,Resto,0.0,0.0,0.0,0.0,134.47094781444147,
11_25,25.7973,48.66277,Resto,0.0,0.0,0.0,0.0,135.8446419400587,
81_40,27.14865,55.7405,Resto,0.0,0.0,0.0,0.06666666666666667,16.287137553325895,
81_4,23.90541,55.7405,Resto,0.0,0.0,0.0,0.0,110.00213615753673,
81_39,27.05856,55.7405,Resto,0.0,0.0,0.0,0.06666666666666667,6.9123335084616,
81_38,26.96847,55.7405,Resto,0.0,0.0,0.0,3961.6,2.2513981771471614,4.0
81_37,26.87838,55.7405,Resto,0.0,0.0,0.0,227.13333333333333,4.122772048354992,25.0
81_36,26.78829,55.7405,Resto,0.0,0.0,0.0,18.5,0.6129501308407258,
81_35,26.6982,55.7405,Resto,0.0,0.0,0.0,153.36666666666667,0.9022417556717478,
20_3,23.81532,49.57276,Resto,0.0,0.0,0.0,0.06666666666666667,158.84774273133448,
63_39,27.05856,53.92051,Resto,0.0,0.0,0.0,0.03333333333333333,35.486411669386804,
63_38,26.96847,53.92051,Resto,0.0,0.0,0.0,0.06666666666666667,25.802994517485303,
63_37,26.87838,53.92051,Resto,0.0,0.0,0.0,0.03333333333333333,16.481753393229823,
63_36,26.78829,53.92051,Resto,0.0,0.0,0.0,0.03333333333333333,7.433115862057948,
20_29,26.15766,49.57276,Resto,0.0,0.0,0.0,0.03333333333333333,40.59873306854436,
20_28,26.06757,49.57276,Resto,0.0,0.0,0.0,0.03333333333333333,41.351355100812896,
63_3,23.81532,53.92051,Resto,0.0,0.0,0.0,0.0,27.983109195258464,
63_53,28.31982,53.92051,Resto,0.0,0.0,0.0,0.03333333333333333,155.43903129363463,
63_52,28.22973,53.92051,Resto,0.0,0.0,0.0,0.03333333333333333,146.02430800474406,
63_51,28.13964,53.92051,Resto,0.0,0.0,0.0,0.0,136.69176938749678,
63_50,28.04955,53.92051,Resto,0.0,0.0,0.0,0.0,127.45953760561086,
63_5,23.9955,53.92051,Resto,0.0,0.0,0.0,0.0,8.776956527086107,
63_49,27.95946,53.92051,Resto,0.0,0.0,0.0,0.03333333333333333,118.35106059831767,
63_48,27.86937,53.92051,Resto,0.0,0.0,0.0,0.0,109.39722383020394,
63_47,27.77928,53.92051,Resto,0.0,0.0,0.0,0.0,100.63927744484803,
63_46,27.68919,53.92051,Resto,0.0,0.0,0.0,0.0,92.11788762086236,
63_45,27.5991,53.92051,Resto,0.0,0.0,0.0,0.06666666666666667,83.72617577186395,
63_44,27.50901,53.92051,Resto,0.0,0.0,0.0,0.06666666666666667,75.6957035553284,
63_43,27.41892,53.92051,Resto,0.0,0.0,0.0,0.0,68.18583641964594,
63_42,27.32883,53.92051,Resto,0.0,0.0,0.0,0.0,61.387882981449934,
63_41,27.23874,53.92051,Resto,0.0,0.0,0.0,0.03333333333333333,55.07238158472932,
63_40,27.14865,53.92051,Resto,0.0,0.0,0.0,0.03333333333333333,45.26411946276345,
63_4,23.90541,53.92051,Resto,0.0,0.0,0.0,0.16666666666666666,18.17466747027228,
63_68,29.67117,53.92051,Resto,0.0,0.0,0.0,0.03333333333333333,267.6375309628103,
63_67,29.58108,53.92051,Resto,0.0,0.0,0.0,0.03333333333333333,259.27464954905383,
63_66,29.49099,53.92051,Resto,0.0,0.0,0.0,0.03333333333333333,251.0315191596677,
63_65,29.4009,53.92051,Resto,0.0,0.0,0.0,0.03333333333333333,242.9203167400634,
63_64,29.31081,53.92051,Resto,0.0,0.0,0.0,0.03333333333333333,234.95469159348568,
63_63,29.22072,53.92051,Resto,0.0,0.0,0.0,0.03333333333333333,227.142942614973,
63_62,29.13063,53.92051,Resto,0.0,0.0,0.0,0.03333333333333333,219.40990720959,
63_61,29.04054,53.92051,Resto,0.0,0.0,0.0,0.0,211.85337380144344,
63_60,28.95045,53.92051,Resto,0.0,0.0,0.0,0.0,204.50656583576784,
63_6,24.08559,53.92051,Resto,0.0,0.0,0.0,1041.1,0.2880394072591793,
63_59,28.86036,53.92051,Resto,0.0,0.0,0.0,0.0,197.3928850710176,
63_58,28.77027,53.92051,Resto,0.0,0.0,0.0,0.0,190.479378015036,
63_57,28.68018,53.92051,Resto,0.0,0.0,0.0,0.0,183.58689116,
63_56,28.59009,53.92051,Resto,0.0,0.0,0.0,0.0,176.6366924855379,
63_55,28.5,53.92051,Resto,0.0,0.0,0.0,0.0,169.64939279934802,
63_54,28.40991,53.92051,Resto,0.0,0.0,0.0,0.03333333333333333,162.97603734529736,
64_1,23.63514,54.02163,Resto,0.0,0.0,0.0,0.0,49.80329259972609,
64_0,23.54505,54.02163,Resto,0.0,0.0,0.0,0.0,59.426211242264,
63_77,30.48198,53.92051,Resto,0.0,0.0,0.0,0.0,330.34461089156684,
63_76,30.39189,53.92051,Resto,0.0,0.0,0.0,0.0,325.7766325836721,
63_75,30.3018,53.92051,Resto,0.0,0.0,0.0,0.0,321.4552692814043,
63_74,30.21171,53.92051,Resto,0.0,0.0,0.0,0.0,317.39058374949803,
63_73,30.12162,53.92051,Resto,0.0,0.0,0.0,0.0,310.9057181065724,
63_72,30.03153,53.92051,Resto,0.0,0.0,0.0,0.0,302.08581472144067,
63_71,29.94144,53.92051,Resto,0.0,0.0,0.0,0.03333333333333333,293.3416635156111,
63_70,29.85135,53.92051,Resto,0.0,0.0,0.0,0.03333333333333333,284.6802327792038,
63_7,24.17568,53.92051,Resto,0.0,0.0,0.0,192.06666666666666,3.743728160389225,
63_69,29.76126,53.92051,Resto,0.0,0.0,0.0,0.03333333333333333,276.1092948522869,
64_2,23.72523,54.02163,Resto,0.0,0.0,0.0,0.0,40.356900833952814,
20_27,25.97748,49.57276,Resto,0.0,0.0,0.0,0.03333333333333333,42.11735184558242,
81_3,23.81532,55.7405,Resto,0.0,0.0,0.0,0.0,116.2358485742603,
20_5,23.9955,49.57276,Resto,0.0,0.0,0.0,0.03333333333333333,146.61787573460748,
20_43,27.41892,49.57276,Resto,0.0,0.0,0.0,1092.6333333333334,6.85346981674092,7.0
81_24,25.70721,55.7405,Resto,0.0,0.0,0.0,522.3,3.585000527235436,9.0
81_23,25.61712,55.7405,Resto,0.0,0.0,0.0,692.5333333333333,3.305020203881884,
11_22,25.52703,48.66277,Resto,0.0,0.0,0.0,0.03333333333333333,144.15146426129976,
11_21,25.43694,48.66277,Resto,0.0,0.0,0.0,0.03333333333333333,148.18535453683145,
11_20,25.34685,48.66277,Resto,0.0,0.0,0.0,0.03333333333333333,152.77478553378162,
11_2,23.72523,48.66277,Resto,0.0,0.0,0.0,0.0,242.17361759897892,
11_19,25.25676,48.66277,Resto,0.0,0.0,0.0,0.03333333333333333,157.8713150163148,
11_18,25.16667,48.66277,Resto,0.0,0.0,0.0,0.03333333333333333,161.7067987281386,
11_17,25.07658,48.66277,Resto,0.0,0.0,0.0,0.03333333333333333,165.81144334419534,
11_16,24.98649,48.66277,Resto,0.0,0.0,0.0,0.03333333333333333,170.3373955546871,
11_15,24.8964,48.66277,Resto,0.0,0.0,0.0,0.03333333333333333,175.30504976888636,
11_14,24.80631,48.66277,Resto,0.0,0.0,0.0,0.03333333333333333,180.6953379994013,
11_13,24.71622,48.66277,Resto,0.0,0.0,0.0,0.03333333333333333,186.4716129049357,
11_12,24.62613,48.66277,Resto,0.0,0.0,0.0,0.0,192.5991489955931,
11_11,24.53604,48.66277,Resto,0.0,0.0,0.0,0.0,199.0455085516319,
11_10,24.44595,48.66277,Resto,0.0,0.0,0.0,0.0,204.96063857365203,
81_22,25.52703,55.7405,Resto,0.0,0.0,0.0,0.3333333333333333,10.84403074908982,
81_21,25.43694,55.7405,Resto,0.0,0.0,0.0,0.0,15.904549389573926,
81_20,25.34685,55.7405,Resto,0.0,0.0,0.0,0.0,23.92271708682669,
81_2,23.72523,55.7405,Resto,0.0,0.0,0.0,0.0,122.8937101126614,
81_19,25.25676,55.7405,Resto,0.0,0.0,0.0,0.0,32.03751649448102,
81_18,25.16667,55.7405,Resto,0.0,0.0,0.0,0.1,38.358762185866965,
64_40,27.14865,54.02163,Resto,0.0,0.0,0.0,0.06666666666666667,44.26546539090138,
64_4,23.90541,54.02163,Resto,0.0,0.0,0.0,0.0,22.75383243726665,
64_39,27.05856,54.02163,Resto,0.0,0.0,0.0,0.06666666666666667,34.27735089319795,
64_38,26.96847,54.02163,Resto,0.0,0.0,0.0,0.0,24.29025791546572,
64_37,26.87838,54.02163,Resto,0.0,0.0,0.0,0.0,14.306078332143125,
64_36,26.78829,54.02163,Resto,0.0,0.0,0.0,1.2333333333333334,4.3248239039099525,
20_42,27.32883,49.57276,Resto,0.0,0.0,0.0,1596.6666666666667,1.86495903798688,
20_41,27.23874,49.57276,Resto,0.0,0.0,0.0,2020.0333333333333,4.971324365559872,9.0
89_60,28.95045,56.54939,Resto,0.0,0.0,0.0,0.03333333333333333,194.69583362513745,
64_3,23.81532,54.02163,Resto,0.0,0.0,0.0,0.0,31.24764039541113,
64_55,28.5,54.02163,Resto,0.0,0.0,0.0,0.0,177.00596351718215,
64_54,28.40991,54.02163,Resto,0.0,0.0,0.0,0.0,168.22204201986392,
64_53,28.31982,54.02163,Resto,0.0,0.0,0.0,0.03333333333333333,158.93968307523434,
64_52,28.22973,54.02163,Resto,0.0,0.0,0.0,0.0,149.7489221423716,
64_51,28.13964,54.02163,Resto,0.0,0.0,0.0,0.0,140.66769029439976,
64_50,28.04955,54.02163,Resto,0.0,0.0,0.0,0.0,131.71861787488217,
64_5,23.9955,54.02163,Resto,0.0,0.0,0.0,0.0,13.0019566717073,
64_49,27.95946,54.02163,Resto,0.0,0.0,0.0,0.03333333333333333,122.93054346220386,
64_48,27.86937,54.02163,Resto,0.0,0.0,0.0,0.03333333333333333,114.34056585759878,
64_47,27.77928,54.02163,Resto,0.0,0.0,0.0,0.0,105.89373643056646,
64_46,27.68919,54.02163,Resto,0.0,0.0,0.0,0.0,97.64635829603571,
64_45,27.5991,54.02163,Resto,0.0,0.0,0.0,0.06666666666666667,89.7543153939304,
64_44,27.50901,54.02163,Resto,0.0,0.0,0.0,0.06666666666666667,82.31982907202377,
64_43,27.41892,54.02163,Resto,0.0,0.0,0.0,0.0,74.23226297467404,
64_42,27.32883,54.02163,Resto,0.0,0.0,0.0,0.03333333333333333,64.24306024165713,
64_41,27.23874,54.02163,Resto,0.0,0.0,0.0,0.03333333333333333,54.25409850939777,
64_7,24.17568,54.02163,Resto,0.0,0.0,0.0,3181.6666666666665,5.783241743315727,
64_69,29.76126,54.02163,Resto,0.0,0.0,0.0,0.03333333333333333,281.3460674346847,
64_68,29.67117,54.02163,Resto,0.0,0.0,0.0,0.03333333333333333,273.04222065551915,
64_67,29.58108,54.02163,Resto,0.0,0.0,0.0,0.03333333333333333,264.8555624860079,
64_66,29.49099,54.02163,Resto,0.0,0.0,0.0,0.03333333333333333,256.79728755970285,
64_65,29.4009,54.02163,Resto,0.0,0.0,0.0,0.03333333333333333,248.8798527610765,
64_64,29.31081,54.02163,Resto,0.0,0.0,0.0,0.03333333333333333,241.09670463248275,
64_63,29.22072,54.02163,Resto,0.0,0.0,0.0,0.03333333333333333,233.39381577395704,
64_62,29.13063,54.02163,Resto,0.0,0.0,0.0,0.0,225.86862447962332,
64_61,29.04054,54.02163,Resto,0.0,0.0,0.0,0.0,218.54180984710104,
64_60,28.95045,54.02163,Resto,0.0,0.0,0.0,0.0,211.4339797524174,
64_6,24.08559,54.02163,Resto,0.0,0.0,0.0,58.13333333333333,3.156657977740465,
64_59,28.86036,54.02163,Resto,0.0,0.0,0.0,0.0,204.5221932870244,
64_58,28.77027,54.02163,Resto,0.0,0.0,0.0,0.0,197.6330908767653,
64_57,28.68018,54.02163,Resto,0.0,0.0,0.0,0.0,190.6973681013017,
64_56,28.59009,54.02163,Resto,0.0,0.0,0.0,0.0,183.7072861789328,
65_1,23.63514,54.12274,Resto,0.0,0.0,0.0,0.0,53.72477351477888,
65_0,23.54505,54.12274,Resto,0.0,0.0,0.0,0.0,62.750742573322384,
64_77,30.48198,54.02163,Resto,0.0,0.0,0.0,0.0,338.95675908747603,
64_76,30.39189,54.02163,Resto,0.0,0.0,0.0,0.0,334.51466056130806,
64_75,30.3018,54.02163,Resto,0.0,0.0,0.0,0.0,330.31595098361703,
64_74,30.21171,54.02163,Resto,0.0,0.0,0.0,0.0,324.30415012627213,
64_73,30.12162,54.02163,Resto,0.0,0.0,0.0,0.0,315.546623223656,
64_72,30.03153,54.02163,Resto,0.0,0.0,0.0,0.0,306.8650615914683,
64_71,29.94144,54.02163,Resto,0.0,0.0,0.0,0.03333333333333333,298.266086881051,
64_70,29.85135,54.02163,Resto,0.0,0.0,0.0,0.03333333333333333,289.7570398071354,
89_6,24.08559,56.54939,Resto,0.0,0.0,0.0,0.0,33.35181978590923,
89_59,28.86036,56.54939,Resto,0.0,0.0,0.0,0.0,184.76702473932767,
89_58,28.77027,56.54939,Resto,0.0,0.0,0.0,0.0,174.844338356417,
65_2,23.72523,54.12274,Resto,0.0,0.0,0.0,0.0,44.40396687012776,
89_57,28.68018,56.54939,Resto,0.0,0.0,0.0,0.0,164.9288551257204,
65_42,27.32883,54.12274,Resto,0.0,0.0,0.0,0.03333333333333333,64.98888279998793,
65_41,27.23874,54.12274,Resto,0.0,0.0,0.0,0.03333333333333333,55.1293763313222,
65_40,27.14865,54.12274,Resto,0.0,0.0,0.0,0.03333333333333333,45.32673985594889,
10_52,28.22973,48.56166,Resto,0.0,0.0,0.0,23.5,3.226793925718329,
10_51,28.13964,48.56166,Resto,0.0,0.0,0.0,75.7,3.984869070946673,
10_50,28.04955,48.56166,Resto,0.0,0.0,0.0,0.03333333333333333,8.40090200779665,
10_9,24.35586,48.56166,Resto,0.0,0.0,0.0,0.03333333333333333,218.1764623963468,
10_8,24.26577,48.56166,Resto,0.0,0.0,0.0,0.0,222.0314880071412,
10_77,30.48198,48.56166,Resto,0.0,0.0,0.0,0.0,32.66465003737829,
10_76,30.39189,48.56166,Resto,0.0,0.0,0.0,6.766666666666667,29.57218506727903,
10_75,30.3018,48.56166,Resto,0.0,0.0,0.0,0.0,28.64306605452118,
10_74,30.21171,48.56166,Resto,0.0,0.0,0.0,15.366666666666667,19.17690296773416,
10_73,30.12162,48.56166,Resto,0.0,0.0,0.0,7.533333333333333,10.846458733177096,22.0
10_72,30.03153,48.56166,Resto,0.0,0.0,0.0,20.8,7.279652291771119,
10_71,29.94144,48.56166,Resto,0.0,0.0,0.0,270.6666666666667,0.5605331266748823,
89_56,28.59009,56.54939,Resto,0.0,0.0,0.0,0.0,155.02193133468143,
10_7,24.17568,48.56166,Resto,0.0,0.0,0.0,0.0,226.2670118904244,
65_4,23.90541,54.12274,Resto,0.0,0.0,0.0,0.0,25.4419591110204,
65_39,27.05856,54.12274,Resto,0.0,0.0,0.0,0.03333333333333333,35.627851370449214,
65_38,26.96847,54.12274,Resto,0.0,0.0,0.0,0.03333333333333333,26.148284223336507,
65_37,26.87838,54.12274,Resto,0.0,0.0,0.0,0.03333333333333333,17.166860632979812,
65_36,26.78829,54.12274,Resto,0.0,0.0,0.0,0.0,7.756009615097324,
65_3,23.81532,54.12274,Resto,0.0,0.0,0.0,0.0,34.82030166668713,
81_17,25.07658,55.7405,Resto,0.0,0.0,0.0,0.03333333333333333,43.74753400711774,
81_16,24.98649,55.7405,Resto,0.0,0.0,0.0,0.0,47.86197497936024,
81_15,24.8964,55.7405,Resto,0.0,0.0,0.0,0.0,53.54262522816381,
81_14,24.80631,55.7405,Resto,0.0,0.0,0.0,0.06666666666666667,60.34875247076128,
81_13,24.71622,55.7405,Resto,0.0,0.0,0.0,0.0,67.94291199375449,
81_12,24.62613,55.7405,Resto,0.0,0.0,0.0,0.0,73.63600553825981,
81_11,24.53604,55.7405,Resto,0.0,0.0,0.0,0.0,77.96428893465045,
81_10,24.44595,55.7405,Resto,0.0,0.0,0.0,0.0,81.28387097578516,
81_1,23.63514,55.7405,Resto,0.0,0.0,0.0,0.03333333333333333,129.59341649344097,
81_0,23.54505,55.7405,Resto,0.0,0.0,0.0,0.03333333333333333,134.9179994341012,
80_9,24.35586,55.63939,Resto,0.0,0.0,0.0,0.0,92.4031375035956,
80_8,24.26577,55.63939,Resto,0.0,0.0,0.0,0.0,99.00771743689448,
80_77,30.48198,55.63939,Resto,0.0,0.0,0.0,0.0,369.3359194226189,
80_76,30.39189,55.63939,Resto,0.0,0.0,0.0,0.0,359.5094604130828,
80_75,30.3018,55.63939,Resto,0.0,0.0,0.0,0.0,349.6920830357086,
80_74,30.21171,55.63939,Resto,0.0,0.0,0.0,0.0,339.88456216139303,
65_57,28.68018,54.12274,Resto,0.0,0.0,0.0,0.0,197.7590160750135,
65_56,28.59009,54.12274,Resto,0.0,0.0,0.0,0.0,190.439972350521,
65_55,28.5,54.12274,Resto,0.0,0.0,0.0,0.0,181.19706682498165,
65_54,28.40991,54.12274,Resto,0.0,0.0,0.0,0.0,172.03812790247392,
65_53,28.31982,54.12274,Resto,0.0,0.0,0.0,0.0,162.97729117777703,
65_52,28.22973,54.12274,Resto,0.0,0.0,0.0,0.0,154.03184767527586,
65_51,28.13964,54.12274,Resto,0.0,0.0,0.0,0.0,145.223099250121,
65_50,28.04955,54.12274,Resto,0.0,0.0,0.0,0.03333333333333333,136.577472366646,
65_5,23.9955,54.12274,Resto,0.0,0.0,0.0,0.0,16.0561137675121,
65_49,27.95946,54.12274,Resto,0.0,0.0,0.0,0.03333333333333333,128.10254583058148,
65_48,27.86937,54.12274,Resto,0.0,0.0,0.0,0.03333333333333333,119.72795351443014,
65_47,27.77928,54.12274,Resto,0.0,0.0,0.0,0.03333333333333333,111.61347542068042,
65_46,27.68919,54.12274,Resto,0.0,0.0,0.0,0.03333333333333333,103.82697471920125,
65_45,27.5991,54.12274,Resto,0.0,0.0,0.0,0.0,94.73106408260423,
65_44,27.50901,54.12274,Resto,0.0,0.0,0.0,0.0,84.79924112358043,
65_43,27.41892,54.12274,Resto,0.0,0.0,0.0,0.03333333333333333,74.88284417796892,
65_71,29.94144,54.12274,Resto,0.0,0.0,0.0,0.0,303.4320188667372,
65_70,29.85135,54.12274,Resto,0.0,0.0,0.0,0.0,295.07730720362554,
65_7,24.17568,54.12274,Resto,0.0,0.0,0.0,10.933333333333334,2.854816969385828,2.0
65_69,29.76126,54.12274,Resto,0.0,0.0,0.0,0.0,286.8278368071832,
65_68,29.67117,54.12274,Resto,0.0,0.0,0.0,0.0,278.6929408391257,
65_67,29.58108,54.12274,Resto,0.0,0.0,0.0,0.0,270.682936547332,
65_66,29.49099,54.12274,Resto,0.0,0.0,0.0,0.0,262.8092303737648,
65_65,29.4009,54.12274,Resto,0.0,0.0,0.0,0.03333333333333333,255.04540849093576,
65_64,29.31081,54.12274,Resto,0.0,0.0,0.0,0.03333333333333333,247.3766768774012,
65_63,29.22072,54.12274,Resto,0.0,0.0,0.0,0.03333333333333333,239.8795489613315,
65_62,29.13063,54.12274,Resto,0.0,0.0,0.0,0.03333333333333333,232.57060584480377,
65_61,29.04054,54.12274,Resto,0.0,0.0,0.0,0.0,225.468133953916,
65_60,28.95045,54.12274,Resto,0.0,0.0,0.0,0.0,218.5575871730526,
65_6,24.08559,54.12274,Resto,0.0,0.0,0.0,0.03333333333333333,6.323188567726458,
65_59,28.86036,54.12274,Resto,0.0,0.0,0.0,0.0,211.67300570655817,
65_58,28.77027,54.12274,Resto,0.0,0.0,0.0,0.0,204.7512295711374,
66_1,23.63514,54.22385,Resto,0.0,0.0,0.0,0.0,57.09581544756573,
66_0,23.54505,54.22385,Resto,0.0,0.0,0.0,0.0,66.49961612119219,
65_8,24.26577,54.12274,Resto,0.0,0.0,0.0,98.0,0.056824567595871,
65_77,30.48198,54.12274,Resto,0.0,0.0,0.0,0.0,347.63031066170475,
65_76,30.39189,54.12274,Resto,0.0,0.0,0.0,0.0,343.30874681433687,
65_75,30.3018,54.12274,Resto,0.0,0.0,0.0,0.0,337.745848752051,
65_74,30.21171,54.12274,Resto,0.0,0.0,0.0,0.0,329.04704923044085,
65_73,30.12162,54.12274,Resto,0.0,0.0,0.0,0.0,320.42417933377334,
65_72,30.03153,54.12274,Resto,0.0,0.0,0.0,0.0,311.8835256103541,
66_3,23.81532,54.22385,Resto,0.0,0.0,0.0,0.0,37.92860466070847,
89_55,28.5,56.54939,Resto,0.0,0.0,0.0,0.0,145.12529232286613,
89_54,28.40991,56.54939,Resto,0.0,0.0,0.0,0.03333333333333333,135.24116642920512,
66_2,23.72523,54.22385,Resto,0.0,0.0,0.0,0.0,47.54999354856537,
89_53,28.31982,56.54939,Resto,0.0,0.0,0.0,0.03333333333333333,125.36888862765925,
66_44,27.50901,54.22385,Resto,0.0,0.0,0.0,0.03333333333333333,86.504823318753,
10_42,27.32883,48.56166,Resto,0.0,0.0,0.0,0.0,41.57038376623264,
10_41,27.23874,48.56166,Resto,0.0,0.0,0.0,0.0,49.67457040097836,
10_40,27.14865,48.56166,Resto,0.0,0.0,0.0,0.0,57.897680104492096,
10_4,23.90541,48.56166,Resto,0.0,0.0,0.0,0.0,241.04707886861263,
10_39,27.05856,48.56166,Resto,0.0,0.0,0.0,0.0,66.37616011523856,
10_38,26.96847,48.56166,Resto,0.0,0.0,0.0,0.03333333333333333,75.24576741057946,
10_37,26.87838,48.56166,Resto,0.0,0.0,0.0,0.0,83.23936430735992,
10_36,26.78829,48.56166,Resto,0.0,0.0,0.0,0.0,89.23340338725315,
10_6,24.08559,48.56166,Resto,0.0,0.0,0.0,0.0,230.8620925248444,
89_52,28.22973,56.54939,Resto,0.0,0.0,0.0,0.03333333333333333,115.49777017073389,
10_56,28.59009,48.56166,Resto,0.0,0.0,0.0,17.333333333333332,12.029151302911444,20.0
10_54,28.40991,48.56166,Resto,0.0,0.0,0.0,1110.6333333333334,2.59755682656392,6.0
89_51,28.13964,56.54939,Resto,0.0,0.0,0.0,0.03333333333333333,105.62969436958134,
66_43,27.41892,54.22385,Resto,0.0,0.0,0.0,0.03333333333333333,76.81120214243842,
66_42,27.32883,54.22385,Resto,0.0,0.0,0.0,0.03333333333333333,67.20422851859935,
66_41,27.23874,54.22385,Resto,0.0,0.0,0.0,0.03333333333333333,57.72711929532902,
66_40,27.14865,54.22385,Resto,0.0,0.0,0.0,0.0,48.0786510166073,
66_4,23.90541,54.22385,Resto,0.0,0.0,0.0,0.0,28.455962751339445,
66_39,27.05856,54.22385,Resto,0.0,0.0,0.0,0.03333333333333333,38.19823963998048,
66_38,26.96847,54.22385,Resto,0.0,0.0,0.0,0.03333333333333333,28.33808109334825,
66_37,26.87838,54.22385,Resto,0.0,0.0,0.0,0.03333333333333333,18.52782312764706,
66_36,26.78829,54.22385,Resto,0.0,0.0,0.0,0.0,8.72743495723968,
89_50,28.04955,56.54939,Resto,0.0,0.0,0.0,0.03333333333333333,95.78252423989892,
89_5,23.9955,56.54939,Resto,0.0,0.0,0.0,0.0,38.9572491836197,
66_59,28.86036,54.22385,Resto,0.0,0.0,0.0,0.03333333333333333,218.7982691860439,
66_58,28.77027,54.22385,Resto,0.0,0.0,0.0,0.03333333333333333,211.8044443054985,
66_57,28.68018,54.22385,Resto,0.0,0.0,0.0,0.03333333333333333,203.4579853644937,
66_56,28.59009,54.22385,Resto,0.0,0.0,0.0,0.0,194.3242539743825,
66_55,28.5,54.22385,Resto,0.0,0.0,0.0,0.0,185.27929293989865,
66_54,28.40991,54.22385,Resto,0.0,0.0,0.0,0.0,176.3367430501154,
66_53,28.31982,54.22385,Resto,0.0,0.0,0.0,0.0,167.5129857185482,
66_52,28.22973,54.22385,Resto,0.0,0.0,0.0,0.0,158.82779903014395,
66_51,28.13964,54.22385,Resto,0.0,0.0,0.0,0.03333333333333333,150.30490966353338,
66_50,28.04955,54.22385,Resto,0.0,0.0,0.0,0.03333333333333333,141.87529707936247,
66_5,23.9955,54.22385,Resto,0.0,0.0,0.0,0.0,19.48661935331601,
66_49,27.95946,54.22385,Resto,0.0,0.0,0.0,0.03333333333333333,133.61641135623066,
66_48,27.86937,54.22385,Resto,0.0,0.0,0.0,0.03333333333333333,125.60961487446777,
66_47,27.77928,54.22385,Resto,0.0,0.0,0.0,0.03333333333333333,115.88766745696158,
66_46,27.68919,54.22385,Resto,0.0,0.0,0.0,0.0,106.05693250525252,
66_45,27.5991,54.22385,Resto,0.0,0.0,0.0,0.0,96.2589539863326,
66_73,30.12162,54.22385,Resto,0.0,0.0,0.0,0.0,325.52769503472325,
66_72,30.03153,54.22385,Resto,0.0,0.0,0.0,0.0,317.1297949101555,
66_71,29.94144,54.22385,Resto,0.0,0.0,0.0,0.0,308.8272830582118,
66_70,29.85135,54.22385,Resto,0.0,0.0,0.0,0.0,300.6280508123259,
66_7,24.17568,54.22385,Resto,0.0,0.0,0.0,0.6333333333333333,4.01545944939557,
66_69,29.76126,54.22385,Resto,0.0,0.0,0.0,0.0,292.5407702090809,
66_68,29.67117,54.22385,Resto,0.0,0.0,0.0,0.0,284.5749735439482,
66_67,29.58108,54.22385,Resto,0.0,0.0,0.0,0.0,276.7411387180176,
66_66,29.49099,54.22385,Resto,0.0,0.0,0.0,0.0,268.9934598132063,
66_65,29.4009,54.22385,Resto,0.0,0.0,0.0,0.03333333333333333,261.357548279058,
66_64,29.31081,54.22385,Resto,0.0,0.0,0.0,0.03333333333333333,253.8857200546101,
66_63,29.22072,54.22385,Resto,0.0,0.0,0.0,0.03333333333333333,246.5928766686059,
66_62,29.13063,54.22385,Resto,0.0,0.0,0.0,0.03333333333333333,239.4953548048869,
66_61,29.04054,54.22385,Resto,0.0,0.0,0.0,0.03333333333333333,232.58556015149253,
66_60,28.95045,54.22385,Resto,0.0,0.0,0.0,0.03333333333333333,225.70652392805923,
66_6,24.08559,54.22385,Resto,0.0,0.0,0.0,0.0,11.356033077555336,
89_49,27.95946,56.54939,Resto,0.0,0.0,0.0,0.0,85.966172144766,
67_10,24.44595,54.32496,Resto,0.0,0.0,0.0,2744.9333333333334,1.282091991070773,1.0
67_1,23.63514,54.32496,Resto,0.0,0.0,0.0,0.0,60.12086974755661,
67_0,23.54505,54.32496,Resto,0.0,0.0,0.0,0.0,69.58516080449016,
66_9,24.35586,54.22385,Resto,0.0,0.0,0.0,1346.7666666666667,0.2168869680144231,
66_8,24.26577,54.22385,Resto,0.0,0.0,0.0,264.46666666666664,1.7902198024652645,
66_77,30.48198,54.22385,Resto,0.0,0.0,0.0,0.0,356.3607403566805,
66_76,30.39189,54.22385,Resto,0.0,0.0,0.0,0.0,351.22502201294697,
66_75,30.3018,54.22385,Resto,0.0,0.0,0.0,0.0,342.581563581474,
66_74,30.21171,54.22385,Resto,0.0,0.0,0.0,0.0,334.013799333209,
80_73,30.12162,55.63939,Resto,0.0,0.0,0.0,0.03333333333333333,330.08776394168626,
80_72,30.03153,55.63939,Resto,0.0,0.0,0.0,0.03333333333333333,320.3026595043598,
80_71,29.94144,55.63939,Resto,0.0,0.0,0.0,0.03333333333333333,310.5303411607351,
80_70,29.85135,55.63939,Resto,0.0,0.0,0.0,0.03333333333333333,300.772041671672,
80_7,24.17568,55.63939,Resto,0.0,0.0,0.0,0.0,103.72173682023676,
80_69,29.76126,55.63939,Resto,0.0,0.0,0.0,0.06666666666666667,291.02915725752814,
80_68,29.67117,55.63939,Resto,0.0,0.0,0.0,0.06666666666666667,281.30327521559093,
80_67,29.58108,55.63939,Resto,0.0,0.0,0.0,0.03333333333333333,271.5962072396589,
80_66,29.49099,55.63939,Resto,0.0,0.0,0.0,0.03333333333333333,261.91002983796216,
80_65,29.4009,55.63939,Resto,0.0,0.0,0.0,0.03333333333333333,252.2464809835617,
80_64,29.31081,55.63939,Resto,0.0,0.0,0.0,0.03333333333333333,242.59033777169049,
80_63,29.22072,55.63939,Resto,0.0,0.0,0.0,0.03333333333333333,232.94679739096017,
80_62,29.13063,55.63939,Resto,0.0,0.0,0.0,0.03333333333333333,223.33316353448689,
80_61,29.04054,55.63939,Resto,0.0,0.0,0.0,0.03333333333333333,213.64678951693904,
80_60,28.95045,55.63939,Resto,0.0,0.0,0.0,0.03333333333333333,203.93163985258968,
80_6,24.08559,55.63939,Resto,0.0,0.0,0.0,0.0,108.43540255171357,
67_3,23.81532,54.32496,Resto,0.0,0.0,0.0,0.0,41.92106666279139,
67_2,23.72523,54.32496,Resto,0.0,0.0,0.0,0.0,50.85545535794037,
67_46,27.68919,54.32496,Resto,0.0,0.0,0.0,0.0,107.65947640389813,
67_45,27.5991,54.32496,Resto,0.0,0.0,0.0,0.0,97.678369259766,
67_44,27.50901,54.32496,Resto,0.0,0.0,0.0,0.03333333333333333,87.69893183167423,
67_43,27.41892,54.32496,Resto,0.0,0.0,0.0,0.03333333333333333,77.7217626031434,
67_42,27.32883,54.32496,Resto,0.0,0.0,0.0,0.03333333333333333,67.74781256248676,
67_41,27.23874,54.32496,Resto,0.0,0.0,0.0,0.03333333333333333,57.77868907490585,
67_40,27.14865,54.32496,Resto,0.0,0.0,0.0,0.0,47.81733897574694,
67_4,23.90541,54.32496,Resto,0.0,0.0,0.0,0.0,33.45576102622713,
67_39,27.05856,54.32496,Resto,0.0,0.0,0.0,0.0,37.8698062485935,
67_38,26.96847,54.32496,Resto,0.0,0.0,0.0,0.0,27.950724833164774,
67_37,26.87838,54.32496,Resto,0.0,0.0,0.0,0.03333333333333333,18.10269656308805,
67_36,26.78829,54.32496,Resto,0.0,0.0,0.0,0.06666666666666667,8.296042821638379,
67_35,26.6982,54.32496,Resto,0.0,0.0,0.0,3616.0666666666666,0.3905893414861706,3.0
89_48,27.86937,56.54939,Resto,0.0,0.0,0.0,0.03333333333333333,76.19249888060104,
67_60,28.95045,54.32496,Resto,0.0,0.0,0.0,0.03333333333333333,232.8384851471954,
67_6,24.08559,54.32496,Resto,0.0,0.0,0.0,0.0,16.71487263087671,
67_59,28.86036,54.32496,Resto,0.0,0.0,0.0,0.03333333333333333,225.71885329673364,
67_58,28.77027,54.32496,Resto,0.0,0.0,0.0,0.0,216.60560268043625,
67_57,28.68018,54.32496,Resto,0.0,0.0,0.0,0.0,207.57337952848,
67_56,28.59009,54.32496,Resto,0.0,0.0,0.0,0.03333333333333333,198.6332197246344,
67_55,28.5,54.32496,Resto,0.0,0.0,0.0,0.03333333333333333,189.79811462171332,
67_54,28.40991,54.32496,Resto,0.0,0.0,0.0,0.0,181.0834223436988,
67_53,28.31982,54.32496,Resto,0.0,0.0,0.0,0.03333333333333333,172.50737244827982,
67_52,28.22973,54.32496,Resto,0.0,0.0,0.0,0.0,164.05774518098136,
67_51,28.13964,54.32496,Resto,0.0,0.0,0.0,0.0,155.6984867198665,
67_50,28.04955,54.32496,Resto,0.0,0.0,0.0,0.03333333333333333,147.18425947077796,
67_5,23.9955,54.32496,Resto,0.0,0.0,0.0,0.0,25.647163157703392,
67_49,27.95946,54.32496,Resto,0.0,0.0,0.0,0.03333333333333333,137.41580064755323,
67_48,27.86937,54.32496,Resto,0.0,0.0,0.0,0.03333333333333333,127.62524203814073,
67_47,27.77928,54.32496,Resto,0.0,0.0,0.0,0.0,117.64185788102056,
67_75,30.3018,54.32496,Resto,0.0,0.0,0.0,0.03333333333333333,347.6295137932833,
67_74,30.21171,54.32496,Resto,0.0,0.0,0.0,0.0,339.19451795622206,
67_73,30.12162,54.32496,Resto,0.0,0.0,0.0,0.0,330.8466632419154,
67_72,30.03153,54.32496,Resto,0.0,0.0,0.0,0.0,322.5927034787178,
67_71,29.94144,54.32496,Resto,0.0,0.0,0.0,0.0,314.44002143963013,
67_70,29.85135,54.32496,Resto,0.0,0.0,0.0,0.0,306.3966899679045,
67_7,24.17568,54.32496,Resto,0.0,0.0,0.0,0.26666666666666666,8.39565415553495,
67_69,29.76126,54.32496,Resto,0.0,0.0,0.0,0.0,298.4715376448721,
67_68,29.67117,54.32496,Resto,0.0,0.0,0.0,0.0,290.673164550299,
67_67,29.58108,54.32496,Resto,0.0,0.0,0.0,0.03333333333333333,282.9417388625196,
67_66,29.49099,54.32496,Resto,0.0,0.0,0.0,0.03333333333333333,275.335682860299,
67_65,29.4009,54.32496,Resto,0.0,0.0,0.0,0.03333333333333333,267.8868035793229,
67_64,29.31081,54.32496,Resto,0.0,0.0,0.0,0.03333333333333333,260.608565325907,
67_63,29.22072,54.32496,Resto,0.0,0.0,0.0,0.03333333333333333,253.51565147759896,
67_62,29.13063,54.32496,Resto,0.0,0.0,0.0,0.03333333333333333,246.6061122216693,
67_61,29.04054,54.32496,Resto,0.0,0.0,0.0,0.03333333333333333,239.73318025457684,
89_47,27.77928,56.54939,Resto,0.0,0.0,0.0,0.03333333333333333,66.48027160003755,
68_13,24.71622,54.42607,Resto,0.0,0.0,0.0,593.1666666666666,17.07081688876843,10.0
68_11,24.53604,54.42607,Resto,0.0,0.0,0.0,36447.3,0.1457033737402141,
68_10,24.44595,54.42607,Resto,0.0,0.0,0.0,7875.733333333334,1.888294002132854,
68_1,23.63514,54.42607,Resto,0.0,0.0,0.0,0.0,64.38420550587053,
68_0,23.54505,54.42607,Resto,0.0,0.0,0.0,0.0,73.3019839636662,
67_9,24.35586,54.32496,Resto,0.0,0.0,0.0,2744.9333333333334,1.0973431168492038,4.0
67_8,24.26577,54.32496,Resto,0.0,0.0,0.0,0.4666666666666667,0.4472743515052146,1.0
67_77,30.48198,54.32496,Resto,0.0,0.0,0.0,0.03333333333333333,364.7367239162518,
67_76,30.39189,54.32496,Resto,0.0,0.0,0.0,0.03333333333333333,356.1454693838216,
10_28,26.06757,48.56166,Resto,0.0,0.0,0.0,0.0,142.6813453831655,
10_27,25.97748,48.56166,Resto,0.0,0.0,0.0,0.0,143.6534817608986,
10_26,25.88739,48.56166,Resto,0.0,0.0,0.0,0.0,144.64045048057594,
10_25,25.7973,48.56166,Resto,0.0,0.0,0.0,0.0,145.92620919037765,
10_24,25.70721,48.56166,Resto,0.0,0.0,0.0,0.03333333333333333,147.88533995001575,
10_23,25.61712,48.56166,Resto,0.0,0.0,0.0,0.03333333333333333,150.4915476305815,
10_22,25.52703,48.56166,Resto,0.0,0.0,0.0,0.03333333333333333,153.7119227329762,
10_21,25.43694,48.56166,Resto,0.0,0.0,0.0,0.03333333333333333,157.50879931606295,
10_5,23.9955,48.56166,Resto,0.0,0.0,0.0,0.0,235.7957102120249,
10_49,27.95946,48.56166,Resto,0.0,0.0,0.0,0.03333333333333333,13.193993910758389,
10_48,27.86937,48.56166,Resto,0.0,0.0,0.0,0.03333333333333333,20.77601339764584,
10_47,27.77928,48.56166,Resto,0.0,0.0,0.0,0.03333333333333333,22.54138623656397,
10_46,27.68919,48.56166,Resto,0.0,0.0,0.0,0.0,21.85360399434344,
10_45,27.5991,48.56166,Resto,0.0,0.0,0.0,0.0,25.23382137835724,
10_44,27.50901,48.56166,Resto,0.0,0.0,0.0,0.03333333333333333,29.268958062922067,
10_43,27.41892,48.56166,Resto,0.0,0.0,0.0,0.03333333333333333,34.512799825168536,
68_3,23.81532,54.42607,Resto,0.0,0.0,0.0,0.0,47.62567079558525,
20_7,24.17568,49.57276,Resto,0.0,0.0,0.0,0.0,136.16471451178504,
68_2,23.72523,54.42607,Resto,0.0,0.0,0.0,0.0,55.79940995373005,
80_59,28.86036,55.63939,Resto,0.0,0.0,0.0,0.03333333333333333,194.2437376569524,
80_58,28.77027,55.63939,Resto,0.0,0.0,0.0,0.03333333333333333,184.5873517602472,
80_57,28.68018,55.63939,Resto,0.0,0.0,0.0,0.03333333333333333,174.9676778352731,
80_56,28.59009,55.63939,Resto,0.0,0.0,0.0,0.03333333333333333,165.39109810489637,
80_55,28.5,55.63939,Resto,0.0,0.0,0.0,0.03333333333333333,155.86553091696382,
80_54,28.40991,55.63939,Resto,0.0,0.0,0.0,0.0,146.40090729616696,
80_53,28.31982,55.63939,Resto,0.0,0.0,0.0,0.0,137.00982929526572,
80_52,28.22973,55.63939,Resto,0.0,0.0,0.0,0.0,127.70849209008112,
80_51,28.13964,55.63939,Resto,0.0,0.0,0.0,0.03333333333333333,118.5179935207114,
80_50,28.04955,55.63939,Resto,0.0,0.0,0.0,0.03333333333333333,109.46621898686192,
80_5,23.9955,55.63939,Resto,0.0,0.0,0.0,0.0,113.17979292564632,
80_49,27.95946,55.63939,Resto,0.0,0.0,0.0,0.03333333333333333,100.59058690325315,
80_48,27.86937,55.63939,Resto,0.0,0.0,0.0,0.03333333333333333,91.94208133760698,
80_47,27.77928,55.63939,Resto,0.0,0.0,0.0,0.06666666666666667,83.58059177514059,
80_46,27.68919,55.63939,Resto,0.0,0.0,0.0,0.06666666666666667,75.55291941895867,
80_45,27.5991,55.63939,Resto,0.0,0.0,0.0,0.03333333333333333,66.19381113814907,
68_48,27.86937,54.42607,Resto,0.0,0.0,0.0,0.03333333333333333,128.30805127228226,
68_47,27.77928,54.42607,Resto,0.0,0.0,0.0,0.0,118.38353187390229,
68_46,27.68919,54.42607,Resto,0.0,0.0,0.0,0.0,108.47075308163312,
68_45,27.5991,54.42607,Resto,0.0,0.0,0.0,0.0,98.57322124862624,
68_44,27.50901,54.42607,Resto,0.0,0.0,0.0,0.0,88.69600114277355,
68_43,27.41892,54.42607,Resto,0.0,0.0,0.0,0.0,78.84668216202456,
68_42,27.32883,54.42607,Resto,0.0,0.0,0.0,0.0,69.0325101295234,
68_41,27.23874,54.42607,Resto,0.0,0.0,0.0,0.0,59.2285015022772,
68_40,27.14865,54.42607,Resto,0.0,0.0,0.0,0.06666666666666667,49.4793857299943,
68_4,23.90541,54.42607,Resto,0.0,0.0,0.0,0.0,38.94473320866988,
68_39,27.05856,54.42607,Resto,0.0,0.0,0.0,0.06666666666666667,39.84835590532112,
68_38,26.96847,54.42607,Resto,0.0,0.0,0.0,0.03333333333333333,30.447562395021613,
68_37,26.87838,54.42607,Resto,0.0,0.0,0.0,0.03333333333333333,21.57986311348403,
68_36,26.78829,54.42607,Resto,0.0,0.0,0.0,0.06666666666666667,13.705837674573171,
68_35,26.6982,54.42607,Resto,0.0,0.0,0.0,2.1,7.949132182311363,
68_34,26.60811,54.42607,Resto,0.0,0.0,0.0,14.433333333333334,1.8905770062314025,
68_62,29.13063,54.42607,Resto,0.0,0.0,0.0,0.03333333333333333,253.7524381441122,
68_61,29.04054,54.42607,Resto,0.0,0.0,0.0,0.03333333333333333,246.87187979646808,
68_60,28.95045,54.42607,Resto,0.0,0.0,0.0,0.03333333333333333,238.88111769980887,
68_6,24.08559,54.42607,Resto,0.0,0.0,0.0,0.1,19.241793014637874,
68_59,28.86036,54.42607,Resto,0.0,0.0,0.0,0.03333333333333333,229.85936531398,
68_58,28.77027,54.42607,Resto,0.0,0.0,0.0,0.0,220.9212355346238,
68_57,28.68018,54.42607,Resto,0.0,0.0,0.0,0.0,212.0772847210291,
68_56,28.59009,54.42607,Resto,0.0,0.0,0.0,0.03333333333333333,203.3397841848748,
68_55,28.5,54.42607,Resto,0.0,0.0,0.0,0.03333333333333333,194.72304588224472,
68_54,28.40991,54.42607,Resto,0.0,0.0,0.0,0.03333333333333333,186.2410312033251,
68_53,28.31982,54.42607,Resto,0.0,0.0,0.0,0.03333333333333333,177.8269985369786,
68_52,28.22973,54.42607,Resto,0.0,0.0,0.0,0.0,168.0823300383347,
68_51,28.13964,54.42607,Resto,0.0,0.0,0.0,0.0,158.1301592298665,
68_50,28.04955,54.42607,Resto,0.0,0.0,0.0,0.03333333333333333,148.18296883630626,
68_5,23.9955,54.42607,Resto,0.0,0.0,0.0,0.03333333333333333,29.04850829432688,
68_49,27.95946,54.42607,Resto,0.0,0.0,0.0,0.03333333333333333,138.24180822017848,
68_77,30.48198,54.42607,Resto,0.0,0.0,0.0,0.03333333333333333,369.734753707274,
68_76,30.39189,54.42607,Resto,0.0,0.0,0.0,0.03333333333333333,361.2675756974187,
68_75,30.3018,54.42607,Resto,0.0,0.0,0.0,0.03333333333333333,352.88054658418724,
68_74,30.21171,54.42607,Resto,0.0,0.0,0.0,0.03333333333333333,344.5795082420084,
68_73,30.12162,54.42607,Resto,0.0,0.0,0.0,0.0,336.3708161745825,
68_72,30.03153,54.42607,Resto,0.0,0.0,0.0,0.0,328.26138714433614,
68_71,29.94144,54.42607,Resto,0.0,0.0,0.0,0.0,320.25875035000735,
68_70,29.85135,54.42607,Resto,0.0,0.0,0.0,0.0,312.37110201681725,
68_7,24.17568,54.42607,Resto,0.0,0.0,0.0,0.06666666666666667,9.797491485313868,
68_69,29.76126,54.42607,Resto,0.0,0.0,0.0,0.0,304.6004074590512,
68_68,29.67117,54.42607,Resto,0.0,0.0,0.0,0.03333333333333333,296.88924327217444,
68_67,29.58108,54.42607,Resto,0.0,0.0,0.0,0.03333333333333333,289.31048134473644,
68_66,29.49099,54.42607,Resto,0.0,0.0,0.0,0.03333333333333333,281.8825351243694,
68_65,29.4009,54.42607,Resto,0.0,0.0,0.0,0.03333333333333333,274.61762975020486,
68_64,29.31081,54.42607,Resto,0.0,0.0,0.0,0.03333333333333333,267.52903457294786,
68_63,29.22072,54.42607,Resto,0.0,0.0,0.0,0.03333333333333333,260.6192429025898,
69_2,23.72523,54.52718,Resto,0.0,0.0,0.0,0.0,60.47484203417568,
20_6,24.08559,49.57276,Resto,0.0,0.0,0.0,0.03333333333333333,141.17689140079625,
21_13,24.71622,49.67388,Resto,0.0,0.0,0.0,0.0,97.82466996713264,
69_12,24.62613,54.52718,Resto,0.0,0.0,0.0,6017.6,7.521223046989895,
69_11,24.53604,54.52718,Resto,0.0,0.0,0.0,6371.4,2.473744645716439,
69_10,24.44595,54.52718,Resto,0.0,0.0,0.0,11645.966666666667,0.4555687213790847,
69_1,23.63514,54.52718,Resto,0.0,0.0,0.0,0.0,69.815617222727,
69_0,23.54505,54.52718,Resto,0.0,0.0,0.0,0.0,78.20872289286574,
68_9,24.35586,54.42607,Resto,0.0,0.0,0.0,7875.733333333334,3.7821452911270232,1.0
68_8,24.26577,54.42607,Resto,0.0,0.0,0.0,6284.866666666667,2.2390234288181583,1.0
69_35,26.6982,54.52718,Resto,0.0,0.0,0.0,0.0,11.760773363946948,
69_3,23.81532,54.52718,Resto,0.0,0.0,0.0,0.0,50.84947361956466,
10_13,24.71622,48.56166,Resto,0.0,0.0,0.0,0.03333333333333333,194.88067899022667,
10_12,24.62613,48.56166,Resto,0.0,0.0,0.0,0.03333333333333333,200.75879895240817,
10_11,24.53604,48.56166,Resto,0.0,0.0,0.0,0.03333333333333333,206.95811377373448,
10_10,24.44595,48.56166,Resto,0.0,0.0,0.0,0.03333333333333333,213.45063986820065,
10_1,23.63514,48.56166,Resto,0.0,0.0,0.0,0.0,256.1556200353057,
10_0,23.54505,48.56166,Resto,0.0,0.0,0.0,0.0,261.24342778870795,
0_9,24.35586,47.55056,Resto,0.0,0.0,0.0,0.0,303.9663923547247,
0_8,24.26577,47.55056,Resto,0.0,0.0,0.0,0.0,309.1406474446887,
10_35,26.6982,48.56166,Resto,0.0,0.0,0.0,0.0,94.89895176786912,
10_34,26.60811,48.56166,Resto,0.0,0.0,0.0,0.0,101.2488177386419,
10_33,26.51802,48.56166,Resto,0.0,0.0,0.0,0.0,107.67959932196474,
10_32,26.42793,48.56166,Resto,0.0,0.0,0.0,0.0,114.53524541482412,
10_31,26.33784,48.56166,Resto,0.0,0.0,0.0,0.0,121.8360755788847,
10_30,26.24775,48.56166,Resto,0.0,0.0,0.0,0.0,129.50682276982022,
10_3,23.81532,48.56166,Resto,0.0,0.0,0.0,0.0,246.59589935466,
10_29,26.15766,48.56166,Resto,0.0,0.0,0.0,0.03333333333333333,137.48558597076143,
69_5,23.9955,54.52718,Resto,0.0,0.0,0.0,0.03333333333333333,32.255900384096805,
69_49,27.95946,54.52718,Resto,0.0,0.0,0.0,0.03333333333333333,139.59088766773064,
69_48,27.86937,54.52718,Resto,0.0,0.0,0.0,0.03333333333333333,129.76227198379777,
69_47,27.77928,54.52718,Resto,0.0,0.0,0.0,0.03333333333333333,119.95448928640673,
69_46,27.68919,54.52718,Resto,0.0,0.0,0.0,0.03333333333333333,110.15267803933286,
69_45,27.5991,54.52718,Resto,0.0,0.0,0.0,0.03333333333333333,100.38259140563642,
69_44,27.50901,54.52718,Resto,0.0,0.0,0.0,0.0,90.65994986523422,
69_43,27.41892,54.52718,Resto,0.0,0.0,0.0,0.0,81.00179616391402,
69_42,27.32883,54.52718,Resto,0.0,0.0,0.0,0.0,71.43424276682056,
69_41,27.23874,54.52718,Resto,0.0,0.0,0.0,0.0,61.99919087378073,
69_40,27.14865,54.52718,Resto,0.0,0.0,0.0,0.0,52.767697275108176,
69_4,23.90541,54.52718,Resto,0.0,0.0,0.0,0.03333333333333333,41.39338591506323,
69_39,27.05856,54.52718,Resto,0.0,0.0,0.0,0.0,43.86837911317736,
69_38,26.96847,54.52718,Resto,0.0,0.0,0.0,0.0,35.551471790818525,
69_37,26.87838,54.52718,Resto,0.0,0.0,0.0,0.0,27.84703193584437,
69_36,26.78829,54.52718,Resto,0.0,0.0,0.0,0.06666666666666667,21.58730122012357,
69_64,29.31081,54.52718,Resto,0.0,0.0,0.0,0.03333333333333333,274.6249512316529,
69_63,29.22072,54.52718,Resto,0.0,0.0,0.0,0.0,267.7642942614856,
69_62,29.13063,54.52718,Resto,0.0,0.0,0.0,0.0,260.898458419951,
69_61,29.04054,54.52718,Resto,0.0,0.0,0.0,0.0,252.13713701816152,
69_60,28.95045,54.52718,Resto,0.0,0.0,0.0,0.03333333333333333,243.20077074405344,
69_6,24.08559,54.52718,Resto,0.0,0.0,0.0,0.13333333333333333,23.806877732814417,
69_59,28.86036,54.52718,Resto,0.0,0.0,0.0,0.03333333333333333,234.3497594137725,
69_58,28.77027,54.52718,Resto,0.0,0.0,0.0,0.03333333333333333,225.59413371494617,
69_57,28.68018,54.52718,Resto,0.0,0.0,0.0,0.0,216.945426222773,
69_56,28.59009,54.52718,Resto,0.0,0.0,0.0,0.03333333333333333,208.4169304859388,
69_55,28.5,54.52718,Resto,0.0,0.0,0.0,0.03333333333333333,198.8980391201353,
69_54,28.40991,54.52718,Resto,0.0,0.0,0.0,0.03333333333333333,188.9860061047143,
69_53,28.31982,54.52718,Resto,0.0,0.0,0.0,0.03333333333333333,179.08257175337212,
69_52,28.22973,54.52718,Resto,0.0,0.0,0.0,0.0,169.1892246763818,
69_51,28.13964,54.52718,Resto,0.0,0.0,0.0,0.0,159.307821585467,
69_50,28.04955,54.52718,Resto,0.0,0.0,0.0,0.03333333333333333,149.44070774890463,
69_9,24.35586,54.52718,Resto,0.0,0.0,0.0,11645.966666666667,5.386812096937316,
69_8,24.26577,54.52718,Resto,0.0,0.0,0.0,47023.73333333333,9.95913034772714,
69_77,30.48198,54.52718,Resto,0.0,0.0,0.0,0.03333333333333333,374.9247812198814,
69_76,30.39189,54.52718,Resto,0.0,0.0,0.0,0.03333333333333333,366.5828471464243,
69_75,30.3018,54.52718,Resto,0.0,0.0,0.0,0.03333333333333333,358.3256921043656,
69_74,30.21171,54.52718,Resto,0.0,0.0,0.0,0.03333333333333333,350.1593031580866,
69_73,30.12162,54.52718,Resto,0.0,0.0,0.0,0.0,342.09016991345163,
69_72,30.03153,54.52718,Resto,0.0,0.0,0.0,0.0,334.1253276230633,
69_71,29.94144,54.52718,Resto,0.0,0.0,0.0,0.0,326.27240287107315,
69_70,29.85135,54.52718,Resto,0.0,0.0,0.0,0.0,318.5224026782838,
69_7,24.17568,54.52718,Resto,0.0,0.0,0.0,0.2,16.420220191507635,
69_69,29.76126,54.52718,Resto,0.0,0.0,0.0,0.0,310.8351537607667,
69_68,29.67117,54.52718,Resto,0.0,0.0,0.0,0.03333333333333333,303.28145809779693,
69_67,29.58108,54.52718,Resto,0.0,0.0,0.0,0.03333333333333333,295.8727034199445,
69_66,29.49099,54.52718,Resto,0.0,0.0,0.0,0.03333333333333333,288.62003909199706,
69_65,29.4009,54.52718,Resto,0.0,0.0,0.0,0.03333333333333333,281.53551569021204,
6_22,25.52703,48.15722,Resto,0.0,0.0,0.0,0.03333333333333333,192.6618331484416,
6_21,25.43694,48.15722,Resto,0.0,0.0,0.0,0.03333333333333333,195.7333354855168,
6_20,25.34685,48.15722,Resto,0.0,0.0,0.0,0.03333333333333333,199.26529798783724,
6_2,23.72523,48.15722,Resto,0.0,0.0,0.0,0.0,286.993546475988,
6_19,25.25676,48.15722,Resto,0.0,0.0,0.0,0.03333333333333333,203.23371743102223,
6_18,25.16667,48.15722,Resto,0.0,0.0,0.0,0.03333333333333333,207.6135694663497,
6_17,25.07658,48.15722,Resto,0.0,0.0,0.0,0.1,212.3794029488344,
6_16,24.98649,48.15722,Resto,0.0,0.0,0.0,0.1,216.95714526347464,
6_15,24.8964,48.15722,Resto,0.0,0.0,0.0,0.1,220.98387947158224,
6_14,24.80631,48.15722,Resto,0.0,0.0,0.0,0.1,225.3670527691844,
6_13,24.71622,48.15722,Resto,0.0,0.0,0.0,0.03333333333333333,230.05835661513035,
6_12,24.62613,48.15722,Resto,0.0,0.0,0.0,0.03333333333333333,235.08611577229905,
6_11,24.53604,48.15722,Resto,0.0,0.0,0.0,0.03333333333333333,240.42922525452784,
6_10,24.44595,48.15722,Resto,0.0,0.0,0.0,0.03333333333333333,246.0671448193021,
6_1,23.63514,48.15722,Resto,0.0,0.0,0.0,0.0,292.3876276555173,
6_0,23.54505,48.15722,Resto,0.0,0.0,0.0,0.0,297.59625573404173,
6_37,26.87838,48.15722,Resto,0.0,0.0,0.0,0.0,106.14902158281603,
6_36,26.78829,48.15722,Resto,0.0,0.0,0.0,0.0,114.1235366978174,
6_35,26.6982,48.15722,Resto,0.0,0.0,0.0,0.0,122.40679171031822,
6_34,26.60811,48.15722,Resto,0.0,0.0,0.0,0.0,130.64581460593826,
6_33,26.51802,48.15722,Resto,0.0,0.0,0.0,0.0,139.0765267512981,
6_32,26.42793,48.15722,Resto,0.0,0.0,0.0,0.0,145.54537888520696,
6_31,26.33784,48.15722,Resto,0.0,0.0,0.0,0.03333333333333333,151.80141628001752,
6_30,26.24775,48.15722,Resto,0.0,0.0,0.0,0.03333333333333333,158.27164411288695,
6_3,23.81532,48.15722,Resto,0.0,0.0,0.0,0.0,281.85452601934776,
6_29,26.15766,48.15722,Resto,0.0,0.0,0.0,0.03333333333333333,164.88942225596708,
6_28,26.06757,48.15722,Resto,0.0,0.0,0.0,0.03333333333333333,171.8417023117833,
6_27,25.97748,48.15722,Resto,0.0,0.0,0.0,0.03333333333333333,179.08953521690538,
6_26,25.88739,48.15722,Resto,0.0,0.0,0.0,0.03333333333333333,185.38709371244124,
6_25,25.7973,48.15722,Resto,0.0,0.0,0.0,0.03333333333333333,186.4207211939945,
6_24,25.70721,48.15722,Resto,0.0,0.0,0.0,0.03333333333333333,187.98711706315103,
6_23,25.61712,48.15722,Resto,0.0,0.0,0.0,0.03333333333333333,190.0731125172847,
6_51,28.13964,48.15722,Resto,0.0,0.0,0.0,0.03333333333333333,41.313240266258006,
6_50,28.04955,48.15722,Resto,0.0,0.0,0.0,0.03333333333333333,45.31209216115104,
6_5,23.9955,48.15722,Resto,0.0,0.0,0.0,0.0,272.39869581194233,
6_49,27.95946,48.15722,Resto,0.0,0.0,0.0,0.0,48.29781850025109,
6_48,27.86937,48.15722,Resto,0.0,0.0,0.0,0.0,52.932567237354,
6_47,27.77928,48.15722,Resto,0.0,0.0,0.0,0.0,57.471341247251296,
6_46,27.68919,48.15722,Resto,0.0,0.0,0.0,0.0,61.91501905265672,
6_45,27.5991,48.15722,Resto,0.0,0.0,0.0,0.0,63.28910659504049,
6_44,27.50901,48.15722,Resto,0.0,0.0,0.0,0.0,66.09679958696042,
6_43,27.41892,48.15722,Resto,0.0,0.0,0.0,0.0,70.24777220728194,
6_42,27.32883,48.15722,Resto,0.0,0.0,0.0,0.0,74.32931752488514,
6_41,27.23874,48.15722,Resto,0.0,0.0,0.0,0.0,79.17110011637175,
6_40,27.14865,48.15722,Resto,0.0,0.0,0.0,0.0,84.93495340061375,
6_4,23.90541,48.15722,Resto,0.0,0.0,0.0,0.0,276.9847624188909,
6_39,27.05856,48.15722,Resto,0.0,0.0,0.0,0.0,91.44669726266989,
6_38,26.96847,48.15722,Resto,0.0,0.0,0.0,0.0,98.55821033114148,
21_12,24.62613,49.67388,Resto,0.0,0.0,0.0,0.0,102.14390463885802,
21_11,24.53604,49.67388,Resto,0.0,0.0,0.0,0.0,107.23098208589823,
6_64,29.31081,48.15722,Resto,0.0,0.0,0.0,1229.4666666666667,6.14385143002571,20.0
21_10,24.44595,49.67388,Resto,0.0,0.0,0.0,0.0,112.9822257521192,
6_62,29.13063,48.15722,Resto,0.0,0.0,0.0,21875.8,1.866318323562908,19.0
6_61,29.04054,48.15722,Resto,0.0,0.0,0.0,22022.333333333332,0.2870675211372652,9.0
6_60,28.95045,48.15722,Resto,0.0,0.0,0.0,22022.333333333332,3.6124895763176688,
6_6,24.08559,48.15722,Resto,0.0,0.0,0.0,0.0,268.11088352659795,
6_59,28.86036,48.15722,Resto,0.0,0.0,0.0,233.4,9.36134761602424,
6_58,28.77027,48.15722,Resto,0.0,0.0,0.0,0.5666666666666667,13.76766977047982,
6_57,28.68018,48.15722,Resto,0.0,0.0,0.0,0.3,19.020903435963525,
6_56,28.59009,48.15722,Resto,0.0,0.0,0.0,1.3,20.00734947090909,
6_55,28.5,48.15722,Resto,0.0,0.0,0.0,0.03333333333333333,24.81172108221713,
6_54,28.40991,48.15722,Resto,0.0,0.0,0.0,0.06666666666666667,30.33171971631476,
6_53,28.31982,48.15722,Resto,0.0,0.0,0.0,0.03333333333333333,31.71092132856787,
6_52,28.22973,48.15722,Resto,0.0,0.0,0.0,0.0,35.48653906113593,
70_1,23.63514,54.62829,Resto,0.0,0.0,0.0,0.0,73.05447537978266,
70_0,23.54505,54.62829,Resto,0.0,0.0,0.0,0.0,82.50590349578835,
6_9,24.35586,48.15722,Resto,0.0,0.0,0.0,0.03333333333333333,251.9800880095264,
6_8,24.26577,48.15722,Resto,0.0,0.0,0.0,0.0,258.1491585111028,
6_77,30.48198,48.15722,Resto,0.0,0.0,0.0,14.666666666666666,47.155003827555504,
6_76,30.39189,48.15722,Resto,0.0,0.0,0.0,1572.7333333333333,38.480207593357086,
6_75,30.3018,48.15722,Resto,0.0,0.0,0.0,84.56666666666666,28.951928082692355,
6_74,30.21171,48.15722,Resto,0.0,0.0,0.0,0.03333333333333333,19.003213309596383,
6_73,30.12162,48.15722,Resto,0.0,0.0,0.0,0.03333333333333333,9.095626650239236,
6_72,30.03153,48.15722,Resto,0.0,0.0,0.0,559.1333333333333,0.8116060461140381,
6_71,29.94144,48.15722,Resto,0.0,0.0,0.0,1.1,1.0256195851719527,
6_70,29.85135,48.15722,Resto,0.0,0.0,0.0,1.1,3.096509819652866,
6_7,24.17568,48.15722,Resto,0.0,0.0,0.0,0.0,264.13584985772115,
6_69,29.76126,48.15722,Resto,0.0,0.0,0.0,0.06666666666666667,5.795909220512462,
6_68,29.67117,48.15722,Resto,0.0,0.0,0.0,0.23333333333333334,1.3962859448831768,7.0
6_67,29.58108,48.15722,Resto,0.0,0.0,0.0,178.5,1.2829238035470454,
70_2,23.72523,54.62829,Resto,0.0,0.0,0.0,0.0,63.76475004234496,
21_1,23.63514,49.67388,Resto,0.0,0.0,0.0,0.06666666666666667,165.3982641145869,
21_0,23.54505,49.67388,Resto,0.0,0.0,0.0,0.03333333333333333,172.93363520027364,
70_15,24.8964,54.62829,Resto,0.0,0.0,0.0,187.66666666666666,12.978178358048376,12.0
70_14,24.80631,54.62829,Resto,0.0,0.0,0.0,418.3666666666667,5.80637741537285,6.0
20_9,24.35586,49.57276,Resto,0.0,0.0,0.0,0.0,127.28588219280772,
70_12,24.62613,54.62829,Resto,0.0,0.0,0.0,2.566666666666667,0.2757930720539549,
70_11,24.53604,54.62829,Resto,0.0,0.0,0.0,322.7,2.3173447554275644,
70_10,24.44595,54.62829,Resto,0.0,0.0,0.0,1.4,5.4679316534408295,
70_39,27.05856,54.62829,Resto,0.0,0.0,0.0,0.03333333333333333,49.6230785928988,
70_38,26.96847,54.62829,Resto,0.0,0.0,0.0,0.0,42.002053527729416,
70_37,26.87838,54.62829,Resto,0.0,0.0,0.0,0.0,33.22937867502627,
70_36,26.78829,54.62829,Resto,0.0,0.0,0.0,0.03333333333333333,23.53353727410019,
70_35,26.6982,54.62829,Resto,0.0,0.0,0.0,0.0,14.243277272318672,
70_34,26.60811,54.62829,Resto,0.0,0.0,0.0,0.5666666666666667,6.461948360272295,
70_33,26.51802,54.62829,Resto,0.0,0.0,0.0,21.133333333333333,1.1989991092553098,
70_3,23.81532,54.62829,Resto,0.0,0.0,0.0,0.03333333333333333,54.71920441825405,
80_44,27.50901,55.63939,Resto,0.0,0.0,0.0,0.03333333333333333,56.2398521854561,
80_43,27.41892,55.63939,Resto,0.0,0.0,0.0,0.03333333333333333,46.297769071786185,
80_42,27.32883,55.63939,Resto,0.0,0.0,0.0,0.03333333333333333,36.37719654888896,
80_41,27.23874,55.63939,Resto,0.0,0.0,0.0,0.0,26.50215978785728,
80_40,27.14865,55.63939,Resto,0.0,0.0,0.0,0.0,16.75315056008149,
80_4,23.90541,55.63939,Resto,0.0,0.0,0.0,0.0,118.41608145800606,
80_39,27.05856,55.63939,Resto,0.0,0.0,0.0,0.0,7.457066084251569,
80_38,26.96847,55.63939,Resto,0.0,0.0,0.0,26.466666666666665,0.3996099493459708,
80_37,26.87838,55.63939,Resto,0.0,0.0,0.0,134.9,5.387413642409983,1.0
20_8,24.26577,49.57276,Resto,0.0,0.0,0.0,0.0,131.68302056484478,
70_53,28.31982,54.62829,Resto,0.0,0.0,0.0,0.03333333333333333,178.94303564114506,
70_52,28.22973,54.62829,Resto,0.0,0.0,0.0,0.03333333333333333,170.8686811416468,
70_51,28.13964,54.62829,Resto,0.0,0.0,0.0,0.03333333333333333,161.06860419874553,
70_50,28.04955,54.62829,Resto,0.0,0.0,0.0,0.03333333333333333,151.29149295535387,
70_5,23.9955,54.62829,Resto,0.0,0.0,0.0,0.0,38.05910707292588,
70_49,27.95946,54.62829,Resto,0.0,0.0,0.0,0.03333333333333333,141.5438770300971,
70_48,27.86937,54.62829,Resto,0.0,0.0,0.0,0.03333333333333333,131.83227187405765,
70_47,27.77928,54.62829,Resto,0.0,0.0,0.0,0.0,122.16523648453492,
70_46,27.68919,54.62829,Resto,0.0,0.0,0.0,0.0,112.5542236182648,
70_45,27.5991,54.62829,Resto,0.0,0.0,0.0,0.03333333333333333,103.01488004314396,
70_44,27.50901,54.62829,Resto,0.0,0.0,0.0,0.0,93.56909024395716,
70_43,27.41892,54.62829,Resto,0.0,0.0,0.0,0.0,84.24828524341343,
70_42,27.32883,54.62829,Resto,0.0,0.0,0.0,0.03333333333333333,75.0989692231242,
70_41,27.23874,54.62829,Resto,0.0,0.0,0.0,0.03333333333333333,66.19223837465502,
70_40,27.14865,54.62829,Resto,0.0,0.0,0.0,0.03333333333333333,57.64059551252919,
70_4,23.90541,54.62829,Resto,0.0,0.0,0.0,0.0,46.06198698872487,
70_68,29.67117,54.62829,Resto,0.0,0.0,0.0,0.0,309.8571382286373,
70_67,29.58108,54.62829,Resto,0.0,0.0,0.0,0.03333333333333333,302.6157710437392,
70_66,29.49099,54.62829,Resto,0.0,0.0,0.0,0.03333333333333333,294.5766080096725,
70_65,29.4009,54.62829,Resto,0.0,0.0,0.0,0.0,285.26748694406047,
70_64,29.31081,54.62829,Resto,0.0,0.0,0.0,0.0,276.005761464732,
70_63,29.22072,54.62829,Resto,0.0,0.0,0.0,0.0,266.7963533227947,
70_62,29.13063,54.62829,Resto,0.0,0.0,0.0,0.0,257.64485804365336,
70_61,29.04054,54.62829,Resto,0.0,0.0,0.0,0.0,248.5508005460824,
70_60,28.95045,54.62829,Resto,0.0,0.0,0.0,0.0,239.4993221366332,
70_6,24.08559,54.62829,Resto,0.0,0.0,0.0,0.0,30.68097927453964,
70_59,28.86036,54.62829,Resto,0.0,0.0,0.0,0.03333333333333333,230.52494240849032,
70_58,28.77027,54.62829,Resto,0.0,0.0,0.0,0.03333333333333333,221.63711326145136,
70_57,28.68018,54.62829,Resto,0.0,0.0,0.0,0.0,212.8466596425036,
70_56,28.59009,54.62829,Resto,0.0,0.0,0.0,0.0,204.166141266128,
70_55,28.5,54.62829,Resto,0.0,0.0,0.0,0.03333333333333333,195.610175293406,
70_54,28.40991,54.62829,Resto,0.0,0.0,0.0,0.03333333333333333,187.1958210123845,
71_11,24.53604,54.7294,Resto,0.0,0.0,0.0,0.06666666666666667,11.487335632471902,
71_10,24.44595,54.7294,Resto,0.0,0.0,0.0,0.03333333333333333,15.722445008600282,
71_1,23.63514,54.7294,Resto,0.0,0.0,0.0,0.0,77.18727562917758,
71_0,23.54505,54.7294,Resto,0.0,0.0,0.0,0.0,86.18862508134549,
70_9,24.35586,54.62829,Resto,0.0,0.0,0.0,1.4,11.481261640508334,
70_8,24.26577,54.62829,Resto,0.0,0.0,0.0,0.06666666666666667,19.047806105009226,
0_7,24.17568,47.55056,Resto,0.0,0.0,0.0,0.0,314.5514839896567,
0_69,29.76126,47.55056,Resto,0.0,0.0,0.0,0.03333333333333333,41.14135967690141,
0_68,29.67117,47.55056,Resto,0.0,0.0,0.0,0.1,33.89366893348111,
0_67,29.58108,47.55056,Resto,0.0,0.0,0.0,0.16666666666666666,26.603452553957727,
0_66,29.49099,47.55056,Resto,0.0,0.0,0.0,0.03333333333333333,19.692140071905943,
0_65,29.4009,47.55056,Resto,0.0,0.0,0.0,0.03333333333333333,15.67864168524721,
0_64,29.31081,47.55056,Resto,0.0,0.0,0.0,0.03333333333333333,16.235241173486905,
0_63,29.22072,47.55056,Resto,0.0,0.0,0.0,0.03333333333333333,22.01672668183756,
10_20,25.34685,48.56166,Resto,0.0,0.0,0.0,0.03333333333333333,161.84160823995467,
10_2,23.72523,48.56166,Resto,0.0,0.0,0.0,0.0,251.3510656276393,
10_19,25.25676,48.56166,Resto,0.0,0.0,0.0,0.03333333333333333,166.66855822897247,
10_18,25.16667,48.56166,Resto,0.0,0.0,0.0,0.03333333333333333,171.25036300179,
10_17,25.07658,48.56166,Resto,0.0,0.0,0.0,0.03333333333333333,175.13906838007816,
10_16,24.98649,48.56166,Resto,0.0,0.0,0.0,0.03333333333333333,179.48070624462804,
10_15,24.8964,48.56166,Resto,0.0,0.0,0.0,0.03333333333333333,184.20937398278733,
10_14,24.80631,48.56166,Resto,0.0,0.0,0.0,0.03333333333333333,189.3536685441464,
70_77,30.48198,54.62829,Resto,0.0,0.0,0.0,0.03333333333333333,380.29890872817344,
70_76,30.39189,54.62829,Resto,0.0,0.0,0.0,0.03333333333333333,372.0829676579225,
70_75,30.3018,54.62829,Resto,0.0,0.0,0.0,0.03333333333333333,363.9561992263527,
70_74,30.21171,54.62829,Resto,0.0,0.0,0.0,0.03333333333333333,355.9247012148042,
70_73,30.12162,54.62829,Resto,0.0,0.0,0.0,0.0,347.99505934505714,
70_72,30.03153,54.62829,Resto,0.0,0.0,0.0,0.0,340.17438575180535,
70_71,29.94144,54.62829,Resto,0.0,0.0,0.0,0.0,332.43940553919344,
70_70,29.85135,54.62829,Resto,0.0,0.0,0.0,0.0,324.7787947246849,
70_7,24.17568,54.62829,Resto,0.0,0.0,0.0,0.0,24.12077230716723,
70_69,29.76126,54.62829,Resto,0.0,0.0,0.0,0.0,317.2482159743828,
20_77,30.48198,49.57276,Resto,0.0,0.0,0.0,0.0,30.066134885326097,
71_2,23.72523,54.7294,Resto,0.0,0.0,0.0,0.03333333333333333,68.45811075783985,
20_76,30.39189,49.57276,Resto,0.0,0.0,0.0,0.0,27.55988039659414,
20_75,30.3018,49.57276,Resto,0.0,0.0,0.0,0.03333333333333333,18.565507354313382,
20_74,30.21171,49.57276,Resto,0.0,0.0,0.0,0.23333333333333334,10.917168330473991,
71_14,24.80631,54.7294,Resto,0.0,0.0,0.0,18800.6,1.1906350547999478,8.0
71_13,24.71622,54.7294,Resto,0.0,0.0,0.0,5157.5,7.495714732651065,
71_12,24.62613,54.7294,Resto,0.0,0.0,0.0,14.533333333333333,7.421021174936271,
71_40,27.14865,54.7294,Resto,0.0,0.0,0.0,0.0,61.94049055352576,
71_4,23.90541,54.7294,Resto,0.0,0.0,0.0,0.0,52.359679835141385,
71_39,27.05856,54.7294,Resto,0.0,0.0,0.0,0.0,54.27657646463403,
71_38,26.96847,54.7294,Resto,0.0,0.0,0.0,0.0,45.70670728305529,
71_37,26.87838,54.7294,Resto,0.0,0.0,0.0,0.03333333333333333,36.59991840650754,
71_36,26.78829,54.7294,Resto,0.0,0.0,0.0,0.0,28.096402567331488,
71_35,26.6982,54.7294,Resto,0.0,0.0,0.0,0.0,20.632891082877784,
71_34,26.60811,54.7294,Resto,0.0,0.0,0.0,0.0,11.126484434157318,
71_3,23.81532,54.7294,Resto,0.0,0.0,0.0,0.03333333333333333,60.11986077110348,
71_55,28.5,54.7294,Resto,0.0,0.0,0.0,0.03333333333333333,190.5824752204311,
71_54,28.40991,54.7294,Resto,0.0,0.0,0.0,0.03333333333333333,181.9317038678184,
71_53,28.31982,54.7294,Resto,0.0,0.0,0.0,0.03333333333333333,173.42434637422537,
71_52,28.22973,54.7294,Resto,0.0,0.0,0.0,0.03333333333333333,165.0825537480954,
71_51,28.13964,54.7294,Resto,0.0,0.0,0.0,0.03333333333333333,156.93270648142385,
71_50,28.04955,54.7294,Resto,0.0,0.0,0.0,0.03333333333333333,149.00627822777116,
71_5,23.9955,54.7294,Resto,0.0,0.0,0.0,0.0,44.98905476097244,
71_49,27.95946,54.7294,Resto,0.0,0.0,0.0,0.03333333333333333,139.9703187223774,
71_48,27.86937,54.7294,Resto,0.0,0.0,0.0,0.03333333333333333,130.81073380693374,
71_47,27.77928,54.7294,Resto,0.0,0.0,0.0,0.0,121.77304335228358,
71_46,27.68919,54.7294,Resto,0.0,0.0,0.0,0.0,112.77836316398626,
71_45,27.5991,54.7294,Resto,0.0,0.0,0.0,0.03333333333333333,103.92731691225885,
71_44,27.50901,54.7294,Resto,0.0,0.0,0.0,0.0,95.30055688762609,
71_43,27.41892,54.7294,Resto,0.0,0.0,0.0,0.0,86.9648135461877,
71_42,27.32883,54.7294,Resto,0.0,0.0,0.0,0.0,78.82126261830173,
71_41,27.23874,54.7294,Resto,0.0,0.0,0.0,0.0,70.17851327175242,
71_7,24.17568,54.7294,Resto,0.0,0.0,0.0,0.0,32.73111280616771,
71_69,29.76126,54.7294,Resto,0.0,0.0,0.0,0.0,318.89525431089083,
71_68,29.67117,54.7294,Resto,0.0,0.0,0.0,0.0,309.9270225756768,
71_67,29.58108,54.7294,Resto,0.0,0.0,0.0,0.0,300.68508772189614,
71_66,29.49099,54.7294,Resto,0.0,0.0,0.0,0.0,291.2263015007244,
71_65,29.4009,54.7294,Resto,0.0,0.0,0.0,0.0,281.8039707641745,
71_64,29.31081,54.7294,Resto,0.0,0.0,0.0,0.0,272.421864153508,
71_63,29.22072,54.7294,Resto,0.0,0.0,0.0,0.0,263.08427058249816,
71_62,29.13063,54.7294,Resto,0.0,0.0,0.0,0.0,253.796088198656,
71_61,29.04054,54.7294,Resto,0.0,0.0,0.0,0.0,244.562931221833,
71_60,28.95045,54.7294,Resto,0.0,0.0,0.0,0.0,235.39125868036737,
71_6,24.08559,54.7294,Resto,0.0,0.0,0.0,0.0,38.29919375750802,
71_59,28.86036,54.7294,Resto,0.0,0.0,0.0,0.0,226.28548956952423,
71_58,28.77027,54.7294,Resto,0.0,0.0,0.0,0.0,217.22275133415124,
71_57,28.68018,54.7294,Resto,0.0,0.0,0.0,0.0,208.24255517643576,
71_56,28.59009,54.7294,Resto,0.0,0.0,0.0,0.0,199.3580104736968,
72_13,24.71622,54.83051,Resto,0.0,0.0,0.0,0.1,11.33289595567043,
72_12,24.62613,54.83051,Resto,0.0,0.0,0.0,0.1,16.788489540798874,
72_11,24.53604,54.83051,Resto,0.0,0.0,0.0,0.13333333333333333,20.82464407786272,
72_10,24.44595,54.83051,Resto,0.0,0.0,0.0,0.06666666666666667,25.11946853973842,
72_1,23.63514,54.83051,Resto,0.0,0.0,0.0,0.0,82.40594161101289,
72_0,23.54505,54.83051,Resto,0.0,0.0,0.0,0.0,90.89459479949254,
71_9,24.35586,54.7294,Resto,0.0,0.0,0.0,0.03333333333333333,18.688624486306907,
71_8,24.26577,54.7294,Resto,0.0,0.0,0.0,0.0,25.50685569790177,
71_77,30.48198,54.7294,Resto,0.0,0.0,0.0,0.03333333333333333,385.8494094489283,
71_76,30.39189,54.7294,Resto,0.0,0.0,0.0,0.03333333333333333,377.7598280164108,
71_75,30.3018,54.7294,Resto,0.0,0.0,0.0,0.03333333333333333,369.7635643702696,
71_74,30.21171,54.7294,Resto,0.0,0.0,0.0,0.03333333333333333,361.86679439028353,
71_73,30.12162,54.7294,Resto,0.0,0.0,0.0,0.0,354.0761644204146,
71_72,30.03153,54.7294,Resto,0.0,0.0,0.0,0.0,346.1346732695503,
71_71,29.94144,54.7294,Resto,0.0,0.0,0.0,0.0,337.0035634799566,
71_70,29.85135,54.7294,Resto,0.0,0.0,0.0,0.0,327.9223405870722,
72_2,23.72523,54.83051,Resto,0.0,0.0,0.0,0.0,74.2891534838273,
20_73,30.12162,49.57276,Resto,0.0,0.0,0.0,20.7,6.937186849559803,
20_72,30.03153,49.57276,Resto,0.0,0.0,0.0,0.13333333333333333,1.199235010825549,
72_15,24.8964,54.83051,Resto,0.0,0.0,0.0,526.1,2.6952423806643573,18.0
72_14,24.80631,54.83051,Resto,0.0,0.0,0.0,217.6,5.82968363915348,
80_3,23.81532,55.63939,Resto,0.0,0.0,0.0,0.0,124.2338479870643,
80_23,25.61712,55.63939,Resto,0.0,0.0,0.0,451.3666666666667,2.7516650376285914,6.0
80_22,25.52703,55.63939,Resto,0.0,0.0,0.0,43.8,1.669659496431222,
80_21,25.43694,55.63939,Resto,0.0,0.0,0.0,0.1,11.0694986309787,
80_20,25.34685,55.63939,Resto,0.0,0.0,0.0,0.03333333333333333,18.31251130411988,
80_2,23.72523,55.63939,Resto,0.0,0.0,0.0,0.06666666666666667,130.5553547498101,
80_19,25.25676,55.63939,Resto,0.0,0.0,0.0,0.03333333333333333,24.10166614558,
80_18,25.16667,55.63939,Resto,0.0,0.0,0.0,0.1,31.29971577664368,
80_17,25.07658,55.63939,Resto,0.0,0.0,0.0,0.0,34.22922191689266,
80_16,24.98649,55.63939,Resto,0.0,0.0,0.0,0.0,39.34503389964074,
72_42,27.32883,54.83051,Resto,0.0,0.0,0.0,0.0,73.08175436931502,
72_41,27.23874,54.83051,Resto,0.0,0.0,0.0,0.0,64.95909001681761,
72_40,27.14865,54.83051,Resto,0.0,0.0,0.0,0.0,56.491720439822814,
72_4,23.90541,54.83051,Resto,0.0,0.0,0.0,0.0,59.31327712531439,
72_39,27.05856,54.83051,Resto,0.0,0.0,0.0,0.0,47.97715527201648,
72_38,26.96847,54.83051,Resto,0.0,0.0,0.0,0.0,40.14246182220006,
72_37,26.87838,54.83051,Resto,0.0,0.0,0.0,0.03333333333333333,32.61763112206355,
72_36,26.78829,54.83051,Resto,0.0,0.0,0.0,0.06666666666666667,24.840817825569665,
72_35,26.6982,54.83051,Resto,0.0,0.0,0.0,15.733333333333333,17.04137276260523,
72_34,26.60811,54.83051,Resto,0.0,0.0,0.0,0.1,8.415469398401338,
21_28,26.06757,49.67388,Resto,0.0,0.0,0.0,0.03333333333333333,31.428772992205115,
72_3,23.81532,54.83051,Resto,0.0,0.0,0.0,0.0,66.68021504823777,
72_57,28.68018,54.83051,Resto,0.0,0.0,0.0,0.0,204.01542549692,
72_56,28.59009,54.83051,Resto,0.0,0.0,0.0,0.0,194.9415373299513,
72_55,28.5,54.83051,Resto,0.0,0.0,0.0,0.03333333333333333,185.9541986077286,
72_54,28.40991,54.83051,Resto,0.0,0.0,0.0,0.03333333333333333,177.07377176247934,
72_53,28.31982,54.83051,Resto,0.0,0.0,0.0,0.03333333333333333,168.31715739901372,
72_52,28.22973,54.83051,Resto,0.0,0.0,0.0,0.03333333333333333,159.70469932025762,
72_51,28.13964,54.83051,Resto,0.0,0.0,0.0,0.03333333333333333,151.26099865927955,
72_50,28.04955,54.83051,Resto,0.0,0.0,0.0,0.03333333333333333,143.01592297756162,
72_5,23.9955,54.83051,Resto,0.0,0.0,0.0,0.0,52.5466299629771,
72_49,27.95946,54.83051,Resto,0.0,0.0,0.0,0.0,135.00584095962952,
72_48,27.86937,54.83051,Resto,0.0,0.0,0.0,0.0,127.03675187188163,
72_47,27.77928,54.83051,Resto,0.0,0.0,0.0,0.0,117.7149547028162,
72_46,27.68919,54.83051,Resto,0.0,0.0,0.0,0.03333333333333333,108.5111406692612,
72_45,27.5991,54.83051,Resto,0.0,0.0,0.0,0.03333333333333333,99.4528737310564,
72_44,27.50901,54.83051,Resto,0.0,0.0,0.0,0.0,90.45176391307211,
72_43,27.41892,54.83051,Resto,0.0,0.0,0.0,0.0,81.61833832457194,
72_71,29.94144,54.83051,Resto,0.0,0.0,0.0,0.0,333.11586162671307,
72_70,29.85135,54.83051,Resto,0.0,0.0,0.0,0.0,323.9225246669644,
72_7,24.17568,54.83051,Resto,0.0,0.0,0.0,0.03333333333333333,39.74490559675774,
72_69,29.76126,54.83051,Resto,0.0,0.0,0.0,0.0,314.7775179080105,
72_68,29.67117,54.83051,Resto,0.0,0.0,0.0,0.0,305.6851661959351,
72_67,29.58108,54.83051,Resto,0.0,0.0,0.0,0.0,296.6502980687821,
72_66,29.49099,54.83051,Resto,0.0,0.0,0.0,0.0,287.67831606974016,
72_65,29.4009,54.83051,Resto,0.0,0.0,0.0,0.0,278.6516346497387,
72_64,29.31081,54.83051,Resto,0.0,0.0,0.0,0.0,269.1572816734917,
72_63,29.22072,54.83051,Resto,0.0,0.0,0.0,0.0,259.69985164551235,
72_62,29.13063,54.83051,Resto,0.0,0.0,0.0,0.0,250.28351487622285,
72_61,29.04054,54.83051,Resto,0.0,0.0,0.0,0.0,240.91307404160924,
72_60,28.95045,54.83051,Resto,0.0,0.0,0.0,0.0,231.5940836543697,
72_6,24.08559,54.83051,Resto,0.0,0.0,0.0,0.0,46.68702555276917,
72_59,28.86036,54.83051,Resto,0.0,0.0,0.0,0.0,222.3329962448245,
72_58,28.77027,54.83051,Resto,0.0,0.0,0.0,0.0,213.1373419923152,
73_15,24.8964,54.93162,Resto,0.0,0.0,0.0,8364.1,3.0208065211960764,
73_14,24.80631,54.93162,Resto,0.0,0.0,0.0,0.06666666666666667,11.114602219421714,
73_13,24.71622,54.93162,Resto,0.0,0.0,0.0,0.03333333333333333,19.0075709804983,
73_12,24.62613,54.93162,Resto,0.0,0.0,0.0,0.06666666666666667,25.487713920555507,
73_11,24.53604,54.93162,Resto,0.0,0.0,0.0,0.06666666666666667,30.11229144862604,
73_10,24.44595,54.93162,Resto,0.0,0.0,0.0,0.03333333333333333,34.28798538510847,
73_1,23.63514,54.93162,Resto,0.0,0.0,0.0,0.0,88.51843073176737,
73_0,23.54505,54.93162,Resto,0.0,0.0,0.0,0.0,96.47400679287978,
72_9,24.35586,54.83051,Resto,0.0,0.0,0.0,0.06666666666666667,27.877767024420635,
72_8,24.26577,54.83051,Resto,0.0,0.0,0.0,0.0,32.844945006724274,
72_77,30.48198,54.83051,Resto,0.0,0.0,0.0,0.03333333333333333,389.0983288007209,
72_76,30.39189,54.83051,Resto,0.0,0.0,0.0,0.03333333333333333,379.6843618163596,
0_55,28.5,47.55056,Resto,0.0,0.0,0.0,0.0,80.67262687867469,
0_54,28.40991,47.55056,Resto,0.0,0.0,0.0,0.0,83.25812097829221,
0_53,28.31982,47.55056,Resto,0.0,0.0,0.0,0.0,86.94178352113504,
0_52,28.22973,47.55056,Resto,0.0,0.0,0.0,0.0,91.59122498127834,
0_51,28.13964,47.55056,Resto,0.0,0.0,0.0,0.0,95.04998841690586,
0_50,28.04955,47.55056,Resto,0.0,0.0,0.0,0.03333333333333333,98.49345099377048,
0_5,23.9955,47.55056,Resto,0.0,0.0,0.0,0.0,326.0352845403585,
0_49,27.95946,47.55056,Resto,0.0,0.0,0.0,0.03333333333333333,102.81288920612808,
0_77,30.48198,47.55056,Resto,0.0,0.0,0.0,0.0,56.1467108347878,
0_76,30.39189,47.55056,Resto,0.0,0.0,0.0,0.03333333333333333,49.08682546567832,
0_75,30.3018,47.55056,Resto,0.0,0.0,0.0,0.03333333333333333,43.2416497908121,
0_74,30.21171,47.55056,Resto,0.0,0.0,0.0,0.0,39.15900587275171,
0_73,30.12162,47.55056,Resto,0.0,0.0,0.0,0.6666666666666666,37.420340556231295,
0_72,30.03153,47.55056,Resto,0.0,0.0,0.0,0.16666666666666666,38.01595176482176,
0_71,29.94144,47.55056,Resto,0.0,0.0,0.0,0.03333333333333333,39.17002738896184,
0_70,29.85135,47.55056,Resto,0.0,0.0,0.0,0.03333333333333333,41.87594747914089,
72_75,30.3018,54.83051,Resto,0.0,0.0,0.0,0.03333333333333333,370.300453801982,
72_74,30.21171,54.83051,Resto,0.0,0.0,0.0,0.03333333333333333,360.9489381993157,
72_73,30.12162,54.83051,Resto,0.0,0.0,0.0,0.0,351.6323881649819,
72_72,30.03153,54.83051,Resto,0.0,0.0,0.0,0.0,342.3536467698281,
73_3,23.81532,54.93162,Resto,0.0,0.0,0.0,0.0,73.64670488812159,
73_2,23.72523,54.93162,Resto,0.0,0.0,0.0,0.0,81.01237389671225,
73_18,25.16667,54.93162,Resto,0.0,0.0,0.0,1818.4,20.40504178161412,14.0
21_27,25.97748,49.67388,Resto,0.0,0.0,0.0,0.03333333333333333,31.95690758651425,
73_16,24.98649,54.93162,Resto,0.0,0.0,0.0,4268.8,4.612599473940718,21.0
73_44,27.50901,54.93162,Resto,0.0,0.0,0.0,0.0,86.21847301512176,
73_43,27.41892,54.93162,Resto,0.0,0.0,0.0,0.0,77.12763029345213,
73_42,27.32883,54.93162,Resto,0.0,0.0,0.0,0.0,68.11985610072074,
73_41,27.23874,54.93162,Resto,0.0,0.0,0.0,0.03333333333333333,59.31734530927821,
73_40,27.14865,54.93162,Resto,0.0,0.0,0.0,0.0,50.952088345757446,
73_4,23.90541,54.93162,Resto,0.0,0.0,0.0,0.0,66.83618197772402,
73_39,27.05856,54.93162,Resto,0.0,0.0,0.0,0.0,43.08222530448994,
73_38,26.96847,54.93162,Resto,0.0,0.0,0.0,0.06666666666666667,34.168789833211875,
73_37,26.87838,54.93162,Resto,0.0,0.0,0.0,0.03333333333333333,26.006810634813075,
73_36,26.78829,54.93162,Resto,0.0,0.0,0.0,0.03333333333333333,18.56498433091736,
73_35,26.6982,54.93162,Resto,0.0,0.0,0.0,15.733333333333333,10.750410216569948,
73_34,26.60811,54.93162,Resto,0.0,0.0,0.0,9882.466666666667,2.9931736352697818,
21_26,25.88739,49.67388,Resto,0.0,0.0,0.0,0.03333333333333333,34.31065813800309,
80_15,24.8964,55.63939,Resto,0.0,0.0,0.0,0.0,46.08203997682747,
80_14,24.80631,55.63939,Resto,0.0,0.0,0.0,0.0,53.83494029685591,
80_13,24.71622,55.63939,Resto,0.0,0.0,0.0,0.0,62.22510665825861,
80_12,24.62613,55.63939,Resto,0.0,0.0,0.0,0.0,70.93016803941845,
80_11,24.53604,55.63939,Resto,0.0,0.0,0.0,0.0,77.52408757617452,
80_10,24.44595,55.63939,Resto,0.0,0.0,0.0,0.0,84.70304960224972,
80_1,23.63514,55.63939,Resto,0.0,0.0,0.0,0.0,137.2360714648884,
80_0,23.54505,55.63939,Resto,0.0,0.0,0.0,0.0,143.5831557195739,
7_9,24.35586,48.25833,Resto,0.0,0.0,0.0,0.03333333333333333,243.7707785845485,
7_8,24.26577,48.25833,Resto,0.0,0.0,0.0,0.03333333333333333,250.13509912403407,
7_77,30.48198,48.25833,Resto,0.0,0.0,0.0,1572.7333333333333,50.491128535806816,
7_76,30.39189,48.25833,Resto,0.0,0.0,0.0,1572.7333333333333,40.62082292680645,
7_75,30.3018,48.25833,Resto,0.0,0.0,0.0,479.1333333333333,30.880418466672463,
7_74,30.21171,48.25833,Resto,0.0,0.0,0.0,0.13333333333333333,21.34069573791571,
7_73,30.12162,48.25833,Resto,0.0,0.0,0.0,0.03333333333333333,11.86196502428609,
7_72,30.03153,48.25833,Resto,0.0,0.0,0.0,122.96666666666667,3.218915117869636,
73_59,28.86036,54.93162,Resto,0.0,0.0,0.0,0.0,218.75940177540323,
73_58,28.77027,54.93162,Resto,0.0,0.0,0.0,0.0,209.40411782209225,
73_57,28.68018,54.93162,Resto,0.0,0.0,0.0,0.0,200.109729224816,
73_56,28.59009,54.93162,Resto,0.0,0.0,0.0,0.03333333333333333,190.88511144635984,
73_55,28.5,54.93162,Resto,0.0,0.0,0.0,0.03333333333333333,181.7408680039333,
73_54,28.40991,54.93162,Resto,0.0,0.0,0.0,0.03333333333333333,172.65621285239547,
73_53,28.31982,54.93162,Resto,0.0,0.0,0.0,0.0,163.65989033873976,
73_52,28.22973,54.93162,Resto,0.0,0.0,0.0,0.03333333333333333,154.7847741799781,
73_51,28.13964,54.93162,Resto,0.0,0.0,0.0,0.03333333333333333,146.05293619625695,
73_50,28.04955,54.93162,Resto,0.0,0.0,0.0,0.03333333333333333,137.49164987335476,
73_5,23.9955,54.93162,Resto,0.0,0.0,0.0,0.0,60.8228060831208,
73_49,27.95946,54.93162,Resto,0.0,0.0,0.0,0.03333333333333333,129.13481210224603,
73_48,27.86937,54.93162,Resto,0.0,0.0,0.0,0.03333333333333333,121.02475146014685,
73_47,27.77928,54.93162,Resto,0.0,0.0,0.0,0.03333333333333333,113.21448084245064,
73_46,27.68919,54.93162,Resto,0.0,0.0,0.0,0.03333333333333333,104.88505829212856,
73_45,27.5991,54.93162,Resto,0.0,0.0,0.0,0.0,95.48596869470506,
73_73,30.12162,54.93162,Resto,0.0,0.0,0.0,0.0,348.1951940876257,
73_72,30.03153,54.93162,Resto,0.0,0.0,0.0,0.0,338.8195833535339,
73_71,29.94144,54.93162,Resto,0.0,0.0,0.0,0.0,329.47989119044206,
73_70,29.85135,54.93162,Resto,0.0,0.0,0.0,0.0,320.1792485424861,
73_7,24.17568,54.93162,Resto,0.0,0.0,0.0,0.0,47.10461970768359,
73_69,29.76126,54.93162,Resto,0.0,0.0,0.0,0.0,310.92114705096725,
73_68,29.67117,54.93162,Resto,0.0,0.0,0.0,0.0,301.7094899076275,
73_67,29.58108,54.93162,Resto,0.0,0.0,0.0,0.0,292.548651011553,
73_66,29.49099,54.93162,Resto,0.0,0.0,0.0,0.0,283.44354391644873,
73_65,29.4009,54.93162,Resto,0.0,0.0,0.0,0.03333333333333333,274.3997023247266,
73_64,29.31081,54.93162,Resto,0.0,0.0,0.0,0.03333333333333333,265.4233741951439,
73_63,29.22072,54.93162,Resto,0.0,0.0,0.0,0.03333333333333333,256.52163188101065,
73_62,29.13063,54.93162,Resto,0.0,0.0,0.0,0.03333333333333333,247.12140524889568,
73_61,29.04054,54.93162,Resto,0.0,0.0,0.0,0.03333333333333333,237.6239053639353,
73_60,28.95045,54.93162,Resto,0.0,0.0,0.0,0.0,228.1681074662359,
73_6,24.08559,54.93162,Resto,0.0,0.0,0.0,0.0,54.03112484095234,
74_16,24.98649,55.03273,Resto,0.0,0.0,0.0,19094.1,0.2059355011253685,
74_15,24.8964,55.03273,Resto,0.0,0.0,0.0,0.2,8.584692569857955,
74_14,24.80631,55.03273,Resto,0.0,0.0,0.0,0.1,17.21092988963107,
74_13,24.71622,55.03273,Resto,0.0,0.0,0.0,0.0,25.19067635059191,
74_12,24.62613,55.03273,Resto,0.0,0.0,0.0,0.06666666666666667,33.04496187637676,
74_11,24.53604,55.03273,Resto,0.0,0.0,0.0,0.1,39.410584490819225,
74_10,24.44595,55.03273,Resto,0.0,0.0,0.0,0.0,43.55128199031229,
74_1,23.63514,55.03273,Resto,0.0,0.0,0.0,0.0,95.35283356443692,
74_0,23.54505,55.03273,Resto,0.0,0.0,0.0,0.0,102.78456185908492,
73_9,24.35586,54.93162,Resto,0.0,0.0,0.0,0.03333333333333333,37.62312921560717,
73_8,24.26577,54.93162,Resto,0.0,0.0,0.0,0.0,41.44340087808007,
73_77,30.48198,54.93162,Resto,0.0,0.0,0.0,0.03333333333333333,386.00453590046624,
73_76,30.39189,54.93162,Resto,0.0,0.0,0.0,0.03333333333333333,376.5107598664874,
73_75,30.3018,54.93162,Resto,0.0,0.0,0.0,0.03333333333333333,367.0431941385063,
73_74,30.21171,54.93162,Resto,0.0,0.0,0.0,0.03333333333333333,357.6039093408189,
74_3,23.81532,55.03273,Resto,0.0,0.0,0.0,0.0,81.14786574910492,
21_25,25.7973,49.67388,Resto,0.0,0.0,0.0,0.03333333333333333,39.17681401724712,
21_24,25.70721,49.67388,Resto,0.0,0.0,0.0,0.06666666666666667,45.76075872449059,
21_23,25.61712,49.67388,Resto,0.0,0.0,0.0,0.06666666666666667,48.42628492539778,
21_22,25.52703,49.67388,Resto,0.0,0.0,0.0,0.06666666666666667,51.613301734222105,
21_21,25.43694,49.67388,Resto,0.0,0.0,0.0,0.03333333333333333,56.22718543476516,
74_2,23.72523,55.03273,Resto,0.0,0.0,0.0,0.0,87.98692504372917,
74_46,27.68919,55.03273,Resto,0.0,0.0,0.0,0.0,99.1632944072222,
74_45,27.5991,55.03273,Resto,0.0,0.0,0.0,0.0,91.45717289932344,
74_44,27.50901,55.03273,Resto,0.0,0.0,0.0,0.03333333333333333,82.82347565926212,
74_43,27.41892,55.03273,Resto,0.0,0.0,0.0,0.03333333333333333,73.31262955720044,
74_42,27.32883,55.03273,Resto,0.0,0.0,0.0,0.0,63.94601199502721,
74_41,27.23874,55.03273,Resto,0.0,0.0,0.0,0.03333333333333333,54.79734907158562,
74_40,27.14865,55.03273,Resto,0.0,0.0,0.0,0.03333333333333333,45.78326524822975,
74_4,23.90541,55.03273,Resto,0.0,0.0,0.0,0.0,75.00825848489181,
74_39,27.05856,55.03273,Resto,0.0,0.0,0.0,0.03333333333333333,37.049132493661126,
74_38,26.96847,55.03273,Resto,0.0,0.0,0.0,0.0,29.12870142569435,
74_37,26.87838,55.03273,Resto,0.0,0.0,0.0,0.03333333333333333,20.74461861772355,
74_36,26.78829,55.03273,Resto,0.0,0.0,0.0,0.03333333333333333,11.92159181544507,
74_35,26.6982,55.03273,Resto,0.0,0.0,0.0,1.1,4.418096346040265,
21_20,25.34685,49.67388,Resto,0.0,0.0,0.0,0.3333333333333333,62.06663638870224,
74_60,28.95045,55.03273,Resto,0.0,0.0,0.0,0.03333333333333333,225.1302046622252,
74_6,24.08559,55.03273,Resto,0.0,0.0,0.0,0.0,61.39870108747053,
74_59,28.86036,55.03273,Resto,0.0,0.0,0.0,0.0,215.58666474569617,
74_58,28.77027,55.03273,Resto,0.0,0.0,0.0,0.0,206.0849908134929,
74_57,28.68018,55.03273,Resto,0.0,0.0,0.0,0.03333333333333333,196.631232659744,
74_56,28.59009,55.03273,Resto,0.0,0.0,0.0,0.03333333333333333,187.2326281143724,
74_55,28.5,55.03273,Resto,0.0,0.0,0.0,0.03333333333333333,177.89789750488038,
74_54,28.40991,55.03273,Resto,0.0,0.0,0.0,0.23333333333333334,168.63762561582527,
74_53,28.31982,55.03273,Resto,0.0,0.0,0.0,0.03333333333333333,159.4647608676091,
74_52,28.22973,55.03273,Resto,0.0,0.0,0.0,0.0,150.36762382444405,
74_51,28.13964,55.03273,Resto,0.0,0.0,0.0,0.0,141.35965617277122,
74_50,28.04955,55.03273,Resto,0.0,0.0,0.0,0.0,132.49164581007145,
74_5,23.9955,55.03273,Resto,0.0,0.0,0.0,0.0,68.3380259597453,
74_49,27.95946,55.03273,Resto,0.0,0.0,0.0,0.0,123.79364379126476,
74_48,27.86937,55.03273,Resto,0.0,0.0,0.0,0.03333333333333333,115.30409799648068,
74_47,27.77928,55.03273,Resto,0.0,0.0,0.0,0.0,107.072569155911,
74_75,30.3018,55.03273,Resto,0.0,0.0,0.0,0.0,364.0252031390912,
74_74,30.21171,55.03273,Resto,0.0,0.0,0.0,0.0,354.5031744563656,
74_73,30.12162,55.03273,Resto,0.0,0.0,0.0,0.0,345.0074455652709,
74_72,30.03153,55.03273,Resto,0.0,0.0,0.0,0.0,335.5402374364916,
74_71,29.94144,55.03273,Resto,0.0,0.0,0.0,0.0,326.1040218686718,
74_70,29.85135,55.03273,Resto,0.0,0.0,0.0,0.0,316.70155664654834,
74_7,24.17568,55.03273,Resto,0.0,0.0,0.0,0.0,55.39606145020583,
74_69,29.76126,55.03273,Resto,0.0,0.0,0.0,0.0,307.3359265271076,
74_68,29.67117,55.03273,Resto,0.0,0.0,0.0,0.0,298.0105911508068,
74_67,29.58108,55.03273,Resto,0.0,0.0,0.0,0.0,288.72944119958464,
74_66,29.49099,55.03273,Resto,0.0,0.0,0.0,0.0,279.49686439503085,
74_65,29.4009,55.03273,Resto,0.0,0.0,0.0,0.03333333333333333,270.31782325747247,
74_64,29.31081,55.03273,Resto,0.0,0.0,0.0,0.03333333333333333,261.1979469389407,
74_63,29.22072,55.03273,Resto,0.0,0.0,0.0,0.03333333333333333,252.1436399090968,
74_62,29.13063,55.03273,Resto,0.0,0.0,0.0,0.03333333333333333,243.16221081968905,
74_61,29.04054,55.03273,Resto,0.0,0.0,0.0,0.03333333333333333,234.26202550173943,
75_18,25.16667,55.13384,Resto,0.0,0.0,0.0,50.1,6.608505265196382,10.0
75_17,25.07658,55.13384,Resto,0.0,0.0,0.0,5080.533333333334,0.3245787660351958,
75_16,24.98649,55.13384,Resto,0.0,0.0,0.0,6338.066666666667,6.142528528810581,
75_15,24.8964,55.13384,Resto,0.0,0.0,0.0,0.03333333333333333,13.682281595875727,
75_14,24.80631,55.13384,Resto,0.0,0.0,0.0,0.1,22.189759081635795,
75_13,24.71622,55.13384,Resto,0.0,0.0,0.0,0.03333333333333333,30.938591453153368,
75_12,24.62613,55.13384,Resto,0.0,0.0,0.0,0.0,39.270058229675925,
75_11,24.53604,55.13384,Resto,0.0,0.0,0.0,0.03333333333333333,47.24360862699204,
75_10,24.44595,55.13384,Resto,0.0,0.0,0.0,0.0,52.89716650089428,
75_1,23.63514,55.13384,Resto,0.0,0.0,0.0,0.0,102.33288428207082,
75_0,23.54505,55.13384,Resto,0.0,0.0,0.0,0.0,109.672236326442,
74_9,24.35586,55.03273,Resto,0.0,0.0,0.0,0.0,47.58383649827447,
74_8,24.26577,55.03273,Resto,0.0,0.0,0.0,0.0,50.6642058749166,
74_77,30.48198,55.03273,Resto,0.0,0.0,0.0,0.0,383.1403528432485,
74_76,30.39189,55.03273,Resto,0.0,0.0,0.0,0.0,373.57153122890793,
75_3,23.81532,55.13384,Resto,0.0,0.0,0.0,0.0,89.20542699239137,
21_2,23.72523,49.67388,Resto,0.0,0.0,0.0,0.06666666666666667,158.11055822800262,
75_2,23.72523,55.13384,Resto,0.0,0.0,0.0,0.0,95.47366113347508,
7_71,29.94144,48.25833,Resto,0.0,0.0,0.0,495.26666666666665,2.828581814465964,5.0
7_70,29.85135,48.25833,Resto,0.0,0.0,0.0,495.26666666666665,2.9664449677610527,
7_7,24.17568,48.25833,Resto,0.0,0.0,0.0,0.0,254.56460036561376,
7_69,29.76126,48.25833,Resto,0.0,0.0,0.0,0.36666666666666664,8.759768860750496,
7_68,29.67117,48.25833,Resto,0.0,0.0,0.0,3.033333333333333,5.086811316211533,
7_67,29.58108,48.25833,Resto,0.0,0.0,0.0,412.23333333333335,3.1544525517831694,1.0
7_66,29.49099,48.25833,Resto,0.0,0.0,0.0,289.6666666666667,3.1473142013488444,3.0
21_19,25.25676,49.67388,Resto,0.0,0.0,0.0,0.3333333333333333,68.88103358173078,
7_6,24.08559,48.25833,Resto,0.0,0.0,0.0,0.0,258.67895961979303,
7_59,28.86036,48.25833,Resto,0.0,0.0,0.0,513.5333333333333,1.9535041017403008,
7_58,28.77027,48.25833,Resto,0.0,0.0,0.0,513.3,5.366262940892345,
75_48,27.86937,55.13384,Resto,0.0,0.0,0.0,0.03333333333333333,110.195520817736,
75_47,27.77928,55.13384,Resto,0.0,0.0,0.0,0.0,101.54647048298604,
75_46,27.68919,55.13384,Resto,0.0,0.0,0.0,0.0,93.16456491505396,
75_45,27.5991,55.13384,Resto,0.0,0.0,0.0,0.0,85.12870737596651,
75_44,27.50901,55.13384,Resto,0.0,0.0,0.0,0.03333333333333333,77.43480637006037,
75_43,27.41892,55.13384,Resto,0.0,0.0,0.0,0.03333333333333333,69.7830686473452,
75_42,27.32883,55.13384,Resto,0.0,0.0,0.0,0.0,60.95627349680942,
75_41,27.23874,55.13384,Resto,0.0,0.0,0.0,0.03333333333333333,51.27472426572049,
75_40,27.14865,55.13384,Resto,0.0,0.0,0.0,0.03333333333333333,41.73537780104073,
75_4,23.90541,55.13384,Resto,0.0,0.0,0.0,0.0,82.6571268825665,
75_39,27.05856,55.13384,Resto,0.0,0.0,0.0,0.03333333333333333,32.46372137080601,
75_38,26.96847,55.13384,Resto,0.0,0.0,0.0,0.03333333333333333,23.443971460390305,
75_37,26.87838,55.13384,Resto,0.0,0.0,0.0,0.03333333333333333,14.986449720726794,
75_36,26.78829,55.13384,Resto,0.0,0.0,0.0,0.0,8.14316185960789,
21_18,25.16667,49.67388,Resto,0.0,0.0,0.0,0.06666666666666667,75.44502780350292,
75_62,29.13063,55.13384,Resto,0.0,0.0,0.0,0.03333333333333333,238.94902224809425,
75_61,29.04054,55.13384,Resto,0.0,0.0,0.0,0.03333333333333333,229.88234801241788,
75_60,28.95045,55.13384,Resto,0.0,0.0,0.0,0.03333333333333333,220.89484273669208,
75_6,24.08559,55.13384,Resto,0.0,0.0,0.0,0.06666666666666667,69.50573846033622,
75_59,28.86036,55.13384,Resto,0.0,0.0,0.0,0.03333333333333333,211.99655735448823,
75_58,28.77027,55.13384,Resto,0.0,0.0,0.0,0.03333333333333333,203.19919422018128,
75_57,28.68018,55.13384,Resto,0.0,0.0,0.0,0.03333333333333333,193.603436590882,
75_56,28.59009,55.13384,Resto,0.0,0.0,0.0,0.03333333333333333,184.04798445864293,
75_55,28.5,55.13384,Resto,0.0,0.0,0.0,0.03333333333333333,174.5405805298055,
75_54,28.40991,55.13384,Resto,0.0,0.0,0.0,0.23333333333333334,165.08950307410058,
75_53,28.31982,55.13384,Resto,0.0,0.0,0.0,0.0,155.70498477692445,
75_52,28.22973,55.13384,Resto,0.0,0.0,0.0,0.0,146.3997999645676,
75_51,28.13964,55.13384,Resto,0.0,0.0,0.0,0.0,137.19006480806618,
75_50,28.04955,55.13384,Resto,0.0,0.0,0.0,0.0,128.0772028745463,
75_5,23.9955,55.13384,Resto,0.0,0.0,0.0,0.0,75.7101678363597,
75_49,27.95946,55.13384,Resto,0.0,0.0,0.0,0.03333333333333333,119.0535385977612,
75_77,30.48198,55.13384,Resto,0.0,0.0,0.0,0.0,380.5109241665959,
75_76,30.39189,55.13384,Resto,0.0,0.0,0.0,0.0,370.8722066709834,
75_75,30.3018,55.13384,Resto,0.0,0.0,0.0,0.0,361.25243472574607,
75_74,30.21171,55.13384,Resto,0.0,0.0,0.0,0.0,351.6531517137979,
75_73,30.12162,55.13384,Resto,0.0,0.0,0.0,0.0,342.07607078102313,
75_72,30.03153,55.13384,Resto,0.0,0.0,0.0,0.0,332.52309823597585,
75_71,29.94144,55.13384,Resto,0.0,0.0,0.0,0.0,322.9963608148571,
75_70,29.85135,55.13384,Resto,0.0,0.0,0.0,0.0,313.4982375511577,
75_7,24.17568,55.13384,Resto,0.0,0.0,0.0,0.0,64.2593316879654,
75_69,29.76126,55.13384,Resto,0.0,0.0,0.0,0.0,304.03139714834657,
75_68,29.67117,55.13384,Resto,0.0,0.0,0.0,0.0,294.5988419500643,
75_67,29.58108,55.13384,Resto,0.0,0.0,0.0,0.0,285.20395984458486,
75_66,29.49099,55.13384,Resto,0.0,0.0,0.0,0.0,275.850585739951,
75_65,29.4009,55.13384,Resto,0.0,0.0,0.0,0.03333333333333333,266.54307461680514,
75_64,29.31081,55.13384,Resto,0.0,0.0,0.0,0.03333333333333333,257.28638862359566,
75_63,29.22072,55.13384,Resto,0.0,0.0,0.0,0.03333333333333333,248.086201242817,
21_17,25.07658,49.67388,Resto,0.0,0.0,0.0,0.06666666666666667,81.63644246410755,
76_2,23.72523,55.23495,Resto,0.0,0.0,0.0,0.0,103.442516295786,
76_19,25.25676,55.23495,Resto,0.0,0.0,0.0,3025.3,3.146857210801795,9.0
76_18,25.16667,55.23495,Resto,0.0,0.0,0.0,10650.6,1.4136719551785777,
76_17,25.07658,55.23495,Resto,0.0,0.0,0.0,8259.8,7.573818330345398,
76_16,24.98649,55.23495,Resto,0.0,0.0,0.0,0.5,13.914938047050082,
76_15,24.8964,55.23495,Resto,0.0,0.0,0.0,0.0,20.38836008097785,
76_14,24.80631,55.23495,Resto,0.0,0.0,0.0,0.03333333333333333,27.9067021049716,
76_13,24.71622,55.23495,Resto,0.0,0.0,0.0,0.03333333333333333,35.94824552410021,
0_40,27.14865,47.55056,Resto,0.0,0.0,0.0,0.0,138.00004926236485,
0_4,23.90541,47.55056,Resto,0.0,0.0,0.0,0.0,332.08535718604,
0_39,27.05856,47.55056,Resto,0.0,0.0,0.0,0.0,142.1400593507377,
0_38,26.96847,47.55056,Resto,0.0,0.0,0.0,0.0,146.85536620092094,
0_37,26.87838,47.55056,Resto,0.0,0.0,0.0,0.0,152.09247955369588,
0_36,26.78829,47.55056,Resto,0.0,0.0,0.0,0.0,157.79946175343463,
0_35,26.6982,47.55056,Resto,0.0,0.0,0.0,0.0,163.92725318164207,
0_34,26.60811,47.55056,Resto,0.0,0.0,0.0,0.0,170.43047647550677,
0_62,29.13063,47.55056,Resto,0.0,0.0,0.0,0.03333333333333333,30.154310948058303,
0_61,29.04054,47.55056,Resto,0.0,0.0,0.0,0.0,39.20745788229085,
0_60,28.95045,47.55056,Resto,0.0,0.0,0.0,0.0,48.66791698280605,
0_6,24.08559,47.55056,Resto,0.0,0.0,0.0,0.0,320.18691077846825,
0_59,28.86036,47.55056,Resto,0.0,0.0,0.0,0.0,58.3378921094434,
0_58,28.77027,47.55056,Resto,0.0,0.0,0.0,0.0,65.92772675951436,
0_57,28.68018,47.55056,Resto,0.0,0.0,0.0,0.03333333333333333,70.36470737535704,
0_56,28.59009,47.55056,Resto,0.0,0.0,0.0,0.03333333333333333,75.73958041420741,
76_12,24.62613,55.23495,Resto,0.0,0.0,0.0,0.0,44.57456601630863,
76_11,24.53604,55.23495,Resto,0.0,0.0,0.0,0.06666666666666667,53.35736656253374,
76_10,24.44595,55.23495,Resto,0.0,0.0,0.0,0.03333333333333333,61.45553847817625,
76_1,23.63514,55.23495,Resto,0.0,0.0,0.0,0.0,109.80973357689078,
76_0,23.54505,55.23495,Resto,0.0,0.0,0.0,0.0,116.68405426985996,
75_9,24.35586,55.13384,Resto,0.0,0.0,0.0,0.0,57.09880295372052,
75_8,24.26577,55.13384,Resto,0.0,0.0,0.0,0.0,60.22190812293904,
21_16,24.98649,49.67388,Resto,0.0,0.0,0.0,0.03333333333333333,87.84042526822626,
1_12,24.62613,47.65167,Resto,0.0,0.0,0.0,0.0,280.6194762079524,
76_3,23.81532,55.23495,Resto,0.0,0.0,0.0,0.0,96.98495677390044,
76_5,23.9955,55.23495,Resto,0.0,0.0,0.0,0.0,83.69529713101323,
76_49,27.95946,55.23495,Resto,0.0,0.0,0.0,0.0,114.9211027991778,
76_48,27.86937,55.23495,Resto,0.0,0.0,0.0,0.0,105.78524278823406,
76_47,27.77928,55.23495,Resto,0.0,0.0,0.0,0.0,96.74161709031806,
76_46,27.68919,55.23495,Resto,0.0,0.0,0.0,0.03333333333333333,87.89868279826955,
76_45,27.5991,55.23495,Resto,0.0,0.0,0.0,0.0,79.32666834403177,
76_44,27.50901,55.23495,Resto,0.0,0.0,0.0,0.03333333333333333,71.123544827806,
76_43,27.41892,55.23495,Resto,0.0,0.0,0.0,0.03333333333333333,63.42376867085584,
76_42,27.32883,55.23495,Resto,0.0,0.0,0.0,0.0,55.66948565635951,
76_41,27.23874,55.23495,Resto,0.0,0.0,0.0,0.0,48.666115723927945,
76_40,27.14865,55.23495,Resto,0.0,0.0,0.0,0.03333333333333333,39.616485843312745,
76_4,23.90541,55.23495,Resto,0.0,0.0,0.0,0.0,90.03281211602658,
76_39,27.05856,55.23495,Resto,0.0,0.0,0.0,0.03333333333333333,29.68854849730437,
76_38,26.96847,55.23495,Resto,0.0,0.0,0.0,0.03333333333333333,19.815277500846992,
76_37,26.87838,55.23495,Resto,0.0,0.0,0.0,0.03333333333333333,10.156996708060271,
76_36,26.78829,55.23495,Resto,0.0,0.0,0.0,19.333333333333332,1.1005370707655588,
76_64,29.31081,55.23495,Resto,0.0,0.0,0.0,0.03333333333333333,253.7031577575192,
76_63,29.22072,55.23495,Resto,0.0,0.0,0.0,0.03333333333333333,244.3652218968112,
76_62,29.13063,55.23495,Resto,0.0,0.0,0.0,0.03333333333333333,235.0804587931146,
76_61,29.04054,55.23495,Resto,0.0,0.0,0.0,0.03333333333333333,225.85540888001344,
76_60,28.95045,55.23495,Resto,0.0,0.0,0.0,0.03333333333333333,216.6976804149649,
76_6,24.08559,55.23495,Resto,0.0,0.0,0.0,0.0,78.12217964122051,
76_59,28.86036,55.23495,Resto,0.0,0.0,0.0,0.03333333333333333,207.61616324177365,
76_58,28.77027,55.23495,Resto,0.0,0.0,0.0,0.03333333333333333,198.6212918304153,
76_57,28.68018,55.23495,Resto,0.0,0.0,0.0,0.0,189.7253697494081,
76_56,28.59009,55.23495,Resto,0.0,0.0,0.0,0.0,180.9429705062085,
76_55,28.5,55.23495,Resto,0.0,0.0,0.0,0.0,171.6973225264936,
76_54,28.40991,55.23495,Resto,0.0,0.0,0.0,0.23333333333333334,162.07838954842663,
76_53,28.31982,55.23495,Resto,0.0,0.0,0.0,0.0,152.50639576560536,
76_52,28.22973,55.23495,Resto,0.0,0.0,0.0,0.0,142.99074130902352,
76_51,28.13964,55.23495,Resto,0.0,0.0,0.0,0.03333333333333333,133.54344160638342,
76_50,28.04955,55.23495,Resto,0.0,0.0,0.0,0.0,124.18006781819692,
76_9,24.35586,55.23495,Resto,0.0,0.0,0.0,0.03333333333333333,66.3410468447289,
76_8,24.26577,55.23495,Resto,0.0,0.0,0.0,0.0,69.97839601066326,
76_77,30.48198,55.23495,Resto,0.0,0.0,0.0,0.0,378.0989626140886,
76_76,30.39189,55.23495,Resto,0.0,0.0,0.0,0.0,368.41801979326834,
76_75,30.3018,55.23495,Resto,0.0,0.0,0.0,0.0,358.7305343998433,
76_74,30.21171,55.23495,Resto,0.0,0.0,0.0,0.0,349.05994019547063,
76_73,30.12162,55.23495,Resto,0.0,0.0,0.0,0.0,339.40766912748984,
76_72,30.03153,55.23495,Resto,0.0,0.0,0.0,0.0,329.7753179172556,
76_71,29.94144,55.23495,Resto,0.0,0.0,0.0,0.06666666666666667,320.16467194050904,
76_70,29.85135,55.23495,Resto,0.0,0.0,0.0,0.06666666666666667,310.5777332806443,
76_7,24.17568,55.23495,Resto,0.0,0.0,0.0,0.0,73.48762107451809,
76_69,29.76126,55.23495,Resto,0.0,0.0,0.0,0.06666666666666667,301.0167538059448,
76_68,29.67117,55.23495,Resto,0.0,0.0,0.0,0.06666666666666667,291.4842743188571,
76_67,29.58108,55.23495,Resto,0.0,0.0,0.0,0.06666666666666667,281.983171073002,
76_66,29.49099,55.23495,Resto,0.0,0.0,0.0,0.03333333333333333,272.5167112653671,
76_65,29.4009,55.23495,Resto,0.0,0.0,0.0,0.03333333333333333,263.0886195049692,
77_20,25.34685,55.33606,Resto,0.0,0.0,0.0,125994.03333333334,2.333591488419262,39.0
77_2,23.72523,55.33606,Resto,0.0,0.0,0.0,0.03333333333333333,111.31983731942748,
77_19,25.25676,55.33606,Resto,0.0,0.0,0.0,125994.03333333334,1.665637791033931,
77_18,25.16667,55.33606,Resto,0.0,0.0,0.0,5352.366666666667,3.898661524299881,
77_17,25.07658,55.33606,Resto,0.0,0.0,0.0,0.13333333333333333,13.440639804017824,
77_16,24.98649,55.33606,Resto,0.0,0.0,0.0,0.13333333333333333,21.762543211672043,
77_15,24.8964,55.33606,Resto,0.0,0.0,0.0,0.03333333333333333,28.160177004803543,
77_14,24.80631,55.33606,Resto,0.0,0.0,0.0,0.0,34.656869293240725,
77_13,24.71622,55.33606,Resto,0.0,0.0,0.0,0.0,42.03095712321039,
77_12,24.62613,55.33606,Resto,0.0,0.0,0.0,0.0,49.91724944528157,
77_11,24.53604,55.33606,Resto,0.0,0.0,0.0,0.06666666666666667,58.34257087082724,
77_10,24.44595,55.33606,Resto,0.0,0.0,0.0,0.03333333333333333,66.97076301280154,
77_1,23.63514,55.33606,Resto,0.0,0.0,0.0,0.03333333333333333,117.7118147215556,
77_0,23.54505,55.33606,Resto,0.0,0.0,0.0,0.0,124.15402389117888,
77_37,26.87838,55.33606,Resto,0.0,0.0,0.0,0.03333333333333333,10.29437461893192,
77_36,26.78829,55.33606,Resto,0.0,0.0,0.0,0.0,0.7509350001304506,
77_34,26.60811,55.33606,Resto,0.0,0.0,0.0,0.4,4.144937404197689,
1_11,24.53604,47.65167,Resto,0.0,0.0,0.0,0.0,285.15879300481896,
77_3,23.81532,55.33606,Resto,0.0,0.0,0.0,0.0,104.36383743935176,
1_10,24.44595,47.65167,Resto,0.0,0.0,0.0,0.0,289.96327791997703,
7_57,28.68018,48.25833,Resto,0.0,0.0,0.0,130.26666666666668,9.537328831701888,
7_56,28.59009,48.25833,Resto,0.0,0.0,0.0,374.6666666666667,10.808331502433472,
7_55,28.5,48.25833,Resto,0.0,0.0,0.0,0.03333333333333333,16.475288180351615,
7_54,28.40991,48.25833,Resto,0.0,0.0,0.0,0.03333333333333333,20.95233361858393,
7_53,28.31982,48.25833,Resto,0.0,0.0,0.0,0.03333333333333333,22.123411624471004,
7_52,28.22973,48.25833,Resto,0.0,0.0,0.0,0.03333333333333333,27.25180739071325,
7_51,28.13964,48.25833,Resto,0.0,0.0,0.0,0.03333333333333333,32.65179842261706,
7_50,28.04955,48.25833,Resto,0.0,0.0,0.0,0.03333333333333333,35.55599060856497,
7_5,23.9955,48.25833,Resto,0.0,0.0,0.0,0.0,263.11279469331294,
7_49,27.95946,48.25833,Resto,0.0,0.0,0.0,0.03333333333333333,39.2382085391222,
7_48,27.86937,48.25833,Resto,0.0,0.0,0.0,0.0,43.77928449274017,
7_47,27.77928,48.25833,Resto,0.0,0.0,0.0,0.0,49.16169538370222,
7_46,27.68919,48.25833,Resto,0.0,0.0,0.0,0.0,51.871587023537614,
7_45,27.5991,48.25833,Resto,0.0,0.0,0.0,0.0,53.4716089529087,
7_44,27.50901,48.25833,Resto,0.0,0.0,0.0,0.0,56.757883411716335,
7_43,27.41892,48.25833,Resto,0.0,0.0,0.0,0.0,61.08251100111517,
77_51,28.13964,55.33606,Resto,0.0,0.0,0.0,0.03333333333333333,130.56036123473828,
77_50,28.04955,55.33606,Resto,0.0,0.0,0.0,0.03333333333333333,120.96399273000604,
77_5,23.9955,55.33606,Resto,0.0,0.0,0.0,0.03333333333333333,92.13402484971772,
77_49,27.95946,55.33606,Resto,0.0,0.0,0.0,0.0,111.43560146243652,
77_48,27.86937,55.33606,Resto,0.0,0.0,0.0,0.0,101.99420350277502,
77_47,27.77928,55.33606,Resto,0.0,0.0,0.0,0.0,92.66635202150584,
77_46,27.68919,55.33606,Resto,0.0,0.0,0.0,0.03333333333333333,83.48882420376385,
77_45,27.5991,55.33606,Resto,0.0,0.0,0.0,0.0,74.42406496013231,
77_44,27.50901,55.33606,Resto,0.0,0.0,0.0,0.03333333333333333,65.60651992893278,
77_43,27.41892,55.33606,Resto,0.0,0.0,0.0,0.03333333333333333,57.17317662861691,
77_42,27.32883,55.33606,Resto,0.0,0.0,0.0,0.0,49.32143544370635,
77_41,27.23874,55.33606,Resto,0.0,0.0,0.0,0.0,41.564499020494864,
77_40,27.14865,55.33606,Resto,0.0,0.0,0.0,0.0,34.54316725359424,
77_4,23.90541,55.33606,Resto,0.0,0.0,0.0,0.0,97.93194481122896,
77_39,27.05856,55.33606,Resto,0.0,0.0,0.0,0.0,27.91016852794934,
77_38,26.96847,55.33606,Resto,0.0,0.0,0.0,0.0,20.17323734720962,
77_66,29.49099,55.33606,Resto,0.0,0.0,0.0,0.03333333333333333,269.50678233933274,
77_65,29.4009,55.33606,Resto,0.0,0.0,0.0,0.03333333333333333,259.9671719237778,
77_64,29.31081,55.33606,Resto,0.0,0.0,0.0,0.03333333333333333,250.4622895996661,
77_63,29.22072,55.33606,Resto,0.0,0.0,0.0,0.03333333333333333,240.99622801682585,
77_62,29.13063,55.33606,Resto,0.0,0.0,0.0,0.03333333333333333,231.57373082663835,
77_61,29.04054,55.33606,Resto,0.0,0.0,0.0,0.03333333333333333,222.2003224869984,
77_60,28.95045,55.33606,Resto,0.0,0.0,0.0,0.03333333333333333,212.88246893758,
77_6,24.08559,55.33606,Resto,0.0,0.0,0.0,0.03333333333333333,87.09681600242156,
77_59,28.86036,55.33606,Resto,0.0,0.0,0.0,0.03333333333333333,203.62777752841976,
77_58,28.77027,55.33606,Resto,0.0,0.0,0.0,0.03333333333333333,194.4452470571131,
77_57,28.68018,55.33606,Resto,0.0,0.0,0.0,0.0,185.34558197036463,
77_56,28.59009,55.33606,Resto,0.0,0.0,0.0,0.0,176.341588880595,
77_55,28.5,55.33606,Resto,0.0,0.0,0.0,0.0,167.44867867981765,
77_54,28.40991,55.33606,Resto,0.0,0.0,0.0,0.0,158.68550372942477,
77_53,28.31982,55.33606,Resto,0.0,0.0,0.0,0.03333333333333333,149.9048282251877,
77_52,28.22973,55.33606,Resto,0.0,0.0,0.0,0.03333333333333333,140.21077721006822,
78_1,23.63514,55.43717,Resto,0.0,0.0,0.0,0.0,125.6608621461192,
78_0,23.54505,55.43717,Resto,0.0,0.0,0.0,0.0,132.00429659977422,
77_9,24.35586,55.33606,Resto,0.0,0.0,0.0,0.03333333333333333,75.54215455555328,
77_8,24.26577,55.33606,Resto,0.0,0.0,0.0,0.0,79.86067843973002,
77_77,30.48198,55.33606,Resto,0.0,0.0,0.0,0.0,375.577236215988,
77_76,30.39189,55.33606,Resto,0.0,0.0,0.0,0.0,365.92232490261415,
77_75,30.3018,55.33606,Resto,0.0,0.0,0.0,0.0,356.27153752418366,
77_74,30.21171,55.33606,Resto,0.0,0.0,0.0,0.0,346.6314204818433,
77_73,30.12162,55.33606,Resto,0.0,0.0,0.0,0.0,337.0084460888376,
77_72,30.03153,55.33606,Resto,0.0,0.0,0.0,0.0,327.30363801644484,
77_71,29.94144,55.33606,Resto,0.0,0.0,0.0,0.06666666666666667,317.61629265387165,
77_70,29.85135,55.33606,Resto,0.0,0.0,0.0,0.06666666666666667,307.9480449610792,
77_7,24.17568,55.33606,Resto,0.0,0.0,0.0,0.0,82.95904374563911,
77_69,29.76126,55.33606,Resto,0.0,0.0,0.0,0.06666666666666667,298.3007384247332,
77_68,29.67117,55.33606,Resto,0.0,0.0,0.0,0.06666666666666667,288.67645869283695,
77_67,29.58108,55.33606,Resto,0.0,0.0,0.0,0.06666666666666667,279.07757377879767,
1_39,27.05856,47.65167,Resto,0.0,0.0,0.0,0.0,133.1108218586657,
78_20,25.34685,55.43717,Resto,0.0,0.0,0.0,92.2,4.1603374034932985,
78_2,23.72523,55.43717,Resto,0.0,0.0,0.0,0.03333333333333333,118.7018034805656,
78_19,25.25676,55.43717,Resto,0.0,0.0,0.0,92.2,10.530986195599342,
78_18,25.16667,55.43717,Resto,0.0,0.0,0.0,5.133333333333334,11.577372448984208,
78_17,25.07658,55.43717,Resto,0.0,0.0,0.0,0.2,17.62588117214509,
78_16,24.98649,55.43717,Resto,0.0,0.0,0.0,0.1,26.200428430964312,
78_15,24.8964,55.43717,Resto,0.0,0.0,0.0,0.06666666666666667,35.51620599233217,
78_14,24.80631,55.43717,Resto,0.0,0.0,0.0,0.03333333333333333,42.41113200000687,
78_13,24.71622,55.43717,Resto,0.0,0.0,0.0,0.06666666666666667,48.93896587892582,
78_12,24.62613,55.43717,Resto,0.0,0.0,0.0,0.0,56.214822449370565,
78_11,24.53604,55.43717,Resto,0.0,0.0,0.0,0.0,64.0319342767938,
78_10,24.44595,55.43717,Resto,0.0,0.0,0.0,0.03333333333333333,72.19301832004169,
78_39,27.05856,55.43717,Resto,0.0,0.0,0.0,0.03333333333333333,20.414274841053448,
78_38,26.96847,55.43717,Resto,0.0,0.0,0.0,0.0,13.905428044017382,
78_37,26.87838,55.43717,Resto,0.0,0.0,0.0,0.0,11.891962429326975,
78_36,26.78829,55.43717,Resto,0.0,0.0,0.0,0.0,3.110738178971564,
1_38,26.96847,47.65167,Resto,0.0,0.0,0.0,0.0,138.12621483638603,
78_34,26.60811,55.43717,Resto,0.0,0.0,0.0,1.1,2.19667126994024,
1_37,26.87838,47.65167,Resto,0.0,0.0,0.0,0.0,143.67355869800323,
1_36,26.78829,47.65167,Resto,0.0,0.0,0.0,0.0,149.69373345572458,
1_35,26.6982,47.65167,Resto,0.0,0.0,0.0,0.0,156.1320611435022,
78_3,23.81532,55.43717,Resto,0.0,0.0,0.0,0.0,112.1994458023034,
1_34,26.60811,47.65167,Resto,0.0,0.0,0.0,0.0,162.93898761684272,
78_53,28.31982,55.43717,Resto,0.0,0.0,0.0,0.03333333333333333,145.1668311278316,
78_52,28.22973,55.43717,Resto,0.0,0.0,0.0,0.03333333333333333,136.42924891713886,
78_51,28.13964,55.43717,Resto,0.0,0.0,0.0,0.03333333333333333,127.8740363000069,
78_50,28.04955,55.43717,Resto,0.0,0.0,0.0,0.03333333333333333,118.50502415838068,
78_5,23.9955,55.43717,Resto,0.0,0.0,0.0,0.0,100.91249640517356,
78_49,27.95946,55.43717,Resto,0.0,0.0,0.0,0.03333333333333333,108.75956248805512,
78_48,27.86937,55.43717,Resto,0.0,0.0,0.0,0.0,99.0613776768316,
78_47,27.77928,55.43717,Resto,0.0,0.0,0.0,0.0,89.42581002268108,
78_46,27.68919,55.43717,Resto,0.0,0.0,0.0,0.03333333333333333,79.87547627640616,
78_45,27.5991,55.43717,Resto,0.0,0.0,0.0,0.0,70.44499719669592,
78_44,27.50901,55.43717,Resto,0.0,0.0,0.0,0.03333333333333333,61.18975179769863,
78_43,27.41892,55.43717,Resto,0.0,0.0,0.0,0.03333333333333333,52.10135236992252,
78_42,27.32883,55.43717,Resto,0.0,0.0,0.0,0.03333333333333333,43.33551040237276,
78_41,27.23874,55.43717,Resto,0.0,0.0,0.0,0.03333333333333333,35.222767543210004,
78_40,27.14865,55.43717,Resto,0.0,0.0,0.0,0.03333333333333333,27.48912803850624,
78_4,23.90541,55.43717,Resto,0.0,0.0,0.0,0.0,106.2377115391827,
78_68,29.67117,55.43717,Resto,0.0,0.0,0.0,0.06666666666666667,286.1843779070817,
78_67,29.58108,55.43717,Resto,0.0,0.0,0.0,0.06666666666666667,276.4970569262005,
78_66,29.49099,55.43717,Resto,0.0,0.0,0.0,0.03333333333333333,266.8317120031011,
78_65,29.4009,55.43717,Resto,0.0,0.0,0.0,0.03333333333333333,257.1908052474958,
78_64,29.31081,55.43717,Resto,0.0,0.0,0.0,0.03333333333333333,247.57717554118508,
78_63,29.22072,55.43717,Resto,0.0,0.0,0.0,0.03333333333333333,237.9941117448065,
78_62,29.13063,55.43717,Resto,0.0,0.0,0.0,0.03333333333333333,228.44544318389435,
78_61,29.04054,55.43717,Resto,0.0,0.0,0.0,0.03333333333333333,218.93565220471567,
78_60,28.95045,55.43717,Resto,0.0,0.0,0.0,0.03333333333333333,209.47001510448908,
78_6,24.08559,55.43717,Resto,0.0,0.0,0.0,0.03333333333333333,96.3294556910846,
78_59,28.86036,55.43717,Resto,0.0,0.0,0.0,0.03333333333333333,200.0547797836316,
78_58,28.77027,55.43717,Resto,0.0,0.0,0.0,0.0,190.6973912343027,
78_57,28.68018,55.43717,Resto,0.0,0.0,0.0,0.0,181.40677973524828,
78_56,28.59009,55.43717,Resto,0.0,0.0,0.0,0.0,172.19373172012442,
78_55,28.5,55.43717,Resto,0.0,0.0,0.0,0.0,163.07137017785237,
78_54,28.40991,55.43717,Resto,0.0,0.0,0.0,0.0,154.055780667501,
79_11,24.53604,55.53828,Resto,0.0,0.0,0.0,0.03333333333333333,70.44602437209316,
79_10,24.44595,55.53828,Resto,0.0,0.0,0.0,0.0,78.21599061236333,
79_1,23.63514,55.53828,Resto,0.0,0.0,0.0,0.0,133.0458967344158,
79_0,23.54505,55.53828,Resto,0.0,0.0,0.0,0.0,140.00750223353404,
78_9,24.35586,55.43717,Resto,0.0,0.0,0.0,0.03333333333333333,80.75511735527053,
78_8,24.26577,55.43717,Resto,0.0,0.0,0.0,0.03333333333333333,89.15393653945762,
78_77,30.48198,55.43717,Resto,0.0,0.0,0.0,0.0,373.2474867923266,
78_76,30.39189,55.43717,Resto,0.0,0.0,0.0,0.0,363.5297895497881,
78_75,30.3018,55.43717,Resto,0.0,0.0,0.0,0.0,353.8270825837104,
78_74,30.21171,55.43717,Resto,0.0,0.0,0.0,0.0,344.1406219556512,
78_73,30.12162,55.43717,Resto,0.0,0.0,0.0,0.0,334.4718070087208,
78_72,30.03153,55.43717,Resto,0.0,0.0,0.0,0.06666666666666667,324.8179550288853,
78_71,29.94144,55.43717,Resto,0.0,0.0,0.0,0.06666666666666667,315.16688739575324,
78_70,29.85135,55.43717,Resto,0.0,0.0,0.0,0.06666666666666667,305.5333176361146,
78_7,24.17568,55.43717,Resto,0.0,0.0,0.0,0.0,92.59888957216964,
78_69,29.76126,55.43717,Resto,0.0,0.0,0.0,0.06666666666666667,295.89153001804766,
79_23,25.61712,55.53828,Resto,0.0,0.0,0.0,415.3666666666667,4.439960841798388,12.0
79_22,25.52703,55.53828,Resto,0.0,0.0,0.0,46510.03333333333,1.0241302861722297,
79_21,25.43694,55.53828,Resto,0.0,0.0,0.0,4068.4,5.257912008583562,
79_20,25.34685,55.53828,Resto,0.0,0.0,0.0,0.4,9.85685413046322,
79_2,23.72523,55.53828,Resto,0.0,0.0,0.0,0.0,126.48886486287994,
79_19,25.25676,55.53828,Resto,0.0,0.0,0.0,0.4,17.918573328725845,
79_18,25.16667,55.53828,Resto,0.0,0.0,0.0,0.1,21.37172306204406,
79_17,25.07658,55.53828,Resto,0.0,0.0,0.0,0.16666666666666666,25.24363008512079,
79_16,24.98649,55.53828,Resto,0.0,0.0,0.0,0.1,31.83168005152341,
79_15,24.8964,55.53828,Resto,0.0,0.0,0.0,0.03333333333333333,39.854861869335885,
1_33,26.51802,47.65167,Resto,0.0,0.0,0.0,0.0,170.07026635525608,
1_32,26.42793,47.65167,Resto,0.0,0.0,0.0,0.03333333333333333,177.4868110401292,
9_55,28.5,48.46055,Resto,0.0,0.0,0.0,106.9,1.4395900818283642,
9_54,28.40991,48.46055,Resto,0.0,0.0,0.0,7709.3,1.8427965687113168,
9_53,28.31982,48.46055,Resto,0.0,0.0,0.0,0.06666666666666667,5.96783882591477,
9_52,28.22973,48.46055,Resto,0.0,0.0,0.0,0.0,10.636194032765356,
9_51,28.13964,48.46055,Resto,0.0,0.0,0.0,0.03333333333333333,13.92343359343067,
9_50,28.04955,48.46055,Resto,0.0,0.0,0.0,0.03333333333333333,16.81174591568699,
0_48,27.86937,47.55056,Resto,0.0,0.0,0.0,0.03333333333333333,107.90316879958014,
0_47,27.77928,47.55056,Resto,0.0,0.0,0.0,0.0,111.8158002321396,
0_46,27.68919,47.55056,Resto,0.0,0.0,0.0,0.0,115.74083761667254,
0_45,27.5991,47.55056,Resto,0.0,0.0,0.0,0.0,120.38323731732162,
0_44,27.50901,47.55056,Resto,0.0,0.0,0.0,0.0,124.5835739794626,
0_43,27.41892,47.55056,Resto,0.0,0.0,0.0,0.0,126.88265337743132,
0_42,27.32883,47.55056,Resto,0.0,0.0,0.0,0.0,129.9158634064015,
0_41,27.23874,47.55056,Resto,0.0,0.0,0.0,0.0,133.6412845013126,
79_14,24.80631,55.53828,Resto,0.0,0.0,0.0,0.03333333333333333,48.60757535556639,
79_13,24.71622,55.53828,Resto,0.0,0.0,0.0,0.06666666666666667,56.66779739893872,
79_12,24.62613,55.53828,Resto,0.0,0.0,0.0,0.0,63.22856851491308,
79_40,27.14865,55.53828,Resto,0.0,0.0,0.0,0.03333333333333333,21.17154881929297,
79_4,23.90541,55.53828,Resto,0.0,0.0,0.0,0.0,114.86183453957509,
79_39,27.05856,55.53828,Resto,0.0,0.0,0.0,0.03333333333333333,13.45755965611649,
79_38,26.96847,55.53828,Resto,0.0,0.0,0.0,0.0,6.279446821021182,
79_37,26.87838,55.53828,Resto,0.0,0.0,0.0,0.0,2.8738774408754275,
79_35,26.6982,55.53828,Resto,0.0,0.0,0.0,26.533333333333335,1.5513231741583953,
79_3,23.81532,55.53828,Resto,0.0,0.0,0.0,0.0,120.40255057923176,
79_55,28.5,55.53828,Resto,0.0,0.0,0.0,0.03333333333333333,159.1978253640795,
79_54,28.40991,55.53828,Resto,0.0,0.0,0.0,0.0,149.94633600642774,
79_53,28.31982,55.53828,Resto,0.0,0.0,0.0,0.0,140.79477761098605,
79_52,28.22973,55.53828,Resto,0.0,0.0,0.0,0.03333333333333333,131.7639442897133,
79_51,28.13964,55.53828,Resto,0.0,0.0,0.0,0.03333333333333333,122.88042476847768,
79_50,28.04955,55.53828,Resto,0.0,0.0,0.0,0.03333333333333333,114.178575161291,
79_5,23.9955,55.53828,Resto,0.0,0.0,0.0,0.0,109.94926168183314,
79_49,27.95946,55.53828,Resto,0.0,0.0,0.0,0.03333333333333333,105.7032356816224,
79_48,27.86937,55.53828,Resto,0.0,0.0,0.0,0.03333333333333333,97.07392855498466,
79_47,27.77928,55.53828,Resto,0.0,0.0,0.0,0.03333333333333333,87.21760716452155,
79_46,27.68919,55.53828,Resto,0.0,0.0,0.0,0.03333333333333333,77.39357512190905,
79_45,27.5991,55.53828,Resto,0.0,0.0,0.0,0.03333333333333333,67.61585194005818,
79_44,27.50901,55.53828,Resto,0.0,0.0,0.0,0.03333333333333333,57.90783477240318,
79_43,27.41892,55.53828,Resto,0.0,0.0,0.0,0.03333333333333333,48.31148531707704,
79_42,27.32883,55.53828,Resto,0.0,0.0,0.0,0.0,38.90941752458376,
79_41,27.23874,55.53828,Resto,0.0,0.0,0.0,0.0,29.775363010772374,
79_7,24.17568,55.53828,Resto,0.0,0.0,0.0,0.0,102.35947415172528,
79_69,29.76126,55.53828,Resto,0.0,0.0,0.0,0.06666666666666667,293.36168845010457,
79_68,29.67117,55.53828,Resto,0.0,0.0,0.0,0.06666666666666667,283.70724725551725,
79_67,29.58108,55.53828,Resto,0.0,0.0,0.0,0.03333333333333333,274.05840468649006,
79_66,29.49099,55.53828,Resto,0.0,0.0,0.0,0.03333333333333333,264.4333000561099,
79_65,29.4009,55.53828,Resto,0.0,0.0,0.0,0.03333333333333333,254.7707524588005,
79_64,29.31081,55.53828,Resto,0.0,0.0,0.0,0.03333333333333333,245.06032996153908,
79_63,29.22072,55.53828,Resto,0.0,0.0,0.0,0.03333333333333333,235.372858630916,
79_62,29.13063,55.53828,Resto,0.0,0.0,0.0,0.03333333333333333,225.71127604799503,
79_61,29.04054,55.53828,Resto,0.0,0.0,0.0,0.03333333333333333,216.07903659318808,
79_60,28.95045,55.53828,Resto,0.0,0.0,0.0,0.03333333333333333,206.4802276931271,
79_6,24.08559,55.53828,Resto,0.0,0.0,0.0,0.0,105.75243831721605,
79_59,28.86036,55.53828,Resto,0.0,0.0,0.0,0.0,196.91971806629536,
79_58,28.77027,55.53828,Resto,0.0,0.0,0.0,0.0,187.40334839333207,
79_57,28.68018,55.53828,Resto,0.0,0.0,0.0,0.0,177.938178742702,
79_56,28.59009,55.53828,Resto,0.0,0.0,0.0,0.0,168.5328126159625,
7_13,24.71622,48.25833,Resto,0.0,0.0,0.0,0.03333333333333333,221.06853280261808,
7_12,24.62613,48.25833,Resto,0.0,0.0,0.0,0.03333333333333333,226.28837937981072,
7_11,24.53604,48.25833,Resto,0.0,0.0,0.0,0.03333333333333333,231.82671213791892,
7_10,24.44595,48.25833,Resto,0.0,0.0,0.0,0.03333333333333333,237.66126782362065,
7_1,23.63514,48.25833,Resto,0.0,0.0,0.0,0.0,283.7273471623861,
7_0,23.54505,48.25833,Resto,0.0,0.0,0.0,0.0,288.3784570186416,
79_9,24.35586,55.53828,Resto,0.0,0.0,0.0,0.0,86.19286745531942,
79_8,24.26577,55.53828,Resto,0.0,0.0,0.0,0.03333333333333333,94.55049673609018,
79_77,30.48198,55.53828,Resto,0.0,0.0,0.0,0.0,371.1656607244921,
79_76,30.39189,55.53828,Resto,0.0,0.0,0.0,0.0,361.3903602304852,
79_75,30.3018,55.53828,Resto,0.0,0.0,0.0,0.0,351.62694690381227,
79_74,30.21171,55.53828,Resto,0.0,0.0,0.0,0.0,341.87642720642776,
79_73,30.12162,55.53828,Resto,0.0,0.0,0.0,0.0,332.1399243866805,
79_72,30.03153,55.53828,Resto,0.0,0.0,0.0,0.03333333333333333,322.41869566786863,
79_71,29.94144,55.53828,Resto,0.0,0.0,0.0,0.06666666666666667,312.71415251383684,
79_70,29.85135,55.53828,Resto,0.0,0.0,0.0,0.06666666666666667,303.0278846216807,
7_28,26.06757,48.25833,Resto,0.0,0.0,0.0,0.03333333333333333,164.75898849295567,
7_27,25.97748,48.25833,Resto,0.0,0.0,0.0,0.03333333333333333,172.29799094394423,
7_26,25.88739,48.25833,Resto,0.0,0.0,0.0,0.0,175.19172282239202,
7_25,25.7973,48.25833,Resto,0.0,0.0,0.0,0.0,176.27684372848586,
7_24,25.70721,48.25833,Resto,0.0,0.0,0.0,0.03333333333333333,177.92424161865938,
7_23,25.61712,48.25833,Resto,0.0,0.0,0.0,0.03333333333333333,180.1184911540862,
7_22,25.52703,48.25833,Resto,0.0,0.0,0.0,0.03333333333333333,182.83990721779503,
7_21,25.43694,48.25833,Resto,0.0,0.0,0.0,0.03333333333333333,186.0653619768912,
7_20,25.34685,48.25833,Resto,0.0,0.0,0.0,0.03333333333333333,189.7691580237017,
7_2,23.72523,48.25833,Resto,0.0,0.0,0.0,0.0,278.1729388912917,
7_19,25.25676,48.25833,Resto,0.0,0.0,0.0,0.03333333333333333,193.92389125818207,
7_18,25.16667,48.25833,Resto,0.0,0.0,0.0,0.03333333333333333,198.50125039340705,
7_17,25.07658,48.25833,Resto,0.0,0.0,0.0,0.1,203.4727166851052,
0_15,24.8964,47.55056,Resto,0.0,0.0,0.0,0.034482758620689655,276.45395595070863,
7_3,23.81532,48.25833,Resto,0.0,0.0,0.0,0.0,272.8754884608607,
7_29,26.15766,48.25833,Resto,0.0,0.0,0.0,0.03333333333333333,157.50191368263205,
0_19,25.25676,47.55056,Resto,0.0,0.0,0.0,0.034482758620689655,260.62313113356845,
9_8,24.26577,48.46055,Resto,0.0,0.0,0.0,0.03333333333333333,231.550219183938,
9_77,30.48198,48.46055,Resto,0.0,0.0,0.0,0.0,41.7405212770321,
0_28,26.06757,47.55056,Resto,0.0,0.0,0.0,0.0,215.30118208722587,
0_27,25.97748,47.55056,Resto,0.0,0.0,0.0,0.0,223.49399951620623,
0_26,25.88739,47.55056,Resto,0.0,0.0,0.0,0.0,231.15013411413784,
0_25,25.7973,47.55056,Resto,0.0,0.0,0.0,0.0,237.6586648348472,
0_24,25.70721,47.55056,Resto,0.0,0.0,0.0,0.0,244.23607970643977,
0_23,25.61712,47.55056,Resto,0.0,0.0,0.0,0.0,250.3202637854482,
0_22,25.52703,47.55056,Resto,0.0,0.0,0.0,0.0,252.33451217199,
0_21,25.43694,47.55056,Resto,0.0,0.0,0.0,0.034482758620689655,254.73036523317185,
0_20,25.34685,47.55056,Resto,0.0,0.0,0.0,0.034482758620689655,257.49717506199994,
0_18,25.16667,47.55056,Resto,0.0,0.0,0.0,0.034482758620689655,264.09548419959185,
0_17,25.07658,47.55056,Resto,0.0,0.0,0.0,0.034482758620689655,267.90076871369234,
9_76,30.39189,48.46055,Resto,0.0,0.0,0.0,0.0,39.254570896397205,
9_75,30.3018,48.46055,Resto,0.0,0.0,0.0,0.0,32.7488376002926,
9_74,30.21171,48.46055,Resto,0.0,0.0,0.0,0.03333333333333333,24.89899250915179,
9_73,30.12162,48.46055,Resto,0.0,0.0,0.0,0.6666666666666666,18.529539420892142,27.0
9_72,30.03153,48.46055,Resto,0.0,0.0,0.0,2831.766666666667,10.167754476978711,
9_71,29.94144,48.46055,Resto,0.0,0.0,0.0,745.6666666666666,0.8086910894776148,
9_7,24.17568,48.46055,Resto,0.0,0.0,0.0,0.03333333333333333,235.62214518188307,
9_69,29.76126,48.46055,Resto,0.0,0.0,0.0,5867.566666666667,9.877752164709426,3.0
1_31,26.33784,47.65167,Resto,0.0,0.0,0.0,0.03333333333333333,185.154350723222,
0_33,26.51802,47.55056,Resto,0.0,0.0,0.0,0.0,177.26782391693214,
0_32,26.42793,47.55056,Resto,0.0,0.0,0.0,0.03333333333333333,184.40213911353464,
0_31,26.33784,47.55056,Resto,0.0,0.0,0.0,0.03333333333333333,191.80029237114405,
0_30,26.24775,47.55056,Resto,0.0,0.0,0.0,0.0,199.43292960665624,
0_3,23.81532,47.55056,Resto,0.0,0.0,0.0,0.0,337.42913151225736,
0_29,26.15766,47.55056,Resto,0.0,0.0,0.0,0.0,207.27415407552311,
19_56,28.59009,49.47165,Resto,-0.0033783783783789,0.0168918918918918,0.0168776371308016,995.9333333333333,93.49159903638464,36.0
22_49,27.95946,49.77499,Resto,-0.0045248868778284,0.0180995475113122,0.0180722891566265,3749.0333333333333,70.20467405486833,43.0
11_59,28.86036,48.66277,Resto,-0.013574660633485,0.0180995475113122,0.0180505415162454,474.6,29.54111963600761,25.0
12_62,29.13063,48.76388,Resto,-0.0239726027397262,0.0171232876712328,0.0170212765957446,836.7,45.9638968014644,17.0
87_23,25.61712,56.34717,Resto,-0.0430463576158941,0.0033112582781456,0.0031746031746031,1178.9666666666667,1.5649779867966325,132.0
19_51,28.13964,49.47165,Resto,-0.0535714285714286,0.0044642857142857,0.0042372881355932,1017.5333333333333,67.827473440724,30.0
27_33,26.51802,50.28054,Resto,-0.0945945945945945,0.0045045045045045,0.0041152263374485,7913.166666666667,15.449767937081342,6.0
10_55,28.5,48.56166,Resto,-0.0995475113122172,0.004524886877828,0.0041152263374485,956.1666666666666,6.270136296733007,16.0
80_26,25.88739,55.63939,Resto,-0.1052631578947362,0.0460526315789473,0.0454545454545454,221.33333333333334,25.78272483694848,40.0
12_60,28.95045,48.76388,Resto,-0.117647058823529,0.0588235294117647,0.058252427184466,629.2,43.14858795336175,26.0
62_10,24.44595,53.8194,Resto,-0.1261682242990653,0.0046728971962616,0.0041493775933609,103.06666666666666,19.169141188399745,14.0
57_27,25.97748,53.31385,Resto,-0.1272727272727274,0.0109090909090909,0.0102564102564102,155.63333333333333,81.91579881823229,64.0
20_63,29.22072,49.57276,Resto,-0.1275167785234892,0.0671140939597315,0.0661764705882353,252.9,69.65091873414539,36.0
12_68,29.67117,48.76388,Resto,-0.1459459459459466,0.0621621621621621,0.0616883116883116,25996.866666666665,34.973836945743834,11.0
41_13,24.71622,51.69608,Resto,-0.1533333333333333,0.0066666666666666,0.0057803468208092,3.2333333333333334,12.28963909238148,10.0
17_51,28.13964,49.26943,Resto,-0.1607142857142856,0.0133928571428571,0.0127118644067796,1115.7333333333333,49.5308375721598,25.0
28_36,26.78829,50.38165,Resto,-0.1621621621621622,0.009009009009009,0.0083333333333333,2086.3333333333335,26.21363818872597,21.0
17_49,27.95946,49.26943,Resto,-0.1621621621621622,0.0135135135135135,0.0128205128205128,783.4,41.114852089785785,18.0
32_38,26.96847,50.78609,Resto,-0.1711711711711712,0.009009009009009,0.0082987551867219,230.8,71.22809524187815,47.0
34_31,26.33784,50.98831,Resto,-0.1733333333333333,0.0066666666666666,0.0056818181818181,73.6,29.00134491935797,8.0
79_30,26.24775,55.53828,Resto,-0.1754385964912277,0.0350877192982456,0.034090909090909,510.8666666666667,38.60786831482245,74.0
34_32,26.42793,50.98831,Resto,-0.1812080536912752,0.0067114093959731,0.0056818181818181,187.26666666666668,37.19026076232486,13.0
30_41,27.23874,50.58387,Resto,-0.1864406779661016,0.0135593220338983,0.0127659574468085,191.26666666666668,74.66326206429426,57.0
42_36,26.78829,51.7972,Resto,-0.1875,0.0089285714285714,0.0081632653061224,50.266666666666666,87.61730824957364,54.0
77_22,25.52703,55.33606,Resto,-0.2039473684210531,0.0723684210526315,0.0709219858156028,10879.866666666667,16.34712578142032,24.0
32_60,28.95045,50.78609,Resto,-0.2053872053872054,0.0134680134680134,0.0126050420168067,12286.966666666667,1.4498781069677251,10.0
53_28,26.06757,52.90941,Resto,-0.2086330935251799,0.0071942446043165,0.0059523809523809,136.56666666666666,87.04704588213993,59.0
52_29,26.15766,52.8083,Resto,-0.2086330935251799,0.0071942446043165,0.0059523809523809,218.56666666666666,82.16425462290445,59.0
39_42,27.32883,51.49386,Resto,-0.2154882154882145,0.0336700336700336,0.0327868852459016,261.1,58.43725993150592,63.0
49_12,24.62613,52.50497,Resto,-0.2230215827338131,0.0071942446043165,0.0058823529411764,291.76666666666665,20.76926315970969,14.0
53_20,25.34685,52.90941,Resto,-0.2374100719424461,0.0071942446043165,0.005813953488372,26.9,52.56999933400061,22.0
28_43,27.41892,50.38165,Resto,-0.2432432432432434,0.0135135135135135,0.0125,361.6333333333333,69.83429978034214,49.0
16_48,27.86937,49.16832,Resto,-0.246636771300448,0.0358744394618834,0.0346534653465346,2057.1666666666665,28.7384447948994,14.0
23_48,27.86937,49.8761,Resto,-0.253393665158371,0.0135746606334841,0.0120481927710843,1143.4333333333334,64.24391097524128,41.0
42_24,25.70721,51.7972,Resto,-0.261744966442953,0.0134228187919463,0.0123456790123456,557.4333333333333,20.85582011143269,18.0
45_25,25.7973,52.10053,Resto,-0.2679558011049723,0.0138121546961325,0.0129449838187702,66.93333333333334,50.95615258948901,31.0
48_39,27.05856,52.40386,Resto,-0.2752613240418107,0.0383275261324041,0.0371900826446281,423.73333333333335,38.11395699506295,83.0
31_51,28.13964,50.68498,Resto,-0.3108108108108105,0.0405405405405405,0.0390243902439024,197.3,53.57137224592871,62.0
63_25,25.7973,53.92051,Resto,-0.3140794223826715,0.0180505415162454,0.0167364016736401,322.5,60.494427068525845,63.0
75_30,26.24775,55.13384,Resto,-0.3157894736842106,0.0131578947368421,0.0113636363636363,28.9,36.66336411759766,
39_38,26.96847,51.49386,Resto,-0.3392857142857144,0.0178571428571428,0.0164609053497942,158.83333333333334,93.09312839768349,62.0
18_50,28.04955,49.37054,Resto,-0.3408071748878925,0.0313901345291479,0.0297029702970297,789.6333333333333,54.28669871012848,34.0
27_39,27.05856,50.28054,Resto,-0.3423423423423424,0.018018018018018,0.0165975103734439,3608.8,38.70199912955345,37.0
36_42,27.32883,51.19053,Resto,-0.3445945945945947,0.0067567567567567,0.0050251256281407,113.03333333333333,69.6717734845726,71.0
60_26,25.88739,53.61718,Resto,-0.3631840796019898,0.0199004975124378,0.0177514792899408,31.766666666666666,75.14123723593465,64.0
46_43,27.41892,52.20164,Resto,-0.3677130044843051,0.0134529147982062,0.0113636363636363,45.93333333333333,29.395160204060048,73.0
44_47,27.77928,51.99942,Resto,-0.3733333333333335,0.0133333333333333,0.0112359550561797,269.76666666666665,5.928429928759124,33.0
66_27,25.97748,54.22385,Resto,-0.3780068728522341,0.0171821305841924,0.0159744408945686,313.3666666666667,29.510355455916688,78.0
45_5,23.9955,52.10053,Resto,-0.3863013698630135,0.010958904109589,0.0097087378640776,0.03333333333333333,3.0064349760735825,2.0
29_48,27.86937,50.48276,Resto,-0.3873873873873874,0.036036036036036,0.0341463414634146,163.96666666666667,83.37208020051149,54.0
64_23,25.61712,54.02163,Resto,-0.3917525773195875,0.0068728522336769,0.0057471264367816,123.33333333333333,45.00154146654329,48.0
13_62,29.13063,48.86499,Resto,-0.391891891891893,0.0304054054054054,0.0289855072463768,596.1,54.05097871886283,21.0
36_41,27.23874,51.19053,Resto,-0.3946188340807177,0.0134529147982062,0.0112359550561797,237.1,78.34768966349559,68.0
31_32,26.42793,50.68498,Resto,-0.4042553191489362,0.0106382978723404,0.0088495575221238,1253.7333333333333,16.48897582797833,9.0
26_53,28.31982,50.17943,Resto,-0.4054054054054057,0.0202702702702702,0.0178571428571428,135.76666666666668,89.10982772497236,56.0
43_8,24.26577,51.89831,Resto,-0.4083044982698962,0.0103806228373702,0.0086206896551724,1.7,10.706194008436675,4.0
55_27,25.97748,53.11163,Resto,-0.4290909090909096,0.0218181818181818,0.0197044334975369,17.8,91.37473794901744,67.0
32_28,26.06757,50.78609,Resto,-0.4295302013422812,0.174496644295302,0.1714285714285714,3752.4333333333334,16.107065270244004,2.0
21_44,27.50901,49.67388,Resto,-0.4375,0.0267857142857142,0.0246305418719211,879.4666666666667,20.087059054598825,28.0
11_61,29.04054,48.66277,Resto,-0.4425675675675675,0.0101351351351351,0.0082987551867219,506.8333333333333,41.05116695449816,23.0
15_71,29.94144,49.06721,Resto,-0.4425675675675684,0.0371621621621621,0.0355871886120996,136.2,18.557209967784505,3.0
24_70,29.85135,49.97721,Resto,-0.445945945945946,0.0202702702702702,0.0176470588235294,17.666666666666668,18.902656911852908,17.0
43_25,25.7973,51.89831,Resto,-0.4463087248322144,0.0100671140939597,0.0082304526748971,2673.6666666666665,30.670539658675136,20.0
11_62,29.13063,48.66277,Resto,-0.4573378839590445,0.0102389078498293,0.0083333333333333,569.3666666666667,38.72715522437855,16.0
34_53,28.31982,50.98831,Resto,-0.4639639639639634,0.0315315315315315,0.0292682926829268,196.66666666666666,17.590255084876286,38.0
13_72,30.03153,48.86499,Resto,-0.4796747967479677,0.008130081300813,0.0065573770491803,0.9,0.6480594700626174,
75_22,25.52703,55.13384,Resto,-0.4802631578947398,0.1381578947368421,0.1347517730496454,287.53333333333336,29.85060978158008,20.0
62_23,25.61712,53.8194,Resto,-0.4837209302325584,0.0186046511627906,0.0165975103734439,192.83333333333334,56.71342431247808,47.0
47_30,26.24775,52.30275,Resto,-0.488262910798122,0.0187793427230046,0.0167364016736401,2402.8,83.10697137165785,52.0
60_28,26.06757,53.61718,Resto,-0.4913494809688581,0.0103806228373702,0.0083333333333333,55.333333333333336,57.48621761097041,72.0
44_13,24.71622,51.99942,Resto,-0.4982698961937721,0.0276816608996539,0.0260586319218241,0.5333333333333333,29.780601813660144,5.0
30_64,29.31081,50.58387,Resto,-0.5135135135135136,0.009009009009009,0.0059523809523809,12.4,7.622925041558537,26.0
17_63,29.22072,49.26943,Resto,-0.5156950672645744,0.0269058295964125,0.024390243902439,215.66666666666666,87.35944711507018,34.0
38_31,26.33784,51.39275,Resto,-0.52,0.02,0.0170454545454545,174.4,24.137429779207,20.0
67_23,25.61712,54.32496,Resto,-0.5416666666666661,0.0509259259259259,0.0483091787439613,55.5,36.88189234473552,52.0
44_8,24.26577,51.99942,Resto,-0.5469107551487413,0.0045766590389016,0.0029585798816568,0.8333333333333334,1.5331118362042535,3.0
9_59,28.86036,48.46055,Resto,-0.5472972972972974,0.0202702702702702,0.0171428571428571,794.2,14.63989754768822,25.0
72_25,25.7973,54.83051,Resto,-0.5526315789473681,0.0263157894736842,0.0236966824644549,472.5,20.06625961901497,50.0
67_21,25.43694,54.32496,Resto,-0.5532646048109982,0.0343642611683848,0.0323741007194244,270.6,23.43275812123453,39.0
21_45,27.5991,49.67388,Resto,-0.5585284280936456,0.0066889632107023,0.0042918454935622,1103.7,29.314431586913788,13.0
25_64,29.31081,50.07832,Resto,-0.5637583892617446,0.0335570469798657,0.0294117647058823,73.36666666666666,20.550673784294787,38.0
74_20,25.34685,55.03273,Resto,-0.5657894736842106,0.0394736842105263,0.0354609929078014,1866.7666666666667,25.82469545516606,20.0
75_33,26.51802,55.13384,Resto,-0.5657894736842106,0.0394736842105263,0.0354609929078014,9.133333333333333,15.80361404880681,5.0
72_22,25.52703,54.83051,Resto,-0.5657894736842106,0.0394736842105263,0.0354609929078014,606.1666666666666,41.39630547121551,31.0
41_27,25.97748,51.69608,Resto,-0.5733333333333333,0.0266666666666666,0.0239234449760765,1603.2,15.383011925751342,20.0
75_25,25.7973,55.13384,Resto,-0.5921052631578947,0.0197368421052631,0.0164835164835164,121.9,10.91345184979112,34.0
61_29,26.15766,53.71829,Resto,-0.5925925925925926,0.037037037037037,0.0341463414634146,277.56666666666666,43.765377141685406,78.0
32_41,27.23874,50.78609,Resto,-0.5932203389830508,0.0067796610169491,0.0042553191489361,203.7,89.33838490226071,61.0
29_23,25.61712,50.48276,Resto,-0.5932203389830508,0.0067796610169491,0.0042553191489361,38.43333333333333,15.367352548728102,13.0
21_53,28.31982,49.67388,Resto,-0.5945945945945947,0.1081081081081081,0.1037037037037037,3029.633333333333,93.92648538903806,47.0
20_68,29.67117,49.57276,Resto,-0.5945945945945947,0.0337837837837837,0.0294117647058823,5928.566666666667,38.5541166624616,15.0
46_22,25.52703,52.20164,Resto,-0.5950413223140494,0.0192837465564738,0.0175438596491228,277.46666666666664,64.93091144814032,27.0
63_15,24.8964,53.92051,Resto,-0.5979381443298966,0.0309278350515463,0.0287769784172661,1311.8666666666666,46.055123875648974,14.0
40_33,26.51802,51.59497,Resto,-0.5982142857142856,0.0267857142857142,0.0239234449760765,702.3333333333334,51.4500851173169,31.0
49_28,26.06757,52.50497,Resto,-0.6072727272727274,0.0109090909090909,0.00836820083682,427.26666666666665,95.4062905389172,51.0
11_51,28.13964,48.66277,Resto,-0.6109215017064846,0.0068259385665529,0.0042372881355932,1996.3333333333333,5.587965769284135,4.0
33_44,27.50901,50.8872,Resto,-0.6171171171171173,0.0225225225225225,0.0195121951219512,167.83333333333334,69.1784873813268,61.0
29_25,25.7973,50.48276,Resto,-0.6228956228956228,0.0067340067340067,0.0041493775933609,137.23333333333332,7.984767778314097,3.0
70_20,25.34685,54.62829,Resto,-0.6381578947368416,0.0328947368421052,0.0283687943262411,71.8,41.621627838986775,21.0
80_28,26.06757,55.63939,Resto,-0.6381578947368416,0.0328947368421052,0.0283687943262411,39.56666666666667,40.929493717021785,67.0
35_48,27.86937,51.08942,Resto,-0.6400000000000006,0.0266666666666666,0.0229885057471264,212.93333333333334,31.380401347510745,49.0
14_47,27.77928,48.9661,Resto,-0.6486486486486487,0.027027027027027,0.0222222222222222,3590.733333333333,8.879049991204162,3.0
48_9,24.35586,52.40386,Resto,-0.6608996539792389,0.0069204152249134,0.0041666666666666,335.3,15.9446449865285,16.0
87_35,26.6982,56.34717,Resto,-0.668141592920354,0.0221238938053097,0.0189573459715639,67.43333333333334,14.348389424103308,72.0
22_68,29.67117,49.77499,Resto,-0.6756756756756759,0.027027027027027,0.0220588235294117,7.2,43.45184414009453,16.0
23_60,28.95045,49.8761,Resto,-0.6756756756756759,0.027027027027027,0.0220588235294117,150.33333333333334,51.44937877014406,41.0
23_71,29.94144,49.8761,Resto,-0.6756756756756759,0.027027027027027,0.0220588235294117,14.866666666666667,22.69268624866768,13.0
26_66,29.49099,50.17943,Resto,-0.6756756756756759,0.027027027027027,0.0220588235294117,16.4,26.54786192490952,28.0
21_67,29.58108,49.67388,Resto,-0.6756756756756759,0.027027027027027,0.0220588235294117,76.4,49.73904699865252,23.0
79_31,26.33784,55.53828,Resto,-0.6862745098039218,0.0392156862745098,0.0344827586206896,228.43333333333334,28.69195185679551,68.0
43_17,25.07658,51.89831,Resto,-0.6885813148788928,0.0207612456747404,0.0182481751824817,79.76666666666667,29.022185836311653,7.0
59_34,26.60811,53.51607,Resto,-0.6944444444444438,0.0277777777777777,0.024390243902439,218.16666666666666,11.528214234302531,80.0
39_29,26.15766,51.49386,Resto,-0.6979865771812079,0.0335570469798657,0.0285714285714285,165.7,15.876479580590036,19.0
11_55,28.5,48.66277,Resto,-0.7058823529411766,0.0226244343891402,0.0192307692307692,471.6333333333333,16.084677455722346,22.0
62_27,25.97748,53.8194,Resto,-0.7079037800687287,0.0171821305841924,0.0145985401459854,389.43333333333334,58.711370226861526,74.0
70_18,25.16667,54.62829,Resto,-0.7105263157894735,0.0263157894736842,0.0212765957446808,304.0,38.8537251937457,24.0
80_24,25.70721,55.63939,Resto,-0.7105263157894735,0.0263157894736842,0.0212765957446808,48.833333333333336,10.042371600928266,17.0
77_29,26.15766,55.33606,Resto,-0.7105263157894735,0.0263157894736842,0.0212765957446808,69.6,41.43407651375775,44.0
72_24,25.70721,54.83051,Resto,-0.7105263157894735,0.0263157894736842,0.0212765957446808,1272.7666666666667,25.305857520646537,44.0
75_20,25.34685,55.13384,Resto,-0.7105263157894735,0.0263157894736842,0.0212765957446808,293.46666666666664,17.250205865315728,23.0
31_40,27.14865,50.68498,Resto,-0.7117117117117115,0.018018018018018,0.0145631067961165,599.2666666666667,75.13630397896806,51.0
25_42,27.32883,50.07832,Resto,-0.7162162162162162,0.0202702702702702,0.0149253731343283,1080.7,38.79029833914379,60.0
24_47,27.77928,49.97721,Resto,-0.7162162162162162,0.0202702702702702,0.0149253731343283,320.23333333333335,58.88561745985489,22.0
81_34,26.60811,55.7405,Resto,-0.718061674008811,0.0176211453744493,0.0142180094786729,40.733333333333334,8.975018855940956,29.0
66_32,26.42793,54.22385,Resto,-0.7235023041474662,0.0276497695852534,0.0241545893719806,480.8333333333333,19.00520373812828,55.0
60_8,24.26577,53.61718,Resto,-0.7272727272727275,0.0303030303030303,0.0256410256410256,3.1333333333333333,8.9354856987037,4.0
13_71,29.94144,48.86499,Resto,-0.7297297297297298,0.0135135135135135,0.0108695652173913,11.233333333333333,9.341421189645414,3.0
42_46,27.68919,51.7972,Resto,-0.7321428571428568,0.0178571428571428,0.0143540669856459,40.333333333333336,16.19642636072161,5.0
40_46,27.68919,51.59497,Resto,-0.7321428571428568,0.0178571428571428,0.0143540669856459,26.1,17.174881781041705,10.0
19_73,30.12162,49.47165,Resto,-0.7330316742081449,0.0226244343891402,0.0181818181818181,49.63333333333333,2.60750515935388,1.0
24_53,28.31982,49.97721,Resto,-0.7364864864864868,0.0202702702702702,0.0148148148148148,63.96666666666667,104.35585193274748,53.0
29_59,28.86036,50.48276,Resto,-0.7382550335570466,0.0201342281879194,0.0147058823529411,111.16666666666667,32.588827145771965,42.0
44_17,25.07658,51.99942,Resto,-0.7404844290657442,0.0173010380622837,0.0145985401459854,186.36666666666667,39.20257751333959,12.0
43_14,24.80631,51.89831,Resto,-0.7404844290657442,0.0173010380622837,0.0145985401459854,19.966666666666665,28.294831370511343,5.0
10_63,29.22072,48.56166,Resto,-0.7466063348416294,0.0180995475113122,0.0144927536231884,636.3666666666667,24.6214034606612,10.0
24_48,27.86937,49.97721,Resto,-0.7511312217194571,0.004524886877828,0.0,120.76666666666667,67.82932503733625,31.0
27_63,29.22072,50.28054,Resto,-0.756756756756757,0.0202702702702702,0.0147058823529411,6442.433333333333,2.1570560205359404,40.0
26_68,29.67117,50.17943,Resto,-0.756756756756757,0.0202702702702702,0.0147058823529411,266.0,16.58861848717356,25.0
27_67,29.58108,50.28054,Resto,-0.756756756756757,0.0202702702702702,0.0147058823529411,15.766666666666667,13.983316844878948,25.0
43_20,25.34685,51.89831,Resto,-0.7600000000000002,0.0133333333333333,0.0096618357487922,400.3333333333333,31.08355674626961,21.0
29_57,28.68018,50.48276,Resto,-0.7625000000000002,0.0125,0.0070921985815602,106.43333333333334,41.59283408397198,48.0
65_32,26.42793,54.12274,Resto,-0.7674418604651159,0.0232558139534883,0.0195121951219512,65.46666666666667,10.439466697344807,60.0
60_29,26.15766,53.61718,Resto,-0.7674418604651159,0.0232558139534883,0.0195121951219512,33.3,49.30689702422063,73.0
47_21,25.43694,52.30275,Resto,-0.7699530516431929,0.0328638497652582,0.029126213592233,177.66666666666666,73.02238718086882,24.0
33_49,27.95946,50.8872,Resto,-0.7702702702702702,0.0405405405405405,0.0373443983402489,241.06666666666666,42.7874836745113,58.0
34_58,28.77027,50.98831,Resto,-0.7702702702702703,0.0022522522522522,0.0,0.2,3.764587357152504,3.0
49_36,26.78829,52.50497,Resto,-0.7757009345794392,0.02803738317757,0.0242718446601941,66.16666666666667,58.41680024495109,53.0
18_44,27.50901,49.37054,Resto,-0.7818791946308725,0.0033557046979865,0.0,1810.1333333333334,7.145404153801106,10.0
75_27,25.97748,55.13384,Resto,-0.7828947368421053,0.0197368421052631,0.0141843971631205,135.36666666666667,13.013428364843245,69.0
78_22,25.52703,55.43717,Resto,-0.7828947368421053,0.0197368421052631,0.0141843971631205,10920.166666666666,7.398460579482449,14.0
74_31,26.33784,55.03273,Resto,-0.7828947368421053,0.0197368421052631,0.0141843971631205,1146.6666666666667,27.61154164009008,45.0
27_36,26.78829,50.28054,Resto,-0.7837837837837838,0.0135135135135135,0.0097087378640776,2091.866666666667,18.27153045961436,15.0
28_24,25.70721,50.38165,Resto,-0.7837837837837838,0.0135135135135135,0.0097087378640776,28.3,13.909182739453293,17.0
53_26,25.88739,52.90941,Resto,-0.7841726618705032,0.0719424460431654,0.0661764705882353,887.1,105.95259365442216,38.0
53_31,26.33784,52.90941,Resto,-0.7857142857142856,0.0428571428571428,0.037037037037037,89.86666666666666,59.77096150173221,72.0
22_39,27.05856,49.77499,Resto,-0.7878787878787878,0.0033670033670033,0.0,7724.9,12.876299293057986,24.0
51_26,25.88739,52.70719,Resto,-0.788732394366197,0.028169014084507,0.0235294117647058,732.4,112.55230866252704,48.0
30_35,26.6982,50.58387,Resto,-0.7972972972972974,0.0135135135135135,0.0096618357487922,255.83333333333334,42.69534509236141,16.0
29_35,26.6982,50.48276,Resto,-0.7972972972972974,0.0135135135135135,0.0096618357487922,692.8666666666667,32.653805623891365,9.0
31_33,26.51802,50.68498,Resto,-0.7972972972972974,0.0135135135135135,0.0096618357487922,635.4666666666667,26.19106359242716,10.0
11_64,29.31081,48.66277,Resto,-0.7972972972972974,0.0135135135135135,0.0096618357487922,908.9666666666667,27.356424692839788,9.0
53_36,26.78829,52.90941,Resto,-0.7985611510791362,0.0503597122302158,0.0444444444444444,385.1666666666667,24.795497880485875,80.0
26_46,27.68919,50.17943,Resto,-0.7986577181208054,0.0134228187919463,0.0074626865671641,1492.7333333333333,63.95619220288222,49.0
42_33,26.51802,51.7972,Resto,-0.7991071428571428,0.0133928571428571,0.0095693779904306,280.8333333333333,64.25730040730998,46.0
27_65,29.4009,50.28054,Resto,-0.8009049773755654,0.0226244343891402,0.0178571428571428,23.833333333333332,14.069498222562222,26.0
25_40,27.14865,50.07832,Resto,-0.8009049773755659,0.0090497737556561,0.0050251256281407,2437.3333333333335,35.08461258010323,45.0
25_51,28.13964,50.07832,Resto,-0.810810810810811,0.0135135135135135,0.0074626865671641,57.233333333333334,99.41390206981828,46.0
52_28,26.06757,52.8083,Resto,-0.8109452736318408,0.0049751243781094,0.0,136.76666666666668,91.055212054626,47.0
52_9,24.35586,52.8083,Resto,-0.8113207547169811,0.0047169811320754,0.0,93.76666666666667,16.369802882142547,8.0
50_9,24.35586,52.60608,Resto,-0.8113207547169811,0.0047169811320754,0.0,76.13333333333334,1.411731337302391,
19_48,27.86937,49.47165,Resto,-0.811659192825112,0.0089686098654708,0.0049504950495049,597.8333333333334,42.87686326403866,33.0
20_47,27.77928,49.57276,Resto,-0.811659192825112,0.0089686098654708,0.0049504950495049,981.2333333333333,41.87570933394453,34.0
49_35,26.6982,52.50497,Resto,-0.8130841121495322,0.0233644859813084,0.0194174757281553,61.766666666666666,66.31908050852752,76.0
89_39,27.05856,56.54939,Resto,-0.8145695364238411,0.0033112582781456,0.0,23.766666666666666,4.369593658952453,13.0
35_29,26.15766,51.08942,Resto,-0.8187919463087248,0.0201342281879194,0.0142857142857142,89.93333333333334,8.392434523541754,7.0
47_9,24.35586,52.30275,Resto,-0.8206896551724139,0.0206896551724137,0.0171673819742489,41.46666666666667,13.351971978474278,20.0
50_11,24.53604,52.60608,Resto,-0.8208955223880597,0.0049751243781094,0.0,63.9,18.076682020073147,14.0
66_11,24.53604,54.22385,Resto,-0.8228882833787461,0.0217983651226158,0.0191693290734824,2705.5,13.484969422991885,9.0
57_35,26.6982,53.31385,Resto,-0.8273381294964031,0.0431654676258992,0.037037037037037,263.8333333333333,10.368910481291133,90.0
85_32,26.42793,56.14495,Resto,-0.8289473684210527,0.0131578947368421,0.0093023255813953,205.4,19.319835113014253,85.0
87_22,25.52703,56.34717,Resto,-0.8306878306878307,0.0026455026455026,0.0,0.03333333333333333,2.155126569958062,
51_31,26.33784,52.70719,Resto,-0.8325581395348838,0.0186046511627906,0.0145631067961165,66.96666666666667,71.51669900366313,69.0
62_33,26.51802,53.8194,Resto,-0.8341013824884795,0.0138248847926267,0.0097560975609756,161.96666666666667,8.563475649029154,40.0
63_13,24.71622,53.92051,Resto,-0.8344827586206898,0.0137931034482758,0.0107913669064748,1064.9333333333334,48.30574974841564,18.0
55_28,26.06757,53.11163,Resto,-0.8345323741007196,0.0287769784172661,0.0238095238095238,39.233333333333334,81.91748746295819,65.0
27_69,29.76126,50.28054,Resto,-0.8378378378378379,0.0135135135135135,0.0073529411764705,1165.2666666666667,2.9407734299986745,1.0
27_61,29.04054,50.28054,Resto,-0.8378378378378379,0.0135135135135135,0.0073529411764705,107.93333333333334,18.933488266496568,43.0
28_68,29.67117,50.38165,Resto,-0.8378378378378379,0.0135135135135135,0.0073529411764705,0.1,0.4042415696362093,3.0
56_18,25.16667,53.21274,Resto,-0.8417266187050352,0.079136690647482,0.072992700729927,9666.033333333333,33.419468657088984,15.0
44_11,24.53604,51.99942,Resto,-0.84375,0.0173611111111111,0.014336917562724,0.43333333333333335,27.09654392632132,11.0
61_23,25.61712,53.71829,Resto,-0.8465116279069766,0.0325581395348837,0.0290456431535269,192.06666666666666,64.21065028647858,39.0
42_16,24.98649,51.7972,Resto,-0.8488888888888888,0.0088888888888888,0.0048076923076923,202.93333333333334,19.270299864236605,10.0
32_39,27.05856,50.78609,Resto,-0.8513513513513513,0.0135135135135135,0.0094786729857819,265.7,76.47860529356412,44.0
27_38,26.96847,50.28054,Resto,-0.8513513513513513,0.0135135135135135,0.0094786729857819,2429.3,32.41510273589473,17.0
72_20,25.34685,54.83051,Resto,-0.8552631578947367,0.0131578947368421,0.0070921985815602,684.1333333333333,42.73807214363544,23.0
72_21,25.43694,54.83051,Resto,-0.8552631578947367,0.0131578947368421,0.0070921985815602,475.3666666666667,48.49217172040474,27.0
29_24,25.70721,50.48276,Resto,-0.8558558558558558,0.009009009009009,0.0048543689320388,128.23333333333332,12.377486585098238,11.0
56_35,26.6982,53.21274,Resto,-0.8561151079136691,0.0359712230215827,0.0296296296296296,299.7,11.250988341308773,77.0
17_54,28.40991,49.26943,Resto,-0.856502242152466,0.0762331838565022,0.0721153846153846,8320.0,65.1979817058619,30.0
27_29,26.15766,50.28054,Resto,-0.8565022421524664,0.0089686098654708,0.0048309178743961,900.9,7.802751853846081,5.0
65_34,26.60811,54.12274,Resto,-0.8571428571428568,0.0357142857142857,0.0294117647058823,122.26666666666667,10.988526929881166,42.0
88_27,25.97748,56.44828,Resto,-0.8584070796460177,0.0088495575221238,0.0047619047619047,5.566666666666666,3.100978209970013,203.0
35_53,28.31982,51.08942,Resto,-0.8585858585858586,0.0067340067340067,0.0036231884057971,59.266666666666666,9.69658681270114,26.0
82_35,26.6982,55.84161,Resto,-0.8590308370044055,0.0088105726872246,0.0047393364928909,26.166666666666668,2.81219893070765,23.0
57_28,26.06757,53.31385,Resto,-0.859154929577465,0.0140845070422535,0.0098522167487684,344.03333333333336,72.78626008626854,71.0
68_24,25.70721,54.42607,Resto,-0.8597122302158269,0.0467625899280575,0.0436363636363636,444.73333333333335,23.350370785186133,46.0
11_69,29.76126,48.66277,Resto,-0.8597285067873308,0.0814479638009049,0.0772946859903381,328.9,22.42354635006338,8.0
86_30,26.24775,56.24606,Resto,-0.8672566371681416,0.0088495575221238,0.0047393364928909,2620.4,2.954755470049464,33.0
85_38,26.96847,56.14495,Resto,-0.8675496688741722,0.0132450331125827,0.0070921985815602,37.06666666666667,3.04575459728945,
49_34,26.60811,52.50497,Resto,-0.868544600938967,0.0187793427230046,0.0145631067961165,43.4,69.52494175579993,70.0
33_27,25.97748,50.8872,Resto,-0.8791946308724832,0.0134228187919463,0.0071428571428571,303.8666666666667,9.71779729410536,3.0
39_28,26.06757,51.49386,Resto,-0.8791946308724832,0.0134228187919463,0.0071428571428571,181.3,12.776837267286131,13.0
63_27,25.97748,53.92051,Resto,-0.8831615120274914,0.0068728522336769,0.0036496350364963,375.1666666666667,57.2186765617228,76.0
63_11,24.53604,53.92051,Resto,-0.884297520661157,0.0082644628099173,0.0057306590257879,122.0,29.84981163377365,17.0
45_10,24.44595,52.10053,Resto,-0.8896551724137931,0.0068965517241379,0.0036496350364963,0.4,19.41421123067509,3.0
47_15,24.8964,52.30275,Resto,-0.8896551724137931,0.0068965517241379,0.0036496350364963,25.533333333333335,39.63417222336368,30.0
8_63,29.22072,48.35944,Resto,-0.8918918918918921,0.0135135135135135,0.0071428571428571,522.8,19.00546339533044,10.0
59_23,25.61712,53.51607,Resto,-0.8920863309352516,0.0359712230215827,0.0294117647058823,261.2,80.84725901474448,30.0
50_21,25.43694,52.60608,Resto,-0.8920863309352516,0.0359712230215827,0.0294117647058823,37.03333333333333,75.7982423979625,34.0
54_31,26.33784,53.01052,Resto,-0.8928571428571428,0.0214285714285714,0.0148148148148148,140.43333333333334,55.43681250886111,74.0
45_17,25.07658,52.10053,Resto,-0.8961937716262975,0.0069204152249134,0.0036496350364963,25.0,49.38091832331554,17.0
46_18,25.16667,52.20164,Resto,-0.8961937716262975,0.0069204152249134,0.0036496350364963,78.96666666666667,59.212953385239736,11.0
26_38,26.96847,50.17943,Resto,-0.9009009009009008,0.009009009009009,0.0047393364928909,3298.266666666667,24.476813108144214,33.0
50_27,25.97748,52.60608,Resto,-0.9014084507042256,0.0140845070422535,0.0097087378640776,42.666666666666664,103.8020233309598,49.0
25_50,28.04955,50.07832,Resto,-0.9054054054054056,0.0067567567567567,0.0,54.06666666666667,90.25365662689396,49.0
25_73,30.12162,50.07832,Resto,-0.9054054054054056,0.0135135135135135,0.0070921985815602,252.83333333333334,3.315852564744856,9.0
17_46,27.68919,49.26943,Resto,-0.905829596412556,0.0044843049327354,0.0,1953.5333333333333,16.250401107656707,12.0
18_46,27.68919,49.37054,Resto,-0.905829596412556,0.0044843049327354,0.0,1565.6,20.67057670332516,8.0
21_42,27.32883,49.67388,Resto,-0.90625,0.0044642857142857,0.0,4797.3,0.7816221777823323,5.0
41_10,24.44595,51.69608,Resto,-0.9072847682119204,0.0066225165562913,0.0,15.133333333333333,12.425753866836075,1.0
27_56,28.59009,50.28054,Resto,-0.9121621621621624,0.0337837837837837,0.0285714285714285,170.53333333333333,63.52260388505387,49.0
41_15,24.8964,51.69608,Resto,-0.9133333333333334,0.0066666666666666,0.0,710.7666666666667,12.749390069493565,5.0
59_29,26.15766,53.51607,Resto,-0.9136690647482016,0.0215827338129496,0.0148148148148148,235.8,56.13543409756072,75.0
51_24,25.70721,52.70719,Resto,-0.9136690647482016,0.0287769784172661,0.0220588235294117,541.9333333333333,97.08192197441512,38.0
57_29,26.15766,53.31385,Resto,-0.9136690647482016,0.0215827338129496,0.0148148148148148,302.56666666666666,63.85562153111491,41.0
61_15,24.8964,53.71829,Resto,-0.913669064748202,0.0431654676258992,0.0364963503649635,15830.866666666667,61.07147343610821,13.0
53_7,24.17568,52.90941,Resto,-0.914285714285714,0.0285714285714285,0.0218978102189781,1237.6,3.84167807899038,3.0
60_16,24.98649,53.61718,Resto,-0.914285714285714,0.0285714285714285,0.0218978102189781,391.3,55.4112593796124,24.0
48_41,27.23874,52.40386,Resto,-0.915492957746479,0.0140845070422535,0.0096618357487922,127.13333333333334,22.97002628107241,73.0
31_20,25.34685,50.68498,Resto,-0.92,0.0066666666666666,0.0,1.3666666666666667,7.945565434069533,9.0
30_20,25.34685,50.58387,Resto,-0.92,0.0066666666666666,0.0,18.866666666666667,7.248603914275719,14.0
13_48,27.86937,48.86499,Resto,-0.9230769230769232,0.004524886877828,0.0,4272.2,1.6765034341974578,4.0
29_22,25.52703,50.48276,Resto,-0.9234234234234234,0.0045045045045045,0.0,21.766666666666666,9.118383019445886,15.0
36_44,27.50901,51.19053,Resto,-0.9261744966442952,0.0067114093959731,0.0,194.8,51.36924923432446,72.0
83_28,26.06757,55.94272,Resto,-0.927152317880795,0.0397350993377483,0.0363636363636363,2308.866666666667,13.0719143463933,47.0
78_21,25.43694,55.43717,Resto,-0.9276315789473684,0.006578947368421,0.0,39192.333333333336,2.681197768311853,10.0
76_34,26.60811,55.23495,Resto,-0.9276315789473684,0.006578947368421,0.0,33.56666666666667,5.022461278287777,24.0
74_17,25.07658,55.03273,Resto,-0.9276315789473684,0.006578947368421,0.0,1757.9666666666667,7.041132942474104,8.0
43_27,25.97748,51.89831,Resto,-0.9288888888888888,0.0044444444444444,0.0,766.2,33.978078527343285,21.0
79_34,26.60811,55.53828,Resto,-0.9295154185022028,0.0044052863436123,0.0,2.2,0.6133491056340696,
79_36,26.78829,55.53828,Resto,-0.9295154185022028,0.0044052863436123,0.0,0.0,0.7813523284734442,2.0
28_28,26.06757,50.38165,Resto,-0.9324324324324323,0.0045045045045045,0.0,563.0,6.210050700816084,13.0
33_26,25.88739,50.8872,Resto,-0.9333333333333332,0.0066666666666666,0.0,17.433333333333334,7.1454305536630045,6.0
87_31,26.33784,56.34717,Resto,-0.9336283185840708,0.0044247787610619,0.0,164.4,0.7249201877238599,
47_7,24.17568,52.30275,Resto,-0.9351851851851852,0.0092592592592592,0.0047846889952153,9.033333333333333,17.106708866835753,22.0
59_13,24.71622,53.51607,Resto,-0.935714285714286,0.0214285714285714,0.0145985401459854,829.7333333333333,35.120433486057486,18.0
35_32,26.42793,51.08942,Resto,-0.9395973154362416,0.0067114093959731,0.0,121.46666666666667,33.22524511355499,11.0
36_30,26.24775,51.19053,Resto,-0.9395973154362416,0.0067114093959731,0.0,796.4,11.492284725903096,11.0
32_31,26.33784,50.78609,Resto,-0.9395973154362416,0.0067114093959731,0.0,1041.9333333333334,14.775916005009108,14.0
32_26,25.88739,50.78609,Resto,-0.9395973154362416,0.0067114093959731,0.0,150.96666666666667,14.64280909267393,7.0
37_30,26.24775,51.29164,Resto,-0.9395973154362416,0.0067114093959731,0.0,192.43333333333334,10.55528834623198,10.0
54_33,26.51802,53.01052,Resto,-0.9424460431654678,0.014388489208633,0.0074074074074074,125.56666666666666,37.41020569207348,63.0
57_37,26.87838,53.31385,Resto,-0.9424460431654678,0.014388489208633,0.0074074074074074,64.16666666666667,5.325326576755821,43.0
54_29,26.15766,53.01052,Resto,-0.9424460431654678,0.014388489208633,0.0074074074074074,230.03333333333333,74.30982610240622,67.0
8_68,29.67117,48.35944,Resto,-0.945945945945946,0.0067567567567567,0.0,337.9,2.6290002984409857,1.0
9_65,29.4009,48.46055,Resto,-0.945945945945946,0.0067567567567567,0.0,705.7333333333333,5.988664373520868,6.0
25_38,26.96847,50.07832,Resto,-0.945945945945946,0.0067567567567567,0.0,980.9,17.553519116042175,38.0
58_21,25.43694,53.41496,Resto,-0.9496402877697844,0.0287769784172661,0.0232558139534883,39.63333333333333,69.39068108721071,35.0
44_45,27.5991,51.99942,Resto,-0.953020134228188,0.0067114093959731,0.0,42.3,22.04241237977515,58.0
42_11,24.53604,51.7972,Resto,-0.9530516431924884,0.0046948356807511,0.0,4.4,7.537583915555411,5.0
48_13,24.71622,52.40386,Resto,-0.9532710280373832,0.0046728971962616,0.0,13.766666666666667,21.82187083613545,26.0
61_35,26.6982,53.71829,Resto,-0.9534883720930232,0.0046511627906976,0.0,173.76666666666668,1.0126218778215914,10.0
27_45,27.5991,50.28054,Resto,-0.9539473684210524,0.006578947368421,0.0,437.5,66.65273354851375,51.0
51_22,25.52703,52.70719,Resto,-0.9568345323741008,0.014388489208633,0.0073529411764705,667.5666666666667,78.84079134878557,32.0
59_24,25.70721,53.51607,Resto,-0.9568345323741008,0.014388489208633,0.0073529411764705,178.13333333333333,86.42287427246069,38.0
52_23,25.61712,52.8083,Resto,-0.9568345323741008,0.014388489208633,0.0073529411764705,147.96666666666667,84.23538089600552,37.0
50_22,25.52703,52.60608,Resto,-0.9568345323741008,0.014388489208633,0.0073529411764705,40.733333333333334,83.9615776411488,22.0
50_23,25.61712,52.60608,Resto,-0.9568345323741008,0.014388489208633,0.0073529411764705,241.73333333333332,92.48591267739504,38.0
53_22,25.52703,52.90941,Resto,-0.9568345323741008,0.014388489208633,0.0073529411764705,37.6,71.93094333394166,35.0
49_17,25.07658,52.50497,Resto,-0.956834532374101,0.0215827338129496,0.0145985401459854,92.0,59.77854779798314,9.0
48_14,24.80631,52.40386,Resto,-0.956834532374101,0.0215827338129496,0.0145985401459854,3.8,31.12366754784474,17.0
60_20,25.34685,53.61718,Resto,-0.956834532374101,0.0215827338129496,0.0145985401459854,116.66666666666667,59.90360518502629,24.0
53_19,25.25676,52.90941,Resto,-0.956834532374101,0.0215827338129496,0.0145985401459854,26.9,43.10640540045473,17.0
51_14,24.80631,52.70719,Resto,-0.9571428571428572,0.0142857142857142,0.0072992700729927,398.3666666666667,36.63163665435409,10.0
69_34,26.60811,54.52718,Resto,-0.9583333333333331,0.0046296296296296,0.0,6.366666666666666,1.898064514125509,
44_7,24.17568,51.99942,Resto,-0.9620689655172414,0.0034482758620689,0.0,1171.8333333333333,4.000500577291249,
52_32,26.42793,52.8083,Resto,-0.9642857142857144,0.0071428571428571,0.0,101.03333333333333,57.36839847224892,78.0
24_39,27.05856,49.97721,Resto,-0.9683257918552036,0.0180995475113122,0.0121951219512195,1581.4,22.58268921894184,12.0
62_11,24.53604,53.8194,Resto,-0.96875,0.0034722222222222,0.0,541.7333333333333,29.079883822932484,12.0
51_19,25.25676,52.70719,Resto,-0.971223021582734,0.014388489208633,0.0072992700729927,236.96666666666667,53.86651198649836,23.0
52_17,25.07658,52.8083,Resto,-0.971223021582734,0.014388489208633,0.0072992700729927,74.9,32.62766741451872,19.0
50_13,24.71622,52.60608,Resto,-0.971223021582734,0.014388489208633,0.0072992700729927,15.266666666666667,34.9150225219491,12.0
56_14,24.80631,53.21274,Resto,-0.971223021582734,0.014388489208633,0.0072992700729927,1894.0,14.483111392414932,14.0
60_14,24.80631,53.61718,Resto,-0.971223021582734,0.014388489208633,0.0072992700729927,1009.4,48.13320084583479,9.0
76_26,25.88739,55.23495,Resto,-0.973684210526315,0.0328947368421052,0.0283018867924528,140.9,18.273571111894555,57.0
74_30,26.24775,55.03273,Resto,-0.9772727272727276,0.0227272727272727,0.0171428571428571,864.2666666666667,36.09668016969583,80.0
52_22,25.52703,52.8083,Resto,-0.9784172661870504,0.0071942446043165,0.0,149.7,74.7711921806222,16.0
57_7,24.17568,53.31385,Resto,-0.9785714285714284,0.0071428571428571,0.0,168.46666666666667,8.58367833269906,2.0
49_18,25.16667,52.50497,Resto,-0.9785714285714284,0.0071428571428571,0.0,135.86666666666667,63.85365085091256,15.0
54_7,24.17568,53.01052,Resto,-0.9785714285714284,0.0071428571428571,0.0,1400.1666666666667,1.1895385950149362,3.0
49_14,24.80631,52.50497,Resto,-0.9785714285714284,0.0071428571428571,0.0,101.0,35.631994181093454,19.0
56_8,24.26577,53.21274,Resto,-0.9785714285714284,0.0071428571428571,0.0,72.3,1.6259937503302695,1.0
46_21,25.43694,52.20164,Resto,-0.9826989619377162,0.0173010380622837,0.0138888888888888,223.2,63.28085787520904,28.0
51_15,24.8964,52.70719,Resto,-0.985611510791367,0.0071942446043165,0.0,169.0,35.544721309049635,12.0
51_13,24.71622,52.70719,Resto,-0.985611510791367,0.0071942446043165,0.0,246.46666666666667,39.29642963543965,16.0
54_8,24.26577,53.01052,Resto,-0.9927536231884058,0.0072463768115942,0.0,193.83333333333334,11.09618078374347,10.0
31_58,28.77027,50.68498,Resto,-1.0,0.0169491525423728,0.0127118644067796,247.0,19.63948444980499,27.0
27_48,27.86937,50.28054,Resto,-1.0045248868778285,0.0180995475113122,0.0120481927710843,753.9333333333333,85.02690775618485,53.0
9_56,28.59009,48.46055,Resto,-1.0090497737556563,0.004524886877828,0.0,53.43333333333333,5.712541649079464,9.0
18_73,30.12162,49.37054,Resto,-1.0136054421768712,0.0170068027210884,0.0127118644067796,1.2,4.6428906743695,1.0
20_66,29.49099,49.57276,Resto,-1.0407239819004528,0.0180995475113122,0.0119047619047619,73.3,58.64354181418421,22.0
89_26,25.88739,56.54939,Resto,-1.0482758620689658,0.0206896551724137,0.0163934426229508,11.166666666666666,11.680895156512728,87.0
51_11,24.53604,52.70719,Resto,-1.0575539568345325,0.0071942446043165,0.0,544.3333333333334,20.20427304505545,12.0
7_63,29.22072,48.25833,Resto,-1.0684931506849311,0.0182648401826484,0.0119047619047619,615.1333333333333,13.774657568700292,17.0
25_66,29.49099,50.07832,Resto,-1.071090047393365,0.0189573459715639,0.0123456790123456,24.2,31.807936999868048,32.0
12_52,28.22973,48.76388,Resto,-1.0769230769230766,0.0542986425339366,0.0490196078431372,4965.733333333334,14.150093957647526,12.0
15_62,29.13063,49.06721,Resto,-1.080808080808081,0.0437710437710437,0.0398550724637681,144.23333333333332,71.59986617831667,28.0
50_37,26.87838,52.60608,Resto,-1.089201877934272,0.0375586854460093,0.0330578512396694,127.36666666666666,44.478108394307256,72.0
40_48,27.86937,51.59497,Resto,-1.09375,0.0044642857142857,0.0,0.06666666666666667,1.6540945815662484,
40_21,25.43694,51.59497,Resto,-1.14,0.0066666666666666,0.0,1777.0333333333333,7.774745152110296,11.0
41_21,25.43694,51.69608,Resto,-1.1422222222222222,0.0088888888888888,0.0041493775933609,318.6333333333333,17.93038610120799,6.0
69_28,26.06757,54.52718,Resto,-1.1506849315068486,0.0342465753424657,0.0294117647058823,190.86666666666667,15.754123766273148,85.0
18_48,27.86937,49.37054,Resto,-1.1524663677130036,0.0403587443946188,0.0346534653465346,883.3666666666667,38.434876176992006,20.0
40_13,24.71622,51.59497,Resto,-1.153333333333333,0.0066666666666666,0.0,48.7,13.295931638343424,9.0
39_13,24.71622,51.49386,Resto,-1.153333333333333,0.0066666666666666,0.0,18.233333333333334,4.425229570691541,3.0
80_32,26.42793,55.63939,Resto,-1.1541850220264325,0.052863436123348,0.0473933649289099,76.93333333333334,22.750955558008457,43.0
41_36,26.78829,51.69608,Resto,-1.1875,0.0089285714285714,0.0040816326530612,62.03333333333333,82.61137322319821,47.0
47_46,27.68919,52.30275,Resto,-1.1946308724832215,0.0067114093959731,0.0,37.833333333333336,2.0679990063632485,
58_26,25.88739,53.41496,Resto,-1.2039800995024876,0.0248756218905472,0.0177514792899408,152.7,85.43470496163854,57.0
66_26,25.88739,54.22385,Resto,-1.2207084468664853,0.0354223433242506,0.0318840579710144,376.53333333333336,28.81255782335962,67.0
52_11,24.53604,52.8083,Resto,-1.2230215827338131,0.0071942446043165,0.0,524.9333333333333,25.79649352240493,12.0
56_11,24.53604,53.21274,Resto,-1.2318840579710144,0.0072463768115942,0.0,547.9,24.09910404393346,8.0
60_10,24.44595,53.61718,Resto,-1.2318840579710144,0.0072463768115942,0.0,15.5,18.76832301888805,15.0
32_45,27.5991,50.78609,Resto,-1.2342342342342345,0.045045045045045,0.0390243902439024,178.9,71.1153642015869,57.0
40_38,26.96847,51.59497,Resto,-1.2544642857142856,0.0133928571428571,0.0082304526748971,118.23333333333333,96.05528828407186,66.0
31_38,26.96847,50.68498,Resto,-1.256756756756757,0.0135135135135135,0.0082987551867219,778.8333333333334,62.526536763330256,29.0
26_65,29.4009,50.17943,Resto,-1.2805429864253393,0.0135746606334841,0.0059523809523809,27.933333333333334,17.85457357949139,32.0
29_65,29.4009,50.48276,Resto,-1.2805429864253393,0.0135746606334841,0.0059523809523809,44.266666666666666,14.319193777988174,17.0
41_23,25.61712,51.69608,Resto,-1.3177257525083612,0.0133779264214046,0.0080645161290322,358.43333333333334,14.405546497927311,7.0
34_37,26.87838,50.98831,Resto,-1.3221476510067114,0.0134228187919463,0.0057803468208092,1031.4333333333334,74.75720140141763,17.0
16_50,28.04955,49.16832,Resto,-1.3243243243243246,0.027027027027027,0.0213675213675213,276.96666666666664,37.31450676103989,16.0
24_65,29.4009,49.97721,Resto,-1.32994923857868,0.0203045685279187,0.0121951219512195,37.93333333333333,33.29853690620156,33.0
31_26,25.88739,50.68498,Resto,-1.3355704697986577,0.0738255033557047,0.0642857142857142,571.6333333333333,7.696204553542194,2.0
32_49,27.95946,50.78609,Resto,-1.3423423423423424,0.018018018018018,0.0124481327800829,227.0,51.809211620730686,59.0
48_28,26.06757,52.40386,Resto,-1.3454545454545457,0.0181818181818181,0.0125523012552301,370.76666666666665,85.53075915680132,38.0
36_31,26.33784,51.19053,Resto,-1.346666666666667,0.0133333333333333,0.0056818181818181,308.53333333333336,20.68099774414185,11.0
74_21,25.43694,55.03273,Resto,-1.348684210526315,0.0592105263157894,0.0496453900709219,4255.8,31.48753883538701,19.0
72_28,26.06757,54.83051,Resto,-1.348684210526315,0.0592105263157894,0.0496453900709219,107.5,27.47914491213369,82.0
36_48,27.86937,51.19053,Resto,-1.3555555555555552,0.0177777777777777,0.0122448979591836,261.46666666666664,21.8135368485556,35.0
41_42,27.32883,51.69608,Resto,-1.3584905660377364,0.0269541778975741,0.0219780219780219,406.5,55.22194559989427,40.0
47_11,24.53604,52.30275,Resto,-1.360795454545454,0.0142045454545454,0.009771986970684,1700.7,0.0404849753706056,
46_40,27.14865,52.20164,Resto,-1.367713004484305,0.0134529147982062,0.0056818181818181,679.9,45.0783404319137,69.0
21_49,27.95946,49.67388,Resto,-1.371621621621622,0.0101351351351351,0.0042735042735042,1672.6666666666667,63.174045060233134,13.0
45_21,25.43694,52.10053,Resto,-1.3737024221453282,0.0207612456747404,0.01628664495114,86.93333333333334,53.70272501126353,23.0
44_29,26.15766,51.99942,Resto,-1.375,0.0178571428571428,0.0122448979591836,405.26666666666665,51.81210145574032,23.0
30_40,27.14865,50.58387,Resto,-1.389830508474576,0.0101694915254237,0.0042553191489361,513.5333333333333,68.21999082551285,46.0
7_61,29.04054,48.25833,Resto,-1.391891891891893,0.0675675675675675,0.0575539568345323,6193.666666666667,10.000384708707925,19.0
12_50,28.04955,48.76388,Resto,-1.3999999999999997,0.0271186440677966,0.0211864406779661,9288.933333333332,3.206374778379739,3.0
25_52,28.22973,50.07832,Resto,-1.4054054054054057,0.0202702702702702,0.0119047619047619,63.06666666666667,103.2068821118994,48.0
46_25,25.7973,52.20164,Resto,-1.4143646408839778,0.011049723756906,0.0064724919093851,213.4,61.11002853998485,30.0
51_29,26.15766,52.70719,Resto,-1.4172661870503598,0.014388489208633,0.0059523809523809,263.1,87.44641341596056,48.0
53_29,26.15766,52.90941,Resto,-1.4172661870503598,0.014388489208633,0.0059523809523809,208.36666666666667,77.78977319683477,68.0
54_28,26.06757,53.01052,Resto,-1.4172661870503598,0.014388489208633,0.0059523809523809,155.26666666666668,83.94063461015182,71.0
27_51,28.13964,50.28054,Resto,-1.4324324324324325,0.0405405405405405,0.0298507462686567,120.36666666666666,89.55905647143399,57.0
22_61,29.04054,49.77499,Resto,-1.4324324324324325,0.0472972972972973,0.0367647058823529,240.63333333333333,55.53366779136468,43.0
24_51,28.13964,49.97721,Resto,-1.4324324324324325,0.0405405405405405,0.0298507462686567,1468.2,95.97207815891036,42.0
17_60,28.95045,49.26943,Resto,-1.434977578475336,0.0313901345291479,0.024390243902439,133.86666666666667,89.15820984323264,31.0
21_50,28.04955,49.67388,Resto,-1.434977578475337,0.0269058295964125,0.0198019801980198,1672.6666666666667,70.84517404886806,25.0
42_43,27.41892,51.7972,Resto,-1.4377104377104375,0.0269360269360269,0.0209205020920502,183.13333333333333,45.73974998997447,49.0
41_24,25.70721,51.69608,Resto,-1.4463087248322144,0.0100671140939597,0.0041152263374485,801.1,10.683500019642349,7.0
88_18,25.16667,56.44828,Resto,-1.4493392070484583,0.026431718061674,0.0204918032786885,75812.63333333333,8.405373504843176,62.0
31_53,28.31982,50.68498,Resto,-1.4594594594594597,0.027027027027027,0.0209205020920502,174.86666666666667,45.043942164631495,58.0
44_34,26.60811,51.99942,Resto,-1.4642857142857135,0.0357142857142857,0.0287081339712918,6489.9,86.00361994935326,58.0
78_26,25.88739,55.43717,Resto,-1.4736842105263157,0.0197368421052631,0.0113636363636363,533.7,36.01502166382544,48.0
52_20,25.34685,52.8083,Resto,-1.4748201438848922,0.014388489208633,0.005813953488372,58.833333333333336,56.39721549304304,19.0
50_20,25.34685,52.60608,Resto,-1.4748201438848922,0.014388489208633,0.005813953488372,78.66666666666667,68.12576505842401,22.0
73_22,25.52703,54.93162,Resto,-1.4934210526315788,0.0460526315789473,0.0354609929078014,5345.133333333333,37.6881961974209,28.0
79_27,25.97748,55.53828,Resto,-1.4934210526315788,0.0460526315789473,0.0354609929078014,414.6,39.69923805102537,57.0
30_54,28.40991,50.58387,Resto,-1.495495495495495,0.0315315315315315,0.0242718446601941,136.06666666666666,50.77030693495381,54.0
85_33,26.51802,56.14495,Resto,-1.5066079295154182,0.0308370044052863,0.0236966824644549,78.83333333333333,26.26590427579939,86.0
38_40,27.14865,51.39275,Resto,-1.5089285714285712,0.0491071428571428,0.0420560747663551,197.43333333333334,80.19405393189189,75.0
29_63,29.22072,50.48276,Resto,-1.513513513513514,0.0405405405405405,0.0294117647058823,144.4,14.632038654584248,31.0
25_61,29.04054,50.07832,Resto,-1.513513513513514,0.0405405405405405,0.0294117647058823,106.4,29.635801944084108,41.0
22_60,28.95045,49.77499,Resto,-1.513513513513514,0.0405405405405405,0.0294117647058823,240.63333333333333,59.82840123806354,42.0
50_36,26.78829,52.60608,Resto,-1.5140186915887843,0.0607476635514018,0.0533980582524271,42.1,52.538543462713406,67.0
18_59,28.86036,49.37054,Resto,-1.5156950672645744,0.0269058295964125,0.0195121951219512,186.66666666666666,95.14871954363336,35.0
10_59,28.86036,48.56166,Resto,-1.5203619909502262,0.0271493212669683,0.0216606498194945,351.6666666666667,21.083987148261134,21.0
29_31,26.33784,50.48276,Resto,-1.5270270270270263,0.0315315315315315,0.0241545893719806,3174.9666666666667,10.60579550033999,5.0
26_39,27.05856,50.17943,Resto,-1.5283018867924527,0.0188679245283018,0.0125,1954.2333333333333,31.701203603446515,42.0
63_9,24.35586,53.92051,Resto,-1.5285714285714285,0.0071428571428571,0.0,45.3,11.587673286854873,5.0
16_56,28.59009,49.16832,Resto,-1.5291479820627805,0.0313901345291479,0.0240384615384615,134.7,65.66233994204057,33.0
21_48,27.86937,49.67388,Resto,-1.5291479820627805,0.0224215246636771,0.0148514851485148,2130.5666666666666,56.0394553293468,39.0
65_27,25.97748,54.12274,Resto,-1.529209621993128,0.0240549828178694,0.0191693290734824,81.1,39.42418930763854,78.0
59_35,26.6982,53.51607,Resto,-1.5348837209302315,0.0465116279069767,0.0390243902439024,102.56666666666666,8.733385247207552,68.0
29_53,28.31982,50.48276,Resto,-1.5360360360360357,0.0315315315315315,0.0251046025104602,238.83333333333334,63.47291553414832,54.0
23_52,28.22973,49.8761,Resto,-1.5405405405405403,0.027027027027027,0.0178571428571428,911.5666666666667,99.01108437096312,45.0
45_36,26.78829,52.10053,Resto,-1.5436241610738253,0.0201342281879194,0.0113636363636363,41.2,80.06606364129296,60.0
64_13,24.71622,54.02163,Resto,-1.544827586206896,0.0379310344827586,0.0323741007194244,856.8333333333334,41.9312073974022,21.0
73_25,25.7973,54.93162,Resto,-1.552631578947368,0.0263157894736842,0.0189573459715639,303.53333333333336,11.10787380353332,35.0
12_64,29.31081,48.76388,Resto,-1.5565610859728505,0.0316742081447963,0.0241545893719806,378.1666666666667,36.882505480003886,11.0
25_65,29.4009,50.07832,Resto,-1.5610859728506783,0.0271493212669683,0.0178571428571428,26.2,24.82574371321516,35.0
71_22,25.52703,54.7294,Resto,-1.5657894736842106,0.0394736842105263,0.0283687943262411,339.9,44.66056236921409,31.0
29_54,28.40991,50.48276,Resto,-1.5675675675675675,0.027027027027027,0.0194174757281553,149.53333333333333,60.40345509805075,56.0
49_8,24.26577,52.50497,Resto,-1.568075117370892,0.0093896713615023,0.0,547.6333333333333,6.6423155496623965,14.0
17_66,29.49099,49.26943,Resto,-1.575757575757576,0.0202020202020202,0.0144927536231884,53.166666666666664,64.61419738168374,22.0
31_41,27.23874,50.68498,Resto,-1.5762711864406782,0.023728813559322,0.0170212765957446,197.76666666666668,82.38702522375021,61.0
43_15,24.8964,51.89831,Resto,-1.5847750865051902,0.0276816608996539,0.0218978102189781,37.733333333333334,32.16492141624965,5.0
28_40,27.14865,50.38165,Resto,-1.5932203389830508,0.0067796610169491,0.0,1236.3,52.92018168671155,52.0
29_66,29.49099,50.48276,Resto,-1.5945945945945947,0.0337837837837837,0.0220588235294117,156.3,7.89372312090789,11.0
19_69,29.76126,49.47165,Resto,-1.5945945945945947,0.027027027027027,0.0176470588235294,239.76666666666668,29.76795518330973,18.0
42_28,26.06757,51.7972,Resto,-1.5982142857142856,0.0267857142857142,0.0191387559808612,720.7,29.36816985002244,20.0
88_37,26.87838,56.44828,Resto,-1.6017699115044248,0.0265486725663716,0.0189573459715639,757.4,4.100766479218572,58.0
60_27,25.97748,53.61718,Resto,-1.6018518518518512,0.0231481481481481,0.0165289256198347,51.46666666666667,66.16452577608706,71.0
40_40,27.14865,51.59497,Resto,-1.6071428571428568,0.0357142857142857,0.028169014084507,300.6,76.24321090947714,74.0
29_47,27.77928,50.48276,Resto,-1.6081081081081088,0.0405405405405405,0.0337552742616033,106.53333333333333,87.52839000295948,56.0
27_22,25.52703,50.28054,Resto,-1.6171171171171173,0.0225225225225225,0.0146341463414634,0.1,2.318005334020888,
11_66,29.49099,48.66277,Resto,-1.619909502262444,0.0271493212669683,0.0193236714975845,1079.5,27.7286403567472,7.0
23_51,28.13964,49.8761,Resto,-1.621621621621622,0.027027027027027,0.0149253731343283,588.9,91.50268791374964,43.0
23_42,27.32883,49.8761,Resto,-1.621621621621622,0.027027027027027,0.0149253731343283,4506.0,18.686299135491907,20.0
62_32,26.42793,53.8194,Resto,-1.6279069767441865,0.0372093023255813,0.0292682926829268,387.26666666666665,13.530848442160297,73.0
34_46,27.68919,50.98831,Resto,-1.6308724832214765,0.0335570469798657,0.0217391304347826,215.8,48.827588817295776,47.0
27_47,27.77928,50.28054,Resto,-1.6333333333333329,0.0333333333333333,0.0215827338129496,366.46666666666664,78.09632359582034,48.0
72_32,26.42793,54.83051,Resto,-1.6381578947368416,0.0328947368421052,0.0212765957446808,239.16666666666666,8.310308024229071,26.0
40_27,25.97748,51.59497,Resto,-1.6444444444444448,0.0222222222222222,0.0143540669856459,748.6333333333333,7.534283012222008,11.0
55_21,25.43694,53.11163,Resto,-1.6618705035971215,0.0503597122302158,0.0406976744186046,8.366666666666667,60.50463904395152,24.0
48_38,26.96847,52.40386,Resto,-1.661971830985916,0.056338028169014,0.0483091787439613,773.6333333333333,46.97809846697705,79.0
12_63,29.22072,48.76388,Resto,-1.6621621621621625,0.0225225225225225,0.0144927536231884,763.7333333333333,40.43768989615463,10.0
51_35,26.6982,52.70719,Resto,-1.6635514018691584,0.0420560747663551,0.0339805825242718,255.9,47.081540510978016,72.0
63_21,25.43694,53.92051,Resto,-1.6651162790697676,0.041860465116279,0.0338164251207729,98.36666666666666,35.903325987162944,28.0
15_73,30.12162,49.06721,Resto,-1.6747967479674797,0.005420054200542,0.0,0.0,12.843061350619354,23.0
26_62,29.13063,50.17943,Resto,-1.675675675675676,0.027027027027027,0.0147058823529411,141.33333333333334,15.616645750677865,46.0
32_43,27.41892,50.78609,Resto,-1.6771300448430493,0.0179372197309417,0.0097560975609756,150.13333333333333,83.3562696362734,57.0
69_32,26.42793,54.52718,Resto,-1.677419354838709,0.032258064516129,0.0241545893719806,409.1,11.998177516867695,6.0
15_67,29.58108,49.06721,Resto,-1.6775067750677506,0.021680216802168,0.0162337662337662,26.533333333333335,52.71567045645811,17.0
40_22,25.52703,51.59497,Resto,-1.6800000000000002,0.0266666666666666,0.0144927536231884,182.23333333333332,10.735387185954297,5.0
29_45,27.5991,50.48276,Resto,-1.6936936936936935,0.018018018018018,0.0097560975609756,65.4,84.90391626267609,59.0
7_60,28.95045,48.25833,Resto,-1.6936936936936935,0.018018018018018,0.0097560975609756,6193.666666666667,4.648773700660672,11.0
59_28,26.06757,53.51607,Resto,-1.694835680751173,0.0234741784037558,0.015,293.93333333333334,63.445337375542245,70.0
24_41,27.23874,49.97721,Resto,-1.697986577181208,0.0201342281879194,0.0074626865671641,1284.5333333333333,30.0382509942165,45.0
58_9,24.35586,53.41496,Resto,-1.6999999999999993,0.11,0.1,2137.2,2.8076838042265115,4.0
21_71,29.94144,49.67388,Resto,-1.7027027027027035,0.1081081081081081,0.0955882352941176,379.6333333333333,12.150818630505457,4.0
26_40,27.14865,50.17943,Resto,-1.7104072398190042,0.0226244343891402,0.0121951219512195,1954.2333333333333,39.86056999542339,48.0
76_29,26.15766,55.23495,Resto,-1.7105263157894737,0.0263157894736842,0.0141843971631205,62.733333333333334,35.0275994961285,102.0
51_20,25.34685,52.70719,Resto,-1.712230215827338,0.0215827338129496,0.0116279069767441,236.96666666666667,61.69652662588219,17.0
38_46,27.68919,51.39275,Resto,-1.7155555555555555,0.0177777777777777,0.0095693779904306,252.7,24.87499724308233,26.0
24_43,27.41892,49.97721,Resto,-1.7162162162162162,0.0202702702702702,0.0074626865671641,2094.7,30.8349348581809,44.0
23_45,27.5991,49.8761,Resto,-1.7162162162162162,0.0202702702702702,0.0074626865671641,916.6666666666666,36.47820252564668,46.0
17_47,27.77928,49.26943,Resto,-1.7174887892376685,0.0134529147982062,0.0049504950495049,2188.4,26.00821886755532,16.0
84_30,26.24775,56.04383,Resto,-1.718061674008811,0.0176211453744493,0.0094786729857819,647.2,12.379220598640815,89.0
21_43,27.41892,49.67388,Resto,-1.71875,0.0133928571428571,0.0049261083743842,1396.1,10.434170379728032,14.0
30_34,26.60811,50.58387,Resto,-1.7297297297297298,0.018018018018018,0.0096618357487922,706.9333333333333,36.02783749468722,10.0
10_68,29.67117,48.56166,Resto,-1.7297297297297298,0.0337837837837837,0.0214285714285714,1484.1333333333334,20.837706017343976,2.0
8_59,28.86036,48.35944,Resto,-1.7297297297297298,0.027027027027027,0.0171428571428571,2250.3,7.843096827589279,15.0
37_39,27.05856,51.29164,Resto,-1.7315436241610738,0.0268456375838926,0.014388489208633,196.06666666666666,92.6100826629609,74.0
45_41,27.23874,52.10053,Resto,-1.7315436241610742,0.0335570469798657,0.0212765957446808,53.46666666666667,49.89440584860152,60.0
64_20,25.34685,54.02163,Resto,-1.731958762886598,0.0206185567010309,0.014388489208633,83.06666666666666,21.85312330005069,25.0
41_46,27.68919,51.69608,Resto,-1.7321428571428568,0.0178571428571428,0.0095693779904306,18.033333333333335,15.334205926398562,7.0
42_31,26.33784,51.7972,Resto,-1.7321428571428568,0.0178571428571428,0.0095693779904306,1128.3666666666666,51.98600704469342,22.0
39_43,27.41892,51.49386,Resto,-1.7321428571428568,0.0178571428571428,0.0095693779904306,429.6666666666667,48.63370066302943,41.0
21_69,29.76126,49.67388,Resto,-1.743243243243244,0.0337837837837837,0.0235294117647058,4.533333333333333,30.41530356037729,18.0
20_69,29.76126,49.57276,Resto,-1.743243243243244,0.0337837837837837,0.0235294117647058,310.96666666666664,28.510896906315384,15.0
14_51,28.13964,48.9661,Resto,-1.756756756756757,0.0135135135135135,0.0049019607843137,1524.4666666666667,22.726680820192826,6.0
26_63,29.22072,50.17943,Resto,-1.756756756756757,0.0202702702702702,0.0073529411764705,128.0,11.478246847254882,43.0
26_67,29.58108,50.17943,Resto,-1.756756756756757,0.0202702702702702,0.0073529411764705,11.133333333333333,22.339797184597813,27.0
46_23,25.61712,52.20164,Resto,-1.757785467128028,0.0173010380622837,0.0109090909090909,339.9,62.4675596381719,26.0
31_28,26.06757,50.68498,Resto,-1.7583892617449663,0.0268456375838926,0.0142857142857142,9703.366666666667,6.590529128537505,5.0
46_44,27.50901,52.20164,Resto,-1.7651006711409396,0.0335570469798657,0.0211267605633802,41.3,19.61859957351524,71.0
33_55,28.5,50.8872,Resto,-1.7702702702702702,0.0405405405405405,0.0331950207468879,144.66666666666666,19.379549270051346,32.0
64_21,25.43694,54.02163,Resto,-1.776632302405499,0.0171821305841924,0.0107913669064748,162.93333333333334,28.220642980573945,32.0
65_16,24.98649,54.12274,Resto,-1.776632302405499,0.0171821305841924,0.0107913669064748,17.066666666666666,26.88025581303953,16.0
46_20,25.34685,52.20164,Resto,-1.7785467128027683,0.0138408304498269,0.0073260073260073,161.23333333333332,60.84980214242596,14.0
74_34,26.60811,55.03273,Resto,-1.7828947368421053,0.0197368421052631,0.0070921985815602,764.7666666666667,3.3428759141733555,11.0
77_35,26.6982,55.33606,Resto,-1.7828947368421053,0.0197368421052631,0.0070921985815602,46.43333333333333,5.402922267110893,18.0
75_34,26.60811,55.13384,Resto,-1.7828947368421053,0.0197368421052631,0.0070921985815602,4.666666666666667,9.73257319919789,6.0
26_37,26.87838,50.17943,Resto,-1.7837837837837838,0.0135135135135135,0.0048543689320388,2236.233333333333,18.3401988770358,27.0
23_55,28.5,49.8761,Resto,-1.7837837837837842,0.027027027027027,0.0142857142857142,116.16666666666667,89.89243903981192,56.0
12_71,29.94144,48.76388,Resto,-1.783783783783786,0.0608108108108108,0.0543478260869565,51.3,9.650232402321407,2.0
29_33,26.51802,50.48276,Resto,-1.783783783783786,0.081081081081081,0.072463768115942,1256.0,29.1699269108308,3.0
46_39,27.05856,52.20164,Resto,-1.7852348993288585,0.0536912751677852,0.0413793103448275,679.9,51.28479199246785,69.0
56_34,26.60811,53.21274,Resto,-1.7857142857142856,0.0428571428571428,0.0296296296296296,460.8333333333333,21.099431633320595,81.0
54_35,26.6982,53.01052,Resto,-1.7857142857142856,0.0428571428571428,0.0296296296296296,531.9666666666667,21.44135951534479,81.0
83_34,26.60811,55.94272,Resto,-1.788546255506608,0.013215859030837,0.0047393364928909,195.23333333333332,5.423391033007392,43.0
66_14,24.80631,54.22385,Resto,-1.793103448275862,0.0172413793103448,0.0107913669064748,989.8,35.62468224302175,20.0
26_41,27.23874,50.17943,Resto,-1.7986577181208054,0.0134228187919463,0.0,1002.5,48.54181464374506,47.0
26_42,27.32883,50.17943,Resto,-1.7986577181208054,0.0134228187919463,0.0,1102.0,48.84633230170786,57.0
35_51,28.13964,51.08942,Resto,-1.7991071428571428,0.0133928571428571,0.0047846889952153,155.6,17.447223647784146,35.0
89_37,26.87838,56.54939,Resto,-1.8008849557522124,0.0132743362831858,0.0047393364928909,84.43333333333334,14.04018649670029,41.0
72_29,26.15766,54.83051,Resto,-1.807017543859649,0.0614035087719298,0.0511363636363636,316.3333333333333,31.88958335297576,81.0
21_55,28.5,49.67388,Resto,-1.8108108108108103,0.1486486486486486,0.1357142857142857,6038.5,100.9513352353651,42.0
26_43,27.41892,50.17943,Resto,-1.810810810810811,0.0135135135135135,0.0,1088.1666666666667,50.09703712166472,53.0
20_46,27.68919,49.57276,Resto,-1.811659192825112,0.0089686098654708,0.0,717.8333333333334,35.12505756713655,27.0
42_13,24.71622,51.7972,Resto,-1.8130841121495327,0.014018691588785,0.0073529411764705,5.033333333333333,14.184238178105511,4.0
66_10,24.44595,54.22385,Resto,-1.8201634877384196,0.0081743869209809,0.0028985507246376,1346.7666666666667,9.705598145432608,5.0
67_16,24.98649,54.32496,Resto,-1.8213058419243984,0.0137457044673539,0.0071942446043165,173.06666666666666,26.07798964751312,25.0
14_49,27.95946,48.9661,Resto,-1.8243243243243243,0.0135135135135135,0.0,3715.4333333333334,15.878996979208926,4.0
54_36,26.78829,53.01052,Resto,-1.827338129496403,0.0431654676258992,0.0296296296296296,272.53333333333336,15.32930296794043,73.0
48_42,27.32883,52.40386,Resto,-1.830985915492958,0.028169014084507,0.0193236714975845,85.0,18.18861789954745,70.0
20_53,28.31982,49.57276,Resto,-1.8340807174887903,0.0582959641255605,0.0492610837438423,4753.233333333334,84.73361149555525,34.0
45_6,24.08559,52.10053,Resto,-1.8344827586206895,0.0103448275862068,0.0036496350364963,0.9666666666666667,12.860125555436229,8.0
48_33,26.51802,52.40386,Resto,-1.835680751173709,0.0234741784037558,0.0145631067961165,131.2,82.86768384801165,71.0
50_34,26.60811,52.60608,Resto,-1.835680751173709,0.0234741784037558,0.0145631067961165,8.633333333333333,60.33556435737476,80.0
9_68,29.67117,48.46055,Resto,-1.8378378378378384,0.0202702702702702,0.0071428571428571,225.63333333333333,11.372701146419235,4.0
46_9,24.35586,52.20164,Resto,-1.8429752066115703,0.0192837465564738,0.0132013201320132,0.9333333333333333,17.27115906193165,13.0
45_7,24.17568,52.10053,Resto,-1.8482758620689657,0.0137931034482758,0.007168458781362,7.8,9.774914634902016,17.0
53_14,24.80631,52.90941,Resto,-1.8500000000000003,0.05,0.0364963503649635,632.2,17.249201547136295,18.0
49_32,26.42793,52.50497,Resto,-1.8504672897196257,0.0186915887850467,0.0097087378640776,59.46666666666667,79.40128497877262,49.0
62_19,25.25676,53.8194,Resto,-1.8511627906976744,0.0186046511627906,0.0096618357487922,88.03333333333333,38.262059164334495,35.0
10_57,28.68018,48.56166,Resto,-1.8552036199095023,0.0090497737556561,0.0,1134.2,17.247338632033603,21.0
70_22,25.52703,54.62829,Resto,-1.8552631578947367,0.0131578947368421,0.0,48.2,41.45196727180903,37.0
70_21,25.43694,54.62829,Resto,-1.8552631578947367,0.0131578947368421,0.0,71.3,45.3830525128709,26.0
29_55,28.5,50.48276,Resto,-1.855855855855856,0.009009009009009,0.0,135.13333333333333,53.45388600275866,53.0
55_29,26.15766,53.11163,Resto,-1.856115107913669,0.0359712230215827,0.0222222222222222,36.63333333333333,72.06830354280396,71.0
55_31,26.33784,53.11163,Resto,-1.8571428571428568,0.0285714285714285,0.0148148148148148,49.2,52.41513810197671,80.0
25_72,30.03153,50.07832,Resto,-1.8581081081081083,0.0202702702702702,0.0070921985815602,41.0,6.0179420437255065,17.0
44_44,27.50901,51.99942,Resto,-1.8590604026845636,0.0201342281879194,0.0070422535211267,49.233333333333334,29.39464862352103,54.0
63_32,26.42793,53.92051,Resto,-1.8604651162790693,0.013953488372093,0.0048780487804878,363.1666666666667,7.969742207334051,65.0
62_35,26.6982,53.8194,Resto,-1.8604651162790693,0.013953488372093,0.0048780487804878,55.2,0.3725788214684085,19.0
37_38,26.96847,51.29164,Resto,-1.8657718120805369,0.0134228187919463,0.0,116.5,89.9801981341104,68.0
34_38,26.96847,50.98831,Resto,-1.8657718120805369,0.0134228187919463,0.0,167.66666666666666,83.70778482300572,40.0
66_17,25.07658,54.22385,Resto,-1.865979381443299,0.0103092783505154,0.0035971223021582,114.83333333333333,14.726747435027404,19.0
36_50,28.04955,51.19053,Resto,-1.8660714285714284,0.0089285714285714,0.0,131.4,12.643851302312047,22.0
54_9,24.35586,53.01052,Resto,-1.867924528301887,0.0283018867924528,0.0174418604651162,177.7,19.259681081316533,5.0
69_18,25.16667,54.52718,Resto,-1.868544600938967,0.0187793427230046,0.0097087378640776,234.93333333333334,29.34717450545832,23.0
47_34,26.60811,52.30275,Resto,-1.868544600938967,0.0187793427230046,0.0097087378640776,534.8,86.55951155018388,64.0
57_17,25.07658,53.31385,Resto,-1.871428571428572,0.0428571428571428,0.0291970802919708,3234.6,31.39789619638977,23.0
48_29,26.15766,52.40386,Resto,-1.8732394366197185,0.0140845070422535,0.0072727272727272,317.6333333333333,88.46149683053115,53.0
38_42,27.32883,51.39275,Resto,-1.8754208754208757,0.0538720538720538,0.0460251046025104,194.6,60.92124510346898,61.0
34_34,26.60811,50.98831,Resto,-1.8791946308724832,0.0134228187919463,0.0,462.8333333333333,49.7230611839871,18.0
35_33,26.51802,51.08942,Resto,-1.8791946308724832,0.0134228187919463,0.0,151.76666666666668,42.97544447662611,17.0
37_34,26.60811,51.29164,Resto,-1.8791946308724832,0.0134228187919463,0.0,455.23333333333335,49.98127594366716,22.0
34_33,26.51802,50.98831,Resto,-1.8791946308724832,0.0134228187919463,0.0,357.4,42.83022518714193,15.0
31_31,26.33784,50.68498,Resto,-1.8791946308724832,0.0134228187919463,0.0,15734.333333333334,7.405628004557205,9.0
9_66,29.49099,48.46055,Resto,-1.891891891891892,0.0135135135135135,0.0,514.4333333333333,10.039700040647489,8.0
54_25,25.7973,53.01052,Resto,-1.892086330935252,0.0359712230215827,0.0220588235294117,182.5,100.40137522308564,54.0
53_32,26.42793,52.90941,Resto,-1.8928571428571428,0.0214285714285714,0.0074074074074074,129.83333333333334,51.26830811654011,71.0
56_30,26.24775,53.21274,Resto,-1.8928571428571428,0.0214285714285714,0.0074074074074074,279.6,60.6048663352444,70.0
67_25,25.7973,54.32496,Resto,-1.899280575539568,0.0323741007194244,0.0245901639344262,487.23333333333335,22.239061525387744,54.0
37_40,27.14865,51.29164,Resto,-1.8993288590604025,0.0201342281879194,0.0069444444444444,196.06666666666666,83.15716388980381,72.0
49_21,25.43694,52.50497,Resto,-1.9014084507042253,0.0140845070422535,0.0048543689320388,72.4,82.39108878271998,33.0
43_11,24.53604,51.89831,Resto,-1.9027777777777777,0.0069444444444444,0.0,0.7333333333333333,17.140028643307783,16.0
44_24,25.70721,51.99942,Resto,-1.9065743944636675,0.0103806228373702,0.0035714285714285,331.76666666666665,41.1447133335646,23.0
48_26,25.88739,52.40386,Resto,-1.9163763066202095,0.0452961672473867,0.0373443983402489,575.1666666666666,82.33744909029734,31.0
13_68,29.67117,48.86499,Resto,-1.9186991869918728,0.065040650406504,0.059347181008902,383.1666666666667,39.46463450668901,20.0
43_7,24.17568,51.89831,Resto,-1.9259259259259256,0.0092592592592592,0.0,27.1,10.910689074620054,13.0
62_14,24.80631,53.8194,Resto,-1.928057553956834,0.0359712230215827,0.0218978102189781,3321.4666666666667,58.96846005515413,8.0
36_40,27.14865,51.19053,Resto,-1.9328859060402683,0.0134228187919463,0.0,206.73333333333332,87.17800104461837,69.0
44_43,27.41892,51.99942,Resto,-1.9328859060402683,0.0335570469798657,0.0204081632653061,71.26666666666667,37.22839776292516,53.0
48_7,24.17568,52.40386,Resto,-1.935185185185185,0.0092592592592592,0.0,726.1333333333333,11.44133658792711,7.0
52_24,25.70721,52.8083,Resto,-1.935251798561151,0.0215827338129496,0.0073529411764705,309.1,93.81022647460568,48.0
39_35,26.6982,51.49386,Resto,-1.9375,0.0446428571428571,0.036734693877551,280.76666666666665,64.56868098959131,28.0
46_26,25.88739,52.20164,Resto,-1.953051643192488,0.0234741784037558,0.0142180094786729,287.3,62.21496654682336,35.0
53_23,25.61712,52.90941,Resto,-1.9568345323741008,0.014388489208633,0.0,299.56666666666666,81.72566763944961,21.0
52_19,25.25676,52.8083,Resto,-1.956834532374101,0.0215827338129496,0.0072992700729927,58.833333333333336,47.70134186331741,22.0
54_15,24.8964,53.01052,Resto,-1.956834532374101,0.0215827338129496,0.0072992700729927,468.03333333333336,4.953155190225129,22.0
49_16,24.98649,52.50497,Resto,-1.956834532374101,0.0215827338129496,0.0072992700729927,131.36666666666667,53.42574750499819,8.0
58_7,24.17568,53.41496,Resto,-1.957142857142857,0.0142857142857142,0.0,203.33333333333334,6.51851063971121,5.0
53_17,25.07658,52.90941,Resto,-1.957142857142857,0.0142857142857142,0.0,14545.2,25.432656206970183,18.0
45_31,26.33784,52.10053,Resto,-1.9759036144578317,0.0120481927710843,0.0040485829959514,172.3,71.87442268079656,32.0
56_12,24.62613,53.21274,Resto,-1.9782608695652173,0.0217391304347826,0.0072992700729927,539.7666666666667,28.61528942158175,11.0
51_7,24.17568,52.70719,Resto,-1.9855072463768115,0.0144927536231884,0.0,9333.6,2.6387135103079395,16.0
17_73,30.12162,49.26943,Resto,-2.02439024390244,0.016260162601626,0.0097087378640776,0.06666666666666667,3.711864803633581,3.0
31_42,27.32883,50.68498,Resto,-2.0404040404040407,0.0168350168350168,0.0083333333333333,164.9,88.79750808467902,52.0
63_8,24.26577,53.92051,Resto,-2.0792079207920797,0.0099009900990099,0.0,211.33333333333334,5.780801523325742,1.0
76_30,26.24775,55.23495,Resto,-2.087719298245614,0.0175438596491228,0.0056818181818181,62.733333333333334,33.38760087407206,53.0
28_31,26.33784,50.38165,Resto,-2.121621621621621,0.0585585585585585,0.0483091787439613,1928.3,14.225128427726544,3.0
12_57,28.68018,48.76388,Resto,-2.131221719457013,0.0542986425339366,0.0439024390243902,138.6,33.30328826782504,22.0
43_21,25.43694,51.89831,Resto,-2.1422222222222222,0.0088888888888888,0.0,491.43333333333334,35.16580108124404,19.0
68_25,25.7973,54.42607,Resto,-2.1525423728813564,0.0338983050847457,0.0259259259259259,378.1,14.6132116880478,56.0
39_48,27.86937,51.49386,Resto,-2.1875,0.0089285714285714,0.0,0.06666666666666667,2.5931303657282885,3.0
27_52,28.22973,50.28054,Resto,-2.243243243243244,0.054054054054054,0.0373134328358208,140.06666666666666,85.72737661260865,56.0
48_30,26.24775,52.40386,Resto,-2.244131455399061,0.0093896713615023,0.0,317.6333333333333,92.19353095526314,55.0
12_56,28.59009,48.76388,Resto,-2.244343891402715,0.0135746606334841,0.00418410041841,127.83333333333333,28.334884354072347,17.0
56_9,24.35586,53.21274,Resto,-2.25,0.025,0.0117647058823529,333.0,6.12909244513976,1.0
23_40,27.14865,49.8761,Resto,-2.2544642857142856,0.0133928571428571,0.0041152263374485,658.1666666666666,26.518779318432266,41.0
20_55,28.5,49.57276,Resto,-2.2825112107623315,0.0358744394618834,0.0246305418719211,3800.7,94.74930441537684,41.0
13_59,28.86036,48.86499,Resto,-2.2941176470588225,0.0588235294117647,0.0505415162454873,591.8666666666667,48.19025401864879,31.0
16_55,28.5,49.16832,Resto,-2.2972972972972974,0.027027027027027,0.0171673819742489,1503.0333333333333,62.81718779738552,27.0
15_58,28.77027,49.06721,Resto,-2.3040540540540544,0.0202702702702702,0.0128617363344051,68.76666666666667,63.97020223375418,34.0
80_31,26.33784,55.63939,Resto,-2.3069306930693063,0.0297029702970297,0.0203252032520325,85.43333333333334,31.55749172362972,70.0
62_28,26.06757,53.8194,Resto,-2.310344827586207,0.0137931034482758,0.0041666666666666,368.6333333333333,49.04733006867662,72.0
42_23,25.61712,51.7972,Resto,-2.3143812709030103,0.0301003344481605,0.0205761316872428,385.6,23.36591906481556,16.0
33_36,26.78829,50.8872,Resto,-2.3221476510067114,0.0134228187919463,0.0,1544.2,61.277956884134895,14.0
14_67,29.58108,48.9661,Resto,-2.3387533875338757,0.010840108401084,0.0032467532467532,81.33333333333333,50.26143629548312,18.0
16_47,27.77928,49.16832,Resto,-2.3408071748878925,0.0313901345291479,0.0198019801980198,7613.466666666666,24.72990354892746,8.0
32_46,27.68919,50.78609,Resto,-2.3542600896860986,0.0358744394618834,0.024390243902439,182.66666666666666,66.43203509631108,60.0
33_32,26.42793,50.8872,Resto,-2.3624161073825505,0.0134228187919463,0.0,570.1666666666666,28.6986207323179,14.0
16_62,29.13063,49.16832,Resto,-2.3636363636363638,0.0303030303030303,0.0217391304347826,228.26666666666668,80.76215241880465,33.0
32_53,28.31982,50.78609,Resto,-2.3828828828828827,0.0225225225225225,0.0125523012552301,163.2,35.826940322621105,56.0
54_11,24.53604,53.01052,Resto,-2.391304347826087,0.0434782608695652,0.0294117647058823,1177.3,31.89280414512105,6.0
14_64,29.31081,48.9661,Resto,-2.391891891891893,0.0304054054054054,0.0217391304347826,537.9333333333333,56.28784033713829,12.0
63_31,26.33784,53.92051,Resto,-2.395348837209303,0.0604651162790697,0.048780487804878,402.43333333333334,17.50766603463353,90.0
73_29,26.15766,54.93162,Resto,-2.4035087719298245,0.0307017543859649,0.0170454545454545,204.83333333333334,31.2722356038678,81.0
67_11,24.53604,54.32496,Resto,-2.411444141689373,0.0108991825613079,0.0031948881789137,4896.266666666666,6.112744275263455,8.0
34_49,27.95946,50.98831,Resto,-2.427927927927928,0.0225225225225225,0.0124481327800829,282.2,34.30313539467906,57.0
52_27,25.97748,52.8083,Resto,-2.4290909090909096,0.0218181818181818,0.0098522167487684,82.1,100.15482789759136,36.0
43_32,26.42793,51.89831,Resto,-2.431111111111111,0.0355555555555555,0.0239234449760765,1012.4,65.87993603594475,35.0
47_39,27.05856,52.30275,Resto,-2.432055749128919,0.0348432055749128,0.024793388429752,641.8333333333334,44.1273717562152,81.0
21_70,29.85135,49.67388,Resto,-2.4324324324324325,0.0472972972972973,0.0294117647058823,379.6333333333333,21.12544618600756,11.0
20_48,27.86937,49.57276,Resto,-2.434977578475337,0.0269058295964125,0.0148514851485148,684.3666666666667,48.999813224564,20.0
61_30,26.24775,53.71829,Resto,-2.439814814814815,0.0509259259259259,0.0390243902439024,277.56666666666666,35.241414563173265,80.0
22_41,27.23874,49.77499,Resto,-2.4622222222222216,0.0355555555555555,0.0252100840336134,6103.733333333334,12.293804173564808,26.0
31_44,27.50901,50.68498,Resto,-2.4639639639639634,0.0315315315315315,0.0195121951219512,133.63333333333333,84.96988354218347,68.0
34_50,28.04955,50.98831,Resto,-2.4639639639639634,0.0315315315315315,0.0195121951219512,282.2,29.546300223783284,48.0
84_31,26.33784,56.04383,Resto,-2.4950495049504955,0.0264026402640264,0.016260162601626,1368.6,17.12424998041555,94.0
82_31,26.33784,55.84161,Resto,-2.4950495049504955,0.0264026402640264,0.016260162601626,647.0,30.60675204770875,74.0
25_46,27.68919,50.07832,Resto,-2.496644295302014,0.0335570469798657,0.0149253731343283,1127.8666666666666,56.67717963598081,43.0
22_70,29.85135,49.77499,Resto,-2.513513513513514,0.0405405405405405,0.0220588235294117,16.233333333333334,25.89851056503937,9.0
25_62,29.13063,50.07832,Resto,-2.513513513513514,0.0405405405405405,0.0220588235294117,69.96666666666667,24.238274288326807,41.0
23_68,29.67117,49.8761,Resto,-2.513513513513514,0.0405405405405405,0.0220588235294117,15.233333333333333,39.462488312698746,21.0
37_31,26.33784,51.29164,Resto,-2.52,0.02,0.0056818181818181,272.96666666666664,20.17470809893828,16.0
59_26,25.88739,53.51607,Resto,-2.5223880597014925,0.0149253731343283,0.0,208.36666666666667,79.8270099151556,64.0
27_50,28.04955,50.28054,Resto,-2.527027027027027,0.0337837837837837,0.0149253731343283,92.83333333333333,93.47630896508986,55.0
26_51,28.13964,50.17943,Resto,-2.527027027027027,0.0337837837837837,0.0149253731343283,105.13333333333334,98.78414144205732,52.0
38_39,27.05856,51.39275,Resto,-2.53125,0.03125,0.0191387559808612,197.43333333333334,89.92526197817799,72.0
30_48,27.86937,50.58387,Resto,-2.540540540540541,0.027027027027027,0.0146341463414634,138.26666666666668,74.1454348985789,57.0
28_22,25.52703,50.38165,Resto,-2.540540540540541,0.027027027027027,0.0146341463414634,11.466666666666667,1.5748977990354502,4.0
23_63,29.22072,49.8761,Resto,-2.5637583892617446,0.0335570469798657,0.0147058823529411,93.6,40.14732850816979,38.0
71_21,25.43694,54.7294,Resto,-2.5657894736842106,0.0394736842105263,0.0212765957446808,814.2,53.89207152288272,25.0
73_32,26.42793,54.93162,Resto,-2.5657894736842106,0.0394736842105263,0.0212765957446808,712.9666666666667,13.91105035109756,20.0
76_28,26.06757,55.23495,Resto,-2.5657894736842106,0.0394736842105263,0.0212765957446808,359.53333333333336,27.22599892866472,73.0
56_22,25.52703,53.21274,Resto,-2.5683453237410063,0.1438848920863309,0.125,917.2333333333333,71.83045064188806,23.0
64_16,24.98649,54.02163,Resto,-2.568493150684932,0.0308219178082191,0.0215827338129496,169.33333333333334,31.86458483134317,20.0
58_10,24.44595,53.41496,Resto,-2.570754716981132,0.0613207547169811,0.048780487804878,2137.2,3.677337805686975,5.0
47_12,24.62613,52.30275,Resto,-2.5729166666666665,0.0104166666666666,0.0029154518950437,6.4,9.64490789835149,17.0
46_46,27.68919,52.20164,Resto,-2.5838926174496644,0.0201342281879194,0.0056179775280898,1425.0333333333333,1.1450295585620571,8.0
62_34,26.60811,53.8194,Resto,-2.592592592592593,0.037037037037037,0.024390243902439,86.83333333333333,10.337409911541757,46.0
16_65,29.4009,49.16832,Resto,-2.5945945945945947,0.0202702702702702,0.0108695652173913,1073.0666666666666,74.965156525988,22.0
29_60,28.95045,50.48276,Resto,-2.5945945945945947,0.0337837837837837,0.0147058823529411,163.96666666666667,26.540481594864577,40.0
28_42,27.32883,50.38165,Resto,-2.596412556053812,0.0224215246636771,0.0097560975609756,902.3333333333334,67.7967721211986,49.0
38_43,27.41892,51.39275,Resto,-2.5982142857142856,0.0267857142857142,0.0143540669856459,314.46666666666664,51.50077499862932,43.0
42_39,27.05856,51.7972,Resto,-2.5982142857142856,0.0267857142857142,0.0143540669856459,364.4,81.87897082783843,49.0
46_6,24.08559,52.20164,Resto,-2.613793103448276,0.0241379310344827,0.0145985401459854,24.233333333333334,12.109336517848709,16.0
64_15,24.8964,54.02163,Resto,-2.616438356164383,0.0273972602739726,0.0179856115107913,304.0,40.243003745134885,15.0
27_44,27.50901,50.28054,Resto,-2.6171171171171173,0.0225225225225225,0.0097560975609756,332.4,62.58332739824026,55.0
34_52,28.22973,50.98831,Resto,-2.6171171171171173,0.0225225225225225,0.0097560975609756,234.4,23.81893179285221,45.0
28_41,27.23874,50.38165,Resto,-2.6171171171171173,0.0225225225225225,0.0097560975609756,789.1666666666666,60.0906464645262,57.0
28_44,27.50901,50.38165,Resto,-2.6171171171171173,0.0225225225225225,0.0097560975609756,172.36666666666667,72.11170641443609,58.0
25_45,27.5991,50.07832,Resto,-2.621621621621622,0.027027027027027,0.0074626865671641,1607.1666666666667,49.82955445599678,38.0
64_32,26.42793,54.02163,Resto,-2.6279069767441863,0.0372093023255813,0.024390243902439,315.46666666666664,6.78322446047754,55.0
64_25,25.7973,54.02163,Resto,-2.628158844765343,0.0361010830324909,0.0251046025104602,268.1,50.63150274832292,65.0
66_28,26.06757,54.22385,Resto,-2.6301369863013697,0.0273972602739726,0.0165289256198347,365.3,33.33132640472462,80.0
71_24,25.70721,54.7294,Resto,-2.631578947368421,0.0263157894736842,0.0113636363636363,371.43333333333334,27.71319908431464,51.0
73_27,25.97748,54.93162,Resto,-2.6381578947368416,0.0328947368421052,0.0141843971631205,191.76666666666668,13.332236516418712,76.0
69_17,25.07658,54.52718,Resto,-2.6381578947368416,0.0328947368421052,0.0141843971631205,383.96666666666664,32.472458766647634,23.0
44_16,24.98649,51.99942,Resto,-2.6689655172413795,0.0206896551724137,0.010948905109489,23.733333333333334,39.52715932177642,11.0
33_43,27.41892,50.8872,Resto,-2.6771300448430493,0.0179372197309417,0.0048780487804878,233.03333333333333,76.35733865280304,62.0
46_41,27.23874,52.20164,Resto,-2.677852348993288,0.0402684563758389,0.0212765957446808,263.1333333333333,40.42460035024215,65.0
54_38,26.96847,53.01052,Resto,-2.6906474820143886,0.0215827338129496,0.0058479532163742,51.2,14.965734474232704,75.0
14_71,29.94144,48.9661,Resto,-2.6959459459459465,0.0202702702702702,0.0106761565836298,5.5,11.888343904497804,2.0
33_33,26.51802,50.8872,Resto,-2.697986577181208,0.0335570469798657,0.0142857142857142,342.4,35.5119757564629,11.0
68_19,25.25676,54.42607,Resto,-2.708333333333333,0.0324074074074074,0.0193236714975845,146.86666666666667,19.487816385698977,26.0
72_23,25.61712,54.83051,Resto,-2.710526315789473,0.0263157894736842,0.0070921985815602,754.4,32.82359647264004,39.0
71_23,25.61712,54.7294,Resto,-2.710526315789473,0.0263157894736842,0.0070921985815602,333.03333333333336,35.83428144056491,43.0
71_20,25.34685,54.7294,Resto,-2.710526315789473,0.0263157894736842,0.0070921985815602,1055.1,48.68899668426331,27.0
38_49,27.95946,51.39275,Resto,-2.7155555555555555,0.0177777777777777,0.0047846889952153,0.9666666666666667,0.1880955710994447,
26_50,28.04955,50.17943,Resto,-2.716216216216216,0.0202702702702702,0.0,37.166666666666664,94.97400230326636,54.0
59_36,26.78829,53.51607,Resto,-2.720930232558139,0.027906976744186,0.0146341463414634,76.06666666666666,4.386068756000821,22.0
67_20,25.34685,54.32496,Resto,-2.731958762886598,0.0206185567010309,0.0107913669064748,143.96666666666667,14.85417190005176,38.0
40_34,26.60811,51.59497,Resto,-2.7321428571428568,0.0178571428571428,0.0047846889952153,271.4,60.19721491996754,25.0
15_46,27.68919,49.06721,Resto,-2.736486486486487,0.0202702702702702,0.0,1396.5333333333333,11.885962729568757,4.0
42_42,27.32883,51.7972,Resto,-2.7382550335570475,0.0604026845637583,0.0491803278688524,407.26666666666665,55.64487183969171,44.0
81_31,26.33784,55.7405,Resto,-2.7425742574257423,0.0396039603960396,0.0284552845528455,520.9,33.07666488818547,69.0
43_47,27.77928,51.89831,Resto,-2.746666666666667,0.0266666666666666,0.0112359550561797,5645.666666666667,5.7472212763930255,38.0
59_32,26.42793,53.51607,Resto,-2.747663551401869,0.02803738317757,0.0146341463414634,405.6333333333333,28.015462658799752,91.0
20_71,29.94144,49.57276,Resto,-2.763513513513514,0.0337837837837837,0.0141843971631205,6.766666666666667,8.445585602267771,1.0
75_19,25.25676,55.13384,Resto,-2.7828947368421053,0.0197368421052631,0.0,293.46666666666664,12.76275313602963,16.0
89_28,26.06757,56.54939,Resto,-2.7876106194690267,0.0132743362831858,0.0,5.733333333333333,8.378549346526206,90.0
50_35,26.6982,52.60608,Resto,-2.813084112149532,0.0233644859813084,0.0097087378640776,14.466666666666667,56.62042078457138,76.0
47_31,26.33784,52.30275,Resto,-2.813084112149532,0.0233644859813084,0.0097087378640776,176.63333333333333,88.18692685696159,53.0
38_28,26.06757,51.39275,Resto,-2.8187919463087248,0.0201342281879194,0.0,203.06666666666666,4.585941874823998,5.0
33_35,26.6982,50.8872,Resto,-2.8187919463087248,0.0201342281879194,0.0,897.4333333333333,52.3176238555321,19.0
55_26,25.88739,53.11163,Resto,-2.848920863309353,0.0503597122302158,0.0294117647058823,27.2,99.9026359551242,58.0
62_18,25.16667,53.8194,Resto,-2.8511627906976744,0.0186046511627906,0.0048309178743961,76.36666666666666,38.85854049684661,33.0
58_35,26.6982,53.41496,Resto,-2.8848920863309355,0.0287769784172661,0.0074074074074074,213.2,12.093662959018554,75.0
62_17,25.07658,53.8194,Resto,-2.888372093023256,0.013953488372093,0.0,250.86666666666667,41.89825047328716,22.0
55_24,25.70721,53.11163,Resto,-2.892086330935252,0.0359712230215827,0.0147058823529411,35.9,90.41819795342371,48.0
54_22,25.52703,53.01052,Resto,-2.892086330935252,0.0359712230215827,0.0147058823529411,310.1,70.46837862208146,31.0
45_40,27.14865,52.10053,Resto,-2.892376681614349,0.0448430493273542,0.0284090909090909,93.03333333333333,53.74103767496203,63.0
14_55,28.5,48.9661,Resto,-2.9132791327913274,0.046070460704607,0.0364238410596026,2003.3666666666666,43.73555160233618,24.0
57_31,26.33784,53.31385,Resto,-2.913669064748201,0.0215827338129496,0.0,212.6,47.074747502943886,77.0
54_14,24.80631,53.01052,Resto,-2.914285714285714,0.0285714285714285,0.0072992700729927,234.26666666666668,8.610790518548814,17.0
13_65,29.4009,48.86499,Resto,-2.9189189189189197,0.054054054054054,0.0434782608695652,676.2333333333333,45.53785219457277,14.0
23_49,27.95946,49.8761,Resto,-2.9272727272727272,0.0181818181818181,0.0,821.8666666666667,73.885919766261,41.0
32_55,28.5,50.78609,Resto,-2.927927927927928,0.036036036036036,0.0227272727272727,187.7,29.058499666336303,34.0
8_62,29.13063,48.35944,Resto,-2.931818181818182,0.0227272727272727,0.0057803468208092,1013.2,21.47133166741975,25.0
57_24,25.70721,53.31385,Resto,-2.935251798561151,0.0215827338129496,0.0,135.8,93.5802830429717,37.0
54_18,25.16667,53.01052,Resto,-2.935714285714286,0.0214285714285714,0.0,175.2,30.726080922101016,26.0
19_64,29.31081,49.47165,Resto,-2.9459459459459474,0.0878378378378378,0.0661764705882353,994.4333333333333,79.25431643957168,24.0
58_22,25.52703,53.41496,Resto,-2.9496402877697845,0.0287769784172661,0.0116279069767441,139.33333333333334,78.25906045129783,23.0
20_49,27.95946,49.57276,Resto,-2.952702702702703,0.0168918918918918,0.0042735042735042,672.2333333333333,56.81488454062781,29.0
60_19,25.25676,53.61718,Resto,-2.956834532374101,0.0215827338129496,0.0,116.66666666666667,58.6207867998918,27.0
53_12,24.62613,52.90941,Resto,-2.956834532374101,0.0215827338129496,0.0,3130.8,30.54409436825057,9.0
61_12,24.62613,53.71829,Resto,-2.956834532374101,0.0215827338129496,0.0,25.433333333333334,38.66797800081751,15.0
65_23,25.61712,54.12274,Resto,-2.979381443298969,0.0171821305841924,0.0086206896551724,15.766666666666667,41.71763637985827,47.0
61_28,26.06757,53.71829,Resto,-2.982698961937716,0.0207612456747404,0.0083333333333333,327.1,52.74288818273246,72.0
14_50,28.04955,48.9661,Resto,-3.0,0.0169491525423728,0.0042372881355932,3715.4333333333334,17.890232613526358,3.0
88_20,25.34685,56.44828,Resto,-3.022123893805309,0.0575221238938053,0.0430622009569378,20173.233333333334,6.980346146784402,74.0
75_29,26.15766,55.13384,Resto,-3.0442477876106198,0.0176991150442477,0.0,28.9,30.69072977279586,74.0
30_42,27.32883,50.58387,Resto,-3.0540540540540544,0.0168918918918918,0.0041666666666666,177.8,81.33332255888872,52.0
14_63,29.22072,48.9661,Resto,-3.0808080808080813,0.0437710437710437,0.0326086956521739,295.8666666666667,58.7134420591709,19.0
28_65,29.4009,50.38165,Resto,-3.0814479638009056,0.0361990950226244,0.0178571428571428,78.36666666666666,16.20110974590056,34.0
55_11,24.53604,53.11163,Resto,-3.086956521739131,0.0652173913043478,0.0470588235294117,148.83333333333334,27.184965656421014,7.0
12_72,30.03153,48.76388,Resto,-3.0921409214092144,0.029810298102981,0.0196721311475409,0.36666666666666664,0.0886292046683646,
12_61,29.04054,48.76388,Resto,-3.092643051771116,0.0299727520435967,0.0185185185185185,629.2,49.270187117672045,27.0
39_41,27.23874,51.49386,Resto,-3.107526881720431,0.021505376344086,0.0105633802816901,231.5,68.24126070524679,69.0
35_55,28.5,51.08942,Resto,-3.151515151515152,0.0101010101010101,0.0,467.4,0.6291318967651172,3.0
33_50,28.04955,50.8872,Resto,-3.1576576576576585,0.0495495495495495,0.0341463414634146,241.06666666666666,39.06986441662566,63.0
25_39,27.05856,50.07832,Resto,-3.15819209039548,0.0225988700564971,0.0054347826086956,2437.3333333333335,26.117324785126623,14.0
18_69,29.76126,49.37054,Resto,-3.192825112107624,0.0448430493273542,0.0292682926829268,154.2,33.147660208969484,17.0
19_60,28.95045,49.47165,Resto,-3.192825112107624,0.0448430493273542,0.0292682926829268,234.96666666666667,86.87279138767097,44.0
89_23,25.61712,56.54939,Resto,-3.194690265486725,0.0221238938053097,0.0107142857142857,26.4,20.14928821711552,85.0
14_59,28.86036,48.9661,Resto,-3.1959459459459474,0.0439189189189189,0.0346820809248554,711.7666666666667,57.82343750405262,29.0
68_28,26.06757,54.42607,Resto,-3.215017064846416,0.0546075085324232,0.0413223140495867,268.93333333333334,18.98332461774576,34.0
12_66,29.49099,48.76388,Resto,-3.256756756756758,0.0371621621621621,0.0253623188405797,1630.7333333333333,37.12835294464715,12.0
46_13,24.71622,52.20164,Resto,-3.2638888888888884,0.0138888888888888,0.003257328990228,9.0,22.482462564596705,14.0
68_12,24.62613,54.42607,Resto,-3.293333333333333,0.0133333333333333,0.0,803.4,8.143255990440974,6.0
31_46,27.68919,50.68498,Resto,-3.3108108108108105,0.0405405405405405,0.024390243902439,263.8333333333333,75.68541641713914,62.0
15_69,29.76126,49.06721,Resto,-3.324324324324325,0.0337837837837837,0.0217391304347826,21.6,34.19956584780308,10.0
16_57,28.68018,49.16832,Resto,-3.334821428571429,0.0223214285714285,0.00836820083682,71.93333333333334,69.24550714958349,38.0
38_37,26.87838,51.39275,Resto,-3.3392857142857144,0.0178571428571428,0.0041152263374485,84.0,81.11050754898886,58.0
79_29,26.15766,55.53828,Resto,-3.348684210526315,0.0592105263157894,0.0354609929078014,510.8666666666667,48.07342030981214,81.0
22_55,28.5,49.77499,Resto,-3.3513513513513526,0.081081081081081,0.0571428571428571,78.66666666666667,95.06502147812222,44.0
18_61,29.04054,49.37054,Resto,-3.3542600896860986,0.0358744394618834,0.0195121951219512,155.7,92.8600958318454,36.0
44_30,26.24775,51.99942,Resto,-3.355555555555555,0.0177777777777777,0.0040816326530612,405.26666666666665,57.67772474475862,31.0
39_44,27.50901,51.49386,Resto,-3.3599999999999994,0.04,0.0239234449760765,449.93333333333334,38.89089334319381,30.0
15_51,28.13964,49.06721,Resto,-3.375,0.03125,0.0169491525423728,664.9,31.013891117024965,17.0
32_52,28.22973,50.78609,Resto,-3.3873873873873874,0.036036036036036,0.0195121951219512,180.86666666666667,39.864886409384816,59.0
16_64,29.31081,49.16832,Resto,-3.391891891891893,0.0304054054054054,0.0181159420289855,725.6666666666666,75.84145323036056,29.0
19_54,28.40991,49.47165,Resto,-3.394618834080717,0.0403587443946188,0.0240384615384615,2455.366666666667,80.84505497517078,36.0
44_33,26.51802,51.99942,Resto,-3.397321428571429,0.0401785714285714,0.0239234449760765,3203.1666666666665,79.8766593019387,48.0
11_60,28.95045,48.66277,Resto,-3.3999999999999995,0.0271186440677966,0.0127118644067796,506.8333333333333,35.16334473003189,27.0
17_56,28.59009,49.26943,Resto,-3.405405405405406,0.027027027027027,0.0126582278481012,55.53333333333333,75.19991912338878,39.0
18_56,28.59009,49.37054,Resto,-3.405405405405406,0.027027027027027,0.0126582278481012,766.5666666666667,84.83434643166731,35.0
16_51,28.13964,49.16832,Resto,-3.428571428571429,0.0357142857142857,0.0211864406779661,569.5333333333333,40.09363777964482,18.0
17_48,27.86937,49.26943,Resto,-3.434977578475337,0.0269058295964125,0.0099009900990099,1193.4,35.78898071463529,18.0
22_69,29.76126,49.77499,Resto,-3.445945945945946,0.0202702702702702,0.0,2.1333333333333333,34.42120456594759,18.0
19_53,28.31982,49.47165,Resto,-3.461883408071749,0.0269058295964125,0.0098522167487684,3075.266666666667,75.7415409512311,37.0
73_31,26.33784,54.93162,Resto,-3.4934210526315788,0.0460526315789473,0.0212765957446808,550.9666666666667,22.009320107096443,58.0
43_23,25.61712,51.89831,Resto,-3.501672240802676,0.0267558528428093,0.0123456790123456,213.36666666666667,32.776540043633624,20.0
81_25,25.7973,55.7405,Resto,-3.502202643171806,0.026431718061674,0.0121951219512195,448.96666666666664,12.358232815530291,22.0
82_33,26.51802,55.84161,Resto,-3.506607929515418,0.0308370044052863,0.0142180094786729,289.43333333333334,10.87942135703602,54.0
20_70,29.85135,49.57276,Resto,-3.513513513513514,0.0405405405405405,0.0147058823529411,6.766666666666667,18.47088232354236,16.0
19_47,27.77928,49.47165,Resto,-3.5291479820627805,0.0224215246636771,0.0049504950495049,797.8,34.82592904377477,16.0
43_33,26.51802,51.89831,Resto,-3.53125,0.03125,0.0143540669856459,1313.9666666666667,71.83056921948703,46.0
40_45,27.5991,51.59497,Resto,-3.53125,0.03125,0.0143540669856459,181.53333333333333,26.97726311598777,22.0
17_58,28.77027,49.26943,Resto,-3.533632286995516,0.0313901345291479,0.0166666666666666,174.46666666666667,82.00938953066941,29.0
19_49,27.95946,49.47165,Resto,-3.533783783783784,0.0236486486486486,0.0085470085470085,635.1,51.63329267560045,25.0
73_21,25.43694,54.93162,Resto,-3.5657894736842106,0.0394736842105263,0.0141843971631205,865.2666666666667,39.59576906582277,20.0
41_16,24.98649,51.69608,Resto,-3.5666666666666664,0.0333333333333333,0.0072992700729927,716.2666666666667,9.493115048558268,10.0
30_55,28.5,50.58387,Resto,-3.5675675675675675,0.027027027027027,0.0097087378640776,79.5,46.78465916498111,56.0
44_27,25.97748,51.99942,Resto,-3.5733333333333333,0.0266666666666666,0.0095693779904306,867.6666666666666,43.73232824140253,30.0
44_31,26.33784,51.99942,Resto,-3.5982142857142856,0.0267857142857142,0.0095693779904306,622.1,64.50623745706493,37.0
19_46,27.68919,49.47165,Resto,-3.623318385650224,0.0179372197309417,0.0,2067.9333333333334,27.72864587957492,15.0
69_21,25.43694,54.52718,Resto,-3.625,0.0416666666666666,0.0241545893719806,662.0,36.725589424121054,26.0
74_18,25.16667,55.03273,Resto,-3.6381578947368416,0.0328947368421052,0.0070921985815602,474.6333333333333,14.558366851782626,14.0
76_33,26.51802,55.23495,Resto,-3.6381578947368416,0.0328947368421052,0.0070921985815602,34.63333333333333,6.4873296005881285,2.0
76_27,25.97748,55.23495,Resto,-3.6381578947368416,0.0328947368421052,0.0070921985815602,246.6,21.24750737670213,74.0
66_20,25.34685,54.22385,Resto,-3.6426116838487967,0.0274914089347079,0.014388489208633,125.26666666666667,10.875252002412871,29.0
10_61,29.04054,48.56166,Resto,-3.660633484162896,0.0226244343891402,0.0048543689320388,324.6333333333333,32.1817868596201,20.0
43_34,26.60811,51.89831,Resto,-3.665178571428571,0.0223214285714285,0.0047846889952153,3257.4,78.47569675825737,52.0
68_18,25.16667,54.42607,Resto,-3.666666666666666,0.037037037037037,0.0193236714975845,134.36666666666667,19.34815301373701,19.0
44_20,25.34685,51.99942,Resto,-3.667820069204152,0.0207612456747404,0.0073260073260073,336.1,40.86678367577434,19.0
18_71,29.94144,49.37054,Resto,-3.674208144796381,0.0361990950226244,0.0188679245283018,5.7,18.088107896212406,12.0
20_57,28.68018,49.57276,Resto,-3.681614349775785,0.0358744394618834,0.0206611570247933,116.33333333333333,93.44866287767184,44.0
14_57,28.68018,48.9661,Resto,-3.683501683501685,0.0572390572390572,0.0437956204379562,82.96666666666667,50.614407942422886,28.0
30_49,27.95946,50.58387,Resto,-3.684684684684685,0.036036036036036,0.0207468879668049,192.23333333333332,70.63636368249932,63.0
67_19,25.25676,54.32496,Resto,-3.687285223367698,0.0240549828178694,0.0107913669064748,143.96666666666667,9.548708123906694,29.0
52_35,26.6982,52.8083,Resto,-3.7021276595744688,0.0496453900709219,0.0222222222222222,284.5,37.82263083653052,79.0
71_33,26.51802,54.7294,Resto,-3.708333333333333,0.0324074074074074,0.0144927536231884,197.83333333333334,1.1821515545920986,
53_21,25.43694,52.90941,Resto,-3.712230215827338,0.0215827338129496,0.0,29.566666666666666,62.20050218811097,23.0
13_67,29.58108,48.86499,Resto,-3.713513513513515,0.0459459459459459,0.0350877192982456,6762.0,48.238401133319215,19.0
42_32,26.42793,51.7972,Resto,-3.715555555555556,0.0177777777777777,0.0,436.1,57.67188138124882,42.0
9_63,29.22072,48.46055,Resto,-3.72972972972973,0.0337837837837837,0.0071428571428571,476.73333333333335,19.63806483937264,9.0
52_36,26.78829,52.8083,Resto,-3.737089201877934,0.0375586854460093,0.0194174757281553,623.3333333333334,34.60399464697065,81.0
49_29,26.15766,52.50497,Resto,-3.746478873239437,0.028169014084507,0.0145454545454545,295.1666666666667,98.03565844574712,52.0
23_38,26.96847,49.8761,Resto,-3.75,0.0178571428571428,0.0,1902.0,9.946503709679972,13.0
46_27,25.97748,52.20164,Resto,-3.769953051643193,0.0328638497652582,0.0145631067961165,1255.0,63.61636852994356,25.0
24_38,26.96847,49.97721,Resto,-3.783783783783784,0.027027027027027,0.0,1688.7666666666667,12.760979773258002,22.0
53_34,26.60811,52.90941,Resto,-3.827338129496403,0.0431654676258992,0.0148148148148148,184.13333333333333,35.63571290626425,71.0
17_53,28.31982,49.26943,Resto,-3.8340807174887903,0.0582959641255605,0.0394088669950738,3822.1666666666665,58.731454223955865,30.0
45_28,26.06757,52.10053,Resto,-3.844290657439447,0.0173010380622837,0.0035714285714285,173.83333333333334,56.46128467675268,38.0
54_12,24.62613,53.01052,Resto,-3.870503597122303,0.0647482014388489,0.0364963503649635,1210.2666666666667,26.17235017172158,3.0
59_8,24.26577,53.51607,Resto,-3.871428571428572,0.0428571428571428,0.0145985401459854,16.633333333333333,11.334148521201616,5.0
51_23,25.61712,52.70719,Resto,-3.892086330935252,0.0359712230215827,0.0073529411764705,163.6,87.86597617179804,41.0
50_24,25.70721,52.60608,Resto,-3.892086330935252,0.0359712230215827,0.0073529411764705,74.9,101.28016295632584,41.0
60_23,25.61712,53.61718,Resto,-3.892086330935252,0.0359712230215827,0.0073529411764705,37.266666666666666,72.36677912869283,32.0
52_12,24.62613,52.8083,Resto,-3.892086330935253,0.0287769784172661,0.0058823529411764,502.6666666666667,33.781707663266225,13.0
55_20,25.34685,53.11163,Resto,-3.913669064748202,0.0431654676258992,0.0145985401459854,20.5,50.55276146821618,27.0
63_18,25.16667,53.92051,Resto,-3.958139534883721,0.1302325581395348,0.1111111111111111,297.1333333333333,28.90075637998125,22.0
16_53,28.31982,49.16832,Resto,-3.9910313901345287,0.0672645739910313,0.048076923076923,4833.066666666667,51.04122246410193,32.0
15_52,28.22973,49.06721,Resto,-4.013452914798206,0.0493273542600896,0.0295566502463054,768.4,36.88091574224671,18.0
33_48,27.86937,50.8872,Resto,-4.031390134529149,0.0538116591928251,0.0341463414634146,264.56666666666666,48.33160587833336,63.0
50_29,26.15766,52.60608,Resto,-4.03755868544601,0.0328638497652582,0.0181818181818181,47.06666666666667,93.39679083380624,38.0
62_25,25.7973,53.8194,Resto,-4.03971119133574,0.0252707581227436,0.00836820083682,232.53333333333333,70.4376403186673,63.0
19_68,29.67117,49.47165,Resto,-4.04054054054054,0.0472972972972973,0.0235294117647058,1123.7666666666667,39.586196611931065,14.0
12_69,29.76126,48.76388,Resto,-4.04054054054054,0.0979729729729729,0.0833333333333333,2320.3,25.85055591052193,11.0
13_60,28.95045,48.86499,Resto,-4.077702702702704,0.0439189189189189,0.029090909090909,639.1333333333333,51.81379847729873,31.0
59_27,25.97748,53.51607,Resto,-4.0791366906474815,0.0359712230215827,0.0118343195266272,292.1666666666667,71.40752333165325,67.0
24_56,28.59009,49.97721,Resto,-4.121621621621623,0.0675675675675675,0.037037037037037,237.13333333333333,76.41012231463893,56.0
15_60,28.95045,49.06721,Resto,-4.148648648648649,0.0405405405405405,0.0254545454545454,92.63333333333334,70.16082636459636,31.0
21_58,28.77027,49.67388,Resto,-4.181208053691275,0.0536912751677852,0.0292397660818713,226.9,79.39552656085579,46.0
18_64,29.31081,49.37054,Resto,-4.192825112107624,0.0448430493273542,0.024390243902439,606.7666666666667,80.9598587000979,25.0
13_50,28.04955,48.86499,Resto,-4.2,0.0305084745762711,0.0127118644067796,3436.4666666666667,8.651516022309393,3.0
45_23,25.61712,52.10053,Resto,-4.201101928374656,0.0137741046831955,0.0,56.9,52.464208528233655,24.0
28_54,28.40991,50.38165,Resto,-4.20945945945946,0.0608108108108108,0.0296296296296296,191.73333333333332,67.57980449100546,54.0
31_52,28.22973,50.68498,Resto,-4.2342342342342345,0.045045045045045,0.024390243902439,159.76666666666668,48.84784809164959,60.0
16_71,29.94144,49.16832,Resto,-4.239864864864865,0.0506756756756756,0.0355871886120996,4140.233333333334,25.12656096783609,3.0
70_26,25.88739,54.62829,Resto,-4.25,0.0462962962962962,0.0288065843621399,639.4,7.649199386897674,70.0
16_72,30.03153,49.16832,Resto,-4.26558265582656,0.02710027100271,0.0131147540983606,3.2666666666666666,15.809028470210707,1.0
32_48,27.86937,50.78609,Resto,-4.27354260089686,0.0403587443946188,0.0195121951219512,230.13333333333333,56.48149501051361,61.0
18_52,28.22973,49.37054,Resto,-4.282511210762332,0.0358744394618834,0.0147783251231527,899.5,62.410917319814615,37.0
17_55,28.5,49.26943,Resto,-4.297297297297297,0.027027027027027,0.0085836909871244,3073.9333333333334,71.61984445602624,39.0
16_58,28.77027,49.16832,Resto,-4.304932735426009,0.0179372197309417,0.0,201.0,72.89084942951636,33.0
39_33,26.51802,51.49386,Resto,-4.330357142857142,0.0446428571428571,0.0239234449760765,341.0,46.56954376322632,27.0
77_21,25.43694,55.33606,Resto,-4.348684210526315,0.0592105263157894,0.0283687943262411,17384.566666666666,8.97089566435254,18.0
16_66,29.49099,49.16832,Resto,-4.391891891891893,0.0304054054054054,0.0144927536231884,115.33333333333333,65.64517220223902,21.0
17_65,29.4009,49.26943,Resto,-4.391891891891893,0.0304054054054054,0.0144927536231884,562.1666666666666,73.95345109230544,35.0
38_45,27.5991,51.39275,Resto,-4.397321428571429,0.0401785714285714,0.0191387559808612,297.76666666666665,33.70527350914104,26.0
18_47,27.77928,49.37054,Resto,-4.434977578475337,0.0269058295964125,0.0049504950495049,940.1,29.17605250031818,18.0
14_68,29.67117,48.9661,Resto,-4.437710437710438,0.0336700336700336,0.0193548387096774,37.13333333333333,40.39221918283429,17.0
64_27,25.97748,54.02163,Resto,-4.448275862068965,0.0275862068965517,0.0111111111111111,413.9,49.42794434042944,78.0
30_45,27.5991,50.58387,Resto,-4.463963963963963,0.0315315315315315,0.0097560975609756,146.33333333333334,88.8287397446156,56.0
17_57,28.68018,49.26943,Resto,-4.46875,0.03125,0.0125523012552301,124.46666666666667,78.49515304002541,36.0
13_55,28.5,48.86499,Resto,-4.470588235294118,0.0407239819004524,0.0192307692307692,8016.6,34.122239996788686,20.0
49_43,27.41892,52.50497,Resto,-4.491289198606271,0.0557491289198606,0.0371900826446281,137.06666666666666,7.900124702162651,51.0
66_29,26.15766,54.22385,Resto,-4.493087557603687,0.0506912442396313,0.0289855072463768,405.3,29.37623458940877,87.0
47_43,27.41892,52.30275,Resto,-4.517241379310344,0.0344827586206896,0.0137614678899082,41.96666666666667,27.254803202782725,74.0
51_28,26.06757,52.70719,Resto,-4.522388059701492,0.044776119402985,0.0178571428571428,171.7,95.89116322543734,43.0
26_44,27.50901,50.17943,Resto,-4.527027027027027,0.0337837837837837,0.0,1028.8333333333333,53.24502905752583,53.0
41_26,25.88739,51.69608,Resto,-4.53125,0.03125,0.0095693779904306,12241.7,11.906134133429036,11.0
42_30,26.24775,51.7972,Resto,-4.533333333333334,0.0266666666666666,0.0081632653061224,994.6666666666666,43.718997998837146,30.0
30_44,27.50901,50.58387,Resto,-4.540540540540541,0.027027027027027,0.0048780487804878,98.26666666666667,91.49820961844364,54.0
63_20,25.34685,53.92051,Resto,-4.627906976744185,0.0465116279069767,0.0241545893719806,89.86666666666666,30.72007312013469,25.0
62_30,26.24775,53.8194,Resto,-4.627906976744186,0.0372093023255813,0.0146341463414634,293.8666666666667,30.35239194373668,84.0
74_19,25.25676,55.03273,Resto,-4.638157894736842,0.0328947368421052,0.0,1866.7666666666667,20.784417457010928,18.0
72_18,25.16667,54.83051,Resto,-4.638157894736842,0.0328947368421052,0.0,4610.4,26.90684995123362,20.0
30_59,28.86036,50.58387,Resto,-4.641255605381166,0.0224215246636771,0.0,158.86666666666667,23.130101317605224,34.0
66_18,25.16667,54.22385,Resto,-4.642611683848797,0.0274914089347079,0.0107913669064748,445.6333333333333,4.924384670495121,23.0
53_37,26.87838,52.90941,Resto,-4.654676258992806,0.0863309352517985,0.0518518518518518,172.83333333333334,24.126210459390823,72.0
40_39,27.05856,51.59497,Resto,-4.665178571428571,0.0223214285714285,0.0,300.6,86.13930396458386,71.0
16_61,29.04054,49.16832,Resto,-4.669683257918551,0.0226244343891402,0.0088495575221238,139.06666666666666,83.05844361871009,31.0
45_44,27.50901,52.10053,Resto,-4.671140939597316,0.046979865771812,0.0140845070422535,4.733333333333333,23.521020064910207,63.0
55_34,26.60811,53.11163,Resto,-4.678571428571427,0.0642857142857142,0.0296296296296296,81.36666666666666,23.87923755161956,78.0
67_17,25.07658,54.32496,Resto,-4.731958762886598,0.0206185567010309,0.0035971223021582,292.43333333333334,16.970604731344213,15.0
51_34,26.60811,52.70719,Resto,-4.737089201877934,0.0375586854460093,0.0145631067961165,131.16666666666666,51.48157530175359,76.0
56_33,26.51802,53.21274,Resto,-4.741007194244604,0.0647482014388489,0.0296296296296296,353.7,30.947618872990777,80.0
23_69,29.76126,49.8761,Resto,-4.743243243243244,0.0337837837837837,0.0058823529411764,4.233333333333333,32.706708065399305,17.0
40_35,26.6982,51.59497,Resto,-4.75,0.0357142857142857,0.0163265306122449,978.0666666666667,68.99087218605897,28.0
50_33,26.51802,52.60608,Resto,-4.769953051643193,0.0328638497652582,0.0097087378640776,6.1,65.38212265948847,72.0
47_42,27.32883,52.30275,Resto,-4.774647887323944,0.0375586854460093,0.0144927536231884,66.5,27.98291114150728,78.0
65_17,25.07658,54.12274,Resto,-4.776632302405499,0.0171821305841924,0.0,28.1,17.83474414085059,18.0
81_30,26.24775,55.7405,Resto,-4.8017621145374445,0.0748898678414096,0.0521327014218009,930.8,38.407575543442086,80.0
20_56,28.59009,49.57276,Resto,-4.871621621621622,0.0337837837837837,0.0128755364806866,3677.9,100.17833087213954,41.0
61_20,25.34685,53.71829,Resto,-4.899280575539568,0.0503597122302158,0.0145985401459854,80.76666666666667,49.990219349091,25.0
54_16,24.98649,53.01052,Resto,-4.928057553956834,0.0359712230215827,0.0,4351.633333333333,11.49823413959521,23.0
29_39,27.05856,50.48276,Resto,-4.972972972972974,0.0405405405405405,0.0203252032520325,632.7333333333333,54.06748992829728,43.0
30_56,28.59009,50.58387,Resto,-4.972972972972974,0.0405405405405405,0.0203252032520325,77.56666666666666,39.339062912783056,55.0
16_54,28.40991,49.16832,Resto,-5.058295964125561,0.0627802690582959,0.0384615384615384,8111.566666666667,58.373558494827904,33.0
63_23,25.61712,53.92051,Resto,-5.088372093023256,0.041860465116279,0.0207468879668049,179.63333333333333,50.17110412305729,48.0
12_59,28.86036,48.76388,Resto,-5.122171945701361,0.1628959276018099,0.1444043321299639,490.1,38.71225194714045,29.0
82_26,25.88739,55.84161,Resto,-5.176211453744493,0.0484581497797356,0.0238095238095238,989.6333333333333,13.083807307747009,23.0
13_58,28.77027,48.86499,Resto,-5.176470588235297,0.1764705882352941,0.1512195121951219,403.3333333333333,46.50246369940693,28.0
48_20,25.34685,52.40386,Resto,-5.225352112676056,0.0422535211267605,0.0206611570247933,508.26666666666665,80.94927125436186,16.0
13_49,27.95946,48.86499,Resto,-5.23076923076923,0.0452488687782805,0.0196078431372549,3436.4666666666667,7.719632584106418,3.0
33_47,27.77928,50.8872,Resto,-5.279863481228669,0.030716723549488,0.0084388185654008,243.33333333333334,53.44327038919504,53.0
20_54,28.40991,49.57276,Resto,-5.327354260089686,0.0448430493273542,0.0192307692307692,8551.366666666667,89.3171254913993,38.0
20_50,28.04955,49.57276,Resto,-5.3408071748878925,0.0313901345291479,0.0049504950495049,672.2333333333333,65.24442763505193,44.0
40_44,27.50901,51.59497,Resto,-5.359999999999999,0.04,0.0143540669856459,260.26666666666665,36.779304556772,26.0
11_70,29.85135,48.66277,Resto,-5.371900826446282,0.0743801652892562,0.0526315789473684,718.4,12.758687016027457,3.0
15_57,28.68018,49.06721,Resto,-5.407407407407407,0.037037037037037,0.0194805194805194,33.3,59.82697183134183,32.0
77_28,26.06757,55.33606,Resto,-5.421052631578947,0.0526315789473684,0.0141843971631205,388.7,35.09275849457989,77.0
77_26,25.88739,55.33606,Resto,-5.421052631578947,0.0592105263157894,0.0284090909090909,136.73333333333332,28.344232724867787,53.0
70_31,26.33784,54.62829,Resto,-5.458333333333332,0.0601851851851851,0.0338164251207729,60.3,9.565236970630744,67.0
26_55,28.5,50.17943,Resto,-5.45945945945946,0.0675675675675675,0.0285714285714285,264.9,77.45842060891225,54.0
31_45,27.5991,50.68498,Resto,-5.463963963963963,0.0315315315315315,0.0048780487804878,155.76666666666668,79.83513280533744,59.0
41_35,26.6982,51.69608,Resto,-5.46875,0.0223214285714285,0.0,333.8333333333333,73.83630635289077,27.0
42_19,25.25676,51.7972,Resto,-5.48,0.0266666666666666,0.0041152263374485,2289.1666666666665,18.890011678520256,12.0
71_27,25.97748,54.7294,Resto,-5.493421052631579,0.0460526315789473,0.0070921985815602,301.4,19.00472788333991,74.0
31_55,28.5,50.68498,Resto,-5.495495495495495,0.0315315315315315,0.0048543689320388,132.33333333333334,38.76934864556749,49.0
64_24,25.70721,54.02163,Resto,-5.497674418604651,0.055813953488372,0.029126213592233,124.16666666666667,53.91477619989982,42.0
19_57,28.68018,49.47165,Resto,-5.508928571428571,0.0267857142857142,0.0041152263374485,61.86666666666667,97.1616577193737,38.0
64_22,25.52703,54.02163,Resto,-5.529209621993128,0.0240549828178694,0.0063897763578274,243.0,36.20823510582626,25.0
13_53,28.31982,48.86499,Resto,-5.53846153846154,0.085972850678733,0.0588235294117647,3120.233333333333,26.93619036229637,9.0
38_36,26.78829,51.39275,Resto,-5.5625,0.03125,0.0047619047619047,522.3666666666667,71.269410451757,27.0
18_57,28.68018,49.37054,Resto,-5.59375,0.03125,0.0082304526748971,66.13333333333334,87.76046844791155,37.0
66_23,25.61712,54.22385,Resto,-5.6048109965635735,0.0274914089347079,0.0095846645367412,650.1666666666666,40.77696156057242,50.0
58_34,26.60811,53.41496,Resto,-5.642857142857142,0.0714285714285714,0.0296296296296296,270.2,20.18996309571853,82.0
36_52,28.22973,51.19053,Resto,-5.65625,0.03125,0.0081632653061224,38.36666666666667,8.269379965871945,18.0
18_68,29.67117,49.37054,Resto,-5.669642857142858,0.0446428571428571,0.0209205020920502,478.1,42.2669332161442,16.0
21_56,28.59009,49.67388,Resto,-5.678733031674208,0.0950226244343891,0.0606060606060606,621.1,93.3007989546019,47.0
46_24,25.70721,52.20164,Resto,-5.750865051903115,0.0276816608996539,0.0071428571428571,271.93333333333334,61.35855216095276,25.0
62_22,25.52703,53.8194,Resto,-5.758139534883721,0.0651162790697674,0.0413223140495867,202.66666666666666,50.03092159187504,29.0
82_28,26.06757,55.84161,Resto,-5.761589403973511,0.0562913907284768,0.0357142857142857,1513.5333333333333,22.87735901783041,42.0
53_33,26.51802,52.90941,Resto,-5.827338129496403,0.0431654676258992,0.0,230.06666666666666,43.225569368100025,69.0
43_13,24.71622,51.89831,Resto,-5.868512110726645,0.0346020761245674,0.0174927113702623,0.3,21.022158900757564,12.0
76_25,25.7973,55.23495,Resto,-5.973684210526315,0.0328947368421052,0.0047169811320754,868.5,19.58105518775554,48.0
80_25,25.7973,55.63939,Resto,-5.9868421052631575,0.0394736842105263,0.0056497175141242,156.86666666666667,17.748062345391553,30.0
26_47,27.77928,50.17943,Resto,-6.093959731543624,0.0604026845637583,0.0149253731343283,802.8666666666667,70.85506390658698,8.0
88_36,26.78829,56.44828,Resto,-6.13716814159292,0.0575221238938053,0.0284360189573459,39.06666666666667,8.723989099814158,64.0
9_60,28.95045,48.46055,Resto,-6.1576576576576585,0.0495495495495495,0.0195121951219512,2602.1,18.87382097671625,23.0
24_40,27.14865,49.97721,Resto,-6.167420814479638,0.0361990950226244,0.005050505050505,1581.4,32.41556050782253,46.0
77_23,25.61712,55.33606,Resto,-6.203947368421053,0.0723684210526315,0.0283687943262411,4428.6,20.666450366206305,28.0
68_22,25.52703,54.42607,Resto,-6.25,0.0833333333333333,0.0531400966183574,336.9,37.0521074346686,39.0
40_31,26.33784,51.59497,Resto,-6.263392857142858,0.0491071428571428,0.0191387559808612,334.56666666666666,35.80555899412412,27.0
73_23,25.61712,54.93162,Resto,-6.276315789473683,0.0657894736842105,0.0212765957446808,1096.7,28.201806571834474,37.0
71_32,26.42793,54.7294,Resto,-6.3087557603686655,0.0691244239631336,0.038647342995169,277.1666666666667,8.76211519204638,31.0
38_38,26.96847,51.39275,Resto,-6.330357142857142,0.0446428571428571,0.0143540669856459,124.46666666666667,90.99015393473088,66.0
18_72,30.03153,49.37054,Resto,-6.366515837104073,0.0452488687782805,0.0144927536231884,28.733333333333334,13.306853393270282,1.0
45_26,25.88739,52.10053,Resto,-6.421052631578947,0.0277008310249307,0.006578947368421,150.36666666666667,52.1535384812961,30.0
43_16,24.98649,51.89831,Resto,-6.448275862068966,0.0344827586206896,0.010948905109489,46.233333333333334,29.36206160427568,5.0
60_34,26.60811,53.61718,Resto,-6.4907407407407405,0.0462962962962962,0.0146341463414634,40.6,5.795095254293415,48.0
44_10,24.44595,51.99942,Resto,-6.503448275862068,0.0310344827586206,0.0072992700729927,0.3,20.99782639479009,9.0
60_30,26.24775,53.61718,Resto,-6.541666666666666,0.0416666666666666,0.0097560975609756,33.3,41.91974834251138,80.0
37_46,27.68919,51.29164,Resto,-6.648888888888891,0.0844444444444444,0.0526315789473684,300.7,29.013619635323764,29.0
16_52,28.22973,49.16832,Resto,-6.654708520179373,0.0672645739910313,0.0344827586206896,976.0,44.77963418984649,28.0
47_38,26.96847,52.30275,Resto,-6.774647887323944,0.0375586854460093,0.0048309178743961,498.8666666666667,51.98053314097621,66.0
69_24,25.70721,54.52718,Resto,-6.81654676258993,0.0611510791366906,0.0363636363636363,495.4,20.65891161158819,55.0
59_17,25.07658,53.51607,Resto,-6.8500000000000005,0.05,0.0,642.4666666666667,48.71270771291915,25.0
70_24,25.70721,54.62829,Resto,-6.902877697841726,0.0323741007194244,0.0072727272727272,178.23333333333332,22.293380359764868,53.0
30_32,26.42793,50.58387,Resto,-6.945945945945946,0.045045045045045,0.0164609053497942,1047.3,16.38813432965979,3.0
21_61,29.04054,49.67388,Resto,-7.027027027027028,0.081081081081081,0.0294117647058823,235.8,64.76705983306,47.0
16_63,29.22072,49.16832,Resto,-7.080808080808081,0.0437710437710437,0.0181159420289855,562.5666666666667,77.72713424721695,33.0
43_22,25.52703,51.89831,Resto,-7.093333333333334,0.0533333333333333,0.0192307692307692,257.6,37.00980607994877,24.0
44_18,25.16667,51.99942,Resto,-7.16955017301038,0.0553633217993079,0.0291970802919708,164.7,38.77627008942859,5.0
40_29,26.15766,51.59497,Resto,-7.217777777777778,0.0488888888888888,0.0143540669856459,319.1666666666667,24.94663805586241,21.0
58_27,25.97748,53.41496,Resto,-7.273972602739725,0.0684931506849315,0.02,231.83333333333334,77.6205657721693,65.0
88_21,25.43694,56.44828,Resto,-7.331858407079647,0.1283185840707964,0.0938967136150234,11977.5,8.45602256906143,75.0
44_41,27.23874,51.99942,Resto,-7.355704697986576,0.0805369127516778,0.0283687943262411,452.3333333333333,54.85843571215749,55.0
28_56,28.59009,50.38165,Resto,-7.45945945945946,0.054054054054054,0.0114285714285714,152.3,55.36764160522216,48.0
68_23,25.61712,54.42607,Resto,-7.6250000000000036,0.1527777777777778,0.1159420289855072,1814.4333333333334,32.60693125313039,49.0
19_55,28.5,49.47165,Resto,-7.654708520179373,0.0672645739910313,0.0295566502463054,2171.9,86.81717579541548,31.0
78_25,25.7973,55.43717,Resto,-7.809210526315789,0.0723684210526315,0.0282485875706214,965.0,26.78564316757987,39.0
14_46,27.68919,48.9661,Resto,-7.858108108108109,0.0878378378378378,0.0296296296296296,1106.7,7.68877219083454,4.0
13_63,29.22072,48.86499,Resto,-7.9393939393939394,0.0505050505050505,0.0217391304347826,517.2333333333333,49.43086405617193,12.0
79_24,25.70721,55.53828,Resto,-8.052631578947368,0.0526315789473684,0.005813953488372,855.4,13.900757013159453,24.0
63_10,24.44595,53.92051,Resto,-8.261682242990654,0.0420560747663551,0.0081967213114754,45.3,20.319901917133443,13.0
29_34,26.60811,50.48276,Resto,-8.324324324324325,0.045045045045045,0.0048309178743961,894.3333333333334,32.30314518114674,8.0
14_54,28.40991,48.9661,Resto,-8.329113924050635,0.1097046413502109,0.075,3659.866666666667,40.53815872943333,19.0
22_57,28.68018,49.77499,Resto,-8.39864864864865,0.0608108108108108,0.0116959064327485,264.8333333333333,79.18346718635951,45.0
65_11,24.53604,54.12274,Resto,-8.452054794520548,0.0547945205479452,0.0248226950354609,207.16666666666666,21.813373646845704,15.0
69_23,25.61712,54.52718,Resto,-8.458333333333332,0.0601851851851851,0.0193236714975845,371.1666666666667,30.622459703068287,48.0
40_32,26.42793,51.59497,Resto,-9.004444444444443,0.0622222222222222,0.0191387559808612,214.1,43.17718352289951,34.0
20_64,29.31081,49.57276,Resto,-9.054054054054056,0.1621621621621621,0.0955882352941176,859.5333333333333,69.56917545140162,29.0
41_45,27.5991,51.69608,Resto,-9.263392857142858,0.0491071428571428,0.0047846889952153,164.46666666666667,25.258990391621754,15.0
14_58,28.77027,48.9661,Resto,-9.317567567567568,0.0878378378378378,0.0578778135048231,277.2,55.39057668064366,33.0
13_64,29.31081,48.86499,Resto,-9.783783783783786,0.0608108108108108,0.0253623188405797,410.43333333333334,46.560245557915074,19.0
22_47,27.77928,49.77499,Resto,-9.95945945945946,0.0743243243243243,0.0,2136.233333333333,51.76442196516636,35.0
67_24,25.70721,54.32496,Resto,-10.22222222222222,0.0854700854700854,0.0461538461538461,976.0333333333333,28.77032939702355,52.0
67_26,25.88739,54.32496,Resto,-10.243150684931509,0.0445205479452054,0.0072727272727272,295.8333333333333,18.756352577086982,66.0
13_69,29.76126,48.86499,Resto,-10.77027027027027,0.1114864864864864,0.072463768115942,131.16666666666666,29.411454236428305,19.0
18_54,28.40991,49.37054,Resto,-10.789237668161434,0.0807174887892376,0.0288461538461538,5273.633333333333,72.7573358740026,44.0
67_22,25.52703,54.32496,Resto,-11.291666666666671,0.1898148148148148,0.1352657004830917,1213.3666666666666,32.80789214688697,40.0
14_61,29.04054,48.9661,Resto,-11.365688487584649,0.0541760722347629,0.0206489675516224,355.8333333333333,65.33654687558682,30.0
75_21,25.43694,55.13384,Resto,-11.407894736842106,0.1447368421052631,0.0638297872340425,1118.8666666666666,23.884103953256183,17.0
21_54,28.40991,49.67388,Resto,-11.64864864864865,0.1689189189189189,0.0857142857142857,7943.266666666666,98.07345646116018,41.0
15_53,28.31982,49.06721,Resto,-12.45291479820628,0.1031390134529148,0.0432692307692307,4388.066666666667,44.281566234867306,20.0
18_55,28.5,49.37054,Resto,-15.206278026905828,0.0896860986547085,0.0147783251231527,3995.9666666666667,79.3484607582332,33.0
65_24,25.70721,54.12274,Resto,-15.659793814432987,0.0790378006872852,0.0288461538461538,20.966666666666665,44.80909934688666,42.0
65_25,25.7973,54.12274,Resto,-18.492917847025492,0.1048158640226629,0.0451612903225806,75.83333333333333,40.90356776584122,64.0
66_24,25.70721,54.22385,Resto,-19.09278350515464,0.0996563573883161,0.0384615384615384,258.2,36.26081519443042,57.0
64_10,24.44595,54.02163,Resto,-19.605978260869566,0.0733695652173913,0.0171919770773638,118.3,17.025071798158084,8.0
14_56,28.59009,48.9661,Resto,-21.0,0.125,0.0576923076923076,111.56666666666666,47.11761941640637,33.0
