cell_id,ev_Antes,ev_Despues,pa_Antes,pa_Despues,tasa_antes,tasa_despues,delta_tasa,esperado,exceso,ratio,esperado_unif,p_exceso,foco,var_esperada
10_59,6,6,221,277,0.0271493212669683,0.0216606498194945,-0.0054886714474737,7.520361990950226,-1.5203619909502262,0.7978339350180482,9.486787029561826,0.910831818747137,False,0.16774193927503514
10_61,5,1,221,206,0.0226244343891402,0.0048543689320388,-0.0177700654571014,4.660633484162896,-3.660633484162896,0.21456310679611562,5.879296414229038,0.997203247661893,False,0.27066709036418346
10_67,5,7,149,140,0.0335570469798657,0.05,0.0164429530201342,4.697986577181208,2.302013422818792,1.490000000000003,5.926416597909905,0.3818798087977773,False,0.2685150507963232
10_68,5,3,148,140,0.0337837837837837,0.0214285714285714,-0.0123552123552123,4.72972972972973,-1.7297297297297298,0.634285714285715,5.966459953301186,0.9365178811254746,False,0.2667129363614486
10_69,5,7,148,140,0.0337837837837837,0.05,0.0162162162162162,4.72972972972973,2.27027027027027,1.4800000000000038,5.966459953301186,0.38831007874668755,False,0.2667129363614486
10_70,20,19,148,140,0.1351351351351351,0.1357142857142857,0.0005791505791505,18.91891891891892,0.0810810810810807,1.0042857142857147,23.865839813204797,0.8661072020825409,False,0.06667823409036201
11_54,8,9,221,204,0.0361990950226244,0.0441176470588235,0.007918552036199,7.384615384615385,1.615384615384615,1.2187500000000002,9.315545386428944,0.5851367607600291,False,0.1708254308058262
11_55,5,4,221,208,0.0226244343891402,0.0192307692307692,-0.003393665158371,4.705882352941177,-0.7058823529411766,0.8500000000000013,5.93637696194,0.843027770373252,False,0.26806452218760474
11_58,9,9,221,205,0.0407239819004524,0.0439024390243902,0.0031784571239377,8.34841628959276,0.6515837104072393,1.078048780487806,10.531361052672413,0.7237395376914255,False,0.151104120907918
11_60,8,3,295,236,0.0271186440677966,0.0127118644067796,-0.0144067796610169,6.4,-3.3999999999999995,0.46874999999999795,8.073472668238422,0.9870133886267255,False,0.19710626631441472
11_66,6,4,221,207,0.0271493212669683,0.0193236714975845,-0.0078256497693837,5.619909502262444,-1.619909502262444,0.7117552334943631,7.0894040257014375,0.9227777374552,False,0.2244662665661098
11_68,17,17,294,239,0.0578231292517006,0.0711297071129707,0.01330657786127,13.819727891156464,3.1802721088435373,1.2301255230125538,17.433311783084967,0.5733858358430082,False,0.09128111018882679
11_69,18,16,221,207,0.0814479638009049,0.0772946859903381,-0.0041532778105668,16.85972850678733,-0.8597285067873308,0.9490069779924855,21.268212077104312,0.8991202555183685,False,0.07482208885536992
11_70,18,13,242,247,0.0743801652892562,0.0526315789473684,-0.0217485863418877,18.37190082644628,-5.371900826446282,0.7076023391812862,23.17578737279703,0.9916695748671742,False,0.06866355943944341
11_71,6,7,223,209,0.0269058295964125,0.0334928229665071,0.0065869933700946,5.623318385650225,1.376681614349775,1.24481658692185,7.093704264273377,0.564155644234851,False,0.22433019400632634
12_50,8,5,295,236,0.0271186440677966,0.0211864406779661,-0.0059322033898305,6.4,-1.3999999999999997,0.7812500000000003,8.073472668238422,0.904497521081213,False,0.19710626631441472
12_51,5,15,293,231,0.0170648464163822,0.0649350649350649,0.0478702185186826,3.9419795221843006,11.0580204778157,3.8051948051948146,4.972728739236003,0.00021370034810197502,False,0.3200118360110749
12_52,12,10,221,204,0.0542986425339366,0.0490196078431372,-0.0052790346907993,11.076923076923077,-1.0769230769230766,0.9027777777777777,13.973318079643413,0.8893313658203201,False,0.11388362053721747
12_55,5,9,221,208,0.0226244343891402,0.0432692307692307,0.0206447963800904,4.705882352941177,4.294117647058823,1.9125000000000028,5.93637696194,0.14626308254185572,False,0.26806452218760474
12_57,12,9,221,205,0.0542986425339366,0.0439024390243902,-0.0103962035095464,11.131221719457011,-2.131221719457013,0.8085365853658536,14.041814736896567,0.9392061077457494,False,0.11332809068093837
12_58,31,46,221,205,0.1402714932126696,0.224390243902439,0.0841187506897693,28.75565610859729,17.244343891402714,1.5996852871754532,36.274688070316145,0.06686912339755535,False,0.04386893832810516
12_59,36,40,221,277,0.1628959276018099,0.1444043321299639,-0.018491595471846,45.12217194570136,-5.122171945701361,0.8864821500200565,56.920722177371005,0.9922725572948106,False,0.0279569898791725
12_60,13,12,221,206,0.0588235294117647,0.058252427184466,-0.0005711022272986,12.117647058823527,-0.117647058823529,0.9902912621359221,15.286170676995544,0.8335001351218335,False,0.10410272706314719
12_61,11,5,367,270,0.0299727520435967,0.0185185185185185,-0.0114542335250782,8.092643051771116,-3.092643051771116,0.6178451178451179,10.208708201919318,0.9744571419706675,False,0.15587986475397225
12_62,5,4,292,235,0.0171232876712328,0.0170212765957446,-0.0001020110754881,4.023972602739726,-0.0239726027397262,0.9940425531914892,5.076161379056136,0.7455027430369852,False,0.31349122594755724
12_63,5,3,222,207,0.0225225225225225,0.0144927536231884,-0.0080297688993341,4.662162162162162,-1.6621621621621625,0.6434782608695656,5.881224811111178,0.9325170169323542,False,0.2705783412362518
12_64,7,5,221,207,0.0316742081447963,0.0241545893719806,-0.0075196187728157,6.5565610859728505,-1.5565610859728505,0.7625948930296751,8.270971363318331,0.9148657445169068,False,0.1923996570566658
12_65,5,7,296,276,0.0168918918918918,0.0253623188405797,0.0084704269486878,4.662162162162162,2.3378378378378377,1.5014492753623265,5.881224811111151,0.3746267220969226,False,0.270578341236253
12_66,11,7,296,276,0.0371621621621621,0.0253623188405797,-0.0117998433215824,10.256756756756758,-3.256756756756758,0.6824769433465094,12.938694584444583,0.9731686403682807,False,0.12299015510738727
12_67,22,24,298,315,0.0738255033557047,0.0761904761904762,0.0023649728347714,23.255033557046985,0.7449664429530181,1.032034632034632,29.335762159654095,0.860918841068131,False,0.05424546480733789
12_68,23,19,370,308,0.0621621621621621,0.0616883116883116,-0.0004738504738504,19.145945945945947,-0.1459459459459466,0.9923771880293615,24.152229890963238,0.8778674599008377,False,0.06588758309324314
12_69,29,23,296,276,0.0979729729729729,0.0833333333333333,-0.0146396396396396,27.04054054054054,-4.04054054054054,0.8505747126436785,34.11110390444484,0.9816944566245431,False,0.046651438144181344
12_70,22,24,296,281,0.0743243243243243,0.0854092526690391,0.0110849283447148,20.885135135135137,3.114864864864863,1.1491426722743447,26.346182450934293,0.7025375543470137,False,0.060400859091884064
12_71,18,15,296,276,0.0608108108108108,0.0543478260869565,-0.0064629847238542,16.783783783783786,-1.783783783783786,0.8937198067632848,21.172409320000256,0.9331529026477341,False,0.07516065034340322
12_72,11,6,369,305,0.029810298102981,0.0196721311475409,-0.01013816695544,9.092140921409214,-3.0921409214092144,0.6599105812220544,11.46955487887021,0.9717526486903727,False,0.13874401148379198
13_49,10,4,221,204,0.0452488687782805,0.0196078431372549,-0.0256410256410256,9.23076923076923,-5.23076923076923,0.43333333333333374,11.644431733036178,0.9969874842726044,False,0.13666034464466095
13_50,9,3,295,236,0.0305084745762711,0.0127118644067796,-0.0177966101694915,7.2,-4.2,0.4166666666666658,9.082656751768202,0.9941679207465182,False,0.17520557005725795
13_51,5,8,221,204,0.0226244343891402,0.0392156862745098,0.0165912518853695,4.615384615384615,3.384615384615385,1.7333333333333387,5.822215866518077,0.2319274011168736,False,0.2733206892893225
13_52,16,26,221,204,0.0723981900452488,0.1274509803921568,0.0550527903469079,14.76923076923077,11.23076923076923,1.7604166666666674,18.63109077285789,0.061435983895273494,False,0.0854127154029131
13_53,19,12,221,204,0.085972850678733,0.0588235294117647,-0.0271493212669683,17.53846153846154,-5.53846153846154,0.6842105263157896,22.124420292768754,0.9928626043916388,False,0.07192649718140047
13_54,12,15,221,204,0.0542986425339366,0.0735294117647058,0.0192307692307692,11.076923076923077,3.9230769230769234,1.3541666666666665,13.973318079643413,0.4267353171596524,False,0.11388362053721747
13_55,9,4,221,208,0.0407239819004524,0.0192307692307692,-0.0214932126696832,8.470588235294118,-4.470588235294118,0.47222222222222254,10.68547853149201,0.9937753588691084,False,0.14892473454866917
13_56,7,11,221,243,0.0316742081447963,0.0452674897119341,0.0135932815671377,7.69683257918552,3.3031674208144803,1.4291593180482087,9.709401165634564,0.3806552799220484,False,0.163896004159382
13_57,8,16,221,205,0.0361990950226244,0.0780487804878048,0.0418496854651804,7.420814479638009,8.57918552036199,2.1560975609756095,9.361209824597713,0.02993828037610269,False,0.16999213602140753
13_58,39,31,221,205,0.1764705882352941,0.1512195121951219,-0.0252510760401721,36.1764705882353,-5.176470588235297,0.8569105691056907,45.63589789491388,0.9908413621968524,False,0.034870181747981004
13_59,13,14,221,277,0.0588235294117647,0.0505415162454873,-0.0082820131662773,16.294117647058822,-2.2941176470588225,0.8592057761732842,20.55470523071731,0.9475221648141,False,0.07741935658847768
13_60,13,8,296,275,0.0439189189189189,0.029090909090909,-0.0148280098280098,12.077702702702704,-4.077702702702704,0.6623776223776205,15.235781666465561,0.9842948045415881,False,0.104447024029658
13_62,9,8,296,276,0.0304054054054054,0.0289855072463768,-0.0014198981590285,8.391891891891893,-0.391891891891893,0.9533011272141705,10.586204660000128,0.828021854064722,False,0.15032130068680644
13_63,15,6,297,276,0.0505050505050505,0.0217391304347826,-0.0287659200702678,13.93939393939394,-7.9393939393939394,0.43043478260869555,17.584268122110203,0.9995597780664147,False,0.09049748575131389
13_64,18,7,296,276,0.0608108108108108,0.0253623188405797,-0.0354484919702311,16.783783783783786,-9.783783783783786,0.4170692431561996,21.172409320000256,0.9998910224418448,False,0.07516065034340322
13_65,16,12,296,276,0.054054054054054,0.0434782608695652,-0.0105757931844888,14.91891891891892,-2.9189189189189197,0.804347826086957,18.819919395555768,0.962268929997974,False,0.0845557316363287
13_66,19,21,296,276,0.0641891891891891,0.0760869565217391,0.0118977673325499,17.716216216216214,3.283783783783786,1.185354691075516,22.348654282222466,0.6408259353852442,False,0.07120482664111892
13_67,17,12,370,342,0.0459459459459459,0.0350877192982456,-0.0108582266477003,15.713513513513517,-3.713513513513515,0.7636738906088756,19.82228466771037,0.9766569188136595,False,0.08027995160518309
13_68,24,20,369,337,0.065040650406504,0.059347181008902,-0.0056934693976019,21.918699186991876,-1.9186991869918728,0.9124629080118691,27.65000293898726,0.9455986860375695,False,0.05755269022355614
13_69,33,20,296,276,0.1114864864864864,0.072463768115942,-0.0390227183705444,30.77027027027027,-10.77027027027027,0.6499780412823893,38.81608375333378,0.9996666211059237,False,0.040996718369129055
13_70,6,8,296,281,0.0202702702702702,0.0284697508896797,0.0081994806194094,5.6959459459459465,2.304054054054053,1.4045077105575368,7.18532248661842,0.4288774602017331,False,0.2214698166702423
14_46,13,4,148,135,0.0878378378378378,0.0296296296296296,-0.0582082082082082,11.858108108108109,-7.858108108108109,0.3373219373219371,14.958767454348004,0.999781408324234,False,0.10638122817835535
14_50,5,1,295,236,0.0169491525423728,0.0042372881355932,-0.0127118644067796,4.0,-3.0,0.25,5.045920417648992,0.9935644657422888,False,0.3153700261030649
14_52,5,5,221,204,0.0226244343891402,0.0245098039215686,0.0018853695324283,4.615384615384615,0.384615384615385,1.0833333333333355,5.822215866518077,0.6904421478809816,False,0.2733206892893225
14_53,9,12,221,204,0.0407239819004524,0.0588235294117647,0.0180995475113122,8.307692307692308,3.692307692307692,1.4444444444444473,10.479988559732547,0.358914824282097,False,0.1518448273829568
14_54,26,18,237,240,0.1097046413502109,0.075,-0.0347046413502109,26.329113924050635,-8.329113924050635,0.6836538461538466,33.213653381993495,0.998501408441497,False,0.047911984734888516
14_55,17,11,369,302,0.046070460704607,0.0364238410596026,-0.0096466196450044,13.913279132791327,-2.9132791327913274,0.7906116088819631,17.55132481315042,0.9622012222928908,False,0.09066734681108729
14_56,37,18,296,312,0.125,0.0576923076923076,-0.0673076923076923,39.0,-21.0,0.4615384615384608,49.197724072077904,0.999999894482626,False,0.032345643702878304
14_57,17,12,297,274,0.0572390572390572,0.0437956204379562,-0.013443436801101,15.683501683501683,-3.683501683501685,0.7651352511807648,19.78442534125345,0.9762197388358541,False,0.08043357471241727
14_58,26,18,296,311,0.0878378378378378,0.0578778135048231,-0.0299600243330146,27.31756756756757,-9.317567567567568,0.6589166460549094,34.46056798742392,0.9992187127762284,False,0.04617834663690667
14_59,13,12,296,346,0.0439189189189189,0.0346820809248554,-0.0092368379940634,15.195945945945947,-3.1959459459459474,0.7896843041351694,19.16938347853485,0.9680000976051457,False,0.08301425320276286
14_60,11,12,296,275,0.0371621621621621,0.0436363636363636,0.0064742014742014,10.219594594594597,1.7804054054054053,1.1742148760330586,12.891815256240074,0.6357657078640364,False,0.1234373920350505
14_61,24,7,443,339,0.0541760722347629,0.0206489675516224,-0.0335271046831405,18.36568848758465,-11.365688487584649,0.3811455260570307,23.167950630921183,0.99997529499594,False,0.0686867854295267
14_62,7,19,297,276,0.0235690235690235,0.0688405797101449,0.0452715561411213,6.505050505050505,12.494949494949497,2.9208074534161566,8.205991790318071,0.0008716662705384737,False,0.193923183752816
14_63,13,9,297,276,0.0437710437710437,0.0326086956521739,-0.0111623481188698,12.08080808080808,-3.0808080808080813,0.7449832775919741,15.239699039162153,0.9669616164987473,False,0.1044201758669008
14_64,9,6,296,276,0.0304054054054054,0.0217391304347826,-0.0086662749706227,8.391891891891893,-2.391891891891893,0.7149758454106279,10.586204660000128,0.9520879263187563,False,0.15032130068680644
14_65,5,10,296,276,0.0168918918918918,0.036231884057971,0.0193399921660791,4.662162162162162,5.337837837837838,2.144927536231895,5.881224811111151,0.07599040287566516,False,0.270578341236253
14_66,7,11,296,276,0.0236486486486486,0.0398550724637681,0.0162064238151194,6.527027027027027,4.472972972972973,1.6853002070393401,8.23371473555564,0.20797028491648895,False,0.19327024374018006
14_68,10,6,297,310,0.0336700336700336,0.0193548387096774,-0.0143151949603562,10.437710437710438,-4.437710437710438,0.57483870967742,13.166964052787806,0.9903756736295573,False,0.12085793258401295
14_69,14,17,296,276,0.0472972972972973,0.0615942028985507,0.0142969056012534,13.054054054054054,3.9459459459459456,1.3022774327122146,16.467429471111313,0.4803109479090327,False,0.09663512187008984
14_70,7,8,296,281,0.0236486486486486,0.0284697508896797,0.004821102241031,6.645270270270271,1.354729729729729,1.2038637519064583,8.38287623438817,0.5990905274123095,False,0.18983127143163595
14_71,6,3,296,281,0.0202702702702702,0.0106761565836298,-0.0095941136866403,5.6959459459459465,-2.6959459459459465,0.526690391459072,7.18532248661842,0.9742409498905524,False,0.2214698166702423
15_51,7,4,224,236,0.03125,0.0169491525423728,-0.0143008474576271,7.375,-3.375,0.5423728813559296,9.303415770040372,0.9828902190217941,False,0.1710481497508141
15_52,11,6,223,203,0.0493273542600896,0.0295566502463054,-0.0197707040137842,10.013452914798206,-4.013452914798206,0.5991939095387377,12.631771628486806,0.986377772267612,False,0.12597853259468567
15_53,23,9,223,208,0.1031390134529148,0.0432692307692307,-0.059869782683684,21.45291479820628,-12.45291479820628,0.4195234113712368,27.062425199588443,0.9999824530182577,False,0.0588022707533304
15_54,23,24,223,203,0.1031390134529148,0.1182266009852216,0.0150875875323068,20.937219730941703,3.062780269058294,1.1462840008567137,26.411886132290643,0.7068804507564617,False,0.06025060254528434
15_56,8,17,296,312,0.027027027027027,0.0544871794871794,0.0274601524601524,8.432432432432433,8.567567567567567,2.0160256410256396,10.63734574531413,0.04369545190663715,False,0.1495986021258123
15_57,11,6,297,308,0.037037037037037,0.0194805194805194,-0.0175565175565175,11.407407407407408,-5.407407407407407,0.5259740259740243,14.390217487369402,0.9957533810894316,False,0.11058429486730809
15_58,6,4,296,311,0.0202702702702702,0.0128617363344051,-0.0074085339358651,6.304054054054054,-2.3040540540540544,0.6345123258306539,7.952438766328572,0.956237980202504,False,0.2001061687599295
15_59,6,9,296,310,0.0202702702702702,0.0290322580645161,0.0087619877942458,6.283783783783784,2.716216216216216,1.4322580645161327,7.926868223671567,0.3972455900610916,False,0.20075167253012283
15_60,12,7,296,275,0.0405405405405405,0.0254545454545454,-0.015085995085995,11.14864864864865,-4.148648648648649,0.6278787878787871,14.063798461352818,0.9863168626303067,False,0.1131509426987962
15_61,11,9,442,339,0.0248868778280542,0.0265486725663716,0.0016617947383173,8.436651583710407,0.5633484162895925,1.0667739340305722,10.64266812070877,0.7347373342220791,False,0.14952378818724013
15_62,13,11,297,276,0.0437710437710437,0.0398550724637681,-0.0039159713072756,12.08080808080808,-1.080808080808081,0.9105351170568573,15.239699039162153,0.8927295664570591,False,0.1044201758669008
15_63,5,14,297,276,0.0168350168350168,0.0507246376811594,0.0338896208461425,4.646464646464646,9.353535353535351,3.0130434782608746,5.861422707370056,0.002964000504147357,False,0.2714924572539421
15_64,5,7,296,276,0.0168918918918918,0.0253623188405797,0.0084704269486878,4.662162162162162,2.3378378378378377,1.5014492753623265,5.881224811111151,0.3746267220969226,False,0.270578341236253
15_65,8,11,296,276,0.027027027027027,0.0398550724637681,0.012828045436741,7.45945945945946,3.5405405405405403,1.474637681159421,9.409959697777884,0.3435793446850941,False,0.1691114632726574
15_66,6,6,296,276,0.0202702702702702,0.0217391304347826,0.0014688601645123,5.594594594594595,0.4054054054054052,1.0724637681159455,7.057469773333396,0.7065712348107404,False,0.22548195103021043
15_67,8,5,369,308,0.021680216802168,0.0162337662337662,-0.0054464505684017,6.677506775067751,-1.6775067750677506,0.7487824675324667,8.423541943825992,0.9221831509051371,False,0.18891483706498466
15_69,10,6,296,276,0.0337837837837837,0.0217391304347826,-0.0120446533490011,9.324324324324325,-3.324324324324325,0.6434782608695665,11.762449622222338,0.9764138081201931,False,0.13528917061812612
15_71,11,10,296,281,0.0371621621621621,0.0355871886120996,-0.0015749735500625,10.442567567567568,-0.4425675675675684,0.9576188935619544,13.17309122546713,0.8453194532265783,False,0.12080171818376828
16_47,7,4,223,202,0.0313901345291479,0.0198019801980198,-0.0115881543311281,6.3408071748878925,-2.3408071748878925,0.6308345120226324,7.998802097035526,0.9575855838256591,False,0.19894629652329093
16_48,8,7,223,202,0.0358744394618834,0.0346534653465346,-0.0012209741153487,7.246636771300448,-0.246636771300448,0.9659653465346522,9.141488110897766,0.8058051081456294,False,0.17407800945787913
16_49,12,12,224,207,0.0535714285714285,0.0579710144927536,0.004399585921325,11.089285714285714,0.9107142857142864,1.0821256038647353,13.98891330071444,0.7390237071345718,False,0.11375665997920502
16_50,8,5,296,234,0.027027027027027,0.0213675213675213,-0.0056595056595056,6.324324324324325,-1.3243243243243246,0.7905982905982888,7.978009308985597,0.8991016414261014,False,0.1994648028344164
16_51,8,5,224,236,0.0357142857142857,0.0211864406779661,-0.0145278450363196,8.428571428571429,-3.428571428571429,0.593220338983051,10.632475165760422,0.9806800409941592,False,0.14966713103196239
16_52,15,7,223,203,0.0672645739910313,0.0344827586206896,-0.0327818153703417,13.654708520179373,-6.654708520179373,0.5126436781609194,17.225143129754745,0.9982282995808938,False,0.09238425723610277
16_53,15,10,223,208,0.0672645739910313,0.048076923076923,-0.0191876509141083,13.991031390134529,-3.9910313901345287,0.7147435897435895,17.649407738862006,0.981430658245322,False,0.09016348182177339
16_54,14,8,223,208,0.0627802690582959,0.0384615384615384,-0.0243187305967575,13.05829596412556,-5.058295964125561,0.6126373626373623,16.472780556271207,0.9924861046943635,False,0.09660373052332862
16_55,8,4,296,233,0.027027027027027,0.0171673819742489,-0.0098596450527781,6.297297297297297,-2.2972972972972974,0.6351931330472099,7.943915252109591,0.9559859682948753,False,0.20032087494958556
16_56,7,5,223,208,0.0313901345291479,0.0240384615384615,-0.0073516729906864,6.5291479820627805,-1.5291479820627805,0.7657967032967041,8.236390278135591,0.9131251624774619,False,0.19320746104665754
16_57,5,2,224,239,0.0223214285714285,0.00836820083682,-0.0139532277346084,5.334821428571429,-3.334821428571429,0.3748953974895372,6.729771092734993,0.9907644198213886,False,0.23646154258438978
16_59,7,8,223,240,0.0313901345291479,0.0333333333333333,0.0019431988041853,7.533632286995516,0.4663677130044839,1.0619047619047637,9.503527244002605,0.7317024727907349,False,0.16744646624043655
16_61,10,3,442,339,0.0226244343891402,0.0088495575221238,-0.0137748768670163,7.669683257918551,-4.669683257918551,0.3911504424778732,9.67515283700798,0.9963888371809386,False,0.16447616700596399
16_62,9,6,297,276,0.0303030303030303,0.0217391304347826,-0.0085638998682476,8.363636363636363,-2.3636363636363638,0.7173913043478259,10.550560873266122,0.9510808548401073,False,0.15082914291885646
16_63,13,5,297,276,0.0437710437710437,0.0181159420289855,-0.0256551017420582,12.08080808080808,-7.080808080808081,0.4138795986622079,15.239699039162153,0.9992851736374917,False,0.1044201758669008
16_64,9,5,296,276,0.0304054054054054,0.0181159420289855,-0.0122894633764199,8.391891891891893,-3.391891891891893,0.5958132045088566,10.586204660000128,0.9800770895513035,False,0.15032130068680644
16_65,6,3,296,276,0.0202702702702702,0.0108695652173913,-0.0094007050528789,5.594594594594595,-2.5945945945945947,0.5362318840579727,7.057469773333396,0.9716217508714341,False,0.22548195103021043
16_66,9,4,296,276,0.0304054054054054,0.0144927536231884,-0.015912651782217,8.391891891891893,-4.391891891891893,0.47665056360708524,10.586204660000128,0.9932967297016133,False,0.15032130068680644
16_67,8,8,369,308,0.021680216802168,0.0259740259740259,0.0042938091718579,6.677506775067751,1.3224932249322494,1.1980519480519458,8.423541943825992,0.6044416455092569,False,0.18891483706498466
16_68,5,11,297,310,0.0168350168350168,0.0354838709677419,0.0186488541327251,5.218855218855219,5.781144781144781,2.1077419354838733,6.583482026393903,0.07160010798365424,False,0.2417158651680259
16_69,5,5,296,276,0.0168918918918918,0.0181159420289855,0.0012240501370936,4.662162162162162,0.3378378378378377,1.0724637681159475,5.881224811111151,0.6987305335525502,False,0.270578341236253
16_70,10,12,296,276,0.0337837837837837,0.0434782608695652,0.0096944770857814,9.324324324324325,2.6756756756756754,1.286956521739133,11.762449622222338,0.510983830037336,False,0.13528917061812612
16_71,15,10,296,281,0.0506756756756756,0.0355871886120996,-0.015088487063576,14.239864864864863,-4.239864864864865,0.7022538552787665,17.963306216546087,0.9843106061799249,False,0.08858792666809671
16_72,10,4,369,305,0.02710027100271,0.0131147540983606,-0.0139855169043493,8.26558265582656,-4.26558265582656,0.4839344262295066,10.426868071700191,0.9924537168545124,False,0.15261841263217116
17_48,6,2,223,202,0.0269058295964125,0.0099009900990099,-0.0170048394974026,5.434977578475337,-3.434977578475337,0.3679867986798687,6.856116083173312,0.9917275431632318,False,0.23210401261050595
17_52,9,13,223,203,0.0403587443946188,0.064039408866995,0.0236806644723762,8.192825112107624,4.807174887892376,1.5867542419266552,10.335085877852851,0.24121784781051914,False,0.15397376206017124
17_53,13,8,223,203,0.0582959641255605,0.0394088669950738,-0.0188870971304866,11.83408071748879,-3.8340807174887903,0.6760136415308818,14.928457379120788,0.9812415730954723,False,0.10659721988781085
17_54,17,15,223,208,0.0762331838565022,0.0721153846153846,-0.0041177992411176,15.856502242152466,-0.856502242152466,0.9459841628959279,20.00266210404362,0.8952387986872801,False,0.07955601337215294
17_55,8,2,296,233,0.027027027027027,0.0085836909871244,-0.0184433360399025,6.297297297297297,-4.297297297297297,0.3175965665236031,7.943915252109591,0.9968265685846687,False,0.20032087494958556
17_56,8,3,296,237,0.027027027027027,0.0126582278481012,-0.0143687991789257,6.405405405405406,-3.405405405405406,0.46835443037974483,8.080291479613617,0.9870824795983469,False,0.19693993191246176
17_57,7,3,224,239,0.03125,0.0125523012552301,-0.0186976987447698,7.46875,-4.46875,0.4016736401673632,9.42167952982902,0.9955634813066557,False,0.16890110184599216
17_58,7,4,223,240,0.0313901345291479,0.0166666666666666,-0.0147234678624813,7.533632286995516,-3.533632286995516,0.5309523809523803,9.503527244002605,0.9851780343162605,False,0.16744646624043655
17_59,6,9,223,205,0.0269058295964125,0.0439024390243902,0.0169966094279776,5.515695067264574,3.4843049327354256,1.6317073170731726,6.9579395893590545,0.2654417093952346,False,0.22870736852352297
17_60,7,5,223,205,0.0313901345291479,0.024390243902439,-0.0069998906267089,6.434977578475336,-1.434977578475336,0.7770034843205588,8.117596187585558,0.9069052186582369,False,0.19603488730587693
17_61,7,7,297,235,0.0235690235690235,0.0297872340425531,0.0062182104735296,5.538720538720539,1.461279461279461,1.2638297872340423,6.9869857634954595,0.5483479897194015,False,0.227756590279903
17_62,8,9,298,235,0.0268456375838926,0.0382978723404255,0.0114522347565329,6.308724832214765,2.6912751677852347,1.4265957446808508,7.958330860050456,0.4016364187703416,False,0.19995801655045314
17_63,6,5,223,205,0.0269058295964125,0.024390243902439,-0.0025155856939735,5.515695067264574,-0.5156950672645744,0.9065040650406515,6.9579395893590545,0.8231366834226429,False,0.22870736852352297
17_65,9,4,296,276,0.0304054054054054,0.0144927536231884,-0.015912651782217,8.391891891891893,-4.391891891891893,0.47665056360708524,10.586204660000128,0.9932967297016133,False,0.15032130068680644
17_66,6,4,297,276,0.0202020202020202,0.0144927536231884,-0.0057092665788317,5.575757575757576,-1.575757575757576,0.7173913043478259,7.033707248844082,0.919974883206621,False,0.2262437143782847
17_67,8,8,369,308,0.021680216802168,0.0259740259740259,0.0042938091718579,6.677506775067751,1.3224932249322494,1.1980519480519458,8.423541943825992,0.6044416455092569,False,0.18891483706498466
17_69,9,12,296,276,0.0304054054054054,0.0434782608695652,0.0130728554641598,8.391891891891893,3.608108108108107,1.4299516908212557,10.586204660000128,0.37146546226415156,False,0.15032130068680644
17_70,21,20,296,276,0.0709459459459459,0.072463768115942,0.001517822169996,19.58108108108108,0.4189189189189193,1.021394064872326,24.701144206666957,0.8535624700767702,False,0.06442341458005994
17_71,9,10,296,281,0.0304054054054054,0.0355871886120996,0.0051817832066942,8.54391891891892,1.4560810810810807,1.170423092131276,10.777983729927668,0.6349173363221585,False,0.14764654444682768
17_73,6,3,369,309,0.016260162601626,0.0097087378640776,-0.0065514247375483,5.02439024390244,-2.02439024390244,0.597087378640773,6.338168329485952,0.9515264388927736,False,0.2510712829170022
18_47,6,1,223,202,0.0269058295964125,0.0049504950495049,-0.0219553345469076,5.434977578475337,-4.434977578475337,0.18399339933993253,6.856116083173312,0.9989470042513137,False,0.23210401261050595
18_48,9,7,223,202,0.0403587443946188,0.0346534653465346,-0.0057052790480841,8.152466367713004,-1.1524663677130036,0.8586358635863581,10.28417412475998,0.8867833190193164,False,0.15473600840700377
18_49,5,8,296,234,0.0168918918918918,0.0341880341880341,0.0172961422961423,3.952702702702703,4.0472972972972965,2.02393162393163,4.986255818115976,0.13194011625509883,False,0.31914368453506764
18_50,7,6,223,202,0.0313901345291479,0.0297029702970297,-0.0016871642321182,6.3408071748878925,-0.3408071748878925,0.9462517680339487,7.998802097035526,0.8086541809743357,False,0.19894629652329093
18_51,5,12,224,236,0.0223214285714285,0.0508474576271186,0.02852602905569,5.267857142857143,6.732142857142857,2.2779661016949206,6.6452969786002445,0.03891290072219322,False,0.2394674096511405
18_52,8,3,223,203,0.0358744394618834,0.0147783251231527,-0.0210961143387307,7.2825112107623315,-4.282511210762332,0.4119458128078816,9.186743002535874,0.9946364288164943,False,0.17322048231769255
18_53,6,8,223,203,0.0269058295964125,0.0394088669950738,0.0125030373986613,5.461883408071749,2.538116591928251,1.4646962233169127,6.890057251901893,0.38490914013930955,False,0.23096064309025716
18_54,18,6,223,208,0.0807174887892376,0.0288461538461538,-0.0518713349430838,16.789237668161434,-10.789237668161434,0.3573717948717946,21.179289286634415,0.9999710191945437,False,0.0751362348514778
18_55,20,3,223,203,0.0896860986547085,0.0147783251231527,-0.0749077735315558,18.206278026905828,-15.206278026905828,0.16477832512315263,22.966857506339686,0.9999999694811529,False,0.069288192927077
18_56,8,3,296,237,0.027027027027027,0.0126582278481012,-0.0143687991789257,6.405405405405406,-3.405405405405406,0.46835443037974483,8.080291479613617,0.9870824795983469,False,0.19693993191246176
18_57,7,2,224,243,0.03125,0.0082304526748971,-0.0230195473251028,7.59375,-5.59375,0.2633744855967072,9.579364542880553,0.9992685335332833,False,0.16612083679502931
18_59,6,4,223,205,0.0269058295964125,0.0195121951219512,-0.0073936344744613,5.515695067264574,-1.5156950672645744,0.7252032520325211,6.9579395893590545,0.9160154852704812,False,0.22870736852352297
18_61,8,4,223,205,0.0358744394618834,0.0195121951219512,-0.0163622443399321,7.354260089686099,-3.3542600896860986,0.5439024390243897,9.27725278581209,0.9825674481113739,False,0.17153052639264185
18_62,6,9,298,235,0.0201342281879194,0.0382978723404255,0.018163644152506,4.731543624161073,4.268456375838927,1.9021276595744723,5.968748145037827,0.14955237647800423,False,0.26661068873393823
18_64,10,5,223,205,0.0448430493273542,0.024390243902439,-0.0204528054249152,9.192825112107624,-4.192825112107624,0.5439024390243904,11.5965659822651,0.9899442879667948,False,0.13722442111411362
18_65,9,11,223,205,0.0403587443946188,0.0536585365853658,0.013299792190747,8.27354260089686,2.72645739910314,1.3295392953929537,10.436909384038593,0.47145226823207853,False,0.15247157901568176
18_66,12,15,224,210,0.0535714285714285,0.0714285714285714,0.0178571428571428,11.25,3.75,1.3333333333333346,14.191651174637839,0.44986741349605985,False,0.11213156483664494
18_67,5,5,295,237,0.0169491525423728,0.0210970464135021,0.0041478938711292,4.016949152542373,0.9830508474576272,1.2447257383966297,5.067301436367844,0.5712353962088494,False,0.3140393508874402
18_68,10,5,224,239,0.0446428571428571,0.0209205020920502,-0.0237223550508069,10.669642857142858,-5.669642857142858,0.4686192468619249,13.459542185470017,0.9973177942201659,False,0.1182307712921946
18_69,10,6,223,205,0.0448430493273542,0.0292682926829268,-0.0155747566444274,9.192825112107624,-3.192825112107624,0.6526829268292684,11.5965659822651,0.9738696516566909,False,0.13722442111411362
18_71,8,4,221,212,0.0361990950226244,0.0188679245283018,-0.0173311704943225,7.67420814479638,-3.674208144796381,0.5212264150943376,9.6808608917791,0.9869596211017881,False,0.16437918813390823
18_72,10,3,221,207,0.0452488687782805,0.0144927536231884,-0.0307561151550921,9.366515837104073,-6.366515837104073,0.32028985507246394,11.815673376169064,0.999389610092794,False,0.13467975993966588
18_73,5,3,294,236,0.0170068027210884,0.0127118644067796,-0.0042949383143087,4.013605442176871,-1.0136054421768712,0.747457627118642,5.063083412266859,0.8805615718743592,False,0.3143009751671216
19_47,5,1,223,202,0.0224215246636771,0.0049504950495049,-0.0174710296141721,4.5291479820627805,-3.5291479820627805,0.22079207920791882,5.713430069311097,0.9966986706863779,False,0.2785248151326069
19_49,7,2,296,234,0.0236486486486486,0.0085470085470085,-0.0151016401016401,5.533783783783784,-3.533783783783784,0.36141636141636013,6.980758145362391,0.9925811018692496,False,0.22795977466790468
19_53,6,2,223,203,0.0269058295964125,0.0098522167487684,-0.017053612847644,5.461883408071749,-3.461883408071749,0.3661740558292263,6.890057251901893,0.9919690613167184,False,0.23096064309025716
19_54,9,5,223,208,0.0403587443946188,0.0240384615384615,-0.0163202828561572,8.394618834080717,-3.394618834080717,0.5956196581196578,10.589644643317207,0.9801225162615629,False,0.1502724697029556
19_55,15,6,223,203,0.0672645739910313,0.0295566502463054,-0.0377079237447259,13.654708520179373,-7.654708520179373,0.43940886699507414,17.225143129754745,0.9994274120750095,False,0.09238425723610277
19_56,5,4,296,237,0.0168918918918918,0.0168776371308016,-1.4254761090206486e-05,4.003378378378379,-0.0033783783783789,0.9991561181434602,5.050182174758488,0.7419477756955686,False,0.31510389105994024
19_57,6,1,224,243,0.0267857142857142,0.0041152263374485,-0.0226704879482657,6.508928571428571,-5.508928571428571,0.15363511659807783,8.210883893897591,0.9997283195215864,False,0.19380764292753483
19_58,5,7,224,240,0.0223214285714285,0.0291666666666666,0.006845238095238,5.357142857142858,1.6428571428571423,1.306666666666668,6.757929130779909,0.5136337974539996,False,0.23547628615695482
19_60,10,6,223,205,0.0448430493273542,0.0292682926829268,-0.0155747566444274,9.192825112107624,-3.192825112107624,0.6526829268292684,11.5965659822651,0.9738696516566909,False,0.13722442111411362
19_61,20,27,223,205,0.0896860986547085,0.1317073170731707,0.0420212184184622,18.385650224215247,8.614349775784753,1.4685365853658536,23.193131964530224,0.2403379242093786,False,0.06861221055705675
19_62,10,14,298,235,0.0335570469798657,0.0595744680851063,0.0260174211052406,7.885906040268456,6.114093959731544,1.7753191489361715,9.947913575063055,0.1317678002041578,False,0.15996641324036276
19_64,13,9,148,136,0.0878378378378378,0.0661764705882353,-0.0216613672496025,11.945945945945947,-2.9459459459459474,0.7533936651583714,15.069573139195027,0.9638845444976116,False,0.1055990132652792
19_68,7,4,148,170,0.0472972972972973,0.0235294117647058,-0.0237678855325914,8.04054054054054,-4.04054054054054,0.4974789915966369,10.14298192061204,0.9906933623140634,False,0.15688996256555762
19_70,5,5,148,136,0.0337837837837837,0.0367647058823529,0.0029809220985691,4.594594594594595,0.4054054054054052,1.0882352941176485,5.795989668921153,0.6867087972469356,False,0.27455743448972647
19_71,5,6,148,141,0.0337837837837837,0.0425531914893617,0.0087694077055779,4.763513513513514,1.236486486486486,1.2595744680851093,6.0090775243961945,0.5557773139319955,False,0.26482135525250217
19_73,5,3,221,165,0.0226244343891402,0.0181818181818181,-0.004442616207322,3.733031674208145,-0.7330316742081449,0.8036363636363626,4.709145186154327,0.8486158757814878,False,0.3379237613031624
20_48,6,3,223,202,0.0269058295964125,0.0148514851485148,-0.0120543444478977,5.434977578475337,-2.434977578475337,0.5519801980198012,6.856116083173312,0.9669788115243108,False,0.23210401261050595
20_49,5,1,296,234,0.0168918918918918,0.0042735042735042,-0.0126183876183876,3.952702702702703,-2.952702702702703,0.25299145299145004,4.986255818115976,0.9931688060985175,False,0.31914368453506764
20_50,7,1,223,202,0.0313901345291479,0.0049504950495049,-0.026439639479643,6.3408071748878925,-5.3408071748878925,0.15770862800565652,7.998802097035526,0.9996641352796353,False,0.19894629652329093
20_53,13,10,223,203,0.0582959641255605,0.0492610837438423,-0.0090348803817181,11.83408071748879,-1.8340807174887903,0.8450170519136031,14.928457379120788,0.9277944336941586,False,0.10659721988781085
20_54,10,4,223,208,0.0448430493273542,0.0192307692307692,-0.025612280096585,9.327354260089686,-5.327354260089686,0.4288461538461537,11.766271825908003,0.9972562447348352,False,0.13524522273266007
20_55,8,5,223,203,0.0358744394618834,0.0246305418719211,-0.0112438975899622,7.2825112107623315,-2.2825112107623315,0.6865763546798008,9.186743002535874,0.9510190855054765,False,0.17322048231769255
20_56,10,3,296,233,0.0337837837837837,0.0128755364806866,-0.020908247303097,7.871621621621622,-4.871621621621622,0.3811158798283243,9.929894065136974,0.9970669195054577,False,0.16025669995966868
20_57,8,5,223,242,0.0358744394618834,0.0206611570247933,-0.01521328243709,8.681614349775785,-3.681614349775785,0.5759297520661133,10.951683776422076,0.9843954785507751,False,0.14530478475409744
20_59,5,7,148,136,0.0337837837837837,0.0514705882352941,0.0176868044515103,4.594594594594595,2.4054054054054053,1.5235294117647091,5.795989668921153,0.3609669385426527,False,0.27455743448972647
20_61,7,11,148,136,0.0472972972972973,0.0808823529411764,0.0335850556438791,6.4324324324324325,4.567567567567568,1.710084033613444,8.114385536489634,0.1956282693528868,False,0.19611245320694703
20_63,10,9,149,136,0.0671140939597315,0.0661764705882353,-0.0009376233714962,9.12751677852349,-0.1275167785234892,0.9860294117647065,11.514180818796405,0.8104973948827375,False,0.13820627614516615
20_64,24,13,148,136,0.1621621621621621,0.0955882352941176,-0.0665739268680445,22.054054054054056,-9.054054054054056,0.5894607843137255,27.82075041082159,0.9993723594907632,False,0.05719946551869291
20_68,5,4,148,136,0.0337837837837837,0.0294117647058823,-0.0043720190779014,4.594594594594595,-0.5945945945945947,0.8705882352941182,5.795989668921153,0.8296419056966975,False,0.27455743448972647
20_69,5,4,148,170,0.0337837837837837,0.0235294117647058,-0.0102543720190779,5.743243243243244,-1.743243243243244,0.6964705882352933,7.244987086151441,0.9301450283002886,False,0.2196459475917812
20_70,6,2,148,136,0.0405405405405405,0.0147058823529411,-0.0258346581875993,5.513513513513514,-3.513513513513514,0.3627450980392142,6.955187602705394,0.992413336366551,False,0.22879786207477176
20_71,5,2,148,141,0.0337837837837837,0.0141843971631205,-0.0195993866206632,4.763513513513514,-2.763513513513514,0.4198581560283678,6.0090775243961945,0.9827832309655133,False,0.26482135525250217
21_41,14,21,225,203,0.0622222222222222,0.1034482758620689,0.0412260536398467,12.63111111111111,8.36888888888889,1.6625615763546793,15.93389536328722,0.1281660124632127,False,0.09987087385389065
21_44,6,5,224,203,0.0267857142857142,0.0246305418719211,-0.0021551724137931,5.4375,-0.4375,0.9195402298850573,6.8592980677416096,0.813781444896926,False,0.2319963410413348
21_47,6,7,223,202,0.0269058295964125,0.0346534653465346,0.007747635750122,5.434977578475337,1.565022421524663,1.2879537953795388,6.856116083173312,0.5286372754888119,False,0.23210401261050595
21_48,5,3,223,202,0.0224215246636771,0.0148514851485148,-0.0075700395151622,4.5291479820627805,-1.5291479820627805,0.662376237623761,5.713430069311097,0.9239536427278472,False,0.2785248151326069
21_50,6,4,223,202,0.0269058295964125,0.0198019801980198,-0.0071038493983927,5.434977578475337,-1.434977578475337,0.7359735973597374,6.856116083173312,0.9104187525150619,False,0.23210401261050595
21_53,16,14,148,135,0.1081081081081081,0.1037037037037037,-0.0044044044044044,14.594594594594597,-0.5945945945945947,0.9592592592592593,18.410790713043706,0.87715231944845,False,0.0864347478949137
21_54,25,12,148,140,0.1689189189189189,0.0857142857142857,-0.0832046332046332,23.64864864864865,-11.64864864864865,0.5074285714285715,29.832299766506,0.9999287758225057,False,0.053342587272289604
21_55,22,19,148,140,0.1486486486486486,0.1357142857142857,-0.0129343629343629,20.81081081081081,-1.8108108108108103,0.9129870129870132,26.252423794525274,0.9410825920224746,False,0.06061657644578365
21_56,21,10,221,165,0.0950226244343891,0.0606060606060606,-0.0344165638283285,15.678733031674208,-5.678733031674208,0.637806637806638,19.778409781848225,0.9943193858987515,False,0.08045803840551465
21_57,7,9,148,143,0.0472972972972973,0.0629370629370629,0.0156397656397656,6.763513513513514,2.236486486486486,1.3306693306693298,8.532037733220717,0.4812961660138233,False,0.18651254291010347
21_58,8,5,149,171,0.0536912751677852,0.0292397660818713,-0.0244515090859138,9.181208053691275,-4.181208053691275,0.5445906432748533,11.581911294201088,0.989842230656046,False,0.1373980523080599
21_60,5,5,148,136,0.0337837837837837,0.0367647058823529,0.0029809220985691,4.594594594594595,0.4054054054054052,1.0882352941176485,5.795989668921153,0.6867087972469356,False,0.27455743448972647
21_61,12,4,148,136,0.081081081081081,0.0294117647058823,-0.0516693163751987,11.027027027027028,-7.027027027027028,0.3627450980392154,13.910375205410787,0.9994904404288465,False,0.11439893103738588
21_62,6,7,148,136,0.0405405405405405,0.0514705882352941,0.0109300476947535,5.513513513513514,1.486486486486486,1.2696078431372557,6.955187602705394,0.5435906296861617,False,0.22879786207477176
21_66,5,9,221,168,0.0226244343891402,0.0535714285714285,0.0309469941822882,3.800904977375565,5.199095022624435,2.367857142857147,4.794766007720769,0.05551635928897136,False,0.3318894084227488
21_69,5,4,148,170,0.0337837837837837,0.0235294117647058,-0.0102543720190779,5.743243243243244,-1.743243243243244,0.6964705882352933,7.244987086151441,0.9301450283002886,False,0.2196459475917812
21_70,7,4,148,136,0.0472972972972973,0.0294117647058823,-0.0178855325914149,6.4324324324324325,-2.4324324324324325,0.6218487394957972,8.114385536489634,0.9607796843644594,False,0.19611245320694703
21_71,16,13,148,136,0.1081081081081081,0.0955882352941176,-0.0125198728139904,14.702702702702704,-1.7027027027027035,0.8841911764705879,18.547166940547733,0.9266959706039302,False,0.08579919827803935
22_41,8,6,225,238,0.0355555555555555,0.0252100840336134,-0.0103454715219421,8.462222222222222,-2.4622222222222216,0.709033613445378,10.674924972448567,0.9545137628476908,False,0.14907196612014578
22_46,6,10,224,202,0.0267857142857142,0.0495049504950495,0.0227192362093352,5.410714285714286,4.589285714285714,1.848184818481854,6.82550842208771,0.15225970842488556,False,0.2331448377791632
22_47,11,0,148,134,0.0743243243243243,0.0,-0.0743243243243243,9.95945945945946,-9.95945945945946,0.0,12.563659958808525,1.0,False,0.12666150302104046
22_53,5,6,148,135,0.0337837837837837,0.0444444444444444,0.0106606606606606,4.560810810810811,1.4391891891891886,1.3155555555555574,5.753372097826144,0.5139394393805635,False,0.27659119326372444
22_54,9,11,148,135,0.0608108108108108,0.0814814814814814,0.0206706706706706,8.20945945945946,2.7905405405405403,1.33991769547325,10.356069776087082,0.46141583112337536,False,0.15366177403540215
22_55,12,8,148,140,0.081081081081081,0.0571428571428571,-0.0239382239382239,11.351351351351353,-3.3513513513513526,0.7047619047619049,14.319503887922869,0.9735129820793585,False,0.11113039015060341
22_56,5,4,221,165,0.0226244343891402,0.0242424242424242,0.0016179898532839,3.733031674208145,0.2669683257918551,1.071515151515153,4.709145186154327,0.6917533435592225,False,0.3379237613031624
22_57,9,2,148,171,0.0608108108108108,0.0116959064327485,-0.0491149043780622,10.39864864864865,-8.39864864864865,0.19233268356075314,13.117688383043637,0.9999716323139752,False,0.12131192687005433
22_60,6,4,148,136,0.0405405405405405,0.0294117647058823,-0.0111287758346581,5.513513513513514,-1.513513513513514,0.7254901960784308,6.955187602705394,0.9158684294545009,False,0.22879786207477176
22_61,7,5,148,136,0.0472972972972973,0.0367647058823529,-0.0105325914149443,6.4324324324324325,-1.4324324324324325,0.777310924369747,8.114385536489634,0.9067318310487837,False,0.19611245320694703
22_70,6,3,148,136,0.0405405405405405,0.0220588235294117,-0.0184817170111287,5.513513513513514,-2.513513513513514,0.5441176470588225,6.955187602705394,0.9693464962525842,False,0.22879786207477176
23_43,5,10,148,134,0.0337837837837837,0.0746268656716417,0.040843081887858,4.527027027027027,5.472972972972973,2.2089552238806,5.710754526731136,0.06544926354651093,False,0.27865530664628957
23_56,8,17,221,165,0.0361990950226244,0.103030303030303,0.0668312080076785,5.972850678733032,11.027149321266968,2.846212121212123,7.53463229784694,0.00205246394502967,False,0.21120235081447603
23_57,7,8,221,200,0.0316742081447963,0.04,0.0083257918552036,6.334841628959276,1.6651583710407245,1.262857142857146,7.99127667953462,0.5458208700358497,False,0.1991336450536491
23_63,5,2,149,136,0.0335570469798657,0.0147058823529411,-0.0188511646269245,4.563758389261745,-2.5637583892617446,0.43823529411764567,5.757090409398193,0.9786456118145421,False,0.2764125522903327
23_68,6,3,148,136,0.0405405405405405,0.0220588235294117,-0.0184817170111287,5.513513513513514,-2.513513513513514,0.5441176470588225,6.955187602705394,0.9693464962525842,False,0.22879786207477176
23_69,5,1,148,170,0.0337837837837837,0.0058823529411764,-0.0279014308426073,5.743243243243244,-4.743243243243244,0.17411764705882188,7.244987086151441,0.9992862566301053,False,0.2196459475917812
24_40,8,1,221,198,0.0361990950226244,0.005050505050505,-0.0311485899721193,7.167420814479638,-6.167420814479638,0.13952020202020074,9.041558757416327,0.9998816138427439,False,0.17600195901206336
24_51,6,4,148,134,0.0405405405405405,0.0298507462686567,-0.0106897942718838,5.4324324324324325,-1.4324324324324325,0.7363184079601993,6.852905432077373,0.9102369938607818,False,0.23221275553857432
24_56,10,5,148,135,0.0675675675675675,0.037037037037037,-0.0305305305305305,9.121621621621625,-4.121621621621623,0.5481481481481482,11.506744195652304,0.9893031001644408,False,0.13829559663186206
24_61,5,6,148,136,0.0337837837837837,0.0441176470588235,0.0103338632750397,4.594594594594595,1.4054054054054053,1.3058823529411787,5.795989668921153,0.5210210332626143,False,0.27455743448972647
24_72,5,6,148,141,0.0337837837837837,0.0425531914893617,0.0087694077055779,4.763513513513514,1.236486486486486,1.2595744680851093,6.0090775243961945,0.5557773139319955,False,0.26482135525250217
25_46,5,2,149,134,0.0335570469798657,0.0149253731343283,-0.0186316738455374,4.496644295302014,-2.496644295302014,0.4447761194029843,5.672427315142338,0.9770501437497813,False,0.2805381127722779
25_56,5,12,148,135,0.0337837837837837,0.0888888888888888,0.0551051051051051,4.560810810810811,7.439189189189189,2.6311111111111147,5.753372097826144,0.01508450854076615,False,0.27659119326372444
25_60,8,16,148,136,0.054054054054054,0.1176470588235294,0.0635930047694753,7.351351351351352,8.64864864864865,2.176470588235296,9.273583470273858,0.02785336891210244,False,0.1715983965560788
25_61,6,4,148,136,0.0405405405405405,0.0294117647058823,-0.0111287758346581,5.513513513513514,-1.513513513513514,0.7254901960784308,6.955187602705394,0.9158684294545009,False,0.22879786207477176
25_62,6,3,148,136,0.0405405405405405,0.0220588235294117,-0.0184817170111287,5.513513513513514,-2.513513513513514,0.5441176470588225,6.955187602705394,0.9693464962525842,False,0.22879786207477176
25_64,5,4,149,136,0.0335570469798657,0.0294117647058823,-0.0041452822739834,4.563758389261745,-0.5637583892617446,0.8764705882352943,5.757090409398193,0.8257686350164012,False,0.2764125522903327
25_65,6,3,221,168,0.0271493212669683,0.0178571428571428,-0.0092921784098254,4.561085972850679,-1.5610859728506783,0.6577380952380938,5.7537192092649345,0.9260963348975926,False,0.2765745070189567
26_40,5,2,221,164,0.0226244343891402,0.0121951219512195,-0.0104293124379207,3.710407239819004,-1.7104072398190042,0.5390243902439036,4.680604912298846,0.9473214636663437,False,0.33998427204281584
26_44,5,0,148,134,0.0337837837837837,0.0,-0.0337837837837837,4.527027027027027,-4.527027027027027,0.0,5.710754526731136,1.0,False,0.27865530664628957
26_47,9,2,149,134,0.0604026845637583,0.0149253731343283,-0.04547731142943,8.093959731543624,-6.093959731543624,0.2470978441127689,10.210369167256214,0.9995876054407302,False,0.15585450709570986
26_51,5,2,148,134,0.0337837837837837,0.0149253731343283,-0.0188584106494554,4.527027027027027,-2.527027027027027,0.44179104477611875,5.710754526731136,0.9777862349281374,False,0.27865530664628957
26_55,10,4,148,140,0.0675675675675675,0.0285714285714285,-0.038996138996139,9.45945945945946,-5.45945945945946,0.4228571428571422,11.93291990660239,0.9975864736500902,False,0.1333564681807241
26_56,8,10,148,136,0.054054054054054,0.0735294117647058,0.0194753577106518,7.351351351351352,2.648648648648648,1.3602941176470587,9.273583470273858,0.4485887643223554,False,0.1715983965560788
26_57,8,9,221,200,0.0361990950226244,0.045,0.0088009049773755,7.239819004524888,1.7601809954751122,1.243125000000001,9.132887633753867,0.5617224688689185,False,0.17424193942194274
26_59,5,9,149,136,0.0335570469798657,0.0661764705882353,0.0326194236083695,4.563758389261745,4.436241610738255,1.9720588235294159,5.757090409398193,0.12872135754951108,False,0.2764125522903327
26_64,7,7,149,136,0.046979865771812,0.0514705882352941,0.004490722463482,6.389261744966444,0.6107382550335565,1.0955882352941193,8.059926573157474,0.6938900876081846,False,0.19743753735023759
27_22,5,3,222,205,0.0225225225225225,0.0146341463414634,-0.0078883761810591,4.617117117117117,-1.6171171171171173,0.6497560975609756,5.8244013829845,0.9297218727030369,False,0.2732181299312396
27_44,5,2,222,205,0.0225225225225225,0.0097560975609756,-0.0127664249615469,4.617117117117117,-2.6171171171171173,0.433170731707317,5.8244013829845,0.9798368128438829,False,0.2732181299312396
27_47,5,3,150,139,0.0333333333333333,0.0215827338129496,-0.0117505995203836,4.633333333333333,-1.6333333333333329,0.6474820143884886,5.844857817110104,0.9307401871484597,False,0.27226189303861625
27_50,5,2,148,134,0.0337837837837837,0.0149253731343283,-0.0188584106494554,4.527027027027027,-2.527027027027027,0.44179104477611875,5.710754526731136,0.9777862349281374,False,0.27865530664628957
27_51,6,4,148,134,0.0405405405405405,0.0298507462686567,-0.0106897942718838,5.4324324324324325,-1.4324324324324325,0.7363184079601993,6.852905432077373,0.9102369938607818,False,0.23221275553857432
27_52,8,5,148,134,0.054054054054054,0.0373134328358208,-0.0167406212182331,7.243243243243244,-2.243243243243244,0.6902985074626855,9.13720724276983,0.9494926419158134,False,0.17415956665393073
27_54,5,10,148,135,0.0337837837837837,0.074074074074074,0.0402902902902902,4.560810810810811,5.439189189189189,2.1925925925925958,5.753372097826144,0.06799153946000325,False,0.27659119326372444
27_56,5,5,148,175,0.0337837837837837,0.0285714285714285,-0.0052123552123552,5.912162162162162,-0.9121621621621624,0.8457142857142856,7.458074941626482,0.8648510829693059,False,0.2133703490891589
27_57,5,6,221,200,0.0226244343891402,0.03,0.0073755656108597,4.524886877828054,1.4751131221719458,1.326000000000004,5.708054771096154,0.5063658069940744,False,0.27878710307510896
27_65,5,3,221,168,0.0226244343891402,0.0178571428571428,-0.0047672915319974,3.800904977375565,-0.8009049773755654,0.7892857142857143,4.794766007720769,0.8569638055579123,False,0.3318894084227488
27_66,5,7,148,136,0.0337837837837837,0.0514705882352941,0.0176868044515103,4.594594594594595,2.4054054054054053,1.5235294117647091,5.795989668921153,0.3609669385426527,False,0.27455743448972647
28_22,6,3,222,205,0.027027027027027,0.0146341463414634,-0.0123928806855636,5.540540540540541,-2.540540540540541,0.5414634146341463,6.989281659581399,0.9701234577152805,False,0.22768177494269967
28_31,13,10,222,207,0.0585585585585585,0.0483091787439613,-0.0102493798145972,12.12162162162162,-2.121621621621621,0.8249721293199552,15.291184508889062,0.9390491428403943,False,0.10406859278317376
28_41,5,2,222,205,0.0225225225225225,0.0097560975609756,-0.0127664249615469,4.617117117117117,-2.6171171171171173,0.433170731707317,5.8244013829845,0.9798368128438829,False,0.2732181299312396
28_42,5,2,223,205,0.0224215246636771,0.0097560975609756,-0.0126654271027015,4.596412556053812,-2.596412556053812,0.4351219512195123,5.79828299113255,0.979382455937914,False,0.27444884222822724
28_44,5,2,222,205,0.0225225225225225,0.0097560975609756,-0.0127664249615469,4.617117117117117,-2.6171171171171173,0.433170731707317,5.8244013829845,0.9798368128438829,False,0.2732181299312396
28_46,7,9,222,205,0.0315315315315315,0.0439024390243902,0.0123709074928587,6.463963963963963,2.536036036036037,1.392334494773519,8.1541619361783,0.4289610402077082,False,0.19515580709374264
28_47,11,9,296,237,0.0371621621621621,0.0379746835443038,0.0008125213821416,8.807432432432433,0.1925675675675666,1.021864211737631,11.110400784468718,0.777670360201834,False,0.14322904139088138
28_48,21,27,294,232,0.0714285714285714,0.1163793103448275,0.0449507389162561,16.57142857142857,10.42857142857143,1.6293103448275856,20.904527444545913,0.11320036336788186,False,0.07612379940418777
28_49,37,47,222,205,0.1666666666666666,0.2292682926829268,0.0626016260162601,34.166666666666664,12.833333333333336,1.3756097560975613,43.100570234085325,0.29586248068007337,False,0.03692136890962696
28_50,5,7,222,241,0.0225225225225225,0.0290456431535269,0.0065231206310044,5.427927927927928,1.5720720720720722,1.2896265560165956,6.847223089264705,0.5272856651248891,False,0.23240546321951916
28_52,5,8,148,134,0.0337837837837837,0.0597014925373134,0.0259177087535296,4.527027027027027,3.472972972972973,1.7671641791044808,5.710754526731136,0.21724888157826128,False,0.27865530664628957
28_54,9,4,148,135,0.0608108108108108,0.0296296296296296,-0.0311811811811811,8.20945945945946,-4.20945945945946,0.48724279835390905,10.356069776087082,0.9920472846255709,False,0.15366177403540215
28_55,6,6,148,135,0.0405405405405405,0.0444444444444444,0.0039039039039039,5.472972972972974,0.5270270270270263,1.096296296296296,6.904046517391383,0.6868693058807918,False,0.2304926610531034
28_56,8,2,148,175,0.054054054054054,0.0114285714285714,-0.0426254826254826,9.45945945945946,-7.45945945945946,0.21142857142857113,11.93291990660239,0.9999150241887189,False,0.1333564681807241
28_57,12,10,221,165,0.0542986425339366,0.0606060606060606,0.0063074180721239,8.959276018099548,1.0407239819004523,1.1161616161616172,11.301948446770409,0.6913401650501807,False,0.1408015672096507
28_60,5,5,148,136,0.0337837837837837,0.0367647058823529,0.0029809220985691,4.594594594594595,0.4054054054054052,1.0882352941176485,5.795989668921153,0.6867087972469356,False,0.27455743448972647
28_62,8,19,148,136,0.054054054054054,0.1397058823529411,0.0856518282988871,7.351351351351352,11.64864864864865,2.5845588235294126,9.273583470273858,0.003334137032823703,False,0.1715983965560788
28_63,6,10,148,136,0.0405405405405405,0.0735294117647058,0.0329888712241653,5.513513513513514,4.486486486486486,1.8137254901960782,6.955187602705394,0.16498912105937724,False,0.22879786207477176
28_65,8,3,221,168,0.0361990950226244,0.0178571428571428,-0.0183419521654815,6.081447963800906,-3.0814479638009056,0.4933035714285703,7.671625612353248,0.9822514154506905,False,0.20743088026421752
29_31,7,5,222,207,0.0315315315315315,0.0241545893719806,-0.0073769421595508,6.527027027027026,-1.5270270270270263,0.7660455486542426,8.23371473555565,0.9129891971164085,False,0.19327024374017987
29_32,42,61,222,243,0.1891891891891892,0.2510288065843621,0.0618396173951729,45.972972972972975,15.027027027027025,1.326866549088771,57.993990746087675,0.36372595727897994,False,0.027439602506321804
29_33,18,15,222,207,0.081081081081081,0.072463768115942,-0.008617312965139,16.783783783783786,-1.783783783783786,0.8937198067632856,21.17240932000024,0.9331529026477337,False,0.07516065034340329
29_34,10,1,222,207,0.045045045045045,0.0048309178743961,-0.0402141271706489,9.324324324324325,-8.324324324324325,0.10724637681159353,11.762449622222356,0.9999922082854203,False,0.1352891706181259
29_36,5,8,222,240,0.0225225225225225,0.0333333333333333,0.0108108108108108,5.405405405405405,2.5945945945945947,1.48,6.818811375201365,0.37430992058277,False,0.23337381931626716
29_37,11,11,222,206,0.0495495495495495,0.0533980582524271,0.0038485087028776,10.207207207207206,0.7927927927927936,1.0776699029126207,12.876188813505246,0.7375345969206555,False,0.12358719469528713
29_38,25,25,222,208,0.1126126126126126,0.1201923076923077,0.007579695079695,23.423423423423426,1.5765765765765778,1.0673076923076925,29.548182625872613,0.8226347766816339,False,0.05385549676529238
29_39,9,5,222,246,0.0405405405405405,0.0203252032520325,-0.020215337288508,9.972972972972974,-4.972972972972974,0.5013550135501355,12.58070698724652,0.9949521982956462,False,0.1264898749681665
29_47,12,8,296,237,0.0405405405405405,0.0337552742616033,-0.0067852662789371,9.608108108108109,-1.6081081081081088,0.8326300984528823,12.120437219420428,0.9156260496291985,False,0.13129328794164116
29_48,8,7,222,205,0.036036036036036,0.0341463414634146,-0.0018896945726213,7.387387387387387,-0.3873873873873874,0.9475609756097562,9.3190422127752,0.8207557463878192,False,0.1707613312070248
29_49,5,7,222,220,0.0225225225225225,0.0318181818181818,0.0092956592956592,4.954954954954955,2.045045045045045,1.4127272727272733,6.250577093934585,0.43387703394113997,False,0.25458962107229144
29_50,7,11,222,241,0.0315315315315315,0.0456431535269709,0.0141116219954394,7.599099099099098,3.400900900900901,1.4475400118553643,9.586112324970587,0.3653293271386464,False,0.16600390229965659
29_51,9,11,222,205,0.0405405405405405,0.0536585365853658,0.0131179960448253,8.31081081081081,2.689189189189189,1.3235772357723576,10.4839224893721,0.4772738492383515,False,0.1517878499617998
29_52,5,5,222,205,0.0225225225225225,0.024390243902439,0.0018677213799165,4.617117117117117,0.3828828828828827,1.0829268292682928,5.8244013829845,0.6907518835828959,False,0.2732181299312396
29_53,7,6,222,239,0.0315315315315315,0.0251046025104602,-0.0064269290210712,7.536036036036036,-1.5360360360360357,0.7961745367603099,9.506559525593238,0.911787660788058,False,0.16739305629379597
29_54,6,4,222,206,0.027027027027027,0.0194174757281553,-0.0076095512988716,5.567567567567568,-1.5675675675675675,0.7184466019417468,7.023375716457406,0.9194450332980326,False,0.22657652360802638
29_58,6,7,221,165,0.0271493212669683,0.0424242424242424,0.0152749211572741,4.479638009049774,2.520361990950226,1.5626262626262633,5.650974223385204,0.33783040811641785,False,0.2816031344193014
29_60,5,2,148,136,0.0337837837837837,0.0147058823529411,-0.0190779014308426,4.594594594594595,-2.5945945945945947,0.4352941176470576,5.795989668921153,0.9793420900663172,False,0.27455743448972647
29_63,6,4,148,136,0.0405405405405405,0.0294117647058823,-0.0111287758346581,5.513513513513514,-1.513513513513514,0.7254901960784308,6.955187602705394,0.9158684294545009,False,0.22879786207477176
29_64,6,7,150,141,0.04,0.0496453900709219,0.0096453900709219,5.64,1.3600000000000003,1.2411347517730473,7.114747788885112,0.5672428081387263,False,0.22366668517947763
29_66,5,3,148,136,0.0337837837837837,0.0220588235294117,-0.011724960254372,4.594594594594595,-1.5945945945945947,0.6529411764705879,5.795989668921153,0.9282846684443177,False,0.27455743448972647
30_32,10,4,222,243,0.045045045045045,0.0164609053497942,-0.0285841396952508,10.945945945945946,-6.945945945945946,0.36543209876543153,13.808093034782765,0.9994469903331763,False,0.11524633052655169
30_33,13,16,222,207,0.0585585585585585,0.0772946859903381,0.0187361274317796,12.12162162162162,3.878378378378379,1.319955406911929,15.291184508889062,0.4617103543173853,False,0.10406859278317376
30_37,6,11,222,206,0.027027027027027,0.0533980582524271,0.0263710312254001,5.567567567567568,5.4324324324324325,1.9757281553398045,7.023375716457406,0.10018838717110434,False,0.22657652360802638
30_38,11,25,222,206,0.0495495495495495,0.1213592233009708,0.0718096737514213,10.207207207207206,14.792792792792794,2.449249779346868,12.876188813505246,0.0017619509126787225,False,0.12358719469528713
30_42,5,1,296,240,0.0168918918918918,0.0041666666666666,-0.0127252252252252,4.054054054054054,-3.0540540540540544,0.24666666666666406,5.114108531401001,0.9939886656376975,False,0.31116509242169094
30_43,5,4,296,236,0.0168918918918918,0.0169491525423728,5.726065048098847e-05,3.986486486486487,0.0135135135135131,1.0033898305084754,5.028873389210984,0.739003772700271,False,0.31643907703900775
30_44,6,1,222,205,0.027027027027027,0.0048780487804878,-0.0221489782465392,5.540540540540541,-4.540540540540541,0.18048780487804877,6.989281659581399,0.9990782916056866,False,0.22768177494269967
30_45,7,2,222,205,0.0315315315315315,0.0097560975609756,-0.0217754339705559,6.463963963963963,-4.463963963963963,0.30940766550522647,8.1541619361783,0.9973678474405809,False,0.19515580709374264
30_46,5,5,222,205,0.0225225225225225,0.024390243902439,0.0018677213799165,4.617117117117117,0.3828828828828827,1.0829268292682928,5.8244013829845,0.6907518835828959,False,0.2732181299312396
30_47,7,9,296,237,0.0236486486486486,0.0379746835443038,0.0143260348956551,5.60472972972973,3.39527027027027,1.6057866184448495,7.070255044661909,0.2801132908065408,False,0.22507420789995652
30_48,6,3,222,205,0.027027027027027,0.0146341463414634,-0.0123928806855636,5.540540540540541,-2.540540540540541,0.5414634146341463,6.989281659581399,0.9701234577152805,False,0.22768177494269967
30_49,8,5,222,241,0.036036036036036,0.0207468879668049,-0.015289148069231,8.684684684684685,-3.684684684684685,0.5757261410788365,10.955556942823527,0.9844361218424706,False,0.1452534145121995
30_51,9,9,222,205,0.0405405405405405,0.0439024390243902,0.0033618984838496,8.31081081081081,0.6891891891891895,1.0829268292682925,10.4839224893721,0.7189615876948767,False,0.1517878499617998
30_53,6,7,222,239,0.027027027027027,0.0292887029288702,0.0022616759018432,6.45945945945946,0.5405405405405403,1.0836820083681984,8.148479593365632,0.7044222779064211,False,0.19529189900942862
30_54,7,5,222,206,0.0315315315315315,0.0242718446601941,-0.0072596868713373,6.495495495495495,-1.495495495495495,0.7697642163661566,8.193938335866974,0.910945659507726,False,0.1942084488068798
30_55,6,2,222,206,0.027027027027027,0.0097087378640776,-0.0173182891629493,5.567567567567568,-3.5675675675675675,0.3592233009708715,7.023375716457406,0.9928526703735946,False,0.22657652360802638
30_56,9,5,222,246,0.0405405405405405,0.0203252032520325,-0.020215337288508,9.972972972972974,-4.972972972972974,0.5013550135501355,12.58070698724652,0.9949521982956462,False,0.1264898749681665
30_58,6,8,295,236,0.0203389830508474,0.0338983050847457,0.0135593220338983,4.8,3.2,1.6666666666666683,6.055104501178802,0.2636410574993172,False,0.262808355085887
30_59,5,0,223,207,0.0224215246636771,0.0,-0.0224215246636771,4.641255605381166,-4.641255605381166,0.0,5.854851605680184,1.0,False,0.27179716259317194
30_65,6,6,221,163,0.0271493212669683,0.0368098159509202,0.0096604946839519,4.425339366515837,1.5746606334841626,1.3558282208588954,5.58247756613205,0.48516254435850725,False,0.2850583876023603
31_26,11,9,149,140,0.0738255033557047,0.0642857142857142,-0.0095397890699904,10.335570469798656,-1.3355704697986577,0.8707792207792195,13.03811651540182,0.901972406744944,False,0.12205229581651027
31_41,7,4,295,235,0.023728813559322,0.0170212765957446,-0.0067075369635773,5.576271186440678,-1.5762711864406782,0.7173252279635235,7.034355158502219,0.9200080066242163,False,0.22622287586724343
31_42,5,2,297,240,0.0168350168350168,0.0083333333333333,-0.0085016835016835,4.040404040404041,-2.0404040404040407,0.49499999999999905,5.096889310756571,0.9627130029885974,False,0.31221632584203346
31_43,6,8,223,206,0.0269058295964125,0.0388349514563106,0.0119291218598981,5.542600896860987,2.457399103139013,1.4433656957928804,6.9918807580876345,0.4000763767631259,False,0.227597138579234
31_44,7,4,222,205,0.0315315315315315,0.0195121951219512,-0.0120193364095803,6.463963963963963,-2.4639639639639634,0.6188153310104529,8.1541619361783,0.9618262596637189,False,0.19515580709374264
31_45,7,1,222,205,0.0315315315315315,0.0048780487804878,-0.0266534827510437,6.463963963963963,-5.463963963963963,0.15470383275261324,8.1541619361783,0.9997124638412811,False,0.19515580709374264
31_46,9,5,222,205,0.0405405405405405,0.024390243902439,-0.0161502966381015,8.31081081081081,-3.3108108108108105,0.6016260162601627,10.4839224893721,0.9786810961079659,False,0.1517878499617998
31_48,6,7,222,205,0.027027027027027,0.0341463414634146,0.0071193144363876,5.540540540540541,1.4594594594594588,1.2634146341463415,6.989281659581399,0.5486906620584214,False,0.22768177494269967
31_50,9,9,222,205,0.0405405405405405,0.0439024390243902,0.0033618984838496,8.31081081081081,0.6891891891891895,1.0829268292682925,10.4839224893721,0.7189615876948767,False,0.1517878499617998
31_51,9,8,222,205,0.0405405405405405,0.0390243902439024,-0.0015161502966381,8.31081081081081,-0.3108108108108105,0.9626016260162601,10.4839224893721,0.8202501022669744,False,0.1517878499617998
31_52,10,5,222,205,0.045045045045045,0.024390243902439,-0.020654801142606,9.234234234234236,-4.2342342342342345,0.5414634146341464,11.648802765969,0.9903002003118268,False,0.1366090649656198
31_53,6,5,222,239,0.027027027027027,0.0209205020920502,-0.0061065249349768,6.45945945945946,-1.4594594594594597,0.7740585774058582,8.148479593365632,0.9085586838812203,False,0.19529189900942862
31_54,6,8,222,214,0.027027027027027,0.0373831775700934,0.0103561505430664,5.783783783783784,2.216216216216216,1.3831775700934572,7.296128171465461,0.44532002433132956,False,0.21810637319277307
31_55,7,1,222,206,0.0315315315315315,0.0048543689320388,-0.0266771625994926,6.495495495495495,-5.495495495495495,0.15395284327323067,8.193938335866974,0.9997236765162186,False,0.1942084488068798
31_58,5,3,295,236,0.0169491525423728,0.0127118644067796,-0.0042372881355932,4.0,-1.0,0.7499999999999999,5.045920417648992,0.8791626964503967,False,0.3153700261030649
31_59,7,7,222,211,0.0315315315315315,0.0331753554502369,0.0016438239187054,6.653153153153153,0.3468468468468471,1.0521327014217998,8.392820334310349,0.7322187850670554,False,0.18960635286358882
32_28,26,24,149,140,0.174496644295302,0.1714285714285714,-0.0030680728667305,24.42953020134228,-0.4295302013422812,0.9824175824175823,30.81736630913157,0.910644755500661,False,0.05163750976852358
32_45,10,8,222,205,0.045045045045045,0.0390243902439024,-0.0060206548011426,9.234234234234236,-1.2342342342342345,0.866341463414634,11.648802765969,0.89399253596734,False,0.1366090649656198
32_46,8,5,223,205,0.0358744394618834,0.024390243902439,-0.0114841955594443,7.354260089686099,-2.3542600896860986,0.6798780487804873,9.27725278581209,0.9537001173952406,False,0.17153052639264185
32_47,5,8,296,237,0.0168918918918918,0.0337552742616033,0.0168633823697114,4.003378378378379,3.996621621621621,1.9983122362869266,5.050182174758488,0.13866527974134402,False,0.31510389105994024
32_48,9,4,223,205,0.0403587443946188,0.0195121951219512,-0.0208465492726676,8.27354260089686,-4.27354260089686,0.4834688346883468,10.436909384038593,0.9925097206201032,False,0.15247157901568176
32_50,9,9,222,205,0.0405405405405405,0.0439024390243902,0.0033618984838496,8.31081081081081,0.6891891891891895,1.0829268292682925,10.4839224893721,0.7189615876948767,False,0.1517878499617998
32_52,8,4,222,205,0.036036036036036,0.0195121951219512,-0.0165238409140848,7.387387387387387,-3.3873873873873874,0.5414634146341463,9.3190422127752,0.9830802902596127,False,0.1707613312070248
32_53,5,3,222,239,0.0225225225225225,0.0125523012552301,-0.0099702212672923,5.382882882882883,-2.3828828828828827,0.557322175732217,6.790399661138027,0.9653140197044412,False,0.23435027881131432
32_55,8,5,222,220,0.036036036036036,0.0227272727272727,-0.0133087633087633,7.927927927927928,-2.927927927927928,0.630681818181818,10.000923350295336,0.9707647737682041,False,0.1591185131701822
33_33,5,2,149,140,0.0335570469798657,0.0142857142857142,-0.0192713326941514,4.697986577181208,-2.697986577181208,0.42571428571428405,5.926416597909905,0.9815201439792066,False,0.2685150507963232
33_44,5,4,222,205,0.0225225225225225,0.0195121951219512,-0.0030103274005713,4.617117117117117,-0.6171171171171173,0.866341463414634,5.8244013829845,0.8324253638148604,False,0.2732181299312396
33_47,9,2,293,237,0.030716723549488,0.0084388185654008,-0.0222779049840872,7.279863481228669,-5.279863481228669,0.27473042662915986,9.183402944407279,0.9989538554310919,False,0.1732834836346887
33_48,12,7,223,205,0.0538116591928251,0.0341463414634146,-0.0196653177294104,11.031390134529149,-4.031390134529149,0.6345528455284548,13.915879178718134,0.9850227390432703,False,0.11435368426176125
33_49,9,9,222,241,0.0405405405405405,0.0373443983402489,-0.0031961422002915,9.77027027027027,-0.7702702702702702,0.9211618257261404,12.32500156067647,0.8651355089638252,False,0.12911414623306622
33_50,11,7,222,205,0.0495495495495495,0.0341463414634146,-0.0154032080861349,10.157657657657658,-3.1576576576576585,0.6891352549889136,12.8136830425659,0.971143970156675,False,0.12419005905965437
33_55,9,8,222,241,0.0405405405405405,0.0331950207468879,-0.0073455197936525,9.77027027027027,-1.7702702702702702,0.8188105117565689,12.32500156067647,0.9237621716650449,False,0.12911414623306622
33_58,12,18,295,236,0.0406779661016949,0.0762711864406779,0.035593220338983,9.6,8.4,1.8749999999999991,12.110209002357632,0.06728746438956212,False,0.13140417754294315
34_46,5,3,149,138,0.0335570469798657,0.0217391304347826,-0.0118179165450831,4.630872483221476,-1.6308724832214765,0.6478260869565229,5.84175350365405,0.9305865354229144,False,0.2724065732716322
34_49,5,3,222,241,0.0225225225225225,0.0124481327800829,-0.0100743897424395,5.427927927927928,-2.427927927927928,0.5526970954356812,6.847223089264705,0.9667580267168834,False,0.23240546321951916
34_50,7,4,222,205,0.0315315315315315,0.0195121951219512,-0.0120193364095803,6.463963963963963,-2.4639639639639634,0.6188153310104529,8.1541619361783,0.9618262596637189,False,0.19515580709374264
34_52,5,2,222,205,0.0225225225225225,0.0097560975609756,-0.0127664249615469,4.617117117117117,-2.6171171171171173,0.433170731707317,5.8244013829845,0.9798368128438829,False,0.2732181299312396
34_53,7,6,222,205,0.0315315315315315,0.0292682926829268,-0.0022632388486046,6.463963963963963,-0.4639639639639634,0.9282229965156794,8.1541619361783,0.822481149734414,False,0.19515580709374264
34_55,6,12,222,241,0.027027027027027,0.0497925311203319,0.0227655040933049,6.513513513513514,5.486486486486486,1.842323651452282,8.216667707117645,0.1281962499627628,False,0.1936712193495993
36_45,6,7,149,138,0.0402684563758389,0.0507246376811594,0.0104561813053205,5.557046979865771,1.4429530201342289,1.2596618357487925,7.01010420438487,0.5517934094802093,False,0.22700547772635984
36_52,7,2,224,245,0.03125,0.0081632653061224,-0.0230867346938775,7.65625,-5.65625,0.2612244897959168,9.658207049406318,0.9993189513661737,False,0.16476474833139643
37_41,9,7,372,279,0.0241935483870967,0.025089605734767,0.0008960573476702,6.75,0.25,1.0370370370370392,8.514990704782688,0.7454163344438314,False,0.18688594139440856
37_44,7,8,225,209,0.0311111111111111,0.0382775119617224,0.0071664008506113,6.502222222222222,1.4977777777777783,1.2303485987696492,8.202423967800565,0.5749199320830451,False,0.19400753485492633
37_45,6,9,224,209,0.0267857142857142,0.0430622009569378,0.0162764866712235,5.598214285714286,3.4017857142857144,1.6076555023923498,7.062035941665006,0.27903191578926,False,0.22533615900187062
37_46,19,11,225,209,0.0844444444444444,0.0526315789473684,-0.031812865497076,17.64888888888889,-6.648888888888891,0.6232686980609419,22.263722198315815,0.996954783317584,False,0.0714764602097097
37_49,7,7,225,209,0.0311111111111111,0.0334928229665071,0.002381711855396,6.502222222222222,0.4977777777777783,1.076555023923443,8.202423967800565,0.7107192191225331,False,0.19400753485492633
37_50,9,17,224,209,0.0401785714285714,0.0813397129186602,0.0411611414900888,8.397321428571429,8.602678571428571,2.0244550770866554,10.593053912497535,0.04234513337566548,False,0.15022410600124672
38_36,7,1,224,210,0.03125,0.0047619047619047,-0.0264880952380952,6.5625,-5.5625,0.1523809523809504,8.278463185205416,0.9997460728606898,False,0.1922255397199625
38_38,10,3,224,209,0.0446428571428571,0.0143540669856459,-0.0302887901572112,9.330357142857142,-6.330357142857142,0.32153110047846845,11.770059902775037,0.9993656355443369,False,0.13520169540112206
38_39,7,4,224,209,0.03125,0.0191387559808612,-0.0121112440191387,6.53125,-2.53125,0.6124401913875585,8.239041931942534,0.963973413791627,False,0.19314527914445992
38_40,11,9,224,214,0.0491071428571428,0.0420560747663551,-0.0070510680907877,10.508928571428571,-1.5089285714285712,0.8564146134239594,13.256804311546617,0.9114187140656146,False,0.12003888844024858
38_41,10,11,372,279,0.0268817204301075,0.039426523297491,0.0125448028673835,7.5,3.5,1.4666666666666668,9.461100783091894,0.3498724667018642,False,0.16819734725496735
38_42,16,11,297,239,0.0538720538720538,0.0460251046025104,-0.0078469492695434,12.875420875420875,-1.8754208754208757,0.8543410041841004,16.242087270277615,0.9304920808115874,False,0.09797583446925728
38_43,6,3,224,209,0.0267857142857142,0.0143540669856459,-0.0124316473000683,5.598214285714286,-2.5982142857142856,0.5358851674641153,7.062035941665006,0.9717194947091684,False,0.22533615900187062
38_44,8,11,225,209,0.0355555555555555,0.0526315789473684,0.0170760233918128,7.431111111111111,3.568888888888889,1.4802631578947385,9.374198820343489,0.33919068505191086,False,0.16975659299806073
38_45,9,4,224,209,0.0401785714285714,0.0191387559808612,-0.0210398154477101,8.397321428571429,-4.397321428571429,0.4763423710792125,10.593053912497535,0.9933308581894537,False,0.15022410600124672
39_29,5,4,149,140,0.0335570469798657,0.0285714285714285,-0.0049856184084372,4.697986577181208,-0.6979865771812079,0.8514285714285711,5.926416597909905,0.8421081209856456,False,0.2685150507963232
39_33,10,5,224,209,0.0446428571428571,0.0239234449760765,-0.0207194121667805,9.330357142857142,-4.330357142857142,0.5358851674641141,11.770059902775037,0.9910807587696205,False,0.13520169540112206
39_34,6,10,224,209,0.0267857142857142,0.0478468899521531,0.0210611756664388,5.598214285714286,4.401785714285714,1.786283891547055,7.062035941665006,0.1758501303606117,False,0.22533615900187062
39_35,10,9,224,245,0.0446428571428571,0.036734693877551,-0.0079081632653061,10.9375,-1.9375,0.8228571428571432,13.797438642009014,0.9315060740695031,False,0.11533532383197759
39_37,7,8,224,243,0.03125,0.0329218106995884,0.0016718106995884,7.59375,0.40625,1.0534979423868287,9.579364542880553,0.739482009659171,False,0.16612083679502931
39_40,7,7,224,214,0.03125,0.0327102803738317,0.0014602803738317,6.6875,0.3125,1.0467289719626145,8.436148198256948,0.7369528654967341,False,0.1886325389775333
39_41,8,3,372,284,0.021505376344086,0.0105633802816901,-0.0109419960623958,6.107526881720431,-3.107526881720431,0.4911971830985902,7.7045236484533275,0.9826969658398288,False,0.20654515794073894
39_42,10,8,297,244,0.0336700336700336,0.0327868852459016,-0.000883148424132,8.215488215488215,-0.2154882154882145,0.9737704918032796,10.363674931871694,0.810769390333324,False,0.1535490127091968
39_44,9,5,225,209,0.04,0.0239234449760765,-0.0160765550239234,8.36,-3.3599999999999994,0.5980861244019124,10.545973672886443,0.9795385438384593,False,0.15089474933160932
40_27,5,3,225,209,0.0222222222222222,0.0143540669856459,-0.0078681552365762,4.644444444444445,-1.6444444444444448,0.6459330143540662,5.858874262714684,0.9314300533282464,False,0.2716105487968971
40_29,11,3,225,209,0.0488888888888888,0.0143540669856459,-0.0345348219032429,10.217777777777778,-7.217777777777778,0.2936059156154848,12.889523377972296,0.9997552395880018,False,0.12345934036222603
40_31,11,4,224,209,0.0491071428571428,0.0191387559808612,-0.0299683868762816,10.263392857142858,-6.263392857142858,0.38973466724662853,12.947065893052537,0.9989049851479831,False,0.12291063218283826
40_32,14,4,225,209,0.0622222222222222,0.0191387559808612,-0.0430834662413609,13.004444444444443,-9.004444444444443,0.3075871496924123,16.40484793560113,0.999933355024942,False,0.09700376742746317
40_33,6,5,224,209,0.0267857142857142,0.0239234449760765,-0.0028622693096377,5.598214285714286,-0.5982142857142856,0.8931419457735255,7.062035941665006,0.8325928364867466,False,0.22533615900187062
40_35,8,4,224,245,0.0357142857142857,0.0163265306122449,-0.0193877551020408,8.75,-4.75,0.4571428571428574,11.037950913607217,0.9952228171155446,False,0.14416915478997194
40_39,5,0,224,209,0.0223214285714285,0.0,-0.0223214285714285,4.665178571428571,-4.665178571428571,0.0,5.885029951387504,1.0,False,0.27040339080224474
40_40,8,6,224,213,0.0357142857142857,0.028169014084507,-0.0075452716297786,7.607142857142857,-1.6071428571428568,0.7887323943661964,9.596259365707498,0.9160128717610615,False,0.16582837053306632
40_41,5,8,372,279,0.0134408602150537,0.028673835125448,0.0152329749103942,3.75,4.25,2.1333333333333413,4.730550391545929,0.10678272169110092,False,0.336394694509936
40_42,7,10,371,273,0.0188679245283018,0.0366300366300366,0.0177621121017347,5.150943396226415,4.849056603773585,1.9413919413919487,6.497812613293278,0.12242832780104385,False,0.2449027308932226
40_44,9,3,225,209,0.04,0.0143540669856459,-0.025645933014354,8.36,-5.359999999999999,0.3588516746411475,10.545973672886443,0.9982338865811707,False,0.15089474933160932
40_45,7,3,224,209,0.03125,0.0143540669856459,-0.016895933014354,6.53125,-3.53125,0.4593301435406688,8.239041931942534,0.9885945699088173,False,0.19314527914445992
41_16,5,1,150,137,0.0333333333333333,0.0072992700729927,-0.0260340632603406,4.566666666666666,-3.5666666666666664,0.21897810218978123,5.760759143482621,0.9968512796396273,False,0.2762365192143625
41_25,8,7,297,251,0.0269360269360269,0.0278884462151394,0.0009524192791125,6.76094276094276,0.2390572390572396,1.0353585657370517,8.528794779999334,0.7468781084243141,False,0.1865834616585856
41_26,7,2,224,209,0.03125,0.0095693779904306,-0.0216806220095693,6.53125,-4.53125,0.3062200956937792,8.239041931942534,0.9975596254288293,False,0.19314527914445992
41_27,6,5,225,209,0.0266666666666666,0.0239234449760765,-0.0027432216905901,5.573333333333333,-0.5733333333333333,0.897129186602871,7.030649115257611,0.8297860758003336,False,0.22634212399741457
41_28,6,7,224,209,0.0267857142857142,0.0334928229665071,0.0067071086807928,5.598214285714286,1.4017857142857144,1.2503987240829357,7.062035941665006,0.5594909153256103,False,0.22533615900187062
41_33,5,7,224,209,0.0223214285714285,0.0334928229665071,0.0111713943950786,4.665178571428571,2.334821428571429,1.500478468899523,5.885029951387504,0.3752372111527418,False,0.27040339080224474
41_35,5,0,224,245,0.0223214285714285,0.0,-0.0223214285714285,5.46875,-5.46875,0.0,6.898719321004491,1.0,False,0.23067064766395573
41_40,8,9,298,244,0.0268456375838926,0.0368852459016393,0.0100396083177467,6.550335570469798,2.449664429530202,1.3739754098360648,8.263117999371536,0.44412833523200934,False,0.1925825159399856
41_41,7,6,298,248,0.023489932885906,0.0241935483870967,0.0007036155011907,5.825503355704698,0.1744966442953019,1.02995391705069,7.348756581408285,0.7416031619567003,False,0.2165443958034864
41_42,10,6,371,273,0.0269541778975741,0.0219780219780219,-0.0049761559195521,7.358490566037736,-1.3584905660377364,0.8153846153846132,9.282589447561861,0.9004237028624665,False,0.17143191162525517
41_43,7,8,297,239,0.0235690235690235,0.0334728033472803,0.0099037797782567,5.632996632996633,2.3670033670033668,1.420203227734611,7.105913180746446,0.4170633404331312,False,0.2239447645011599
41_45,11,1,224,209,0.0491071428571428,0.0047846889952153,-0.0443224538619275,10.263392857142858,-9.263392857142858,0.09743366681165713,12.947065893052537,0.9999976167987071,False,0.12291063218283826
42_19,6,1,225,243,0.0266666666666666,0.0041152263374485,-0.0225514403292181,6.48,-5.48,0.15432098765431915,8.174391076591384,0.9997182220128185,False,0.1946728556191755
42_23,9,5,299,243,0.0301003344481605,0.0205761316872428,-0.0095242027609177,7.31438127090301,-2.3143812709030103,0.6835848193872893,9.226946449329754,0.9522269589577981,False,0.17246572986706188
42_26,5,11,297,238,0.0168350168350168,0.0462184873949579,0.0293834705599411,4.006734006734007,6.993265993265993,2.745378151260505,5.0544152331669325,0.014709106148624418,False,0.314839992445748
42_28,6,4,224,209,0.0267857142857142,0.0191387559808612,-0.007646958304853,5.598214285714286,-1.5982142857142856,0.7145135566188204,7.062035941665006,0.9214117000297448,False,0.22533615900187062
42_30,6,2,225,245,0.0266666666666666,0.0081632653061224,-0.0185034013605442,6.533333333333334,-4.533333333333334,0.30612244897959073,8.241670015493371,0.9975653381642082,False,0.1930836894508557
42_39,6,3,224,209,0.0267857142857142,0.0143540669856459,-0.0124316473000683,5.598214285714286,-2.5982142857142856,0.5358851674641153,7.062035941665006,0.9717194947091684,False,0.22533615900187062
42_40,6,6,298,244,0.0201342281879194,0.0245901639344262,0.0044559357465067,4.912751677852349,1.0872483221476514,1.2213114754098384,6.197338499528637,0.5854744938931842,False,0.2567766879199815
42_42,18,12,298,244,0.0604026845637583,0.0491803278688524,-0.0112223566949059,14.738255033557047,-2.7382550335570475,0.8142076502732243,18.592015498585944,0.9580557555409183,False,0.08559222930666033
42_43,8,5,297,239,0.0269360269360269,0.0209205020920502,-0.0060155248439767,6.437710437710438,-1.4377104377104375,0.7766736401673647,8.121043635138808,0.9070910800770567,False,0.19595166893851457
42_45,6,6,224,209,0.0267857142857142,0.0287081339712918,0.0019224196855775,5.598214285714286,0.4017857142857144,1.0717703349282306,7.062035941665006,0.7071444351590477,False,0.22533615900187062
43_12,5,6,350,343,0.0142857142857142,0.0174927113702623,0.0032069970845481,4.9,1.1000000000000003,1.2244897959183685,6.1812525116200066,0.5829770527577012,False,0.25744491926780844
43_13,10,6,289,343,0.0346020761245674,0.0174927113702623,-0.017109364754305,11.868512110726645,-5.868512110726645,0.5055393586005815,14.971891896657516,0.9971526464972467,False,0.10628797381199481
43_14,5,4,289,274,0.0173010380622837,0.0145985401459854,-0.0027024979162983,4.740484429065744,-0.7404844290657442,0.8437956204379579,5.980026792542506,0.847004887141549,False,0.2661078468431695
43_15,8,6,289,274,0.0276816608996539,0.0218978102189781,-0.0057838506806758,7.58477508650519,-1.5847750865051902,0.7910583941605861,9.568042868068003,0.9147031950837764,False,0.16631740427698102
43_16,10,3,290,274,0.0344827586206896,0.010948905109489,-0.0235338535112006,9.448275862068966,-6.448275862068966,0.3175182481751815,11.918812020998518,0.9994405834678426,False,0.13351431762027527
43_17,6,5,289,274,0.0207612456747404,0.0182481751824817,-0.0025130704922587,5.688581314878893,-0.6885813148788928,0.8789537712895387,7.176032151050993,0.8424700131317158,False,0.22175653903597498
43_18,7,7,289,274,0.0242214532871972,0.0255474452554744,0.0013259919682772,6.6366782006920415,0.3633217993079585,1.0547445255474446,8.372037509559515,0.7299271329282797,False,0.19007703345940657
43_22,12,4,225,208,0.0533333333333333,0.0192307692307692,-0.0341025641025641,11.093333333333334,-7.093333333333334,0.36057692307692274,13.99401929161326,0.9995234717234229,False,0.11371515364293158
43_23,8,3,299,243,0.0267558528428093,0.0123456790123456,-0.0144101738304636,6.501672240802676,-3.501672240802676,0.4614197530864179,8.201730177181993,0.9882552998900169,False,0.19402394610044485
43_26,9,9,297,238,0.0303030303030303,0.0378151260504201,0.0075120957473898,7.212121212121212,1.787878787878788,1.2478991596638636,9.097947419700496,0.5571805409451369,False,0.17491110691430412
43_32,8,5,225,209,0.0355555555555555,0.0239234449760765,-0.011632110579479,7.431111111111111,-2.431111111111111,0.6728468899521526,9.374198820343489,0.9564227294372301,False,0.16975659299806073
43_33,7,3,224,209,0.03125,0.0143540669856459,-0.016895933014354,6.53125,-3.53125,0.4593301435406688,8.239041931942534,0.9885945699088173,False,0.19314527914445992
43_34,5,1,224,209,0.0223214285714285,0.0047846889952153,-0.0175367395762132,4.665178571428571,-3.665178571428571,0.21435406698564616,5.885029951387504,0.9972192370636299,False,0.27040339080224474
43_40,6,8,298,244,0.0201342281879194,0.0327868852459016,0.0126526570579821,4.912751677852349,3.0872483221476514,1.6284153005464512,6.197338499528637,0.28360639826253864,False,0.2567766879199815
43_41,6,8,224,214,0.0267857142857142,0.0373831775700934,0.0105974632843791,5.732142857142857,2.2678571428571432,1.3956386292834912,7.230984169934504,0.43566048223250053,False,0.22007129547378956
43_42,6,7,298,244,0.0201342281879194,0.0286885245901639,0.0085542964022444,4.912751677852349,2.0872483221476514,1.424863387978145,6.197338499528637,0.4253606444613467,False,0.2567766879199815
43_5,8,12,290,238,0.0275862068965517,0.0504201680672268,0.0228339611706751,6.56551724137931,5.43448275862069,1.8277310924369732,8.282269375175618,0.13336924719430188,False,0.19213720077707666
44_10,9,2,290,274,0.0310344827586206,0.0072992700729927,-0.0237352126856279,8.503448275862068,-6.503448275862068,0.23519870235198767,10.726930818898651,0.9997426421020319,False,0.14834924180030604
44_11,5,4,288,279,0.0173611111111111,0.014336917562724,-0.003024193548387,4.84375,-0.84375,0.8258064516129029,6.110294255746852,0.8583701912741749,False,0.2604346022012397
44_13,8,8,289,307,0.0276816608996539,0.0260586319218241,-0.0016230289778298,8.498269896193772,-0.4982698961937721,0.9413680781758983,10.720398395974003,0.8378176424505175,False,0.1484396376934619
44_14,11,18,289,274,0.0380622837370242,0.0656934306569343,0.02763114691991,10.429065743944635,7.570934256055363,1.7259455872594565,13.156058943593534,0.11831956490043727,False,0.12095811220144045
44_16,6,3,290,274,0.0206896551724137,0.010948905109489,-0.0097407500629247,5.66896551724138,-2.6689655172413795,0.5291970802919708,7.15128721259909,0.9735670629677272,False,0.22252386270045943
44_17,5,4,289,274,0.0173010380622837,0.0145985401459854,-0.0027024979162983,4.740484429065744,-0.7404844290657442,0.8437956204379579,5.980026792542506,0.847004887141549,False,0.2661078468431695
44_18,16,8,289,274,0.0553633217993079,0.0291970802919708,-0.0261662415073371,15.16955017301038,-7.16955017301038,0.5273722627737232,19.136085736136035,0.9986162281088943,False,0.08315870213849036
44_19,5,6,290,309,0.0172413793103448,0.0194174757281553,0.0021760964178105,5.327586206896552,0.6724137931034484,1.1262135922330092,6.720644004541135,0.6622020510634543,False,0.23678267332009983
44_20,6,2,289,273,0.0207612456747404,0.0073260073260073,-0.0134352383487331,5.667820069204152,-3.667820069204152,0.35286935286935306,7.149842252689493,0.993602472434341,False,0.22256883405075878
44_22,5,11,289,278,0.0173010380622837,0.039568345323741,0.0222673072614572,4.809688581314879,6.190311418685121,2.2870503597122345,6.067326453747506,0.04546446550946526,False,0.26227895696053394
44_23,5,5,363,309,0.0137741046831955,0.0161812297734627,0.0024071250902671,4.256198347107438,0.7438016528925617,1.1747572815533998,5.369109535308318,0.6217264063528847,False,0.2963865876386092
44_26,6,5,297,238,0.0202020202020202,0.0210084033613445,0.0008063831593243,4.808080808080809,0.1919191919191911,1.039915966386553,6.065298279800332,0.7235887349098904,False,0.26236666037145623
44_27,6,2,225,209,0.0266666666666666,0.0095693779904306,-0.017097288676236,5.573333333333333,-3.5733333333333333,0.3588516746411484,7.030649115257611,0.9928980348695525,False,0.22634212399741457
44_31,6,2,224,209,0.0267857142857142,0.0095693779904306,-0.0172163362952836,5.598214285714286,-3.5982142857142856,0.3572567783094102,7.062035941665006,0.9930905816428732,False,0.22533615900187062
44_32,8,8,225,209,0.0355555555555555,0.0382775119617224,0.0027219564061669,7.431111111111111,0.568888888888889,1.0765550239234443,9.374198820343489,0.7180738638464037,False,0.16975659299806073
44_33,9,5,224,209,0.0401785714285714,0.0239234449760765,-0.0162551264524948,8.397321428571429,-3.397321428571429,0.5954279638490155,10.593053912497535,0.98016744153598,False,0.15022410600124672
44_34,8,6,224,209,0.0357142857142857,0.0287081339712918,-0.0070061517429938,7.4642857142857135,-1.4642857142857135,0.8038277511961708,9.416047922220034,0.9073381669021068,False,0.16900211925140252
44_35,6,6,224,209,0.0267857142857142,0.0287081339712918,0.0019224196855775,5.598214285714286,0.4017857142857144,1.0717703349282306,7.062035941665006,0.7071444351590477,False,0.22533615900187062
44_40,7,8,223,176,0.0313901345291479,0.0454545454545454,0.0140644109253974,5.524663677130045,2.475336322869955,1.4480519480519503,6.9692533122685765,0.3967049258835038,False,0.22833609032786797
44_41,12,4,149,141,0.0805369127516778,0.0283687943262411,-0.0521681184254367,11.355704697986576,-7.355704697986576,0.35224586288416054,14.32499554809082,0.9996347972947004,False,0.11108778697247396
44_42,5,5,223,176,0.0224215246636771,0.0284090909090909,0.0059875662454137,3.946188340807175,1.0538116591928253,1.267045454545456,4.978038080191848,0.5556446888176387,False,0.3196705264590147
44_43,5,3,149,147,0.0335570469798657,0.0204081632653061,-0.0131488837145596,4.932885906040268,-1.9328859060402683,0.6081632653061231,6.2227374278054,0.9472625316358948,False,0.2557286198060221
45_20,6,9,289,273,0.0207612456747404,0.0329670329670329,0.0122057872922924,5.667820069204152,3.3321799307958484,1.5879120879120912,7.149842252689493,0.2906433809186275,False,0.22256883405075878
45_21,6,5,289,307,0.0207612456747404,0.01628664495114,-0.0044746007236004,6.373702422145328,-1.3737024221453282,0.7844733984799132,8.040298796980492,0.9026516705228751,False,0.1979195169246161
45_23,5,0,363,305,0.0137741046831955,0.0,-0.0137741046831955,4.201101928374656,-4.201101928374656,0.0,5.299606499252547,1.0,False,0.30027362485354175
45_25,5,4,362,309,0.0138121546961325,0.0129449838187702,-0.0008671708773623,4.267955801104972,-0.2679558011049723,0.9372168284789689,5.383941329604748,0.7847986962972089,False,0.29557009566164344
45_26,10,2,361,304,0.0277008310249307,0.006578947368421,-0.0211218836565096,8.421052631578947,-6.421052631578947,0.23749999999999852,10.622990352945278,0.9997169834805135,False,0.14980076239895543
45_28,5,1,289,280,0.0173010380622837,0.0035714285714285,-0.0137296094908551,4.844290657439447,-3.844290657439447,0.20642857142856774,6.110976284350006,0.9977816160183148,False,0.26040553583938725
45_38,5,9,149,141,0.0335570469798657,0.0638297872340425,0.0302727402541767,4.731543624161074,4.268456375838926,1.9021276595744707,5.968748145037833,0.14955237647800468,False,0.2666106887339379
45_39,7,7,149,141,0.046979865771812,0.0496453900709219,0.0026655242991099,6.624161073825504,0.3758389261744961,1.0567375886524821,8.356247403052969,0.7281769632800011,False,0.19043620623852703
45_40,10,5,223,176,0.0448430493273542,0.0284090909090909,-0.0164339584182633,7.892376681614349,-2.892376681614349,0.633522727272728,9.956076160383695,0.9699053858990386,False,0.15983526322950736
45_41,5,3,149,141,0.0335570469798657,0.0212765957446808,-0.0122804512351849,4.731543624161074,-1.7315436241610742,0.6340425531914891,5.968748145037833,0.9366222004929164,False,0.2666106887339379
45_42,5,4,223,171,0.0224215246636771,0.023391812865497,0.0009702882018199,3.834080717488789,0.165919282511211,1.0432748538011676,4.83661654382276,0.7112863529532267,False,0.32901761787594497
45_43,5,7,223,176,0.0224215246636771,0.0397727272727272,0.0173512026090501,3.946188340807175,3.0538116591928253,1.7738636363636355,4.978038080191848,0.23461230771841235,False,0.3196705264590147
45_44,7,2,149,142,0.046979865771812,0.0140845070422535,-0.0328953587295585,6.671140939597316,-4.671140939597316,0.2997987927565393,8.415511569032068,0.9979153474344977,False,0.18909510619459372
45_45,5,5,149,142,0.0335570469798657,0.0352112676056338,0.001654220625768,4.76510067114094,0.2348993288590604,1.0492957746478893,6.011079692165761,0.716423806875463,False,0.2647331486724313
46_21,5,4,289,288,0.0173010380622837,0.0138888888888888,-0.0034121491733948,4.982698961937716,-0.9826989619377162,0.8027777777777744,6.285575606760006,0.8725183888737389,False,0.25317204873273763
46_22,7,6,363,342,0.0192837465564738,0.0175438596491228,-0.001739886907351,6.595041322314049,-0.5950413223140494,0.9097744360902266,8.319513415875843,0.836312231674857,False,0.1912770584384498
46_23,5,3,289,275,0.0173010380622837,0.0109090909090909,-0.0063919471531928,4.757785467128028,-1.757785467128028,0.6305454545454553,6.001851707843756,0.938113763253768,False,0.26514018194555794
46_24,8,2,289,280,0.0276816608996539,0.0071428571428571,-0.0205388037567968,7.750865051903115,-5.750865051903115,0.2580357142857135,9.777562054960002,0.9993888057143268,False,0.16275345989961718
46_26,5,3,213,211,0.0234741784037558,0.0142180094786729,-0.0092561689250828,4.953051643192488,-1.953051643192488,0.6056872037914672,6.248176104013727,0.9482312139965745,False,0.2546874523600102
46_27,7,3,213,206,0.0328638497652582,0.0145631067961165,-0.0183007429691417,6.769953051643193,-3.769953051643193,0.44313453536754516,8.540161082452906,0.9910074624287943,False,0.18633513331470888
46_39,8,6,149,145,0.0536912751677852,0.0413793103448275,-0.0123119648229576,7.785234899328858,-1.7852348993288585,0.7706896551724127,9.820918933679286,0.9258281795053219,False,0.16203494444605687
46_41,6,3,149,141,0.0402684563758389,0.0212765957446808,-0.018991860631158,5.677852348993288,-2.677852348993288,0.5283687943262402,7.16249777404541,0.9737908570144264,False,0.2221755739449479
46_44,5,3,149,142,0.0335570469798657,0.0211267605633802,-0.0124302864164854,4.76510067114094,-1.7651006711409396,0.6295774647887313,6.011079692165761,0.938523722367899,False,0.2647331486724313
46_45,6,8,149,142,0.0402684563758389,0.056338028169014,0.0160695717931751,5.718120805369127,2.281879194630873,1.3990610328638486,7.213295630598924,0.43303392751359016,False,0.22061095722702576
46_6,7,4,290,274,0.0241379310344827,0.0145985401459854,-0.0095393908884973,6.613793103448276,-2.613793103448276,0.6047966631908251,8.343168414698955,0.9664539029390279,False,0.19073473945753625
46_9,7,4,363,303,0.0192837465564738,0.0132013201320132,-0.0060824264244606,5.8429752066115705,-1.8429752066115703,0.6845827439886856,7.370796973714562,0.9356309062005383,False,0.21589687784141862
47_11,5,3,352,307,0.0142045454545454,0.009771986970684,-0.0044325584838614,4.360795454545454,-1.360795454545454,0.6879478827361563,5.501056705320461,0.9116888631969692,False,0.2892775223147329
47_17,5,5,289,274,0.0173010380622837,0.0182481751824817,0.000947137120198,4.740484429065744,0.2595155709342558,1.0547445255474444,5.980026792542506,0.7122611340679585,False,0.2661078468431695
47_18,6,6,289,274,0.0207612456747404,0.0218978102189781,0.0011365645442376,5.688581314878893,0.3114186851211071,1.0547445255474495,7.176032151050993,0.721206689346024,False,0.22175653903597498
47_19,7,10,290,309,0.0241379310344827,0.0323624595469255,0.0082245285124428,7.458620689655172,2.541379310344828,1.3407304669440598,9.408901606357581,0.46630416533045327,False,0.16913048094292857
47_21,7,6,213,206,0.0328638497652582,0.029126213592233,-0.0037376361730252,6.769953051643193,-0.7699530516431929,0.8862690707350903,8.540161082452906,0.8533992409610045,False,0.18633513331470888
47_25,7,6,287,236,0.024390243902439,0.0254237288135593,0.0010334849111202,5.7560975609756095,0.2439024390243904,1.0423728813559323,7.261202552226625,0.731401324152445,False,0.21915544186823077
47_26,5,6,287,241,0.0174216027874564,0.0248962655601659,0.0074746627727095,4.198606271777003,1.8013937282229966,1.4290456431535266,5.296458278107184,0.4359104453366127,False,0.3004521078558654
47_27,7,8,213,206,0.0328638497652582,0.0388349514563106,0.0059711016910524,6.769953051643193,1.230046948356807,1.1816920943134517,8.540161082452906,0.6195820056659584,False,0.18633513331470888
47_31,5,2,214,206,0.0233644859813084,0.0097087378640776,-0.0136557481172307,4.813084112149532,-2.813084112149532,0.41553398058252144,6.07160984833935,0.9836825744986,False,0.26209392460604125
47_37,5,8,213,242,0.0234741784037558,0.0330578512396694,0.0095836728359135,5.68075117370892,2.31924882629108,1.4082644628099206,7.166154583750342,0.4260275855744762,False,0.22206220019819076
47_38,8,1,213,207,0.0375586854460093,0.0048309178743961,-0.0327277675716132,7.774647887323944,-6.774647887323944,0.12862318840579648,9.807563628669893,0.9999449662337158,False,0.16225559313998228
47_39,10,6,287,242,0.0348432055749128,0.024793388429752,-0.0100498171451608,8.432055749128919,-2.432055749128919,0.7115702479338843,10.636870566821067,0.9534872070712217,False,0.1496052851100487
47_40,9,11,287,238,0.0313588850174216,0.0462184873949579,0.0148596023775363,7.463414634146341,3.536585365853659,1.4738562091503242,9.41494907195487,0.34419244965646567,False,0.16902184405523665
47_42,8,3,213,207,0.0375586854460093,0.0144927536231884,-0.0230659318228209,7.774647887323944,-4.774647887323944,0.3858695652173921,9.807563628669893,0.9967584167392572,False,0.16225559313998228
47_43,8,3,232,218,0.0344827586206896,0.0137614678899082,-0.0207212907307813,7.517241379310344,-4.517241379310344,0.39908256880733844,9.482850440064514,0.995778047240595,False,0.1678115735227313
47_9,6,4,290,233,0.0206896551724137,0.0171673819742489,-0.0035222731981648,4.820689655172414,-0.8206896551724139,0.8297567954220338,6.081204089545942,0.8558965956629105,False,0.26168042223144156
48_20,9,5,213,242,0.0422535211267605,0.0206611570247933,-0.0215923641019671,10.225352112676056,-5.225352112676056,0.48898071625344214,12.899078250750634,0.9959786492475524,False,0.12336788899899472
48_21,11,12,213,206,0.0516431924882629,0.058252427184466,0.0066092346962031,10.63849765258216,1.36150234741784,1.1279788172992056,13.42025312956886,0.6880576191449561,False,0.11857690301845109
48_22,16,15,287,241,0.0557491289198606,0.0622406639004149,0.0064915349805543,13.435540069686413,1.564459930313589,1.1164419087136928,16.948666489943026,0.7150440058756757,False,0.09389128370495774
48_23,6,12,213,207,0.028169014084507,0.0579710144927536,0.0298020004082465,5.830985915492958,6.169014084507042,2.057971014492756,7.355672721502427,0.071078832174994,False,0.21634079085330954
48_25,6,11,213,207,0.028169014084507,0.0531400966183574,0.0249710825338504,5.830985915492958,5.169014084507042,1.8864734299516903,7.355672721502427,0.12567505328090767,False,0.21634079085330954
48_26,13,9,287,241,0.0452961672473867,0.0373443983402489,-0.0079517689071378,10.91637630662021,-1.9163763066202095,0.8244494095116499,13.770791523078698,0.930617287541996,False,0.11555850302148654
48_27,27,32,213,206,0.1267605633802817,0.1553398058252427,0.028579242444961,26.112676056338028,5.887323943661972,1.2254584681769147,32.940621318032655,0.5884286620479501,False,0.04830910863714673
48_28,5,3,275,239,0.0181818181818181,0.0125523012552301,-0.005629516926588,4.345454545454546,-1.3454545454545457,0.6903765690376585,5.481704453718679,0.9104860710074146,False,0.29029876879780037
48_33,5,3,213,206,0.0234741784037558,0.0145631067961165,-0.0089110716076393,4.835680751173709,-1.835680751173709,0.6203883495145647,6.100115058894919,0.9423518863262712,False,0.26086918664059305
48_36,5,7,214,206,0.0233644859813084,0.0339805825242718,0.0106160965429634,4.813084112149532,2.186915887850468,1.4543689320388338,6.07160984833935,0.40519778785782035,False,0.26209392460604125
48_38,12,10,213,207,0.056338028169014,0.0483091787439613,-0.0080288494250527,11.661971830985916,-1.661971830985916,0.8574879227053143,14.711345443004854,0.9202361416939685,False,0.10817039542665477
48_39,11,9,287,242,0.0383275261324041,0.0371900826446281,-0.001137443487776,9.27526132404181,-0.2752613240418107,0.9703230653643897,11.700557623503181,0.8243569314733845,False,0.13600480464549872
48_40,7,8,213,207,0.0328638497652582,0.038647342995169,0.0057834932299108,6.802816901408451,1.197183098591549,1.1759834368530002,8.581618175086174,0.6248890354936983,False,0.18543496358855088
48_42,6,4,213,207,0.028169014084507,0.0193236714975845,-0.0088453425869225,5.830985915492958,-1.830985915492958,0.6859903381642507,7.355672721502427,0.9349927638335539,False,0.21634079085330954
48_43,7,6,287,242,0.024390243902439,0.024793388429752,0.000403144527313,5.902439024390244,0.0975609756097561,1.016528925619833,7.44580939677476,0.7525828803341195,False,0.21372183587149776
48_44,9,16,213,208,0.0422535211267605,0.0769230769230769,0.0346695557963163,8.788732394366196,7.211267605633804,1.8205128205128227,11.086811058496412,0.097308602430496,False,0.14353379393152269
49_23,5,6,213,207,0.0234741784037558,0.0289855072463768,0.0055113288426209,4.859154929577465,1.140845070422535,1.2347826086956553,6.129727267918681,0.5749260128223697,False,0.2596089490239718
49_25,7,8,213,207,0.0328638497652582,0.038647342995169,0.0057834932299108,6.802816901408451,1.197183098591549,1.1759834368530002,8.581618175086174,0.6248890354936983,False,0.18543496358855088
49_26,13,14,287,241,0.0452961672473867,0.0580912863070539,0.0127951190596671,10.91637630662021,3.0836236933797903,1.2824768592403455,13.770791523078698,0.5110732600050796,False,0.11555850302148654
49_29,6,4,213,275,0.028169014084507,0.0145454545454545,-0.0136235595390524,7.746478873239437,-3.746478873239437,0.5163636363636355,9.772028977841389,0.9877942237911663,False,0.162845613478673
49_31,5,15,214,206,0.0233644859813084,0.0728155339805825,0.0494510479992741,4.813084112149532,10.186915887850468,3.116504854368933,6.07160984833935,0.0015677194499400526,False,0.26209392460604125
49_35,5,4,214,206,0.0233644859813084,0.0194174757281553,-0.003947010253153,4.813084112149532,-0.8130841121495322,0.8310679611650472,6.07160984833935,0.8550727417342334,False,0.26209392460604125
49_36,6,5,214,206,0.02803738317757,0.0242718446601941,-0.0037655385173759,5.775700934579439,-0.7757009345794392,0.8656957928802592,7.2859318180071995,0.851532045108218,False,0.2184116038383683
49_37,8,11,213,242,0.0375586854460093,0.0454545454545454,0.007895860008536,9.089201877934272,1.910798122065728,1.2102272727272743,11.465847334000552,0.5944048090582337,False,0.13878887512386917
49_38,9,11,213,207,0.0422535211267605,0.0531400966183574,0.0108865754915969,8.746478873239436,2.253521126760564,1.257648953301127,11.03350908225364,0.5441053981544937,False,0.1442271939022064
49_40,6,6,213,207,0.028169014084507,0.0289855072463768,0.0008164931618697,5.830985915492958,0.169014084507042,1.028985507246378,7.355672721502427,0.7423970279186634,False,0.21634079085330954
49_41,6,8,213,207,0.028169014084507,0.038647342995169,0.010478328910662,5.830985915492958,2.169014084507042,1.3719806763285014,7.355672721502427,0.4541271093662238,False,0.21634079085330954
49_43,16,9,287,242,0.0557491289198606,0.0371900826446281,-0.0185590462752325,13.491289198606273,-4.491289198606271,0.6670971074380169,17.018992906913745,0.9875398353280236,False,0.09350330319378022
50_21,5,4,139,136,0.0359712230215827,0.0294117647058823,-0.0065594583157003,4.892086330935252,-0.8920863309352516,0.8176470588235287,6.171269575541955,0.8634375121397266,False,0.2578613742842698
50_24,5,1,139,136,0.0359712230215827,0.0073529411764705,-0.0286182818451121,4.892086330935252,-3.892086330935252,0.2044117647058801,6.171269575541955,0.9979114172969265,False,0.2578613742842698
50_29,7,5,213,275,0.0328638497652582,0.0181818181818181,-0.01468203158344,9.03755868544601,-4.03755868544601,0.5532467532467511,11.400700474148298,0.9884961403974531,False,0.13958195441029103
50_30,5,11,213,206,0.0234741784037558,0.0533980582524271,0.0299238798486713,4.835680751173709,6.164319248826291,2.2747572815534007,6.100115058894919,0.04689510127142671,False,0.26086918664059305
50_31,5,11,214,206,0.0233644859813084,0.0533980582524271,0.0300335722711187,4.813084112149532,6.186915887850468,2.285436893203881,6.07160984833935,0.04564964587736997,False,0.26209392460604125
50_33,7,2,213,206,0.0328638497652582,0.0097087378640776,-0.0231551119011805,6.769953051643193,-4.769953051643193,0.2954230235783614,8.540161082452906,0.9981352918241078,False,0.18633513331470888
50_34,5,3,213,206,0.0234741784037558,0.0145631067961165,-0.0089110716076393,4.835680751173709,-1.835680751173709,0.6203883495145647,6.100115058894919,0.9423518863262712,False,0.26086918664059305
50_35,5,2,214,206,0.0233644859813084,0.0097087378640776,-0.0136557481172307,4.813084112149532,-2.813084112149532,0.41553398058252144,6.07160984833935,0.9836825744986,False,0.26209392460604125
50_36,13,11,214,206,0.0607476635514018,0.0533980582524271,-0.0073496052989746,12.514018691588785,-1.5140186915887843,0.879014189693801,15.786185605682299,0.9150154732171853,False,0.10080535561770822
50_37,8,8,213,242,0.0375586854460093,0.0330578512396694,-0.0045008342063399,9.089201877934272,-1.089201877934272,0.8801652892561999,11.465847334000552,0.8844272931462498,False,0.13878887512386917
50_38,12,12,213,207,0.056338028169014,0.0579710144927536,0.0016329863237395,11.661971830985916,0.338028169014084,1.028985507246378,14.711345443004854,0.7953722483319454,False,0.10817039542665477
50_39,7,8,287,242,0.024390243902439,0.0330578512396694,0.0086676073372303,5.902439024390244,2.097560975609756,1.3553719008264469,7.44580939677476,0.46740955661545813,False,0.21372183587149776
50_40,7,7,213,207,0.0328638497652582,0.0338164251207729,0.0009525753555147,6.802816901408451,0.197183098591549,1.028985507246376,8.581618175086174,0.7524166853004195,False,0.18543496358855088
50_41,8,13,213,207,0.0375586854460093,0.0628019323671497,0.0252432469211403,7.774647887323944,5.225352112676056,1.6721014492753647,9.807563628669893,0.19056411235189574,False,0.16225559313998228
51_21,8,11,139,136,0.0575539568345323,0.0808823529411764,0.023328396106644,7.827338129496403,3.172661870503597,1.4053308823529418,9.874031320867125,0.4012044973158174,False,0.16116335892766867
51_23,5,1,139,136,0.0359712230215827,0.0073529411764705,-0.0286182818451121,4.892086330935252,-3.892086330935252,0.2044117647058801,6.171269575541955,0.9979114172969265,False,0.2578613742842698
51_26,6,4,213,170,0.028169014084507,0.0235294117647058,-0.0046396023198011,4.788732394366197,-0.788732394366197,0.8352941176470571,6.040890640847404,0.8524078652619268,False,0.26342672768608866
51_28,9,3,201,168,0.044776119402985,0.0178571428571428,-0.0269189765458422,7.522388059701492,-4.522388059701492,0.39880952380952317,9.489342874981716,0.9958002186716267,False,0.16769675991194674
51_34,8,3,213,206,0.0375586854460093,0.0145631067961165,-0.0229955786498928,7.737089201877934,-4.737089201877934,0.38774271844660274,9.760184094231874,0.9966306184866577,False,0.16304324165037057
51_35,9,7,214,206,0.0420560747663551,0.0339805825242718,-0.0080754922420832,8.663551401869158,-1.6635514018691584,0.8079827400215747,10.928897727010826,0.9184161070745567,False,0.1456077358922452
51_36,6,11,213,206,0.028169014084507,0.0533980582524271,0.0252290441679201,5.802816901408451,5.197183098591549,1.8956310679611648,7.320138070673913,0.12279236923778158,False,0.21739098886716055
51_37,8,21,213,242,0.0375586854460093,0.0867768595041322,0.0492181740581228,9.089201877934272,11.910798122065728,2.3104338842975256,11.465847334000552,0.007273296088257997,False,0.13878887512386917
51_38,10,18,213,246,0.0469483568075117,0.073170731707317,0.0262223748998053,11.549295774647886,6.450704225352114,1.5585365853658533,14.569206839690809,0.21574905809661027,False,0.10922571635764645
51_39,11,10,287,242,0.0383275261324041,0.0413223140495867,0.0029947879171825,9.27526132404181,0.7247386759581893,1.0781367392937644,11.700557623503181,0.7304692976316186,False,0.13600480464549872
51_40,9,10,213,207,0.0422535211267605,0.0483091787439613,0.0060556576172007,8.746478873239436,1.253521126760564,1.1433172302737524,11.03350908225364,0.6631148418305419,False,0.1442271939022064
52_26,5,9,213,165,0.0234741784037558,0.0545454545454545,0.0310712761416986,3.873239436619718,5.126760563380282,2.3236363636363686,4.886014488920687,0.06090657463881133,False,0.3256912269573464
52_27,6,2,275,203,0.0218181818181818,0.0098522167487684,-0.0119659650694133,4.42909090909091,-2.4290909090909096,0.45155993431855207,5.587210062451359,0.9753278490375257,False,0.28481693654628093
52_35,7,3,141,135,0.0496453900709219,0.0222222222222222,-0.0274231678486997,6.702127659574469,-3.7021276595744688,0.4476190476190479,8.454600699784239,0.9903772005492166,False,0.18822084097579692
52_36,8,4,213,206,0.0375586854460093,0.0194174757281553,-0.018141209717854,7.737089201877934,-3.737089201877934,0.5169902912621361,9.760184094231874,0.9876887416637056,False,0.16304324165037057
52_37,6,7,213,206,0.028169014084507,0.0339805825242718,0.0058115684397648,5.802816901408451,1.197183098591549,1.2063106796116507,7.320138070673913,0.5968219582176543,False,0.21739098886716055
52_39,7,8,287,238,0.024390243902439,0.0336134453781512,0.0092232014757122,5.804878048780488,2.1951219512195124,1.3781512605042003,7.322738167076004,0.4492587162961519,False,0.21731379949959018
52_40,6,8,213,207,0.028169014084507,0.038647342995169,0.010478328910662,5.830985915492958,2.169014084507042,1.3719806763285014,7.355672721502427,0.4541271093662238,False,0.21634079085330954
53_14,7,5,140,137,0.05,0.0364963503649635,-0.0135036496350365,6.8500000000000005,-1.8500000000000003,0.72992700729927,8.64113871522394,0.9316533734542094,False,0.1841576794762414
53_26,10,9,139,136,0.0719424460431654,0.0661764705882353,-0.0057659754549301,9.784172661870503,-0.7841726618705032,0.9198529411764715,12.34253915108391,0.8661605193147779,False,0.1289306871421349
53_27,9,8,275,203,0.0327272727272727,0.0394088669950738,0.0066815942678011,6.6436363636363645,1.3563636363636355,1.2041598248494783,8.380815093677041,0.5988183416535806,False,0.18987795769752056
53_31,6,5,140,135,0.0428571428571428,0.037037037037037,-0.0058201058201058,5.785714285714286,-0.7857142857142856,0.8641975308641978,7.298563461242317,0.8525452836574345,False,0.21803359829347624
53_33,6,0,139,135,0.0431654676258992,0.0,-0.0431654676258992,5.827338129496403,-5.827338129496403,0.0,7.351071112042617,1.0,False,0.216476215448523
53_34,6,2,139,135,0.0431654676258992,0.0148148148148148,-0.0283506528110844,5.827338129496403,-3.827338129496403,0.34320987654321017,7.351071112042617,0.9946394103708722,False,0.216476215448523
53_36,7,6,139,135,0.0503597122302158,0.0444444444444444,-0.0059152677857713,6.798561151079136,-0.7985611510791362,0.8825396825396821,8.576249630716397,0.8560497103089337,False,0.18555104181301946
53_37,12,7,139,135,0.0863309352517985,0.0518518518518518,-0.0344790833999467,11.654676258992806,-4.654676258992806,0.6006172839506172,14.702142224085248,0.9907904482446559,False,0.10823810772426137
54_11,6,5,138,170,0.0434782608695652,0.0294117647058823,-0.0140664961636828,7.391304347826087,-2.391304347826087,0.6764705882352932,9.323983380438396,0.9550313109485801,False,0.1706708376557756
54_12,9,5,139,137,0.0647482014388489,0.0364963503649635,-0.0282518510738854,8.870503597122303,-3.870503597122303,0.5636658556366586,11.189963803887112,0.9867181294142988,False,0.1422106524844309
54_16,5,0,139,137,0.0359712230215827,0.0,-0.0359712230215827,4.928057553956834,-4.928057553956834,0.0,6.216646557715058,1.0,False,0.2559791744719759
54_22,5,2,139,136,0.0359712230215827,0.0147058823529411,-0.0212653406686415,4.892086330935252,-2.892086330935252,0.408823529411763,6.171269575541955,0.9850222104054455,False,0.2578613742842698
54_25,5,3,139,136,0.0359712230215827,0.0220588235294117,-0.0139123994921709,4.892086330935252,-1.892086330935252,0.6132352941176459,6.171269575541955,0.9452508252343143,False,0.2578613742842698
54_35,6,4,140,135,0.0428571428571428,0.0296296296296296,-0.0132275132275132,5.785714285714286,-1.7857142857142856,0.6913580246913582,7.298563461242317,0.9325310067995868,False,0.21803359829347624
54_36,6,4,139,135,0.0431654676258992,0.0296296296296296,-0.0135358379962696,5.827338129496403,-1.827338129496403,0.6864197530864203,7.351071112042617,0.9347974696227687,False,0.216476215448523
54_9,6,3,212,172,0.0283018867924528,0.0174418604651162,-0.0108600263273365,4.867924528301887,-1.867924528301887,0.6162790697674397,6.14078994223323,0.9440260449592356,False,0.2591412617591067
55_11,9,8,138,170,0.0652173913043478,0.0470588235294117,-0.018158567774936,11.08695652173913,-3.086956521739131,0.7215686274509797,13.985975070657592,0.9681355695277853,False,0.11378055843718372
55_12,16,24,139,137,0.1151079136690647,0.1751824817518248,0.06007456808276,15.769784172661872,8.230215827338128,1.5218978102189786,19.8932689846882,0.20542646494132333,False,0.07999349202249242
55_19,7,11,139,137,0.0503597122302158,0.0802919708029197,0.0299322585727038,6.899280575539568,4.100719424460432,1.5943691345151205,8.703305180801085,0.2594662815889821,False,0.18284226747998267
55_20,6,2,139,137,0.0431654676258992,0.0145985401459854,-0.0285669274799138,5.913669064748202,-3.913669064748202,0.3381995133819957,7.459975869258063,0.9951298451611965,False,0.21331597872664676
55_21,7,7,139,172,0.0503597122302158,0.0406976744186046,-0.0096620378116111,8.661870503597122,-1.6618705035971215,0.8081395348837204,10.926777307283112,0.9183260754279274,False,0.14563599212068387
55_22,20,26,139,136,0.1438848920863309,0.1911764705882352,0.0472915785019043,19.568345323741006,6.431654676258994,1.328676470588235,24.685078302167838,0.4220517302217267,False,0.0644653435710674
55_23,9,10,139,136,0.0647482014388489,0.0735294117647058,0.0087812103258569,8.805755395683454,1.1942446043165464,1.1356209150326788,11.108285235975528,0.6711244634955809,False,0.14325631904681646
55_24,5,2,139,136,0.0359712230215827,0.0147058823529411,-0.0212653406686415,4.892086330935252,-2.892086330935252,0.408823529411763,6.171269575541955,0.9850222104054455,False,0.2578613742842698
55_26,7,4,139,136,0.0503597122302158,0.0294117647058823,-0.0209479475243334,6.848920863309353,-2.848920863309353,0.5840336134453774,8.63977740575874,0.9726737766239836,False,0.18418669591733547
55_27,6,4,275,203,0.0218181818181818,0.0197044334975369,-0.0021137483206448,4.42909090909091,-0.4290909090909096,0.9031198686371088,5.587210062451359,0.8079891698335134,False,0.28481693654628093
55_29,5,3,139,135,0.0359712230215827,0.0222222222222222,-0.0137490007993605,4.856115107913669,-1.856115107913669,0.6177777777777778,6.125892593368852,0.9434181919166834,False,0.2597714585382273
55_34,9,4,140,135,0.0642857142857142,0.0296296296296296,-0.0346560846560846,8.678571428571427,-4.678571428571427,0.46090534979423886,10.947845191863474,0.9948871902038581,False,0.14535573219565084
55_9,7,9,200,170,0.035,0.0529411764705882,0.0179411764705882,5.95,3.05,1.5126050420168056,7.505806621252911,0.3388304497088479,False,0.21201346292642922
56_10,16,13,212,172,0.0754716981132075,0.0755813953488372,0.0001096972356296,12.981132075471695,0.0188679245283029,1.0014534883720936,16.375439845955285,0.8305511670904939,False,0.09717797315966496
56_17,5,5,140,137,0.0357142857142857,0.0364963503649635,0.0007820646506777,4.892857142857142,0.1071428571428576,1.0218978102189784,6.1722419394456685,0.7373372233433106,False,0.25782075126673815
56_18,11,10,139,137,0.079136690647482,0.072992700729927,-0.006143989917555,10.841726618705035,-0.8417266187050352,0.9223623092236233,13.676622426973138,0.8743849636437876,False,0.11635417021453441
56_19,14,25,139,137,0.1007194244604316,0.1824817518248175,0.0817623273643858,13.798561151079136,11.201438848920864,1.8117831074035462,17.40661036160217,0.05064821085142879,False,0.09142113373999133
56_22,20,17,139,136,0.1438848920863309,0.125,-0.0188848920863309,19.568345323741006,-2.5683453237410063,0.8687500000000002,24.685078302167838,0.9571009934349236,False,0.0644653435710674
56_27,12,12,275,203,0.0436363636363636,0.0591133004926108,0.0154769368562471,8.85818181818182,3.1418181818181807,1.3546798029556653,11.174420124902719,0.44154565477118,False,0.14240846827314046
56_33,9,4,139,135,0.0647482014388489,0.0296296296296296,-0.0351185718092192,8.741007194244604,-4.741007194244604,0.4576131687242795,11.026606668063943,0.9951817623640663,False,0.14431747696568176
56_34,6,4,140,135,0.0428571428571428,0.0296296296296296,-0.0132275132275132,5.785714285714286,-1.7857142857142856,0.6913580246913582,7.298563461242317,0.9325310067995868,False,0.21803359829347624
56_35,5,4,139,135,0.0359712230215827,0.0296296296296296,-0.0063415933919531,4.856115107913669,-0.8561151079136691,0.8237037037037037,6.125892593368852,0.8596815513454478,False,0.2597714585382273
56_9,5,2,200,170,0.025,0.0117647058823529,-0.013235294117647,4.25,-2.25,0.470588235294116,5.361290443752079,0.9701347352223835,False,0.2968188480970009
57_17,6,4,140,137,0.0428571428571428,0.0291970802919708,-0.013660062565172,5.871428571428572,-1.871428571428572,0.6812652068126528,7.406690327334795,0.9371226386362873,False,0.21485062605561528
57_18,10,10,139,137,0.0719424460431654,0.072992700729927,0.0010502546867615,9.856115107913668,0.1438848920863318,1.0145985401459863,12.433293115430116,0.7934170807175908,False,0.12798958723598794
57_19,5,9,139,137,0.0359712230215827,0.0656934306569343,0.0297222076353515,4.928057553956834,4.071942446043166,1.8262773722627752,6.216646557715058,0.17592021880327535,False,0.2559791744719759
57_35,6,5,139,135,0.0431654676258992,0.037037037037037,-0.0061284305888622,5.827338129496403,-0.8273381294964031,0.8580246913580255,7.351071112042617,0.8566955633117987,False,0.216476215448523
58_10,13,10,212,205,0.0613207547169811,0.048780487804878,-0.012540266912103,12.570754716981131,-2.570754716981132,0.7954971857410879,15.857756972918182,0.9535744023642103,False,0.10035038729283224
58_20,7,7,139,137,0.0503597122302158,0.0510948905109489,0.000735178280733,6.899280575539568,0.1007194244604319,1.0145985401459858,8.703305180801085,0.7648436936243436,False,0.18284226747998267
58_26,5,3,201,169,0.0248756218905472,0.0177514792899408,-0.0071241426006064,4.203980099502488,-1.2039800995024876,0.713609467455622,5.3032372548674225,0.898672747380663,False,0.30006804850516416
58_27,10,3,146,150,0.0684931506849315,0.02,-0.0484931506849315,10.273972602739724,-7.273972602739725,0.29200000000000004,12.960412031632744,0.9997696682942322,False,0.12278406349612604
58_31,6,10,139,135,0.0431654676258992,0.074074074074074,0.0309086064481747,5.827338129496403,4.172661870503597,1.716049382716051,7.351071112042617,0.20681016848571077,False,0.216476215448523
58_32,5,9,139,135,0.0359712230215827,0.0666666666666666,0.0306954436450839,4.856115107913669,4.143884892086331,1.8533333333333333,6.125892593368852,0.16603071089003985,False,0.2597714585382273
58_34,10,4,140,135,0.0714285714285714,0.0296296296296296,-0.0417989417989417,9.642857142857142,-5.642857142857142,0.4148148148148146,12.164272435403872,0.9979816760825749,False,0.13082015897608565
58_9,22,17,200,170,0.11,0.1,-0.0099999999999999,18.7,-1.6999999999999993,0.9090909090909092,23.58967795250915,0.9341326384667425,False,0.06745882911295477
59_17,7,0,140,137,0.05,0.0,-0.05,6.8500000000000005,-6.8500000000000005,0.0,8.64113871522394,1.0,False,0.1841576794762414
59_23,5,4,139,136,0.0359712230215827,0.0294117647058823,-0.0065594583157003,4.892086330935252,-0.8920863309352516,0.8176470588235287,6.171269575541955,0.8634375121397266,False,0.2578613742842698
59_27,5,2,139,169,0.0359712230215827,0.0118343195266272,-0.0241369034949555,6.0791366906474815,-4.0791366906474815,0.32899408284023646,7.668709987254341,0.9959498039755236,False,0.20750974498615796
59_28,5,3,213,200,0.0234741784037558,0.015,-0.0084741784037558,4.694835680751173,-1.694835680751173,0.6390000000000018,5.922441804752348,0.9344799171639807,False,0.26869526223981083
59_32,6,3,214,205,0.02803738317757,0.0146341463414634,-0.0134032368361066,5.747663551401869,-2.747663551401869,0.5219512195121964,7.250563216948912,0.9754873005254746,False,0.21947702629611643
59_34,6,5,216,205,0.0277777777777777,0.024390243902439,-0.0033875338753387,5.694444444444444,-0.6944444444444438,0.8780487804878065,7.183428372347537,0.843093911790076,False,0.2215282134577623
59_35,10,8,215,205,0.0465116279069767,0.0390243902439024,-0.0074872376630743,9.534883720930232,-1.5348837209302315,0.8390243902439023,12.028066111837758,0.9117143440136315,False,0.13230157192616332
59_36,6,3,215,205,0.027906976744186,0.0146341463414634,-0.0132728304027226,5.720930232558139,-2.720930232558139,0.5243902439024394,7.216839667102651,0.9748503908970332,False,0.2205026198769391
59_8,6,2,140,137,0.0428571428571428,0.0145985401459854,-0.0282586027111574,5.871428571428572,-3.871428571428572,0.3406326034063264,7.406690327334795,0.994895651578952,False,0.21485062605561528
60_15,6,6,139,137,0.0431654676258992,0.0437956204379562,0.0006301528120569,5.913669064748202,0.086330935251798,1.0145985401459872,7.459975869258063,0.7541566991094291,False,0.21331597872664676
60_23,5,1,139,136,0.0359712230215827,0.0073529411764705,-0.0286182818451121,4.892086330935252,-3.892086330935252,0.2044117647058801,6.171269575541955,0.9979114172969265,False,0.2578613742842698
60_27,5,4,216,242,0.0231481481481481,0.0165289256198347,-0.0066192225283134,5.601851851851851,-1.6018518518518512,0.7140495867768606,7.066624658976036,0.9216422438469203,False,0.22518983682070032
60_29,5,4,215,205,0.0232558139534883,0.0195121951219512,-0.0037436188315371,4.767441860465116,-0.7674418604651159,0.8390243902439042,6.0140330559188655,0.8500439717304028,False,0.26460314385232725
60_30,9,2,216,205,0.0416666666666666,0.0097560975609756,-0.031910569105691,8.541666666666666,-6.541666666666666,0.23414634146341476,10.775142558521319,0.9997537471764565,False,0.147685475638508
60_31,14,14,215,205,0.0651162790697674,0.0682926829268292,0.0031764038570618,13.348837209302326,0.6511627906976738,1.0487804878048776,16.839292556572868,0.7883437835132319,False,0.09450112280440237
60_32,12,13,215,205,0.055813953488372,0.0634146341463414,0.0076006806579693,11.441860465116278,1.558139534883722,1.1361788617886186,14.433679334205301,0.6828514855082264,False,0.11025130993846954
60_33,10,11,217,205,0.0460829493087557,0.0536585365853658,0.00757558727661,9.44700460829493,1.5529953917050694,1.1643902439024394,11.917208359654918,0.6440314722638308,False,0.13353228422315094
60_34,10,3,216,205,0.0462962962962962,0.0146341463414634,-0.0316621499548328,9.49074074074074,-6.4907407407407405,0.3160975609756101,11.972380620579235,0.9994653819253152,False,0.13291692807465727
60_8,5,4,165,156,0.0303030303030303,0.0256410256410256,-0.0046620046620046,4.727272727272728,-0.7272727272727275,0.8461538461538448,5.963360493585199,0.84549651778275,False,0.26685156054874604
61_15,6,5,139,137,0.0431654676258992,0.0364963503649635,-0.0066691172609357,5.913669064748202,-0.913669064748202,0.8454987834549893,7.459975869258063,0.8649923592076322,False,0.21331597872664676
61_20,7,2,139,137,0.0503597122302158,0.0145985401459854,-0.0357611720842304,6.899280575539568,-4.899280575539568,0.2898852971845674,8.703305180801085,0.9983889008209752,False,0.18284226747998267
61_23,7,7,215,241,0.0325581395348837,0.0290456431535269,-0.0035124963813567,7.846511627906977,-0.8465116279069766,0.8921161825726125,9.89821830764405,0.8633089409141905,False,0.16076954501993765
61_25,7,10,215,211,0.0325581395348837,0.0473933649289099,0.0148352253940262,6.869767441860465,3.130232558139535,1.455653351387948,8.666074949846037,0.3686876445284971,False,0.1836277741696918
61_26,12,11,277,239,0.0433212996389891,0.0460251046025104,0.0027038049635212,10.353790613718411,0.6462093862815887,1.0624128312412835,13.061100864456094,0.75352770556544,False,0.12183751357119767
61_27,5,7,291,274,0.0171821305841924,0.0255474452554744,0.008365314671282,4.707903780068729,2.2920962199312718,1.4868613138686135,5.938926952043931,0.38388849427604554,False,0.26794942363793195
61_28,6,2,289,240,0.0207612456747404,0.0083333333333333,-0.0124279123414071,4.982698961937716,-2.982698961937716,0.4013888888888889,6.285575606759994,0.986427086920835,False,0.2531720487327381
61_29,8,7,216,205,0.037037037037037,0.0341463414634146,-0.0028906955736223,7.592592592592593,-0.5925925925925926,0.9219512195121952,9.5779044964634,0.8409192626897788,False,0.16614616009332142
61_30,11,8,216,205,0.0509259259259259,0.0390243902439024,-0.0119015356820234,10.439814814814817,-2.439814814814815,0.7662971175166292,13.169618682637182,0.9505621009195885,False,0.12083357097696097
61_31,8,8,215,205,0.0372093023255813,0.0390243902439024,0.001815087918321,7.627906976744186,0.3720930232558137,1.0487804878048796,9.62245288947019,0.7438320563064352,False,0.16537696490770445
61_32,5,9,215,205,0.0232558139534883,0.0439024390243902,0.0206466250709018,4.767441860465116,4.232558139534884,1.8878048780487846,6.0140330559188655,0.15421491129475473,False,0.26460314385232725
61_34,5,7,215,205,0.0232558139534883,0.0341463414634146,0.0108905275099262,4.767441860465116,2.232558139534884,1.4682926829268326,6.0140330559188655,0.39595123879207805,False,0.26460314385232725
62_14,5,3,139,137,0.0359712230215827,0.0218978102189781,-0.0140734128026046,4.928057553956834,-1.928057553956834,0.6087591240875918,6.216646557715058,0.9470281036477121,False,0.2559791744719759
62_15,5,8,139,137,0.0359712230215827,0.0583941605839416,0.0224229375623588,4.928057553956834,3.071942446043166,1.623357664233578,6.216646557715058,0.28634679158669385,False,0.2559791744719759
62_22,14,10,215,242,0.0651162790697674,0.0413223140495867,-0.0237939650201806,15.75813953488372,-5.758139534883721,0.6345926800472248,19.87857950580797,0.9946394414226127,False,0.08005260402852267
62_25,7,2,277,239,0.0252707581227436,0.00836820083682,-0.0169025572859235,6.03971119133574,-4.03971119133574,0.3311416616855925,7.618975504266043,0.995767698219036,False,0.2088643089791963
62_26,5,7,277,238,0.0180505415162454,0.0294117647058823,0.0113612231896368,4.296028880866426,2.7039711191335742,1.6294117647058872,5.419354961193411,0.3013423517721141,False,0.2936386461531059
62_27,5,4,291,274,0.0171821305841924,0.0145985401459854,-0.002583590438207,4.707903780068729,-0.7079037800687287,0.8496350364963522,5.938926952043931,0.843262485994674,False,0.26794942363793195
62_30,8,3,215,205,0.0372093023255813,0.0146341463414634,-0.0225751559841179,7.627906976744186,-4.627906976744186,0.3932926829268299,9.62245288947019,0.9962305900974137,False,0.16537696490770445
62_31,6,6,215,205,0.027906976744186,0.0292682926829268,0.0013613159387407,5.720930232558139,0.2790697674418609,1.0487804878048788,7.216839667102651,0.7261245216670644,False,0.2205026198769391
62_32,8,6,215,205,0.0372093023255813,0.0292682926829268,-0.0079410096426545,7.627906976744186,-1.6279069767441865,0.7865853658536598,9.62245288947019,0.9172129124423405,False,0.16537696490770445
62_34,8,5,216,205,0.037037037037037,0.024390243902439,-0.012646793134598,7.592592592592593,-2.592592592592593,0.6585365853658537,9.5779044964634,0.9616722770655786,False,0.16614616009332142
63_10,9,2,214,244,0.0420560747663551,0.0081967213114754,-0.0338593534548797,10.261682242990654,-8.261682242990654,0.19489981785063745,12.944907987333211,0.9999666946850142,False,0.12293112128607586
63_15,9,8,291,278,0.0309278350515463,0.0287769784172661,-0.0021508566342802,8.597938144329897,-0.5979381443298966,0.9304556354916066,10.846127908039346,0.8465909716242574,False,0.1467189090263657
63_17,9,13,291,278,0.0309278350515463,0.0467625899280575,0.0158347548765111,8.597938144329897,4.402061855670103,1.5119904076738637,10.846127908039346,0.2945889294881636,False,0.1467189090263657
63_18,28,23,215,207,0.1302325581395348,0.1111111111111111,-0.0191214470284237,26.95813953488372,-3.958139534883721,0.8531746031746037,34.007156675225204,0.9809297180967461,False,0.04679403423889489
63_19,77,84,215,207,0.3581395348837209,0.4057971014492754,0.0476575665655544,74.13488372093023,9.865116279069769,1.1330698287220027,93.51968085686937,0.8503413987235457,False,0.01701601245050722
63_20,10,5,215,207,0.0465116279069767,0.0241545893719806,-0.022357038534996,9.627906976744184,-4.627906976744185,0.5193236714975834,12.145413098294712,0.9931352429788282,False,0.1310232958689057
63_21,9,7,215,207,0.041860465116279,0.0338164251207729,-0.0080440399955061,8.665116279069768,-1.6651162790697676,0.8078368223295762,10.930871788465232,0.918499847091034,False,0.1455814398543398
63_22,6,13,215,242,0.027906976744186,0.0537190082644628,0.0258120315202767,6.753488372093023,6.246511627906977,1.9249311294765867,8.519391216774837,0.09209338643139375,False,0.18678940939988642
63_23,9,5,215,241,0.041860465116279,0.0207468879668049,-0.021113577149474,10.088372093023256,-5.088372093023256,0.49562010142922897,12.726280681256624,0.9954494092560119,False,0.1250429794599516
63_25,5,4,277,239,0.0180505415162454,0.0167364016736401,-0.0013141398426053,4.314079422382672,-0.3140794223826715,0.927196652719666,5.442125360190023,0.7916556315530614,False,0.29241003257087533
63_28,9,10,290,239,0.0310344827586206,0.0418410041841004,0.0108065214254797,7.417241379310345,2.582758620689656,1.348210134821017,9.356702429623276,0.4594809434478967,False,0.1700740261643676
63_29,7,7,290,240,0.0241379310344827,0.0291666666666666,0.0050287356321839,5.793103448275862,1.206896551724138,1.2083333333333335,7.307884742802004,0.5950864752877771,False,0.21775549421402057
63_31,13,10,215,205,0.0604651162790697,0.048780487804878,-0.0116846284741917,12.395348837209305,-2.395348837209303,0.8067542213883679,15.636485945389083,0.9483116294736015,False,0.1017704399432026
64_10,27,6,368,349,0.0733695652173913,0.0171919770773638,-0.0561775881400274,25.605978260869566,-19.605978260869566,0.23432028016555106,32.30143213009964,0.9999999967718969,False,0.049265061914858264
64_11,16,16,365,308,0.0438356164383561,0.0519480519480519,0.0081124355096957,13.501369863013698,2.4986301369863018,1.1850649350649358,17.031709464502953,0.6314145036503565,False,0.09343348987631357
64_13,11,9,290,278,0.0379310344827586,0.0323741007194244,-0.0055569337633341,10.544827586206896,-1.544827586206896,0.8534990189666437,13.302090204457484,0.9132752181716248,False,0.11963022572908891
64_14,7,12,290,278,0.0241379310344827,0.0431654676258992,0.0190275365914165,6.710344827586207,5.289655172413793,1.788283658787257,8.464966493745655,0.1483650299643967,False,0.18799035471714004
64_15,8,5,292,278,0.0273972602739726,0.0179856115107913,-0.0094116487631812,7.616438356164383,-2.616438356164383,0.6564748201438825,9.607985452783742,0.9623962627805547,False,0.16562598493182473
64_16,9,6,292,278,0.0308219178082191,0.0215827338129496,-0.0092391839952695,8.568493150684931,-2.568493150684932,0.7002398081534776,10.808983634381683,0.9579686787469721,False,0.1472230977171779
64_18,8,11,291,278,0.0274914089347079,0.039568345323741,0.0120769363890331,7.642611683848797,3.3573883161512037,1.439298561151079,9.64100258492389,0.3721441214356447,False,0.16505877265466093
64_19,12,13,291,278,0.0412371134020618,0.0467625899280575,0.0055254765259957,11.463917525773196,1.536082474226804,1.1339928057553958,14.461503877385818,0.6854049324971536,False,0.11003918176977409
64_20,6,4,291,278,0.0206185567010309,0.014388489208633,-0.0062300674923978,5.731958762886598,-1.731958762886598,0.6978417266187015,7.230751938692909,0.9294983664738311,False,0.22007836353954818
64_21,5,3,291,278,0.0171821305841924,0.0107913669064748,-0.0063907636777176,4.776632302405499,-1.776632302405499,0.6280575539568348,6.025626615577419,0.9391648735156973,False,0.26409403624745814
64_22,7,2,291,313,0.0240549828178694,0.0063897763578274,-0.0176652064600419,7.529209621993128,-5.529209621993128,0.26563213144682496,9.49794814009363,0.9992125953840908,False,0.16754482445639715
64_24,12,6,215,206,0.055813953488372,0.029126213592233,-0.026687739896139,11.497674418604651,-5.497674418604651,0.5218446601941754,14.504087526079473,0.9960710067627747,False,0.10971610940478765
64_25,10,6,277,239,0.0361010830324909,0.0251046025104602,-0.0109964805220307,8.628158844765343,-2.628158844765343,0.695397489539749,10.884250720380074,0.959802237617842,False,0.14620501628543728
64_27,8,3,290,270,0.0275862068965517,0.0111111111111111,-0.0164750957854406,7.448275862068965,-4.448275862068965,0.40277777777777773,9.39585181217402,0.9954697351355672,False,0.16936538438868237
64_28,6,7,291,241,0.0206185567010309,0.0290456431535269,0.008427086452496,4.969072164948454,2.0309278350515463,1.4087136929460564,6.268385673471191,0.4367219391678052,False,0.2538663280663668
64_29,7,8,290,240,0.0241379310344827,0.0333333333333333,0.0091954022988505,5.793103448275862,2.206896551724138,1.380952380952383,7.307884742802004,0.447060725417624,False,0.21775549421402057
64_30,8,8,215,205,0.0372093023255813,0.0390243902439024,0.001815087918321,7.627906976744186,0.3720930232558137,1.0487804878048796,9.62245288947019,0.7438320563064352,False,0.16537696490770445
64_31,5,6,215,205,0.0232558139534883,0.0292682926829268,0.0060124787294384,4.767441860465116,1.232558139534884,1.2585365853658563,6.0140330559188655,0.5565717480495471,False,0.26460314385232725
64_32,8,5,215,205,0.0372093023255813,0.024390243902439,-0.0128190584231423,7.627906976744186,-2.6279069767441863,0.6554878048780499,9.62245288947019,0.9627399644175314,False,0.16537696490770445
65_10,7,9,367,349,0.0190735694822888,0.0257879656160458,0.006714396133757,6.656675749318802,2.3433242506811984,1.3520261972984031,8.397264019289189,0.46272794911899484,False,0.18950601650401058
65_11,16,7,292,282,0.0547945205479452,0.0248226950354609,-0.0299718255124842,15.452054794520548,-8.452054794520548,0.45301418439716146,19.492459695575647,0.9996333070881048,False,0.08163834009050934
65_12,6,7,365,313,0.0164383561643835,0.0223642172523961,0.0059258610880126,5.145205479452054,1.854794520547946,1.360489882854101,6.490574345441655,0.47199146257064073,False,0.24517584563923023
65_13,5,7,290,278,0.0172413793103448,0.0251798561151079,0.007938476804763,4.793103448275862,2.206896551724138,1.4604316546762606,6.046404638389759,0.40115043225368563,False,0.2631864966039958
65_16,5,3,291,278,0.0171821305841924,0.0107913669064748,-0.0063907636777176,4.776632302405499,-1.776632302405499,0.6280575539568348,6.025626615577419,0.9391648735156973,False,0.26409403624745814
65_17,5,0,291,278,0.0171821305841924,0.0,-0.0171821305841924,4.776632302405499,-4.776632302405499,0.0,6.025626615577419,1.0,False,0.26409403624745814
65_21,6,7,291,278,0.0206185567010309,0.0251798561151079,0.0045612994140769,5.731958762886598,1.268041237113402,1.2212230215827349,7.230751938692909,0.5840752672563121,False,0.22007836353954818
65_22,5,5,291,278,0.0171821305841924,0.0179856115107913,0.0008034809265989,4.776632302405499,0.2233676975945009,1.0467625899280562,6.025626615577419,0.7183590388316251,False,0.26409403624745814
65_23,5,3,291,348,0.0171821305841924,0.0086206896551724,-0.00856144092902,5.979381443298969,-2.979381443298969,0.5017241379310349,7.54287072741346,0.9803997795828066,False,0.21097167263446368
65_24,23,9,291,312,0.0790378006872852,0.0288461538461538,-0.0501916468411313,24.659793814432987,-15.659793814432987,0.364966555183946,31.107839275815575,0.9999991071984912,False,0.051155338682269506
65_25,37,14,353,310,0.1048158640226629,0.0451612903225806,-0.0596545737000822,32.492917847025495,-18.492917847025492,0.4308631211857014,40.989169398324506,0.9999996625497769,False,0.0388232325071949
65_26,5,11,367,345,0.0136239782016348,0.0318840579710144,0.0182600797693796,4.700272479564033,6.299727520435967,2.3402898550724704,5.929300218286445,0.03976920862393396,False,0.268384462793797
65_27,7,6,291,313,0.0240549828178694,0.0191693290734824,-0.0048856537443869,7.529209621993128,-1.529209621993128,0.7968963943404831,9.49794814009363,0.9113724690101012,False,0.16754482445639715
65_28,6,6,367,312,0.0163487738419618,0.0192307692307692,0.0028819953888073,5.100817438692098,0.8991825613079021,1.1762820512820533,6.434579715149133,0.6213779104104682,False,0.2473094008115912
65_29,5,8,366,311,0.0136612021857923,0.0257234726688102,0.0120622704830179,4.248633879781421,3.751366120218579,1.8829581993569133,5.359567110276086,0.17351913691300735,False,0.29691428824108457
65_32,5,4,215,205,0.0232558139534883,0.0195121951219512,-0.0037436188315371,4.767441860465116,-0.7674418604651159,0.8390243902439042,6.0140330559188655,0.8500439717304028,False,0.26460314385232725
65_34,5,4,140,136,0.0357142857142857,0.0294117647058823,-0.0063025210084033,4.857142857142857,-0.8571428571428568,0.8235294117647047,6.127189078573802,0.859790078755727,False,0.2597164920848759
65_35,5,7,140,136,0.0357142857142857,0.0514705882352941,0.0157563025210084,4.857142857142857,2.1428571428571432,1.4411764705882355,6.127189078573802,0.41411764634081605,False,0.2597164920848759
66_11,8,6,367,313,0.0217983651226158,0.0191693290734824,-0.0026290360491333,6.822888283378746,-0.8228882833787461,0.8793929712460052,8.606937824109764,0.8582723998955453,False,0.18488945619780245
66_14,5,3,290,278,0.0172413793103448,0.0107913669064748,-0.00645001240387,4.793103448275862,-1.793103448275862,0.6258992805755395,6.046404638389759,0.9400699175678537,False,0.2631864966039958
66_16,5,6,291,278,0.0171821305841924,0.0215827338129496,0.0044006032287572,4.776632302405499,1.223367697594501,1.2561151079136696,6.025626615577419,0.5584277459696585,False,0.26409403624745814
66_18,8,3,291,278,0.0274914089347079,0.0107913669064748,-0.016700042028233,7.642611683848797,-4.642611683848797,0.3925359712230209,9.64100258492389,0.9962870464414739,False,0.16505877265466093
66_20,8,4,291,278,0.0274914089347079,0.014388489208633,-0.0131029197260748,7.642611683848797,-3.6426116838487967,0.5233812949640255,9.64100258492389,0.9865778983602081,False,0.16505877265466093
66_21,9,9,291,278,0.0309278350515463,0.0323741007194244,0.001446265667878,8.597938144329897,0.4020618556701034,1.0467625899280586,10.846127908039346,0.7540649796050667,False,0.1467189090263657
66_22,13,15,291,278,0.0446735395189003,0.0539568345323741,0.0092832950134737,12.419243986254296,2.580756013745704,1.207802988378529,15.66662920050131,0.6008412365170046,False,0.10157462932594528
66_23,8,3,291,313,0.0274914089347079,0.0095846645367412,-0.0179067443979666,8.604810996563574,-5.6048109965635735,0.3486421725239612,10.854797874392725,0.99863334524464,False,0.1466017213993474
66_24,29,12,291,312,0.0996563573883161,0.0384615384615384,-0.0611948189267776,31.09278350515464,-19.09278350515464,0.3859416445623338,39.22292778255006,0.9999998926096862,False,0.04057147550662755
66_25,14,13,353,310,0.0396600566572237,0.0419354838709677,0.0022754272137439,12.294617563739376,0.7053824362606242,1.0573732718894027,15.509415448014641,0.772431163043348,False,0.10260425734044396
66_26,13,11,367,345,0.0354223433242506,0.0318840579710144,-0.0035382853532361,12.220708446866483,-1.2207084468664853,0.9001114827201778,15.416180567544812,0.900402801657552,False,0.10322479338222926
66_27,5,5,291,313,0.0171821305841924,0.0159744408945686,-0.0012076896896237,5.378006872852234,-0.3780068728522341,0.9297124600638946,6.7842486714954395,0.8064011238068541,False,0.23456275423895642
66_28,8,4,292,242,0.0273972602739726,0.0165289256198347,-0.0108683346541378,6.63013698630137,-2.6301369863013697,0.6033057851239666,8.363785897746999,0.9669257704307055,False,0.19026456120267465
66_29,11,6,217,207,0.0506912442396313,0.0289855072463768,-0.0217057369932545,10.493087557603689,-4.493087557603687,0.5718050065876156,13.23682118777281,0.990806927433126,False,0.1202201065689325
66_30,7,7,216,207,0.0324074074074074,0.0338164251207729,0.0014090177133655,6.708333333333333,0.2916666666666669,1.043478260869564,8.462429033765533,0.7397956773725558,False,0.1880467236390938
66_31,5,9,216,207,0.0231481481481481,0.0434782608695652,0.020330112721417,4.791666666666666,4.208333333333334,1.8782608695652208,6.04459216697537,0.15740104134781419,False,0.2632654130947318
66_32,6,5,217,207,0.0276497695852534,0.0241545893719806,-0.0034951802132727,5.723502304147466,-0.7235023041474662,0.8735909822866335,7.220084284239705,0.8461559201707716,False,0.22040352870970986
66_33,5,6,217,207,0.0230414746543778,0.0289855072463768,0.0059440325919989,4.7695852534562215,1.2304147465437785,1.2579710144927574,6.016736903533079,0.5570049292326694,False,0.2644842344516522
67_17,6,1,291,278,0.0206185567010309,0.0035971223021582,-0.0170214343988726,5.731958762886598,-4.731958762886598,0.17446043165467293,7.230751938692909,0.999276023727346,False,0.22007836353954818
67_19,7,3,291,278,0.0240549828178694,0.0107913669064748,-0.0132636159113945,6.687285223367698,-3.687285223367698,0.4486125385405956,8.4358772618084,0.9902336971074724,False,0.18863859731961263
67_20,6,3,291,278,0.0206185567010309,0.0107913669064748,-0.0098271897945561,5.731958762886598,-2.731958762886598,0.5233812949640285,7.230751938692909,0.975115025125072,False,0.22007836353954818
67_21,10,9,291,278,0.0343642611683848,0.0323741007194244,-0.0019901604489604,9.553264604810998,-0.5532646048109982,0.9420863309352522,12.051253231154838,0.8483018933847754,False,0.13204701812372907
67_22,41,28,216,207,0.1898148148148148,0.1352657004830917,-0.054549114331723,39.29166666666667,-11.291666666666671,0.7126193001060441,49.56565576919814,0.9996617289546508,False,0.0321055381822843
67_23,11,10,216,207,0.0509259259259259,0.0483091787439613,-0.0026167471819645,10.541666666666666,-0.5416666666666661,0.9486166007905131,13.298102767345839,0.8529885918017641,False,0.11966609686124154
67_24,20,12,234,260,0.0854700854700854,0.0461538461538461,-0.0393162393162393,22.22222222222222,-10.22222222222222,0.5399999999999998,28.03289120916118,0.9997755109797507,False,0.05676660469855147
67_25,9,6,278,244,0.0323741007194244,0.0245901639344262,-0.0077839367849982,7.899280575539568,-1.899280575539568,0.7595628415300553,9.964785285213324,0.9315699649362776,False,0.15969556877350055
67_26,13,2,292,275,0.0445205479452054,0.0072727272727272,-0.0372478206724782,12.243150684931509,-10.243150684931509,0.16335664335664202,15.444491004362327,0.9999967747512425,False,0.10303557775898706
67_27,6,8,216,243,0.0277777777777777,0.0329218106995884,0.0051440329218107,6.75,1.25,1.1851851851851856,8.51499070478269,0.6163404128751562,False,0.18688594139440853
67_28,7,8,293,242,0.0238907849829351,0.0330578512396694,0.0091670662567342,5.781569965870308,2.2184300341296925,1.3837072018890224,7.29333548421281,0.44490641028052313,False,0.21818988818936905
67_29,6,8,217,207,0.0276497695852534,0.038647342995169,0.0109975734099156,5.723502304147466,2.276497695852534,1.397745571658615,7.220084284239705,0.43404213684020343,False,0.22040352870970986
67_30,6,13,216,207,0.0277777777777777,0.0628019323671497,0.0350241545893719,5.75,7.25,2.2608695652173956,7.25351060037044,0.03430308176940122,False,0.21938784424561003
67_31,5,11,216,207,0.0231481481481481,0.0531400966183574,0.0299919484702093,4.791666666666666,6.208333333333334,2.2956521739130444,6.04459216697537,0.0444901951464034,False,0.2632654130947318
67_32,8,8,217,207,0.0368663594470046,0.038647342995169,0.0017809835481644,7.631336405529954,0.3686635944700462,1.0483091787439593,9.626779045652958,0.7442660045354055,False,0.1653026465322821
67_33,10,13,216,207,0.0462962962962962,0.0628019323671497,0.0165056360708534,9.583333333333332,3.416666666666668,1.3565217391304365,12.08918433395074,0.43423345530102697,False,0.1316327065473659
68_17,5,5,216,207,0.0231481481481481,0.0241545893719806,0.0010064412238325,4.791666666666666,0.2083333333333339,1.043478260869564,6.04459216697537,0.7208679202606328,False,0.2632654130947318
68_18,8,4,216,207,0.037037037037037,0.0193236714975845,-0.0177133655394524,7.666666666666666,-3.666666666666666,0.5217391304347819,9.671347467160604,0.9868694620545784,False,0.1645408831842072
68_19,7,4,216,207,0.0324074074074074,0.0193236714975845,-0.0130837359098228,6.708333333333333,-2.708333333333333,0.5962732919254646,8.462429033765533,0.9690988929278591,False,0.1880467236390938
68_20,10,12,216,207,0.0462962962962962,0.0579710144927536,0.0116747181964573,9.583333333333332,2.416666666666668,1.2521739130434806,12.08918433395074,0.5485636610873409,False,0.1316327065473659
68_21,6,7,216,207,0.0277777777777777,0.0338164251207729,0.0060386473429951,5.75,1.25,1.217391304347828,7.25351060037044,0.5873395978421245,False,0.21938784424561003
68_22,18,11,216,207,0.0833333333333333,0.0531400966183574,-0.0301932367149758,17.25,-6.25,0.637681159420289,21.76053180111137,0.995931224399634,False,0.07312928141520314
68_23,33,24,216,207,0.1527777777777778,0.1159420289855072,-0.0368357487922705,31.625000000000004,-7.6250000000000036,0.7588932806324108,39.89430830203754,0.9973196634219107,False,0.03988869895374716
68_24,13,12,278,275,0.0467625899280575,0.0436363636363636,-0.0031262262916939,12.859712230215829,-0.8597122302158269,0.9331468531468534,16.22227112688418,0.8836534119639529,False,0.0980955158116383
68_25,12,7,354,270,0.0338983050847457,0.0259259259259259,-0.0079723791588198,9.152542372881356,-2.1525423728813564,0.7648148148148155,11.54575010817993,0.9412029649558072,False,0.13782838177837614
68_26,8,8,292,271,0.0273972602739726,0.029520295202952,0.0021230349289794,7.424657534246575,0.5753424657534252,1.077490774907748,9.366057761526598,0.7172007435476415,False,0.16990414690423347
68_27,7,9,216,243,0.0324074074074074,0.037037037037037,0.0046296296296296,7.875,1.125,1.1428571428571421,9.934155822246495,0.6597177329931296,False,0.16018794976663547
68_28,16,10,293,242,0.0546075085324232,0.0413223140495867,-0.0132851944828364,13.215017064846416,-3.215017064846416,0.7567148760330565,16.670481106772172,0.9690558107427707,False,0.09545807608284877
68_31,6,9,216,207,0.0277777777777777,0.0434782608695652,0.0157004830917874,5.75,3.25,1.5652173913043517,7.25351060037044,0.3045083386322627,False,0.21938784424561003
68_32,5,10,217,207,0.0230414746543778,0.0483091787439613,0.0252677040895834,4.7695852534562215,5.2304147465437785,2.0966183574879276,6.016736903533079,0.0850809809346541,False,0.2644842344516522
69_17,5,2,152,141,0.0328947368421052,0.0141843971631205,-0.0187103396789846,4.638157894736842,-2.6381578947368416,0.43120567375886404,5.850943905333139,0.9802885869066408,False,0.2719786891782453
69_21,9,5,216,207,0.0416666666666666,0.0241545893719806,-0.0175120772946859,8.625,-3.625,0.5797101449275353,10.880265900555674,0.9836278836105204,False,0.14625856283040647
69_23,13,4,216,207,0.0601851851851851,0.0193236714975845,-0.0408615136876006,12.458333333333332,-8.458333333333332,0.3210702341137121,15.715939634135973,0.9998823160777363,False,0.10125592811335832
69_24,17,10,278,275,0.0611510791366906,0.0363636363636363,-0.0247874427730542,16.81654676258993,-6.81654676258993,0.5946524064171117,21.213739165925475,0.9975683015225898,False,0.07501421797360575
69_25,8,9,292,275,0.0273972602739726,0.0327272727272727,0.0053300124533001,7.534246575342466,1.4657534246575343,1.1945454545454537,9.50430215653068,0.6087061922812629,False,0.1674328138583537
69_28,10,7,292,238,0.0342465753424657,0.0294117647058823,-0.0048348106365833,8.150684931506849,-1.1506849315068486,0.8588235294117644,10.28192687842863,0.8866570845622337,False,0.15476982793629357
69_29,7,9,292,242,0.023972602739726,0.0371900826446281,0.013217479904902,5.801369863013698,3.198630136986302,1.551357733175917,7.318312660528615,0.31325208490530754,False,0.217445212803057
69_32,7,5,217,207,0.032258064516129,0.0241545893719806,-0.0081034751441483,6.677419354838709,-1.677419354838709,0.7487922705313994,8.423431664946332,0.922178069604795,False,0.18891731032260828
70_20,5,4,152,141,0.0328947368421052,0.0283687943262411,-0.0045259425158641,4.638157894736842,-0.6381578947368416,0.8624113475177311,5.850943905333139,0.8349912833181745,False,0.2719786891782453
70_24,9,2,278,275,0.0323741007194244,0.0072727272727272,-0.0251013734466971,8.902877697841726,-6.902877697841726,0.22464646464646282,11.230803087842885,0.9998378267702982,False,0.14169352283903322
70_25,13,15,292,306,0.0445205479452054,0.0490196078431372,0.0044990598979317,13.623287671232877,1.3767123287671232,1.1010558069381606,17.18550635394499,0.7337560146475179,False,0.09259733295333804
70_26,10,7,216,243,0.0462962962962962,0.0288065843621399,-0.0174897119341563,11.25,-4.25,0.6222222222222232,14.191651174637824,0.987350354077547,False,0.11213156483664502
70_27,5,13,216,243,0.0231481481481481,0.0534979423868312,0.0303497942386831,5.625,7.375,2.3111111111111127,7.095825587318912,0.029612193658828834,False,0.22426312967329004
70_29,9,13,292,242,0.0308219178082191,0.0537190082644628,0.0228970904562436,7.45890410958904,5.54109589041096,1.7428833792470195,9.40925913496535,0.15600026540085155,False,0.1691240544023779
70_30,10,13,216,207,0.0462962962962962,0.0628019323671497,0.0165056360708534,9.583333333333332,3.416666666666668,1.3565217391304365,12.08918433395074,0.43423345530102697,False,0.1316327065473659
70_31,13,7,216,207,0.0601851851851851,0.0338164251207729,-0.0263687600644122,12.458333333333332,-5.458333333333332,0.5618729096989967,15.715939634135973,0.9951791307986009,False,0.10125592811335832
70_32,7,10,217,207,0.032258064516129,0.0483091787439613,0.0160511142278323,6.677419354838709,3.322580645161291,1.497584541062802,8.423431664946332,0.33710609005079006,False,0.18891731032260828
71_21,6,3,152,141,0.0394736842105263,0.0212765957446808,-0.0181970884658454,5.565789473684211,-2.5657894736842106,0.5390070921985805,7.0211326863997785,0.9708324168672474,False,0.22664890764853743
71_22,6,4,152,141,0.0394736842105263,0.0283687943262411,-0.0111048898842851,5.565789473684211,-1.5657894736842106,0.7186761229314415,7.0211326863997785,0.9193295850738645,False,0.22664890764853743
71_26,6,8,152,177,0.0394736842105263,0.0451977401129943,0.005724055902468,6.9868421052631575,1.0131578947368425,1.1450094161958562,8.813762308459296,0.6538453148994035,False,0.18055082473697048
71_27,7,1,152,141,0.0460526315789473,0.0070921985815602,-0.038960432997387,6.493421052631579,-5.493421052631579,0.15400202634245028,8.1913214674664,0.9997229524670681,False,0.19427049227017512
71_29,8,8,292,242,0.0273972602739726,0.0330578512396694,0.0056605909656968,6.63013698630137,1.3698630136986305,1.2066115702479332,8.363785897746999,0.5965660067388687,False,0.19026456120267465
71_31,5,12,217,207,0.0230414746543778,0.0579710144927536,0.0349295398383757,4.7695852534562215,7.230414746543778,2.5159420289855148,6.016736903533079,0.020471664952358193,False,0.2644842344516522
71_32,15,8,217,207,0.0691244239631336,0.038647342995169,-0.0304770809679645,14.308755760368664,-6.3087557603686655,0.5590982286634452,18.05021071059929,0.997198014203655,False,0.0881614114838838
71_33,7,3,216,207,0.0324074074074074,0.0144927536231884,-0.0179146537842189,6.708333333333333,-3.708333333333333,0.44720496894409933,8.462429033765533,0.990436594452551,False,0.1880467236390938
72_18,5,0,152,141,0.0328947368421052,0.0,-0.0328947368421052,4.638157894736842,-4.638157894736842,0.0,5.850943905333139,1.0,False,0.2719786891782453
72_22,6,5,152,141,0.0394736842105263,0.0354609929078014,-0.0040126913027248,5.565789473684211,-0.5657894736842106,0.8983451536643025,7.0211326863997785,0.8289275311371969,False,0.22664890764853743
72_25,6,5,228,211,0.0263157894736842,0.0236966824644549,-0.0026191070092292,5.552631578947368,-0.5526315789473681,0.9004739336492865,7.0045342639733015,0.8274216339890679,False,0.22718599036808376
72_28,9,7,152,141,0.0592105263157894,0.0496453900709219,-0.0095651362448674,8.348684210526315,-1.348684210526315,0.8384554767533486,10.53169902959966,0.8999811390802975,False,0.15109927176569174
72_29,14,9,228,176,0.0614035087719298,0.0511363636363636,-0.0102671451355661,10.807017543859647,-1.807017543859649,0.8327922077922075,13.632837619613126,0.9258545060865087,False,0.1167278668043807
72_31,6,10,152,141,0.0394736842105263,0.0709219858156028,0.0314483016050765,5.565789473684211,4.434210526315789,1.796690307328605,7.0211326863997785,0.17165346897621658,False,0.22664890764853743
72_32,5,3,152,141,0.0328947368421052,0.0212765957446808,-0.0116181410974244,4.638157894736842,-1.6381578947368416,0.6468085106382976,5.850943905333139,0.9310405162570514,False,0.2719786891782453
73_21,6,2,152,141,0.0394736842105263,0.0141843971631205,-0.0252892870474057,5.565789473684211,-3.5657894736842106,0.35933806146571945,7.0211326863997785,0.9928386233130304,False,0.22664890764853743
73_22,7,5,152,141,0.0460526315789473,0.0354609929078014,-0.0105916386711459,6.493421052631579,-1.4934210526315788,0.7700101317122601,8.1913214674664,0.9108097499332356,False,0.19427049227017512
73_23,10,3,152,141,0.0657894736842105,0.0212765957446808,-0.0445128779395296,9.276315789473683,-6.276315789473683,0.3234042553191483,11.701887810666296,0.9993280688603361,False,0.13598934458912246
73_24,5,9,152,148,0.0328947368421052,0.0608108108108108,0.0279160739687055,4.868421052631579,4.131578947368421,1.848648648648652,6.141416297796487,0.16770340482004664,False,0.25911483225765264
73_25,6,4,228,211,0.0263157894736842,0.0189573459715639,-0.0073584435021202,5.552631578947368,-1.552631578947368,0.7203791469194285,7.0045342639733015,0.9184706455456337,False,0.22718599036808376
73_27,5,2,152,141,0.0328947368421052,0.0141843971631205,-0.0187103396789846,4.638157894736842,-2.6381578947368416,0.43120567375886404,5.850943905333139,0.9802885869066408,False,0.2719786891782453
73_29,7,3,228,176,0.0307017543859649,0.0170454545454545,-0.0136562998405103,5.4035087719298245,-2.4035087719298245,0.5551948051948039,6.816418809806563,0.9659824232817724,False,0.2334557336087614
73_31,7,3,152,141,0.0460526315789473,0.0212765957446808,-0.0247760358342665,6.493421052631579,-3.4934210526315788,0.46200607902735513,8.1913214674664,0.9881589343741303,False,0.19427049227017512
73_32,6,3,152,141,0.0394736842105263,0.0212765957446808,-0.0181970884658454,5.565789473684211,-2.5657894736842106,0.5390070921985805,7.0211326863997785,0.9708324168672474,False,0.22664890764853743
74_18,5,1,152,141,0.0328947368421052,0.0070921985815602,-0.0258025382605449,4.638157894736842,-3.6381578947368416,0.21560283687943052,5.850943905333139,0.997122817911556,False,0.2719786891782453
74_19,5,0,152,141,0.0328947368421052,0.0,-0.0328947368421052,4.638157894736842,-4.638157894736842,0.0,5.850943905333139,1.0,False,0.2719786891782453
74_20,6,5,152,141,0.0394736842105263,0.0354609929078014,-0.0040126913027248,5.565789473684211,-0.5657894736842106,0.8983451536643025,7.0211326863997785,0.8289275311371969,False,0.22664890764853743
74_21,9,7,152,141,0.0592105263157894,0.0496453900709219,-0.0095651362448674,8.348684210526315,-1.348684210526315,0.8384554767533486,10.53169902959966,0.8999811390802975,False,0.15109927176569174
74_22,11,11,152,141,0.0723684210526315,0.0780141843971631,0.0056457633445315,10.203947368421051,0.7960526315789469,1.078014184397164,12.872076591732919,0.7371712441183937,False,0.12362667689920233
74_23,9,17,152,141,0.0592105263157894,0.1205673758865248,0.0613568495707353,8.348684210526315,8.651315789473685,2.0362490149724213,10.53169902959966,0.04052441703480503,False,0.15109927176569174
74_24,6,6,228,176,0.0263157894736842,0.034090909090909,0.0077751196172248,4.631578947368421,1.3684210526315788,1.2954545454545425,5.842644694119911,0.5287260742301106,False,0.272365022543555
74_29,5,4,227,176,0.0220264317180616,0.0227272727272727,0.000700841009211,3.876651982378855,0.123348017621145,1.0318181818181842,4.890319347501231,0.7192389253850796,False,0.3254045269336166
74_30,5,3,220,175,0.0227272727272727,0.0171428571428571,-0.0055844155844155,3.977272727272728,-0.9772727272727276,0.7542857142857132,5.0172504152760045,0.8767933865154185,False,0.3171721405379386
75_21,22,9,152,141,0.1447368421052631,0.0638297872340425,-0.0809070548712206,20.407894736842103,-11.407894736842106,0.4410058027079302,25.74415318346586,0.9999551792477437,False,0.061813338449601116
75_22,21,19,152,141,0.1381578947368421,0.1347517730496454,-0.0034061216871967,19.48026315789474,-0.4802631578947398,0.9753461668355287,24.57396440239923,0.8936889098894854,False,0.06475683075672496
75_23,11,13,152,141,0.0723684210526315,0.0921985815602836,0.0198301605076521,10.203947368421051,2.796052631578947,1.2740167633784656,12.872076591732919,0.5227647104312316,False,0.12362667689920233
75_24,5,8,228,176,0.0219298245614035,0.0454545454545454,0.0235247208931419,3.859649122807017,4.140350877192983,2.072727272727271,4.868870578433259,0.1200395645741168,False,0.3268380270522659
75_33,6,5,152,141,0.0394736842105263,0.0354609929078014,-0.0040126913027248,5.565789473684211,-0.5657894736842106,0.8983451536643025,7.0211326863997785,0.8289275311371969,False,0.22664890764853743
76_21,16,24,152,141,0.1052631578947368,0.1702127659574468,0.0649496080627099,14.842105263157894,9.157894736842106,1.6170212765957455,18.723020497066077,0.13596027174481218,False,0.08499334036820155
76_22,17,21,152,141,0.1118421052631579,0.1489361702127659,0.037094064949608,15.769736842105264,5.230263157894736,1.3316645807259069,19.893209278132716,0.4314215320157221,False,0.07999373211124847
76_24,5,8,228,176,0.0219298245614035,0.0454545454545454,0.0235247208931419,3.859649122807017,4.140350877192983,2.072727272727271,4.868870578433259,0.1200395645741168,False,0.3268380270522659
76_25,5,1,152,212,0.0328947368421052,0.0047169811320754,-0.0281777557100297,6.973684210526315,-5.973684210526315,0.14339622641509245,8.797163886032806,0.9998488388219375,False,0.18089148667043675
76_26,5,6,152,212,0.0328947368421052,0.0283018867924528,-0.0045928500496524,6.973684210526315,-0.973684210526315,0.8603773584905667,8.797163886032806,0.8714252369430504,False,0.18089148667043675
76_27,5,1,152,141,0.0328947368421052,0.0070921985815602,-0.0258025382605449,4.638157894736842,-3.6381578947368416,0.21560283687943052,5.850943905333139,0.997122817911556,False,0.2719786891782453
76_28,6,3,152,141,0.0394736842105263,0.0212765957446808,-0.0181970884658454,5.565789473684211,-2.5657894736842106,0.5390070921985805,7.0211326863997785,0.9708324168672474,False,0.22664890764853743
76_33,5,1,152,141,0.0328947368421052,0.0070921985815602,-0.0258025382605449,4.638157894736842,-3.6381578947368416,0.21560283687943052,5.850943905333139,0.997122817911556,False,0.2719786891782453
77_21,9,4,152,141,0.0592105263157894,0.0283687943262411,-0.0308417319895483,8.348684210526315,-4.348684210526315,0.479117415287628,10.53169902959966,0.9930190883644228,False,0.15109927176569174
77_22,11,10,152,141,0.0723684210526315,0.0709219858156028,-0.0014464352370287,10.203947368421051,-0.2039473684210531,0.9800128949065126,12.872076591732919,0.8255710446743557,False,0.12362667689920233
77_23,11,4,152,141,0.0723684210526315,0.0283687943262411,-0.0439996267263904,10.203947368421051,-6.203947368421053,0.3920051579626047,12.872076591732919,0.9988384446442926,False,0.12362667689920233
77_24,6,7,228,176,0.0263157894736842,0.0397727272727272,0.013456937799043,4.631578947368421,2.3684210526315788,1.5113636363636345,5.842644694119911,0.3684399186288648,False,0.272365022543555
77_26,9,5,152,176,0.0592105263157894,0.0284090909090909,-0.0308014354066985,10.421052631578949,-5.421052631578947,0.4797979797979803,13.145950561769787,0.996633191374542,False,0.12105112113046895
77_28,8,2,152,141,0.0526315789473684,0.0141843971631205,-0.0384471817842478,7.421052631578947,-5.421052631578947,0.2695035460992896,9.361510248533039,0.9991092192614351,False,0.1699866807364031
78_23,6,15,152,145,0.0394736842105263,0.1034482758620689,0.0639745916515426,5.723684210526315,9.276315789473683,2.6206896551724133,7.220313755517503,0.007461501552470273,False,0.22039652398926743
78_24,7,6,228,176,0.0307017543859649,0.034090909090909,0.0033891547049441,5.4035087719298245,0.5964912280701755,1.1103896103896078,6.816418809806563,0.675233708299728,False,0.2334557336087614
78_25,11,5,152,177,0.0723684210526315,0.0282485875706214,-0.0441198334820101,12.80921052631579,-7.809210526315789,0.39034411915767797,16.158564232175365,0.9996454997778881,False,0.09848226803834763
78_32,9,9,152,141,0.0592105263157894,0.0638297872340425,0.004619260918253,8.348684210526315,0.651315789473685,1.0780141843971636,10.53169902959966,0.7237733841250551,False,0.15109927176569174
79_24,12,1,228,172,0.0526315789473684,0.005813953488372,-0.0468176254589963,9.052631578947368,-8.052631578947368,0.11046511627906805,11.41971462941619,0.9999890230685639,False,0.13934954641763278
79_27,7,5,152,141,0.0460526315789473,0.0354609929078014,-0.0105916386711459,6.493421052631579,-1.4934210526315788,0.7700101317122601,8.1913214674664,0.9108097499332356,False,0.19427049227017512
79_29,9,5,152,141,0.0592105263157894,0.0354609929078014,-0.023749533407988,8.348684210526315,-3.348684210526315,0.5988967691095355,10.53169902959966,0.9793442014753074,False,0.15109927176569174
79_30,8,6,228,176,0.0350877192982456,0.034090909090909,-0.0009968102073365,6.175438596491228,-0.1754385964912277,0.9715909090909068,7.790192925493213,0.7887803971856093,False,0.20427376690766622
79_31,6,5,153,145,0.0392156862745098,0.0344827586206896,-0.0047329276538201,5.686274509803922,-0.6862745098039218,0.8793103448275847,7.173122162344189,0.8422239842726984,False,0.2218465011207757
79_32,8,9,152,141,0.0526315789473684,0.0638297872340425,0.0111982082866741,7.421052631578947,1.578947368421053,1.2127659574468082,9.361510248533039,0.5909371742044922,False,0.1699866807364031
7_61,10,8,148,139,0.0675675675675675,0.0575539568345323,-0.0100136107330351,9.391891891891891,-1.391891891891893,0.8517985611510789,11.847684764412373,0.9036276917981121,False,0.134315867232384
80_25,6,1,152,177,0.0394736842105263,0.0056497175141242,-0.033823966696402,6.9868421052631575,-5.9868421052631575,0.1431261770244798,8.813762308459296,0.99985132715073,False,0.18055082473697048
80_26,7,8,152,176,0.0460526315789473,0.0454545454545454,-0.0005980861244019,8.105263157894736,-0.1052631578947362,0.9870129870129872,10.224628214709833,0.7993357743486241,False,0.15563715573917442
80_28,5,4,152,141,0.0328947368421052,0.0283687943262411,-0.0045259425158641,4.638157894736842,-0.6381578947368416,0.8624113475177311,5.850943905333139,0.8349912833181745,False,0.2719786891782453
80_30,5,6,302,242,0.0165562913907284,0.024793388429752,0.0082370970390235,4.006622516556292,1.993377483443708,1.497520661157028,5.0542745905258935,0.3935618348213936,False,0.31484875333264667
80_31,9,5,303,246,0.0297029702970297,0.0203252032520325,-0.0093777670449971,7.306930693069306,-2.3069306930693063,0.6842818428184275,9.217547693626173,0.9519470379096071,False,0.17264158610520008
80_32,12,10,227,211,0.052863436123348,0.0473933649289099,-0.005470071194438,11.154185022026432,-1.1541850220264325,0.8965244865718793,14.070782486219496,0.8939096401210663,False,0.11309478029288379
80_33,8,11,227,211,0.0352422907488986,0.0521327014218009,0.0168904106729022,7.436123348017622,3.563876651982378,1.479265402843604,9.380521657479648,0.33996589453699455,False,0.169642170439326
80_34,5,8,227,211,0.0220264317180616,0.0379146919431279,0.0158882602250662,4.647577092511013,3.352422907488987,1.7213270142180126,5.862826035924772,0.23736023787405625,False,0.2714274727029219
81_25,6,3,227,246,0.026431718061674,0.0121951219512195,-0.0142365961104544,6.502202643171806,-3.502202643171806,0.4613821138211379,8.202399269218,0.988261468549593,False,0.19400811903901205
81_26,9,15,227,245,0.039647577092511,0.0612244897959183,0.0215769127034073,9.7136563876652,5.2863436123348,1.5442176870748285,12.253584274136648,0.2513894412517679,False,0.12986665927509375
81_27,16,18,227,245,0.0704845814977973,0.073469387755102,0.0029848062573046,17.268722466960355,0.7312775330396448,1.0423469387755107,21.78414982068736,0.8195127694446597,False,0.07304999584224028
81_28,14,14,302,280,0.0463576158940397,0.05,0.0036423841059602,12.980132450331126,1.0198675496688736,1.0785714285714294,16.374178838728582,0.7548656893682129,False,0.09718545702359718
81_29,13,14,227,211,0.0572687224669603,0.0663507109004739,0.0090819884335135,12.083700440528634,1.9162995594713657,1.1585854903390453,15.243347693404445,0.6596616217275095,False,0.10439518180881585
81_30,17,11,227,211,0.0748898678414096,0.0521327014218009,-0.0227571664196087,15.801762114537445,-4.8017621145374445,0.696124895455813,19.93360852214427,0.9887956544375642,False,0.07983160961850627
81_31,12,7,303,246,0.0396039603960396,0.0284552845528455,-0.011148675843194,9.742574257425742,-2.7425742574257423,0.7184959349593489,12.29006359150156,0.9610540763617438,False,0.12948118957890006
81_32,7,10,227,211,0.0308370044052863,0.0473933649289099,0.0165563605236236,6.506607929515418,3.493392070484582,1.536899119837509,8.207956450294697,0.30949032224214146,False,0.19387676621637243
81_33,6,6,227,211,0.026431718061674,0.0284360189573459,0.0020043008956719,5.577092511013216,0.4229074889867839,1.0758293838862536,7.035391243109748,0.7037889041084106,False,0.22618956058576759
82_26,11,5,227,210,0.0484581497797356,0.0238095238095238,-0.0246486259702118,10.176211453744491,-5.176211453744493,0.491341991341992,12.837088287190756,0.9957959825496188,False,0.1239636293080442
82_27,11,22,227,245,0.0484581497797356,0.0897959183673469,0.0413377685876112,11.872246696035242,10.127753303964758,1.8530612244897984,14.976603001722548,0.052410932139863364,False,0.10625453940689501
82_28,17,10,302,280,0.0562913907284768,0.0357142857142857,-0.0205771050141911,15.761589403973511,-5.761589403973511,0.634453781512605,19.882931447027573,0.9946529532359507,False,0.08003508225472707
82_29,14,15,227,216,0.0616740088105726,0.0694444444444444,0.0077704356338717,13.3215859030837,1.678414096916299,1.1259920634920646,16.804915575958812,0.7033016361221949,False,0.09469443905475597
82_30,7,19,227,211,0.0308370044052863,0.0900473933649289,0.0592103889596425,6.506607929515418,12.493392070484582,2.92010832769127,8.207956450294697,0.0008740540710211464,False,0.19387676621637243
82_31,8,4,303,246,0.0264026402640264,0.016260162601626,-0.0101424776624003,6.495049504950496,-2.4950495049504955,0.6158536585365848,8.193375727667709,0.9628325929470242,False,0.1942217843683501
82_32,7,7,227,211,0.0308370044052863,0.0331753554502369,0.0023383510449506,6.506607929515418,0.4933920704845818,1.0758293838862554,8.207956450294697,0.711359913083752,False,0.19387676621637243
82_33,7,3,227,211,0.0308370044052863,0.0142180094786729,-0.0166189949266133,6.506607929515418,-3.506607929515418,0.46106973595125045,8.207956450294697,0.9883125822575171,False,0.19387676621637243
83_28,12,10,302,275,0.0397350993377483,0.0363636363636363,-0.0033714629741119,10.927152317880797,-0.927152317880795,0.9151515151515146,13.784385246888851,0.8799930803053767,False,0.1154445428886367
83_29,9,8,302,246,0.0298013245033112,0.032520325203252,0.0027190006999407,7.331125827814569,0.668874172185431,1.0912375790424582,9.248069374730875,0.7043453239018839,False,0.17207181189363208
83_30,6,11,227,211,0.026431718061674,0.0521327014218009,0.0257009833601269,5.577092511013216,5.422907488986784,1.972353870458135,7.035391243109748,0.10105202095633437,False,0.22618956058576759
83_31,6,6,303,246,0.0198019801980198,0.024390243902439,0.0045882637044192,4.871287128712871,1.1287128712871288,1.2317073170731698,6.14503179575078,0.577325525846126,False,0.2589623791578001
83_32,7,10,227,211,0.0308370044052863,0.0473933649289099,0.0165563605236236,6.506607929515418,3.493392070484582,1.536899119837509,8.207956450294697,0.30949032224214146,False,0.19387676621637243
83_33,5,7,227,211,0.0220264317180616,0.0331753554502369,0.0111489237321752,4.647577092511013,2.352422907488987,1.5061611374407604,5.862826035924772,0.37167554903695055,False,0.2714274727029219
84_31,8,4,303,246,0.0264026402640264,0.016260162601626,-0.0101424776624003,6.495049504950496,-2.4950495049504955,0.6158536585365848,8.193375727667709,0.9628325929470242,False,0.1942217843683501
84_33,5,5,227,211,0.0220264317180616,0.0236966824644549,0.0016702507463932,4.647577092511013,0.3524229074889868,1.075829383886256,5.862826035924772,0.6961628526382411,False,0.2714274727029219
84_34,7,10,227,211,0.0308370044052863,0.0473933649289099,0.0165563605236236,6.506607929515418,3.493392070484582,1.536899119837509,8.207956450294697,0.30949032224214146,False,0.19387676621637243
85_33,7,5,227,211,0.0308370044052863,0.0236966824644549,-0.0071403219408313,6.506607929515418,-1.5066079295154182,0.7684495599187529,8.207956450294697,0.9116706110623322,False,0.19387676621637243
85_34,5,6,227,211,0.0220264317180616,0.0284360189573459,0.0064095872392842,4.647577092511013,1.3524229074889869,1.2909952606635082,5.862826035924772,0.5320431213270193,False,0.2714274727029219
86_33,5,5,226,211,0.0221238938053097,0.0236966824644549,0.0015727886591452,4.668141592920354,0.331858407079646,1.071090047393363,5.888767744048344,0.6997788498850359,False,0.270231756964142
87_35,5,4,226,211,0.0221238938053097,0.0189573459715639,-0.0031665478337457,4.668141592920354,-0.668141592920354,0.8568720379146896,5.888767744048344,0.8385908862363609,False,0.270231756964142
88_15,8,7,389,314,0.0205655526992287,0.0222929936305732,0.0017274409313444,6.4575835475578405,0.5424164524421595,1.0839968152866266,8.146113167824081,0.7041439763874695,False,0.19534863081861822
88_16,7,9,302,279,0.0231788079470198,0.032258064516129,0.0090792565691091,6.466887417218543,2.533112582781457,1.3917050691244266,8.157849814295114,0.4294750458662209,False,0.19506758399001628
88_17,9,11,302,279,0.0298013245033112,0.039426523297491,0.0096251987941797,8.314569536423841,2.685430463576159,1.3229788928713673,10.48866404695087,0.47786030958339265,False,0.15171923199223472
88_18,6,5,227,244,0.026431718061674,0.0204918032786885,-0.0059399147829854,6.4493392070484585,-1.4493392070484583,0.7752732240437151,8.135713096297529,0.9078783242642748,False,0.19559834952293836
88_19,6,16,226,209,0.0265486725663716,0.0765550239234449,0.0500063513570732,5.548672566371681,10.451327433628318,2.8835725677831,6.999540048375937,0.0024050580215293493,False,0.22734808899295875
88_20,13,9,226,209,0.0575221238938053,0.0430622009569378,-0.0144599229368675,12.02212389380531,-3.022123893805309,0.7486198012513804,15.165670104814573,0.9656529768939599,False,0.1049298872275191
88_21,29,20,226,213,0.1283185840707964,0.0938967136150234,-0.0344218704557729,27.331858407079647,-7.331858407079647,0.7317468026550102,34.47859559714376,0.9970124741108746,False,0.04615420165082879
88_22,15,18,302,244,0.0496688741721854,0.0737704918032786,0.0241016176310932,12.119205298013243,5.880794701986757,1.4852459016393436,15.28813636473128,0.27600570509542166,False,0.10408934194877074
88_23,7,21,226,245,0.0309734513274336,0.0857142857142857,0.054740834386852,7.588495575221239,13.411504424778762,2.7673469387755123,9.572736190562006,0.0009429983746715997,False,0.16623586215578404
88_24,9,16,226,244,0.0398230088495575,0.0655737704918032,0.0257507616422457,9.716814159292037,6.283185840707965,1.64663023679417,12.257567740218176,0.17482109669071255,False,0.1298244551899679
88_25,7,10,226,209,0.0309734513274336,0.0478468899521531,0.0168734386247194,6.4734513274336285,3.5265486725663715,1.5447710184552301,8.16613005643861,0.3041907659853347,False,0.19486979056539275
88_35,6,6,226,211,0.0265486725663716,0.0284360189573459,0.0018873463909742,5.601769911504425,0.3982300884955752,1.0710900473933656,7.0665212928580035,0.7077067468041034,False,0.22519313080345205
88_36,13,6,226,211,0.0575221238938053,0.0284360189573459,-0.0290861049364593,12.13716814159292,-6.13716814159292,0.4943492526430903,15.310796134525718,0.997750785712388,False,0.10393529114005447
88_37,6,4,226,211,0.0265486725663716,0.0189573459715639,-0.0075913265948076,5.601769911504425,-1.6017699115044248,0.7140600315955757,7.0665212928580035,0.9216370572816049,False,0.22519313080345205
88_38,8,12,226,211,0.0353982300884955,0.0568720379146919,0.0214738078261963,7.469026548672566,4.530973451327434,1.6066350710900497,9.422028390477346,0.2397458530394404,False,0.16889484810258887
89_18,7,10,226,209,0.0309734513274336,0.0478468899521531,0.0168734386247194,6.4734513274336285,3.5265486725663715,1.5447710184552301,8.16613005643861,0.3041907659853347,False,0.19486979056539275
89_21,8,8,302,244,0.0264900662251655,0.0327868852459016,0.006296819020736,6.4635761589403975,1.5364238410596025,1.2377049180327884,8.153672727856668,0.5682761104165737,False,0.19516751615394548
89_22,5,4,302,240,0.0165562913907284,0.0166666666666666,0.0001103752759381,3.9735099337748343,0.0264900662251652,1.0066666666666675,5.012503726141382,0.7367248940010657,False,0.31747249294375207
89_23,5,3,226,280,0.0221238938053097,0.0107142857142857,-0.011409608091024,6.1946902654867255,-3.194690265486725,0.48428571428571443,7.814478522907756,0.9841096882683366,False,0.2036389311408356
89_25,5,5,226,209,0.0221238938053097,0.0239234449760765,0.0017995511707668,4.623893805309734,0.3761061946902657,1.0813397129186595,5.832950040313289,0.691961379805378,False,0.27281770679155004
89_26,6,4,290,244,0.0206896551724137,0.0163934426229508,-0.0042962125494629,5.048275862068966,-1.0482758620689658,0.7923497267759589,6.368299561584591,0.8787605010172749,False,0.2498833540160897
8_60,6,10,222,205,0.027027027027027,0.048780487804878,0.021753460777851,5.540540540540541,4.459459459459459,1.8048780487804879,6.989281659581399,0.16841883934893964,False,0.22768177494269967
8_61,5,5,148,139,0.0337837837837837,0.0359712230215827,0.0021874392377989,4.6959459459459465,0.3040540540540535,1.0647482014388505,5.923842382206177,0.7046202338287346,False,0.26863173446476835
8_62,5,1,220,173,0.0227272727272727,0.0057803468208092,-0.0169469259064634,3.931818181818182,-2.931818181818182,0.2543352601156051,4.959910410529993,0.9929864438547822,False,0.320838870486354
9_60,11,4,222,205,0.0495495495495495,0.0195121951219512,-0.0300373544275983,10.157657657657658,-6.1576576576576585,0.3937915742793791,12.8136830425659,0.9987839135565042,False,0.12419005905965437
9_63,5,1,148,140,0.0337837837837837,0.0071428571428571,-0.0266409266409266,4.72972972972973,-3.72972972972973,0.21142857142857066,5.966459953301186,0.9974367004234129,False,0.2667129363614486
9_70,12,14,148,140,0.081081081081081,0.1,0.0189189189189189,11.351351351351353,2.648648648648648,1.2333333333333345,14.319503887922869,0.5689957796723402,False,0.11113039015060341
